/*--------------------------------*- C++ -*----------------------------------*\
| =========                 |                                                 |
| \\      /  F ield         | OpenFOAM: The Open Source CFD Toolbox           |
|  \\    /   O peration     | Version:  2512                                  |
|   \\  /    A nd           | Website:  www.openfoam.com                      |
|    \\/     M anipulation  |                                                 |
\*---------------------------------------------------------------------------*/
FoamFile
{
    version     2.0;
    format      ascii;
    arch        "LSB;label=32;scalar=64";
    class       faceList;
    location    "constant/polyMesh";
    object      faces;
}
// * * * * * * * * * * * * * * * * * * * * * * * * * * * * * * * * * * * * * //


34596
(
4(1 36 701 666)
4(35 700 701 36)
4(665 666 701 700)
4(2 37 702 667)
4(36 701 702 37)
4(666 667 702 701)
4(3 38 703 668)
4(37 702 703 38)
4(667 668 703 702)
4(4 39 704 669)
4(38 703 704 39)
4(668 669 704 703)
4(5 40 705 670)
4(39 704 705 40)
4(669 670 705 704)
4(6 41 706 671)
4(40 705 706 41)
4(670 671 706 705)
4(7 42 707 672)
4(41 706 707 42)
4(671 672 707 706)
4(8 43 708 673)
4(42 707 708 43)
4(672 673 708 707)
4(9 44 709 674)
4(43 708 709 44)
4(673 674 709 708)
4(10 45 710 675)
4(44 709 710 45)
4(674 675 710 709)
4(11 46 711 676)
4(45 710 711 46)
4(675 676 711 710)
4(12 47 712 677)
4(46 711 712 47)
4(676 677 712 711)
4(13 48 713 678)
4(47 712 713 48)
4(677 678 713 712)
4(14 49 714 679)
4(48 713 714 49)
4(678 679 714 713)
4(15 50 715 680)
4(49 714 715 50)
4(679 680 715 714)
4(16 51 716 681)
4(50 715 716 51)
4(680 681 716 715)
4(17 52 717 682)
4(51 716 717 52)
4(681 682 717 716)
4(18 53 718 683)
4(52 717 718 53)
4(682 683 718 717)
4(19 54 719 684)
4(53 718 719 54)
4(683 684 719 718)
4(20 55 720 685)
4(54 719 720 55)
4(684 685 720 719)
4(21 56 721 686)
4(55 720 721 56)
4(685 686 721 720)
4(22 57 722 687)
4(56 721 722 57)
4(686 687 722 721)
4(23 58 723 688)
4(57 722 723 58)
4(687 688 723 722)
4(24 59 724 689)
4(58 723 724 59)
4(688 689 724 723)
4(25 60 725 690)
4(59 724 725 60)
4(689 690 725 724)
4(26 61 726 691)
4(60 725 726 61)
4(690 691 726 725)
4(27 62 727 692)
4(61 726 727 62)
4(691 692 727 726)
4(28 63 728 693)
4(62 727 728 63)
4(692 693 728 727)
4(29 64 729 694)
4(63 728 729 64)
4(693 694 729 728)
4(30 65 730 695)
4(64 729 730 65)
4(694 695 730 729)
4(31 66 731 696)
4(65 730 731 66)
4(695 696 731 730)
4(32 67 732 697)
4(66 731 732 67)
4(696 697 732 731)
4(33 68 733 698)
4(67 732 733 68)
4(697 698 733 732)
4(68 733 734 69)
4(698 699 734 733)
4(36 71 736 701)
4(70 735 736 71)
4(700 701 736 735)
4(37 72 737 702)
4(71 736 737 72)
4(701 702 737 736)
4(38 73 738 703)
4(72 737 738 73)
4(702 703 738 737)
4(39 74 739 704)
4(73 738 739 74)
4(703 704 739 738)
4(40 75 740 705)
4(74 739 740 75)
4(704 705 740 739)
4(41 76 741 706)
4(75 740 741 76)
4(705 706 741 740)
4(42 77 742 707)
4(76 741 742 77)
4(706 707 742 741)
4(43 78 743 708)
4(77 742 743 78)
4(707 708 743 742)
4(44 79 744 709)
4(78 743 744 79)
4(708 709 744 743)
4(45 80 745 710)
4(79 744 745 80)
4(709 710 745 744)
4(46 81 746 711)
4(80 745 746 81)
4(710 711 746 745)
4(47 82 747 712)
4(81 746 747 82)
4(711 712 747 746)
4(48 83 748 713)
4(82 747 748 83)
4(712 713 748 747)
4(49 84 749 714)
4(83 748 749 84)
4(713 714 749 748)
4(50 85 750 715)
4(84 749 750 85)
4(714 715 750 749)
4(51 86 751 716)
4(85 750 751 86)
4(715 716 751 750)
4(52 87 752 717)
4(86 751 752 87)
4(716 717 752 751)
4(53 88 753 718)
4(87 752 753 88)
4(717 718 753 752)
4(54 89 754 719)
4(88 753 754 89)
4(718 719 754 753)
4(55 90 755 720)
4(89 754 755 90)
4(719 720 755 754)
4(56 91 756 721)
4(90 755 756 91)
4(720 721 756 755)
4(57 92 757 722)
4(91 756 757 92)
4(721 722 757 756)
4(58 93 758 723)
4(92 757 758 93)
4(722 723 758 757)
4(59 94 759 724)
4(93 758 759 94)
4(723 724 759 758)
4(60 95 760 725)
4(94 759 760 95)
4(724 725 760 759)
4(61 96 761 726)
4(95 760 761 96)
4(725 726 761 760)
4(62 97 762 727)
4(96 761 762 97)
4(726 727 762 761)
4(63 98 763 728)
4(97 762 763 98)
4(727 728 763 762)
4(64 99 764 729)
4(98 763 764 99)
4(728 729 764 763)
4(65 100 765 730)
4(99 764 765 100)
4(729 730 765 764)
4(66 101 766 731)
4(100 765 766 101)
4(730 731 766 765)
4(67 102 767 732)
4(101 766 767 102)
4(731 732 767 766)
4(68 103 768 733)
4(102 767 768 103)
4(732 733 768 767)
4(103 768 769 104)
4(733 734 769 768)
4(71 106 771 736)
4(105 770 771 106)
4(735 736 771 770)
4(72 107 772 737)
4(106 771 772 107)
4(736 737 772 771)
4(73 108 773 738)
4(107 772 773 108)
4(737 738 773 772)
4(74 109 774 739)
4(108 773 774 109)
4(738 739 774 773)
4(75 110 775 740)
4(109 774 775 110)
4(739 740 775 774)
4(76 111 776 741)
4(110 775 776 111)
4(740 741 776 775)
4(77 112 777 742)
4(111 776 777 112)
4(741 742 777 776)
4(78 113 778 743)
4(112 777 778 113)
4(742 743 778 777)
4(79 114 779 744)
4(113 778 779 114)
4(743 744 779 778)
4(80 115 780 745)
4(114 779 780 115)
4(744 745 780 779)
4(81 116 781 746)
4(115 780 781 116)
4(745 746 781 780)
4(82 117 782 747)
4(116 781 782 117)
4(746 747 782 781)
4(83 118 783 748)
4(117 782 783 118)
4(747 748 783 782)
4(84 119 784 749)
4(118 783 784 119)
4(748 749 784 783)
4(85 120 785 750)
4(119 784 785 120)
4(749 750 785 784)
4(86 121 786 751)
4(120 785 786 121)
4(750 751 786 785)
4(87 122 787 752)
4(121 786 787 122)
4(751 752 787 786)
4(88 123 788 753)
4(122 787 788 123)
4(752 753 788 787)
4(89 124 789 754)
4(123 788 789 124)
4(753 754 789 788)
4(90 125 790 755)
4(124 789 790 125)
4(754 755 790 789)
4(91 126 791 756)
4(125 790 791 126)
4(755 756 791 790)
4(92 127 792 757)
4(126 791 792 127)
4(756 757 792 791)
4(93 128 793 758)
4(127 792 793 128)
4(757 758 793 792)
4(94 129 794 759)
4(128 793 794 129)
4(758 759 794 793)
4(95 130 795 760)
4(129 794 795 130)
4(759 760 795 794)
4(96 131 796 761)
4(130 795 796 131)
4(760 761 796 795)
4(97 132 797 762)
4(131 796 797 132)
4(761 762 797 796)
4(98 133 798 763)
4(132 797 798 133)
4(762 763 798 797)
4(99 134 799 764)
4(133 798 799 134)
4(763 764 799 798)
4(100 135 800 765)
4(134 799 800 135)
4(764 765 800 799)
4(101 136 801 766)
4(135 800 801 136)
4(765 766 801 800)
4(102 137 802 767)
4(136 801 802 137)
4(766 767 802 801)
4(103 138 803 768)
4(137 802 803 138)
4(767 768 803 802)
4(138 803 804 139)
4(768 769 804 803)
4(106 141 806 771)
4(140 805 806 141)
4(770 771 806 805)
4(107 142 807 772)
4(141 806 807 142)
4(771 772 807 806)
4(108 143 808 773)
4(142 807 808 143)
4(772 773 808 807)
4(109 144 809 774)
4(143 808 809 144)
4(773 774 809 808)
4(110 145 810 775)
4(144 809 810 145)
4(774 775 810 809)
4(111 146 811 776)
4(145 810 811 146)
4(775 776 811 810)
4(112 147 812 777)
4(146 811 812 147)
4(776 777 812 811)
4(113 148 813 778)
4(147 812 813 148)
4(777 778 813 812)
4(114 149 814 779)
4(148 813 814 149)
4(778 779 814 813)
4(115 150 815 780)
4(149 814 815 150)
4(779 780 815 814)
4(116 151 816 781)
4(150 815 816 151)
4(780 781 816 815)
4(117 152 817 782)
4(151 816 817 152)
4(781 782 817 816)
4(118 153 818 783)
4(152 817 818 153)
4(782 783 818 817)
4(119 154 819 784)
4(153 818 819 154)
4(783 784 819 818)
4(120 155 820 785)
4(154 819 820 155)
4(784 785 820 819)
4(121 156 821 786)
4(155 820 821 156)
4(785 786 821 820)
4(122 157 822 787)
4(156 821 822 157)
4(786 787 822 821)
4(123 158 823 788)
4(157 822 823 158)
4(787 788 823 822)
4(124 159 824 789)
4(158 823 824 159)
4(788 789 824 823)
4(125 160 825 790)
4(159 824 825 160)
4(789 790 825 824)
4(126 161 826 791)
4(160 825 826 161)
4(790 791 826 825)
4(127 162 827 792)
4(161 826 827 162)
4(791 792 827 826)
4(128 163 828 793)
4(162 827 828 163)
4(792 793 828 827)
4(129 164 829 794)
4(163 828 829 164)
4(793 794 829 828)
4(130 165 830 795)
4(164 829 830 165)
4(794 795 830 829)
4(131 166 831 796)
4(165 830 831 166)
4(795 796 831 830)
4(132 167 832 797)
4(166 831 832 167)
4(796 797 832 831)
4(133 168 833 798)
4(167 832 833 168)
4(797 798 833 832)
4(134 169 834 799)
4(168 833 834 169)
4(798 799 834 833)
4(135 170 835 800)
4(169 834 835 170)
4(799 800 835 834)
4(136 171 836 801)
4(170 835 836 171)
4(800 801 836 835)
4(137 172 837 802)
4(171 836 837 172)
4(801 802 837 836)
4(138 173 838 803)
4(172 837 838 173)
4(802 803 838 837)
4(173 838 839 174)
4(803 804 839 838)
4(141 176 841 806)
4(175 840 841 176)
4(805 806 841 840)
4(142 177 842 807)
4(176 841 842 177)
4(806 807 842 841)
4(143 178 843 808)
4(177 842 843 178)
4(807 808 843 842)
4(144 179 844 809)
4(178 843 844 179)
4(808 809 844 843)
4(145 180 845 810)
4(179 844 845 180)
4(809 810 845 844)
4(146 181 846 811)
4(180 845 846 181)
4(810 811 846 845)
4(147 182 847 812)
4(181 846 847 182)
4(811 812 847 846)
4(148 183 848 813)
4(182 847 848 183)
4(812 813 848 847)
4(149 184 849 814)
4(183 848 849 184)
4(813 814 849 848)
4(150 185 850 815)
4(184 849 850 185)
4(814 815 850 849)
4(151 186 851 816)
4(185 850 851 186)
4(815 816 851 850)
4(152 187 852 817)
4(186 851 852 187)
4(816 817 852 851)
4(153 188 853 818)
4(187 852 853 188)
4(817 818 853 852)
4(154 189 854 819)
4(188 853 854 189)
4(818 819 854 853)
4(155 190 855 820)
4(189 854 855 190)
4(819 820 855 854)
4(156 191 856 821)
4(190 855 856 191)
4(820 821 856 855)
4(157 192 857 822)
4(191 856 857 192)
4(821 822 857 856)
4(158 193 858 823)
4(192 857 858 193)
4(822 823 858 857)
4(159 194 859 824)
4(193 858 859 194)
4(823 824 859 858)
4(160 195 860 825)
4(194 859 860 195)
4(824 825 860 859)
4(161 196 861 826)
4(195 860 861 196)
4(825 826 861 860)
4(162 197 862 827)
4(196 861 862 197)
4(826 827 862 861)
4(163 198 863 828)
4(197 862 863 198)
4(827 828 863 862)
4(164 199 864 829)
4(198 863 864 199)
4(828 829 864 863)
4(165 200 865 830)
4(199 864 865 200)
4(829 830 865 864)
4(166 201 866 831)
4(200 865 866 201)
4(830 831 866 865)
4(167 202 867 832)
4(201 866 867 202)
4(831 832 867 866)
4(168 203 868 833)
4(202 867 868 203)
4(832 833 868 867)
4(169 204 869 834)
4(203 868 869 204)
4(833 834 869 868)
4(170 205 870 835)
4(204 869 870 205)
4(834 835 870 869)
4(171 206 871 836)
4(205 870 871 206)
4(835 836 871 870)
4(172 207 872 837)
4(206 871 872 207)
4(836 837 872 871)
4(173 208 873 838)
4(207 872 873 208)
4(837 838 873 872)
4(208 873 874 209)
4(838 839 874 873)
4(176 211 876 841)
4(210 875 876 211)
4(840 841 876 875)
4(177 212 877 842)
4(211 876 877 212)
4(841 842 877 876)
4(178 213 878 843)
4(212 877 878 213)
4(842 843 878 877)
4(179 214 879 844)
4(213 878 879 214)
4(843 844 879 878)
4(180 215 880 845)
4(214 879 880 215)
4(844 845 880 879)
4(181 216 881 846)
4(215 880 881 216)
4(845 846 881 880)
4(182 217 882 847)
4(216 881 882 217)
4(846 847 882 881)
4(183 218 883 848)
4(217 882 883 218)
4(847 848 883 882)
4(184 219 884 849)
4(218 883 884 219)
4(848 849 884 883)
4(185 220 885 850)
4(219 884 885 220)
4(849 850 885 884)
4(186 221 886 851)
4(220 885 886 221)
4(850 851 886 885)
4(187 222 887 852)
4(221 886 887 222)
4(851 852 887 886)
4(188 223 888 853)
4(222 887 888 223)
4(852 853 888 887)
4(189 224 889 854)
4(223 888 889 224)
4(853 854 889 888)
4(190 225 890 855)
4(224 889 890 225)
4(854 855 890 889)
4(191 226 891 856)
4(225 890 891 226)
4(855 856 891 890)
4(192 227 892 857)
4(226 891 892 227)
4(856 857 892 891)
4(193 228 893 858)
4(227 892 893 228)
4(857 858 893 892)
4(194 229 894 859)
4(228 893 894 229)
4(858 859 894 893)
4(195 230 895 860)
4(229 894 895 230)
4(859 860 895 894)
4(196 231 896 861)
4(230 895 896 231)
4(860 861 896 895)
4(197 232 897 862)
4(231 896 897 232)
4(861 862 897 896)
4(198 233 898 863)
4(232 897 898 233)
4(862 863 898 897)
4(199 234 899 864)
4(233 898 899 234)
4(863 864 899 898)
4(200 235 900 865)
4(234 899 900 235)
4(864 865 900 899)
4(201 236 901 866)
4(235 900 901 236)
4(865 866 901 900)
4(202 237 902 867)
4(236 901 902 237)
4(866 867 902 901)
4(203 238 903 868)
4(237 902 903 238)
4(867 868 903 902)
4(204 239 904 869)
4(238 903 904 239)
4(868 869 904 903)
4(205 240 905 870)
4(239 904 905 240)
4(869 870 905 904)
4(206 241 906 871)
4(240 905 906 241)
4(870 871 906 905)
4(207 242 907 872)
4(241 906 907 242)
4(871 872 907 906)
4(208 243 908 873)
4(242 907 908 243)
4(872 873 908 907)
4(243 908 909 244)
4(873 874 909 908)
4(211 246 911 876)
4(245 910 911 246)
4(875 876 911 910)
4(212 247 912 877)
4(246 911 912 247)
4(876 877 912 911)
4(213 248 913 878)
4(247 912 913 248)
4(877 878 913 912)
4(214 249 914 879)
4(248 913 914 249)
4(878 879 914 913)
4(215 250 915 880)
4(249 914 915 250)
4(879 880 915 914)
4(216 251 916 881)
4(250 915 916 251)
4(880 881 916 915)
4(217 252 917 882)
4(251 916 917 252)
4(881 882 917 916)
4(218 253 918 883)
4(252 917 918 253)
4(882 883 918 917)
4(219 254 919 884)
4(253 918 919 254)
4(883 884 919 918)
4(220 255 920 885)
4(254 919 920 255)
4(884 885 920 919)
4(221 256 921 886)
4(255 920 921 256)
4(885 886 921 920)
4(222 257 922 887)
4(256 921 922 257)
4(886 887 922 921)
4(223 258 923 888)
4(257 922 923 258)
4(887 888 923 922)
4(224 259 924 889)
4(258 923 924 259)
4(888 889 924 923)
4(225 260 925 890)
4(259 924 925 260)
4(889 890 925 924)
4(226 261 926 891)
4(260 925 926 261)
4(890 891 926 925)
4(227 262 927 892)
4(261 926 927 262)
4(891 892 927 926)
4(228 263 928 893)
4(262 927 928 263)
4(892 893 928 927)
4(229 264 929 894)
4(263 928 929 264)
4(893 894 929 928)
4(230 265 930 895)
4(264 929 930 265)
4(894 895 930 929)
4(231 266 931 896)
4(265 930 931 266)
4(895 896 931 930)
4(232 267 932 897)
4(266 931 932 267)
4(896 897 932 931)
4(233 268 933 898)
4(267 932 933 268)
4(897 898 933 932)
4(234 269 934 899)
4(268 933 934 269)
4(898 899 934 933)
4(235 270 935 900)
4(269 934 935 270)
4(899 900 935 934)
4(236 271 936 901)
4(270 935 936 271)
4(900 901 936 935)
4(237 272 937 902)
4(271 936 937 272)
4(901 902 937 936)
4(238 273 938 903)
4(272 937 938 273)
4(902 903 938 937)
4(239 274 939 904)
4(273 938 939 274)
4(903 904 939 938)
4(240 275 940 905)
4(274 939 940 275)
4(904 905 940 939)
4(241 276 941 906)
4(275 940 941 276)
4(905 906 941 940)
4(242 277 942 907)
4(276 941 942 277)
4(906 907 942 941)
4(243 278 943 908)
4(277 942 943 278)
4(907 908 943 942)
4(278 943 944 279)
4(908 909 944 943)
4(246 281 946 911)
4(280 945 946 281)
4(910 911 946 945)
4(247 282 947 912)
4(281 946 947 282)
4(911 912 947 946)
4(248 283 948 913)
4(282 947 948 283)
4(912 913 948 947)
4(249 284 949 914)
4(283 948 949 284)
4(913 914 949 948)
4(250 285 950 915)
4(284 949 950 285)
4(914 915 950 949)
4(251 286 951 916)
4(285 950 951 286)
4(915 916 951 950)
4(252 287 952 917)
4(286 951 952 287)
4(916 917 952 951)
4(253 288 953 918)
4(287 952 953 288)
4(917 918 953 952)
4(254 289 954 919)
4(288 953 954 289)
4(918 919 954 953)
4(255 290 955 920)
4(289 954 955 290)
4(919 920 955 954)
4(256 291 956 921)
4(290 955 956 291)
4(920 921 956 955)
4(257 292 957 922)
4(291 956 957 292)
4(921 922 957 956)
4(258 293 958 923)
4(292 957 958 293)
4(922 923 958 957)
4(259 294 959 924)
4(293 958 959 294)
4(923 924 959 958)
4(260 295 960 925)
4(294 959 960 295)
4(924 925 960 959)
4(261 296 961 926)
4(295 960 961 296)
4(925 926 961 960)
4(262 297 962 927)
4(296 961 962 297)
4(926 927 962 961)
4(263 298 963 928)
4(297 962 963 298)
4(927 928 963 962)
4(264 299 964 929)
4(298 963 964 299)
4(928 929 964 963)
4(265 300 965 930)
4(299 964 965 300)
4(929 930 965 964)
4(266 301 966 931)
4(300 965 966 301)
4(930 931 966 965)
4(267 302 967 932)
4(301 966 967 302)
4(931 932 967 966)
4(268 303 968 933)
4(302 967 968 303)
4(932 933 968 967)
4(269 304 969 934)
4(303 968 969 304)
4(933 934 969 968)
4(270 305 970 935)
4(304 969 970 305)
4(934 935 970 969)
4(271 306 971 936)
4(305 970 971 306)
4(935 936 971 970)
4(272 307 972 937)
4(306 971 972 307)
4(936 937 972 971)
4(273 308 973 938)
4(307 972 973 308)
4(937 938 973 972)
4(274 309 974 939)
4(308 973 974 309)
4(938 939 974 973)
4(275 310 975 940)
4(309 974 975 310)
4(939 940 975 974)
4(276 311 976 941)
4(310 975 976 311)
4(940 941 976 975)
4(277 312 977 942)
4(311 976 977 312)
4(941 942 977 976)
4(278 313 978 943)
4(312 977 978 313)
4(942 943 978 977)
4(313 978 979 314)
4(943 944 979 978)
4(281 316 981 946)
4(315 980 981 316)
4(945 946 981 980)
4(282 317 982 947)
4(316 981 982 317)
4(946 947 982 981)
4(283 318 983 948)
4(317 982 983 318)
4(947 948 983 982)
4(284 319 984 949)
4(318 983 984 319)
4(948 949 984 983)
4(285 320 985 950)
4(319 984 985 320)
4(949 950 985 984)
4(286 321 986 951)
4(320 985 986 321)
4(950 951 986 985)
4(287 322 987 952)
4(321 986 987 322)
4(951 952 987 986)
4(288 323 988 953)
4(322 987 988 323)
4(952 953 988 987)
4(289 324 989 954)
4(323 988 989 324)
4(953 954 989 988)
4(290 325 990 955)
4(324 989 990 325)
4(954 955 990 989)
4(291 326 991 956)
4(325 990 991 326)
4(955 956 991 990)
4(292 327 992 957)
4(326 991 992 327)
4(956 957 992 991)
4(293 328 993 958)
4(327 992 993 328)
4(957 958 993 992)
4(294 329 994 959)
4(328 993 994 329)
4(958 959 994 993)
4(295 330 995 960)
4(329 994 995 330)
4(959 960 995 994)
4(296 331 996 961)
4(330 995 996 331)
4(960 961 996 995)
4(297 332 997 962)
4(331 996 997 332)
4(961 962 997 996)
4(298 333 998 963)
4(332 997 998 333)
4(962 963 998 997)
4(299 334 999 964)
4(333 998 999 334)
4(963 964 999 998)
4(300 335 1000 965)
4(334 999 1000 335)
4(964 965 1000 999)
4(301 336 1001 966)
4(335 1000 1001 336)
4(965 966 1001 1000)
4(302 337 1002 967)
4(336 1001 1002 337)
4(966 967 1002 1001)
4(303 338 1003 968)
4(337 1002 1003 338)
4(967 968 1003 1002)
4(304 339 1004 969)
4(338 1003 1004 339)
4(968 969 1004 1003)
4(305 340 1005 970)
4(339 1004 1005 340)
4(969 970 1005 1004)
4(306 341 1006 971)
4(340 1005 1006 341)
4(970 971 1006 1005)
4(307 342 1007 972)
4(341 1006 1007 342)
4(971 972 1007 1006)
4(308 343 1008 973)
4(342 1007 1008 343)
4(972 973 1008 1007)
4(309 344 1009 974)
4(343 1008 1009 344)
4(973 974 1009 1008)
4(310 345 1010 975)
4(344 1009 1010 345)
4(974 975 1010 1009)
4(311 346 1011 976)
4(345 1010 1011 346)
4(975 976 1011 1010)
4(312 347 1012 977)
4(346 1011 1012 347)
4(976 977 1012 1011)
4(313 348 1013 978)
4(347 1012 1013 348)
4(977 978 1013 1012)
4(348 1013 1014 349)
4(978 979 1014 1013)
4(316 351 1016 981)
4(350 1015 1016 351)
4(980 981 1016 1015)
4(317 352 1017 982)
4(351 1016 1017 352)
4(981 982 1017 1016)
4(318 353 1018 983)
4(352 1017 1018 353)
4(982 983 1018 1017)
4(319 354 1019 984)
4(353 1018 1019 354)
4(983 984 1019 1018)
4(320 355 1020 985)
4(354 1019 1020 355)
4(984 985 1020 1019)
4(321 356 1021 986)
4(355 1020 1021 356)
4(985 986 1021 1020)
4(322 357 1022 987)
4(356 1021 1022 357)
4(986 987 1022 1021)
4(323 358 1023 988)
4(357 1022 1023 358)
4(987 988 1023 1022)
4(324 359 1024 989)
4(358 1023 1024 359)
4(988 989 1024 1023)
4(325 360 1025 990)
4(359 1024 1025 360)
4(989 990 1025 1024)
4(326 361 1026 991)
4(360 1025 1026 361)
4(990 991 1026 1025)
4(327 362 1027 992)
4(361 1026 1027 362)
4(991 992 1027 1026)
4(328 363 1028 993)
4(362 1027 1028 363)
4(992 993 1028 1027)
4(329 364 1029 994)
4(363 1028 1029 364)
4(993 994 1029 1028)
4(330 365 1030 995)
4(364 1029 1030 365)
4(994 995 1030 1029)
4(331 366 1031 996)
4(365 1030 1031 366)
4(995 996 1031 1030)
4(332 367 1032 997)
4(366 1031 1032 367)
4(996 997 1032 1031)
4(333 368 1033 998)
4(367 1032 1033 368)
4(997 998 1033 1032)
4(334 369 1034 999)
4(368 1033 1034 369)
4(998 999 1034 1033)
4(335 370 1035 1000)
4(369 1034 1035 370)
4(999 1000 1035 1034)
4(336 371 1036 1001)
4(370 1035 1036 371)
4(1000 1001 1036 1035)
4(337 372 1037 1002)
4(371 1036 1037 372)
4(1001 1002 1037 1036)
4(338 373 1038 1003)
4(372 1037 1038 373)
4(1002 1003 1038 1037)
4(339 374 1039 1004)
4(373 1038 1039 374)
4(1003 1004 1039 1038)
4(340 375 1040 1005)
4(374 1039 1040 375)
4(1004 1005 1040 1039)
4(341 376 1041 1006)
4(375 1040 1041 376)
4(1005 1006 1041 1040)
4(342 377 1042 1007)
4(376 1041 1042 377)
4(1006 1007 1042 1041)
4(343 378 1043 1008)
4(377 1042 1043 378)
4(1007 1008 1043 1042)
4(344 379 1044 1009)
4(378 1043 1044 379)
4(1008 1009 1044 1043)
4(345 380 1045 1010)
4(379 1044 1045 380)
4(1009 1010 1045 1044)
4(346 381 1046 1011)
4(380 1045 1046 381)
4(1010 1011 1046 1045)
4(347 382 1047 1012)
4(381 1046 1047 382)
4(1011 1012 1047 1046)
4(348 383 1048 1013)
4(382 1047 1048 383)
4(1012 1013 1048 1047)
4(383 1048 1049 384)
4(1013 1014 1049 1048)
4(351 386 1051 1016)
4(385 1050 1051 386)
4(1015 1016 1051 1050)
4(352 387 1052 1017)
4(386 1051 1052 387)
4(1016 1017 1052 1051)
4(353 388 1053 1018)
4(387 1052 1053 388)
4(1017 1018 1053 1052)
4(354 389 1054 1019)
4(388 1053 1054 389)
4(1018 1019 1054 1053)
4(355 390 1055 1020)
4(389 1054 1055 390)
4(1019 1020 1055 1054)
4(356 391 1056 1021)
4(390 1055 1056 391)
4(1020 1021 1056 1055)
4(357 392 1057 1022)
4(391 1056 1057 392)
4(1021 1022 1057 1056)
4(358 393 1058 1023)
4(392 1057 1058 393)
4(1022 1023 1058 1057)
4(359 394 1059 1024)
4(393 1058 1059 394)
4(1023 1024 1059 1058)
4(360 395 1060 1025)
4(394 1059 1060 395)
4(1024 1025 1060 1059)
4(361 396 1061 1026)
4(395 1060 1061 396)
4(1025 1026 1061 1060)
4(362 397 1062 1027)
4(396 1061 1062 397)
4(1026 1027 1062 1061)
4(363 398 1063 1028)
4(397 1062 1063 398)
4(1027 1028 1063 1062)
4(364 399 1064 1029)
4(398 1063 1064 399)
4(1028 1029 1064 1063)
4(365 400 1065 1030)
4(399 1064 1065 400)
4(1029 1030 1065 1064)
4(366 401 1066 1031)
4(400 1065 1066 401)
4(1030 1031 1066 1065)
4(367 402 1067 1032)
4(401 1066 1067 402)
4(1031 1032 1067 1066)
4(368 403 1068 1033)
4(402 1067 1068 403)
4(1032 1033 1068 1067)
4(369 404 1069 1034)
4(403 1068 1069 404)
4(1033 1034 1069 1068)
4(370 405 1070 1035)
4(404 1069 1070 405)
4(1034 1035 1070 1069)
4(371 406 1071 1036)
4(405 1070 1071 406)
4(1035 1036 1071 1070)
4(372 407 1072 1037)
4(406 1071 1072 407)
4(1036 1037 1072 1071)
4(373 408 1073 1038)
4(407 1072 1073 408)
4(1037 1038 1073 1072)
4(374 409 1074 1039)
4(408 1073 1074 409)
4(1038 1039 1074 1073)
4(375 410 1075 1040)
4(409 1074 1075 410)
4(1039 1040 1075 1074)
4(376 411 1076 1041)
4(410 1075 1076 411)
4(1040 1041 1076 1075)
4(377 412 1077 1042)
4(411 1076 1077 412)
4(1041 1042 1077 1076)
4(378 413 1078 1043)
4(412 1077 1078 413)
4(1042 1043 1078 1077)
4(379 414 1079 1044)
4(413 1078 1079 414)
4(1043 1044 1079 1078)
4(380 415 1080 1045)
4(414 1079 1080 415)
4(1044 1045 1080 1079)
4(381 416 1081 1046)
4(415 1080 1081 416)
4(1045 1046 1081 1080)
4(382 417 1082 1047)
4(416 1081 1082 417)
4(1046 1047 1082 1081)
4(383 418 1083 1048)
4(417 1082 1083 418)
4(1047 1048 1083 1082)
4(418 1083 1084 419)
4(1048 1049 1084 1083)
4(386 421 1086 1051)
4(420 1085 1086 421)
4(1050 1051 1086 1085)
4(387 422 1087 1052)
4(421 1086 1087 422)
4(1051 1052 1087 1086)
4(388 423 1088 1053)
4(422 1087 1088 423)
4(1052 1053 1088 1087)
4(389 424 1089 1054)
4(423 1088 1089 424)
4(1053 1054 1089 1088)
4(390 425 1090 1055)
4(424 1089 1090 425)
4(1054 1055 1090 1089)
4(391 426 1091 1056)
4(425 1090 1091 426)
4(1055 1056 1091 1090)
4(392 427 1092 1057)
4(426 1091 1092 427)
4(1056 1057 1092 1091)
4(393 428 1093 1058)
4(427 1092 1093 428)
4(1057 1058 1093 1092)
4(394 429 1094 1059)
4(428 1093 1094 429)
4(1058 1059 1094 1093)
4(395 430 1095 1060)
4(429 1094 1095 430)
4(1059 1060 1095 1094)
4(396 431 1096 1061)
4(430 1095 1096 431)
4(1060 1061 1096 1095)
4(397 432 1097 1062)
4(431 1096 1097 432)
4(1061 1062 1097 1096)
4(398 433 1098 1063)
4(432 1097 1098 433)
4(1062 1063 1098 1097)
4(399 434 1099 1064)
4(433 1098 1099 434)
4(1063 1064 1099 1098)
4(400 435 1100 1065)
4(434 1099 1100 435)
4(1064 1065 1100 1099)
4(401 436 1101 1066)
4(435 1100 1101 436)
4(1065 1066 1101 1100)
4(402 437 1102 1067)
4(436 1101 1102 437)
4(1066 1067 1102 1101)
4(403 438 1103 1068)
4(437 1102 1103 438)
4(1067 1068 1103 1102)
4(404 439 1104 1069)
4(438 1103 1104 439)
4(1068 1069 1104 1103)
4(405 440 1105 1070)
4(439 1104 1105 440)
4(1069 1070 1105 1104)
4(406 441 1106 1071)
4(440 1105 1106 441)
4(1070 1071 1106 1105)
4(407 442 1107 1072)
4(441 1106 1107 442)
4(1071 1072 1107 1106)
4(408 443 1108 1073)
4(442 1107 1108 443)
4(1072 1073 1108 1107)
4(409 444 1109 1074)
4(443 1108 1109 444)
4(1073 1074 1109 1108)
4(410 445 1110 1075)
4(444 1109 1110 445)
4(1074 1075 1110 1109)
4(411 446 1111 1076)
4(445 1110 1111 446)
4(1075 1076 1111 1110)
4(412 447 1112 1077)
4(446 1111 1112 447)
4(1076 1077 1112 1111)
4(413 448 1113 1078)
4(447 1112 1113 448)
4(1077 1078 1113 1112)
4(414 449 1114 1079)
4(448 1113 1114 449)
4(1078 1079 1114 1113)
4(415 450 1115 1080)
4(449 1114 1115 450)
4(1079 1080 1115 1114)
4(416 451 1116 1081)
4(450 1115 1116 451)
4(1080 1081 1116 1115)
4(417 452 1117 1082)
4(451 1116 1117 452)
4(1081 1082 1117 1116)
4(418 453 1118 1083)
4(452 1117 1118 453)
4(1082 1083 1118 1117)
4(453 1118 1119 454)
4(1083 1084 1119 1118)
4(421 456 1121 1086)
4(455 1120 1121 456)
4(1085 1086 1121 1120)
4(422 457 1122 1087)
4(456 1121 1122 457)
4(1086 1087 1122 1121)
4(423 458 1123 1088)
4(457 1122 1123 458)
4(1087 1088 1123 1122)
4(424 459 1124 1089)
4(458 1123 1124 459)
4(1088 1089 1124 1123)
4(425 460 1125 1090)
4(459 1124 1125 460)
4(1089 1090 1125 1124)
4(426 461 1126 1091)
4(460 1125 1126 461)
4(1090 1091 1126 1125)
4(427 462 1127 1092)
4(461 1126 1127 462)
4(1091 1092 1127 1126)
4(428 463 1128 1093)
4(462 1127 1128 463)
4(1092 1093 1128 1127)
4(429 464 1129 1094)
4(463 1128 1129 464)
4(1093 1094 1129 1128)
4(430 465 1130 1095)
4(464 1129 1130 465)
4(1094 1095 1130 1129)
4(431 466 1131 1096)
4(465 1130 1131 466)
4(1095 1096 1131 1130)
4(432 467 1132 1097)
4(466 1131 1132 467)
4(1096 1097 1132 1131)
4(433 468 1133 1098)
4(467 1132 1133 468)
4(1097 1098 1133 1132)
4(434 469 1134 1099)
4(468 1133 1134 469)
4(1098 1099 1134 1133)
4(435 470 1135 1100)
4(469 1134 1135 470)
4(1099 1100 1135 1134)
4(436 471 1136 1101)
4(470 1135 1136 471)
4(1100 1101 1136 1135)
4(437 472 1137 1102)
4(471 1136 1137 472)
4(1101 1102 1137 1136)
4(438 473 1138 1103)
4(472 1137 1138 473)
4(1102 1103 1138 1137)
4(439 474 1139 1104)
4(473 1138 1139 474)
4(1103 1104 1139 1138)
4(440 475 1140 1105)
4(474 1139 1140 475)
4(1104 1105 1140 1139)
4(441 476 1141 1106)
4(475 1140 1141 476)
4(1105 1106 1141 1140)
4(442 477 1142 1107)
4(476 1141 1142 477)
4(1106 1107 1142 1141)
4(443 478 1143 1108)
4(477 1142 1143 478)
4(1107 1108 1143 1142)
4(444 479 1144 1109)
4(478 1143 1144 479)
4(1108 1109 1144 1143)
4(445 480 1145 1110)
4(479 1144 1145 480)
4(1109 1110 1145 1144)
4(446 481 1146 1111)
4(480 1145 1146 481)
4(1110 1111 1146 1145)
4(447 482 1147 1112)
4(481 1146 1147 482)
4(1111 1112 1147 1146)
4(448 483 1148 1113)
4(482 1147 1148 483)
4(1112 1113 1148 1147)
4(449 484 1149 1114)
4(483 1148 1149 484)
4(1113 1114 1149 1148)
4(450 485 1150 1115)
4(484 1149 1150 485)
4(1114 1115 1150 1149)
4(451 486 1151 1116)
4(485 1150 1151 486)
4(1115 1116 1151 1150)
4(452 487 1152 1117)
4(486 1151 1152 487)
4(1116 1117 1152 1151)
4(453 488 1153 1118)
4(487 1152 1153 488)
4(1117 1118 1153 1152)
4(488 1153 1154 489)
4(1118 1119 1154 1153)
4(456 491 1156 1121)
4(490 1155 1156 491)
4(1120 1121 1156 1155)
4(457 492 1157 1122)
4(491 1156 1157 492)
4(1121 1122 1157 1156)
4(458 493 1158 1123)
4(492 1157 1158 493)
4(1122 1123 1158 1157)
4(459 494 1159 1124)
4(493 1158 1159 494)
4(1123 1124 1159 1158)
4(460 495 1160 1125)
4(494 1159 1160 495)
4(1124 1125 1160 1159)
4(461 496 1161 1126)
4(495 1160 1161 496)
4(1125 1126 1161 1160)
4(462 497 1162 1127)
4(496 1161 1162 497)
4(1126 1127 1162 1161)
4(463 498 1163 1128)
4(497 1162 1163 498)
4(1127 1128 1163 1162)
4(464 499 1164 1129)
4(498 1163 1164 499)
4(1128 1129 1164 1163)
4(465 500 1165 1130)
4(499 1164 1165 500)
4(1129 1130 1165 1164)
4(466 501 1166 1131)
4(500 1165 1166 501)
4(1130 1131 1166 1165)
4(467 502 1167 1132)
4(501 1166 1167 502)
4(1131 1132 1167 1166)
4(468 503 1168 1133)
4(502 1167 1168 503)
4(1132 1133 1168 1167)
4(469 504 1169 1134)
4(503 1168 1169 504)
4(1133 1134 1169 1168)
4(470 505 1170 1135)
4(504 1169 1170 505)
4(1134 1135 1170 1169)
4(471 506 1171 1136)
4(505 1170 1171 506)
4(1135 1136 1171 1170)
4(472 507 1172 1137)
4(506 1171 1172 507)
4(1136 1137 1172 1171)
4(473 508 1173 1138)
4(507 1172 1173 508)
4(1137 1138 1173 1172)
4(474 509 1174 1139)
4(508 1173 1174 509)
4(1138 1139 1174 1173)
4(475 510 1175 1140)
4(509 1174 1175 510)
4(1139 1140 1175 1174)
4(476 511 1176 1141)
4(510 1175 1176 511)
4(1140 1141 1176 1175)
4(477 512 1177 1142)
4(511 1176 1177 512)
4(1141 1142 1177 1176)
4(478 513 1178 1143)
4(512 1177 1178 513)
4(1142 1143 1178 1177)
4(479 514 1179 1144)
4(513 1178 1179 514)
4(1143 1144 1179 1178)
4(480 515 1180 1145)
4(514 1179 1180 515)
4(1144 1145 1180 1179)
4(481 516 1181 1146)
4(515 1180 1181 516)
4(1145 1146 1181 1180)
4(482 517 1182 1147)
4(516 1181 1182 517)
4(1146 1147 1182 1181)
4(483 518 1183 1148)
4(517 1182 1183 518)
4(1147 1148 1183 1182)
4(484 519 1184 1149)
4(518 1183 1184 519)
4(1148 1149 1184 1183)
4(485 520 1185 1150)
4(519 1184 1185 520)
4(1149 1150 1185 1184)
4(486 521 1186 1151)
4(520 1185 1186 521)
4(1150 1151 1186 1185)
4(487 522 1187 1152)
4(521 1186 1187 522)
4(1151 1152 1187 1186)
4(488 523 1188 1153)
4(522 1187 1188 523)
4(1152 1153 1188 1187)
4(523 1188 1189 524)
4(1153 1154 1189 1188)
4(491 526 1191 1156)
4(525 1190 1191 526)
4(1155 1156 1191 1190)
4(492 527 1192 1157)
4(526 1191 1192 527)
4(1156 1157 1192 1191)
4(493 528 1193 1158)
4(527 1192 1193 528)
4(1157 1158 1193 1192)
4(494 529 1194 1159)
4(528 1193 1194 529)
4(1158 1159 1194 1193)
4(495 530 1195 1160)
4(529 1194 1195 530)
4(1159 1160 1195 1194)
4(496 531 1196 1161)
4(530 1195 1196 531)
4(1160 1161 1196 1195)
4(497 532 1197 1162)
4(531 1196 1197 532)
4(1161 1162 1197 1196)
4(498 533 1198 1163)
4(532 1197 1198 533)
4(1162 1163 1198 1197)
4(499 534 1199 1164)
4(533 1198 1199 534)
4(1163 1164 1199 1198)
4(500 535 1200 1165)
4(534 1199 1200 535)
4(1164 1165 1200 1199)
4(501 536 1201 1166)
4(535 1200 1201 536)
4(1165 1166 1201 1200)
4(502 537 1202 1167)
4(536 1201 1202 537)
4(1166 1167 1202 1201)
4(503 538 1203 1168)
4(537 1202 1203 538)
4(1167 1168 1203 1202)
4(504 539 1204 1169)
4(538 1203 1204 539)
4(1168 1169 1204 1203)
4(505 540 1205 1170)
4(539 1204 1205 540)
4(1169 1170 1205 1204)
4(506 541 1206 1171)
4(540 1205 1206 541)
4(1170 1171 1206 1205)
4(507 542 1207 1172)
4(541 1206 1207 542)
4(1171 1172 1207 1206)
4(508 543 1208 1173)
4(542 1207 1208 543)
4(1172 1173 1208 1207)
4(509 544 1209 1174)
4(543 1208 1209 544)
4(1173 1174 1209 1208)
4(510 545 1210 1175)
4(544 1209 1210 545)
4(1174 1175 1210 1209)
4(511 546 1211 1176)
4(545 1210 1211 546)
4(1175 1176 1211 1210)
4(512 547 1212 1177)
4(546 1211 1212 547)
4(1176 1177 1212 1211)
4(513 548 1213 1178)
4(547 1212 1213 548)
4(1177 1178 1213 1212)
4(514 549 1214 1179)
4(548 1213 1214 549)
4(1178 1179 1214 1213)
4(515 550 1215 1180)
4(549 1214 1215 550)
4(1179 1180 1215 1214)
4(516 551 1216 1181)
4(550 1215 1216 551)
4(1180 1181 1216 1215)
4(517 552 1217 1182)
4(551 1216 1217 552)
4(1181 1182 1217 1216)
4(518 553 1218 1183)
4(552 1217 1218 553)
4(1182 1183 1218 1217)
4(519 554 1219 1184)
4(553 1218 1219 554)
4(1183 1184 1219 1218)
4(520 555 1220 1185)
4(554 1219 1220 555)
4(1184 1185 1220 1219)
4(521 556 1221 1186)
4(555 1220 1221 556)
4(1185 1186 1221 1220)
4(522 557 1222 1187)
4(556 1221 1222 557)
4(1186 1187 1222 1221)
4(523 558 1223 1188)
4(557 1222 1223 558)
4(1187 1188 1223 1222)
4(558 1223 1224 559)
4(1188 1189 1224 1223)
4(526 561 1226 1191)
4(560 1225 1226 561)
4(1190 1191 1226 1225)
4(527 562 1227 1192)
4(561 1226 1227 562)
4(1191 1192 1227 1226)
4(528 563 1228 1193)
4(562 1227 1228 563)
4(1192 1193 1228 1227)
4(529 564 1229 1194)
4(563 1228 1229 564)
4(1193 1194 1229 1228)
4(530 565 1230 1195)
4(564 1229 1230 565)
4(1194 1195 1230 1229)
4(531 566 1231 1196)
4(565 1230 1231 566)
4(1195 1196 1231 1230)
4(532 567 1232 1197)
4(566 1231 1232 567)
4(1196 1197 1232 1231)
4(533 568 1233 1198)
4(567 1232 1233 568)
4(1197 1198 1233 1232)
4(534 569 1234 1199)
4(568 1233 1234 569)
4(1198 1199 1234 1233)
4(535 570 1235 1200)
4(569 1234 1235 570)
4(1199 1200 1235 1234)
4(536 571 1236 1201)
4(570 1235 1236 571)
4(1200 1201 1236 1235)
4(537 572 1237 1202)
4(571 1236 1237 572)
4(1201 1202 1237 1236)
4(538 573 1238 1203)
4(572 1237 1238 573)
4(1202 1203 1238 1237)
4(539 574 1239 1204)
4(573 1238 1239 574)
4(1203 1204 1239 1238)
4(540 575 1240 1205)
4(574 1239 1240 575)
4(1204 1205 1240 1239)
4(541 576 1241 1206)
4(575 1240 1241 576)
4(1205 1206 1241 1240)
4(542 577 1242 1207)
4(576 1241 1242 577)
4(1206 1207 1242 1241)
4(543 578 1243 1208)
4(577 1242 1243 578)
4(1207 1208 1243 1242)
4(544 579 1244 1209)
4(578 1243 1244 579)
4(1208 1209 1244 1243)
4(545 580 1245 1210)
4(579 1244 1245 580)
4(1209 1210 1245 1244)
4(546 581 1246 1211)
4(580 1245 1246 581)
4(1210 1211 1246 1245)
4(547 582 1247 1212)
4(581 1246 1247 582)
4(1211 1212 1247 1246)
4(548 583 1248 1213)
4(582 1247 1248 583)
4(1212 1213 1248 1247)
4(549 584 1249 1214)
4(583 1248 1249 584)
4(1213 1214 1249 1248)
4(550 585 1250 1215)
4(584 1249 1250 585)
4(1214 1215 1250 1249)
4(551 586 1251 1216)
4(585 1250 1251 586)
4(1215 1216 1251 1250)
4(552 587 1252 1217)
4(586 1251 1252 587)
4(1216 1217 1252 1251)
4(553 588 1253 1218)
4(587 1252 1253 588)
4(1217 1218 1253 1252)
4(554 589 1254 1219)
4(588 1253 1254 589)
4(1218 1219 1254 1253)
4(555 590 1255 1220)
4(589 1254 1255 590)
4(1219 1220 1255 1254)
4(556 591 1256 1221)
4(590 1255 1256 591)
4(1220 1221 1256 1255)
4(557 592 1257 1222)
4(591 1256 1257 592)
4(1221 1222 1257 1256)
4(558 593 1258 1223)
4(592 1257 1258 593)
4(1222 1223 1258 1257)
4(593 1258 1259 594)
4(1223 1224 1259 1258)
4(561 596 1261 1226)
4(595 1260 1261 596)
4(1225 1226 1261 1260)
4(562 597 1262 1227)
4(596 1261 1262 597)
4(1226 1227 1262 1261)
4(563 598 1263 1228)
4(597 1262 1263 598)
4(1227 1228 1263 1262)
4(564 599 1264 1229)
4(598 1263 1264 599)
4(1228 1229 1264 1263)
4(565 600 1265 1230)
4(599 1264 1265 600)
4(1229 1230 1265 1264)
4(566 601 1266 1231)
4(600 1265 1266 601)
4(1230 1231 1266 1265)
4(567 602 1267 1232)
4(601 1266 1267 602)
4(1231 1232 1267 1266)
4(568 603 1268 1233)
4(602 1267 1268 603)
4(1232 1233 1268 1267)
4(569 604 1269 1234)
4(603 1268 1269 604)
4(1233 1234 1269 1268)
4(570 605 1270 1235)
4(604 1269 1270 605)
4(1234 1235 1270 1269)
4(571 606 1271 1236)
4(605 1270 1271 606)
4(1235 1236 1271 1270)
4(572 607 1272 1237)
4(606 1271 1272 607)
4(1236 1237 1272 1271)
4(573 608 1273 1238)
4(607 1272 1273 608)
4(1237 1238 1273 1272)
4(574 609 1274 1239)
4(608 1273 1274 609)
4(1238 1239 1274 1273)
4(575 610 1275 1240)
4(609 1274 1275 610)
4(1239 1240 1275 1274)
4(576 611 1276 1241)
4(610 1275 1276 611)
4(1240 1241 1276 1275)
4(577 612 1277 1242)
4(611 1276 1277 612)
4(1241 1242 1277 1276)
4(578 613 1278 1243)
4(612 1277 1278 613)
4(1242 1243 1278 1277)
4(579 614 1279 1244)
4(613 1278 1279 614)
4(1243 1244 1279 1278)
4(580 615 1280 1245)
4(614 1279 1280 615)
4(1244 1245 1280 1279)
4(581 616 1281 1246)
4(615 1280 1281 616)
4(1245 1246 1281 1280)
4(582 617 1282 1247)
4(616 1281 1282 617)
4(1246 1247 1282 1281)
4(583 618 1283 1248)
4(617 1282 1283 618)
4(1247 1248 1283 1282)
4(584 619 1284 1249)
4(618 1283 1284 619)
4(1248 1249 1284 1283)
4(585 620 1285 1250)
4(619 1284 1285 620)
4(1249 1250 1285 1284)
4(586 621 1286 1251)
4(620 1285 1286 621)
4(1250 1251 1286 1285)
4(587 622 1287 1252)
4(621 1286 1287 622)
4(1251 1252 1287 1286)
4(588 623 1288 1253)
4(622 1287 1288 623)
4(1252 1253 1288 1287)
4(589 624 1289 1254)
4(623 1288 1289 624)
4(1253 1254 1289 1288)
4(590 625 1290 1255)
4(624 1289 1290 625)
4(1254 1255 1290 1289)
4(591 626 1291 1256)
4(625 1290 1291 626)
4(1255 1256 1291 1290)
4(592 627 1292 1257)
4(626 1291 1292 627)
4(1256 1257 1292 1291)
4(593 628 1293 1258)
4(627 1292 1293 628)
4(1257 1258 1293 1292)
4(628 1293 1294 629)
4(1258 1259 1294 1293)
4(596 631 1296 1261)
4(1260 1261 1296 1295)
4(597 632 1297 1262)
4(1261 1262 1297 1296)
4(598 633 1298 1263)
4(1262 1263 1298 1297)
4(599 634 1299 1264)
4(1263 1264 1299 1298)
4(600 635 1300 1265)
4(1264 1265 1300 1299)
4(601 636 1301 1266)
4(1265 1266 1301 1300)
4(602 637 1302 1267)
4(1266 1267 1302 1301)
4(603 638 1303 1268)
4(1267 1268 1303 1302)
4(604 639 1304 1269)
4(1268 1269 1304 1303)
4(605 640 1305 1270)
4(1269 1270 1305 1304)
4(606 641 1306 1271)
4(1270 1271 1306 1305)
4(607 642 1307 1272)
4(1271 1272 1307 1306)
4(608 643 1308 1273)
4(1272 1273 1308 1307)
4(609 644 1309 1274)
4(1273 1274 1309 1308)
4(610 645 1310 1275)
4(1274 1275 1310 1309)
4(611 646 1311 1276)
4(1275 1276 1311 1310)
4(612 647 1312 1277)
4(1276 1277 1312 1311)
4(613 648 1313 1278)
4(1277 1278 1313 1312)
4(614 649 1314 1279)
4(1278 1279 1314 1313)
4(615 650 1315 1280)
4(1279 1280 1315 1314)
4(616 651 1316 1281)
4(1280 1281 1316 1315)
4(617 652 1317 1282)
4(1281 1282 1317 1316)
4(618 653 1318 1283)
4(1282 1283 1318 1317)
4(619 654 1319 1284)
4(1283 1284 1319 1318)
4(620 655 1320 1285)
4(1284 1285 1320 1319)
4(621 656 1321 1286)
4(1285 1286 1321 1320)
4(622 657 1322 1287)
4(1286 1287 1322 1321)
4(623 658 1323 1288)
4(1287 1288 1323 1322)
4(624 659 1324 1289)
4(1288 1289 1324 1323)
4(625 660 1325 1290)
4(1289 1290 1325 1324)
4(626 661 1326 1291)
4(1290 1291 1326 1325)
4(627 662 1327 1292)
4(1291 1292 1327 1326)
4(628 663 1328 1293)
4(1292 1293 1328 1327)
4(1293 1294 1329 1328)
4(666 701 1366 1331)
4(700 1365 1366 701)
4(1330 1331 1366 1365)
4(667 702 1367 1332)
4(701 1366 1367 702)
4(1331 1332 1367 1366)
4(668 703 1368 1333)
4(702 1367 1368 703)
4(1332 1333 1368 1367)
4(669 704 1369 1334)
4(703 1368 1369 704)
4(1333 1334 1369 1368)
4(670 705 1370 1335)
4(704 1369 1370 705)
4(1334 1335 1370 1369)
4(671 706 1371 1336)
4(705 1370 1371 706)
4(1335 1336 1371 1370)
4(672 707 1372 1337)
4(706 1371 1372 707)
4(1336 1337 1372 1371)
4(673 708 1373 1338)
4(707 1372 1373 708)
4(1337 1338 1373 1372)
4(674 709 1374 1339)
4(708 1373 1374 709)
4(1338 1339 1374 1373)
4(675 710 1375 1340)
4(709 1374 1375 710)
4(1339 1340 1375 1374)
4(676 711 1376 1341)
4(710 1375 1376 711)
4(1340 1341 1376 1375)
4(677 712 1377 1342)
4(711 1376 1377 712)
4(1341 1342 1377 1376)
4(678 713 1378 1343)
4(712 1377 1378 713)
4(1342 1343 1378 1377)
4(679 714 1379 1344)
4(713 1378 1379 714)
4(1343 1344 1379 1378)
4(680 715 1380 1345)
4(714 1379 1380 715)
4(1344 1345 1380 1379)
4(681 716 1381 1346)
4(715 1380 1381 716)
4(1345 1346 1381 1380)
4(682 717 1382 1347)
4(716 1381 1382 717)
4(1346 1347 1382 1381)
4(683 718 1383 1348)
4(717 1382 1383 718)
4(1347 1348 1383 1382)
4(684 719 1384 1349)
4(718 1383 1384 719)
4(1348 1349 1384 1383)
4(685 720 1385 1350)
4(719 1384 1385 720)
4(1349 1350 1385 1384)
4(686 721 1386 1351)
4(720 1385 1386 721)
4(1350 1351 1386 1385)
4(687 722 1387 1352)
4(721 1386 1387 722)
4(1351 1352 1387 1386)
4(688 723 1388 1353)
4(722 1387 1388 723)
4(1352 1353 1388 1387)
4(689 724 1389 1354)
4(723 1388 1389 724)
4(1353 1354 1389 1388)
4(690 725 1390 1355)
4(724 1389 1390 725)
4(1354 1355 1390 1389)
4(691 726 1391 1356)
4(725 1390 1391 726)
4(1355 1356 1391 1390)
4(692 727 1392 1357)
4(726 1391 1392 727)
4(1356 1357 1392 1391)
4(693 728 1393 1358)
4(727 1392 1393 728)
4(1357 1358 1393 1392)
4(694 729 1394 1359)
4(728 1393 1394 729)
4(1358 1359 1394 1393)
4(695 730 1395 1360)
4(729 1394 1395 730)
4(1359 1360 1395 1394)
4(696 731 1396 1361)
4(730 1395 1396 731)
4(1360 1361 1396 1395)
4(697 732 1397 1362)
4(731 1396 1397 732)
4(1361 1362 1397 1396)
4(698 733 1398 1363)
4(732 1397 1398 733)
4(1362 1363 1398 1397)
4(733 1398 1399 734)
4(1363 1364 1399 1398)
4(701 736 1401 1366)
4(735 1400 1401 736)
4(1365 1366 1401 1400)
4(702 737 1402 1367)
4(736 1401 1402 737)
4(1366 1367 1402 1401)
4(703 738 1403 1368)
4(737 1402 1403 738)
4(1367 1368 1403 1402)
4(704 739 1404 1369)
4(738 1403 1404 739)
4(1368 1369 1404 1403)
4(705 740 1405 1370)
4(739 1404 1405 740)
4(1369 1370 1405 1404)
4(706 741 1406 1371)
4(740 1405 1406 741)
4(1370 1371 1406 1405)
4(707 742 1407 1372)
4(741 1406 1407 742)
4(1371 1372 1407 1406)
4(708 743 1408 1373)
4(742 1407 1408 743)
4(1372 1373 1408 1407)
4(709 744 1409 1374)
4(743 1408 1409 744)
4(1373 1374 1409 1408)
4(710 745 1410 1375)
4(744 1409 1410 745)
4(1374 1375 1410 1409)
4(711 746 1411 1376)
4(745 1410 1411 746)
4(1375 1376 1411 1410)
4(712 747 1412 1377)
4(746 1411 1412 747)
4(1376 1377 1412 1411)
4(713 748 1413 1378)
4(747 1412 1413 748)
4(1377 1378 1413 1412)
4(714 749 1414 1379)
4(748 1413 1414 749)
4(1378 1379 1414 1413)
4(715 750 1415 1380)
4(749 1414 1415 750)
4(1379 1380 1415 1414)
4(716 751 1416 1381)
4(750 1415 1416 751)
4(1380 1381 1416 1415)
4(717 752 1417 1382)
4(751 1416 1417 752)
4(1381 1382 1417 1416)
4(718 753 1418 1383)
4(752 1417 1418 753)
4(1382 1383 1418 1417)
4(719 754 1419 1384)
4(753 1418 1419 754)
4(1383 1384 1419 1418)
4(720 755 1420 1385)
4(754 1419 1420 755)
4(1384 1385 1420 1419)
4(721 756 1421 1386)
4(755 1420 1421 756)
4(1385 1386 1421 1420)
4(722 757 1422 1387)
4(756 1421 1422 757)
4(1386 1387 1422 1421)
4(723 758 1423 1388)
4(757 1422 1423 758)
4(1387 1388 1423 1422)
4(724 759 1424 1389)
4(758 1423 1424 759)
4(1388 1389 1424 1423)
4(725 760 1425 1390)
4(759 1424 1425 760)
4(1389 1390 1425 1424)
4(726 761 1426 1391)
4(760 1425 1426 761)
4(1390 1391 1426 1425)
4(727 762 1427 1392)
4(761 1426 1427 762)
4(1391 1392 1427 1426)
4(728 763 1428 1393)
4(762 1427 1428 763)
4(1392 1393 1428 1427)
4(729 764 1429 1394)
4(763 1428 1429 764)
4(1393 1394 1429 1428)
4(730 765 1430 1395)
4(764 1429 1430 765)
4(1394 1395 1430 1429)
4(731 766 1431 1396)
4(765 1430 1431 766)
4(1395 1396 1431 1430)
4(732 767 1432 1397)
4(766 1431 1432 767)
4(1396 1397 1432 1431)
4(733 768 1433 1398)
4(767 1432 1433 768)
4(1397 1398 1433 1432)
4(768 1433 1434 769)
4(1398 1399 1434 1433)
4(736 771 1436 1401)
4(770 1435 1436 771)
4(1400 1401 1436 1435)
4(737 772 1437 1402)
4(771 1436 1437 772)
4(1401 1402 1437 1436)
4(738 773 1438 1403)
4(772 1437 1438 773)
4(1402 1403 1438 1437)
4(739 774 1439 1404)
4(773 1438 1439 774)
4(1403 1404 1439 1438)
4(740 775 1440 1405)
4(774 1439 1440 775)
4(1404 1405 1440 1439)
4(741 776 1441 1406)
4(775 1440 1441 776)
4(1405 1406 1441 1440)
4(742 777 1442 1407)
4(776 1441 1442 777)
4(1406 1407 1442 1441)
4(743 778 1443 1408)
4(777 1442 1443 778)
4(1407 1408 1443 1442)
4(744 779 1444 1409)
4(778 1443 1444 779)
4(1408 1409 1444 1443)
4(745 780 1445 1410)
4(779 1444 1445 780)
4(1409 1410 1445 1444)
4(746 781 1446 1411)
4(780 1445 1446 781)
4(1410 1411 1446 1445)
4(747 782 1447 1412)
4(781 1446 1447 782)
4(1411 1412 1447 1446)
4(748 783 1448 1413)
4(782 1447 1448 783)
4(1412 1413 1448 1447)
4(749 784 1449 1414)
4(783 1448 1449 784)
4(1413 1414 1449 1448)
4(750 785 1450 1415)
4(784 1449 1450 785)
4(1414 1415 1450 1449)
4(751 786 1451 1416)
4(785 1450 1451 786)
4(1415 1416 1451 1450)
4(752 787 1452 1417)
4(786 1451 1452 787)
4(1416 1417 1452 1451)
4(753 788 1453 1418)
4(787 1452 1453 788)
4(1417 1418 1453 1452)
4(754 789 1454 1419)
4(788 1453 1454 789)
4(1418 1419 1454 1453)
4(755 790 1455 1420)
4(789 1454 1455 790)
4(1419 1420 1455 1454)
4(756 791 1456 1421)
4(790 1455 1456 791)
4(1420 1421 1456 1455)
4(757 792 1457 1422)
4(791 1456 1457 792)
4(1421 1422 1457 1456)
4(758 793 1458 1423)
4(792 1457 1458 793)
4(1422 1423 1458 1457)
4(759 794 1459 1424)
4(793 1458 1459 794)
4(1423 1424 1459 1458)
4(760 795 1460 1425)
4(794 1459 1460 795)
4(1424 1425 1460 1459)
4(761 796 1461 1426)
4(795 1460 1461 796)
4(1425 1426 1461 1460)
4(762 797 1462 1427)
4(796 1461 1462 797)
4(1426 1427 1462 1461)
4(763 798 1463 1428)
4(797 1462 1463 798)
4(1427 1428 1463 1462)
4(764 799 1464 1429)
4(798 1463 1464 799)
4(1428 1429 1464 1463)
4(765 800 1465 1430)
4(799 1464 1465 800)
4(1429 1430 1465 1464)
4(766 801 1466 1431)
4(800 1465 1466 801)
4(1430 1431 1466 1465)
4(767 802 1467 1432)
4(801 1466 1467 802)
4(1431 1432 1467 1466)
4(768 803 1468 1433)
4(802 1467 1468 803)
4(1432 1433 1468 1467)
4(803 1468 1469 804)
4(1433 1434 1469 1468)
4(771 806 1471 1436)
4(805 1470 1471 806)
4(1435 1436 1471 1470)
4(772 807 1472 1437)
4(806 1471 1472 807)
4(1436 1437 1472 1471)
4(773 808 1473 1438)
4(807 1472 1473 808)
4(1437 1438 1473 1472)
4(774 809 1474 1439)
4(808 1473 1474 809)
4(1438 1439 1474 1473)
4(775 810 1475 1440)
4(809 1474 1475 810)
4(1439 1440 1475 1474)
4(776 811 1476 1441)
4(810 1475 1476 811)
4(1440 1441 1476 1475)
4(777 812 1477 1442)
4(811 1476 1477 812)
4(1441 1442 1477 1476)
4(778 813 1478 1443)
4(812 1477 1478 813)
4(1442 1443 1478 1477)
4(779 814 1479 1444)
4(813 1478 1479 814)
4(1443 1444 1479 1478)
4(780 815 1480 1445)
4(814 1479 1480 815)
4(1444 1445 1480 1479)
4(781 816 1481 1446)
4(815 1480 1481 816)
4(1445 1446 1481 1480)
4(782 817 1482 1447)
4(816 1481 1482 817)
4(1446 1447 1482 1481)
4(783 818 1483 1448)
4(817 1482 1483 818)
4(1447 1448 1483 1482)
4(784 819 1484 1449)
4(818 1483 1484 819)
4(1448 1449 1484 1483)
4(785 820 1485 1450)
4(819 1484 1485 820)
4(1449 1450 1485 1484)
4(786 821 1486 1451)
4(820 1485 1486 821)
4(1450 1451 1486 1485)
4(787 822 1487 1452)
4(821 1486 1487 822)
4(1451 1452 1487 1486)
4(788 823 1488 1453)
4(822 1487 1488 823)
4(1452 1453 1488 1487)
4(789 824 1489 1454)
4(823 1488 1489 824)
4(1453 1454 1489 1488)
4(790 825 1490 1455)
4(824 1489 1490 825)
4(1454 1455 1490 1489)
4(791 826 1491 1456)
4(825 1490 1491 826)
4(1455 1456 1491 1490)
4(792 827 1492 1457)
4(826 1491 1492 827)
4(1456 1457 1492 1491)
4(793 828 1493 1458)
4(827 1492 1493 828)
4(1457 1458 1493 1492)
4(794 829 1494 1459)
4(828 1493 1494 829)
4(1458 1459 1494 1493)
4(795 830 1495 1460)
4(829 1494 1495 830)
4(1459 1460 1495 1494)
4(796 831 1496 1461)
4(830 1495 1496 831)
4(1460 1461 1496 1495)
4(797 832 1497 1462)
4(831 1496 1497 832)
4(1461 1462 1497 1496)
4(798 833 1498 1463)
4(832 1497 1498 833)
4(1462 1463 1498 1497)
4(799 834 1499 1464)
4(833 1498 1499 834)
4(1463 1464 1499 1498)
4(800 835 1500 1465)
4(834 1499 1500 835)
4(1464 1465 1500 1499)
4(801 836 1501 1466)
4(835 1500 1501 836)
4(1465 1466 1501 1500)
4(802 837 1502 1467)
4(836 1501 1502 837)
4(1466 1467 1502 1501)
4(803 838 1503 1468)
4(837 1502 1503 838)
4(1467 1468 1503 1502)
4(838 1503 1504 839)
4(1468 1469 1504 1503)
4(806 841 1506 1471)
4(840 1505 1506 841)
4(1470 1471 1506 1505)
4(807 842 1507 1472)
4(841 1506 1507 842)
4(1471 1472 1507 1506)
4(808 843 1508 1473)
4(842 1507 1508 843)
4(1472 1473 1508 1507)
4(809 844 1509 1474)
4(843 1508 1509 844)
4(1473 1474 1509 1508)
4(810 845 1510 1475)
4(844 1509 1510 845)
4(1474 1475 1510 1509)
4(811 846 1511 1476)
4(845 1510 1511 846)
4(1475 1476 1511 1510)
4(812 847 1512 1477)
4(846 1511 1512 847)
4(1476 1477 1512 1511)
4(813 848 1513 1478)
4(847 1512 1513 848)
4(1477 1478 1513 1512)
4(814 849 1514 1479)
4(848 1513 1514 849)
4(1478 1479 1514 1513)
4(815 850 1515 1480)
4(849 1514 1515 850)
4(1479 1480 1515 1514)
4(816 851 1516 1481)
4(850 1515 1516 851)
4(1480 1481 1516 1515)
4(817 852 1517 1482)
4(851 1516 1517 852)
4(1481 1482 1517 1516)
4(818 853 1518 1483)
4(852 1517 1518 853)
4(1482 1483 1518 1517)
4(819 854 1519 1484)
4(853 1518 1519 854)
4(1483 1484 1519 1518)
4(820 855 1520 1485)
4(854 1519 1520 855)
4(1484 1485 1520 1519)
4(821 856 1521 1486)
4(855 1520 1521 856)
4(1485 1486 1521 1520)
4(822 857 1522 1487)
4(856 1521 1522 857)
4(1486 1487 1522 1521)
4(823 858 1523 1488)
4(857 1522 1523 858)
4(1487 1488 1523 1522)
4(824 859 1524 1489)
4(858 1523 1524 859)
4(1488 1489 1524 1523)
4(825 860 1525 1490)
4(859 1524 1525 860)
4(1489 1490 1525 1524)
4(826 861 1526 1491)
4(860 1525 1526 861)
4(1490 1491 1526 1525)
4(827 862 1527 1492)
4(861 1526 1527 862)
4(1491 1492 1527 1526)
4(828 863 1528 1493)
4(862 1527 1528 863)
4(1492 1493 1528 1527)
4(829 864 1529 1494)
4(863 1528 1529 864)
4(1493 1494 1529 1528)
4(830 865 1530 1495)
4(864 1529 1530 865)
4(1494 1495 1530 1529)
4(831 866 1531 1496)
4(865 1530 1531 866)
4(1495 1496 1531 1530)
4(832 867 1532 1497)
4(866 1531 1532 867)
4(1496 1497 1532 1531)
4(833 868 1533 1498)
4(867 1532 1533 868)
4(1497 1498 1533 1532)
4(834 869 1534 1499)
4(868 1533 1534 869)
4(1498 1499 1534 1533)
4(835 870 1535 1500)
4(869 1534 1535 870)
4(1499 1500 1535 1534)
4(836 871 1536 1501)
4(870 1535 1536 871)
4(1500 1501 1536 1535)
4(837 872 1537 1502)
4(871 1536 1537 872)
4(1501 1502 1537 1536)
4(838 873 1538 1503)
4(872 1537 1538 873)
4(1502 1503 1538 1537)
4(873 1538 1539 874)
4(1503 1504 1539 1538)
4(841 876 1541 1506)
4(875 1540 1541 876)
4(1505 1506 1541 1540)
4(842 877 1542 1507)
4(876 1541 1542 877)
4(1506 1507 1542 1541)
4(843 878 1543 1508)
4(877 1542 1543 878)
4(1507 1508 1543 1542)
4(844 879 1544 1509)
4(878 1543 1544 879)
4(1508 1509 1544 1543)
4(845 880 1545 1510)
4(879 1544 1545 880)
4(1509 1510 1545 1544)
4(846 881 1546 1511)
4(880 1545 1546 881)
4(1510 1511 1546 1545)
4(847 882 1547 1512)
4(881 1546 1547 882)
4(1511 1512 1547 1546)
4(848 883 1548 1513)
4(882 1547 1548 883)
4(1512 1513 1548 1547)
4(849 884 1549 1514)
4(883 1548 1549 884)
4(1513 1514 1549 1548)
4(850 885 1550 1515)
4(884 1549 1550 885)
4(1514 1515 1550 1549)
4(851 886 1551 1516)
4(885 1550 1551 886)
4(1515 1516 1551 1550)
4(852 887 1552 1517)
4(886 1551 1552 887)
4(1516 1517 1552 1551)
4(853 888 1553 1518)
4(887 1552 1553 888)
4(1517 1518 1553 1552)
4(854 889 1554 1519)
4(888 1553 1554 889)
4(1518 1519 1554 1553)
4(855 890 1555 1520)
4(889 1554 1555 890)
4(1519 1520 1555 1554)
4(856 891 1556 1521)
4(890 1555 1556 891)
4(1520 1521 1556 1555)
4(857 892 1557 1522)
4(891 1556 1557 892)
4(1521 1522 1557 1556)
4(858 893 1558 1523)
4(892 1557 1558 893)
4(1522 1523 1558 1557)
4(859 894 1559 1524)
4(893 1558 1559 894)
4(1523 1524 1559 1558)
4(860 895 1560 1525)
4(894 1559 1560 895)
4(1524 1525 1560 1559)
4(861 896 1561 1526)
4(895 1560 1561 896)
4(1525 1526 1561 1560)
4(862 897 1562 1527)
4(896 1561 1562 897)
4(1526 1527 1562 1561)
4(863 898 1563 1528)
4(897 1562 1563 898)
4(1527 1528 1563 1562)
4(864 899 1564 1529)
4(898 1563 1564 899)
4(1528 1529 1564 1563)
4(865 900 1565 1530)
4(899 1564 1565 900)
4(1529 1530 1565 1564)
4(866 901 1566 1531)
4(900 1565 1566 901)
4(1530 1531 1566 1565)
4(867 902 1567 1532)
4(901 1566 1567 902)
4(1531 1532 1567 1566)
4(868 903 1568 1533)
4(902 1567 1568 903)
4(1532 1533 1568 1567)
4(869 904 1569 1534)
4(903 1568 1569 904)
4(1533 1534 1569 1568)
4(870 905 1570 1535)
4(904 1569 1570 905)
4(1534 1535 1570 1569)
4(871 906 1571 1536)
4(905 1570 1571 906)
4(1535 1536 1571 1570)
4(872 907 1572 1537)
4(906 1571 1572 907)
4(1536 1537 1572 1571)
4(873 908 1573 1538)
4(907 1572 1573 908)
4(1537 1538 1573 1572)
4(908 1573 1574 909)
4(1538 1539 1574 1573)
4(876 911 1576 1541)
4(910 1575 1576 911)
4(1540 1541 1576 1575)
4(877 912 1577 1542)
4(911 1576 1577 912)
4(1541 1542 1577 1576)
4(878 913 1578 1543)
4(912 1577 1578 913)
4(1542 1543 1578 1577)
4(879 914 1579 1544)
4(913 1578 1579 914)
4(1543 1544 1579 1578)
4(880 915 1580 1545)
4(914 1579 1580 915)
4(1544 1545 1580 1579)
4(881 916 1581 1546)
4(915 1580 1581 916)
4(1545 1546 1581 1580)
4(882 917 1582 1547)
4(916 1581 1582 917)
4(1546 1547 1582 1581)
4(883 918 1583 1548)
4(917 1582 1583 918)
4(1547 1548 1583 1582)
4(884 919 1584 1549)
4(918 1583 1584 919)
4(1548 1549 1584 1583)
4(885 920 1585 1550)
4(919 1584 1585 920)
4(1549 1550 1585 1584)
4(886 921 1586 1551)
4(920 1585 1586 921)
4(1550 1551 1586 1585)
4(887 922 1587 1552)
4(921 1586 1587 922)
4(1551 1552 1587 1586)
4(888 923 1588 1553)
4(922 1587 1588 923)
4(1552 1553 1588 1587)
4(889 924 1589 1554)
4(923 1588 1589 924)
4(1553 1554 1589 1588)
4(890 925 1590 1555)
4(924 1589 1590 925)
4(1554 1555 1590 1589)
4(891 926 1591 1556)
4(925 1590 1591 926)
4(1555 1556 1591 1590)
4(892 927 1592 1557)
4(926 1591 1592 927)
4(1556 1557 1592 1591)
4(893 928 1593 1558)
4(927 1592 1593 928)
4(1557 1558 1593 1592)
4(894 929 1594 1559)
4(928 1593 1594 929)
4(1558 1559 1594 1593)
4(895 930 1595 1560)
4(929 1594 1595 930)
4(1559 1560 1595 1594)
4(896 931 1596 1561)
4(930 1595 1596 931)
4(1560 1561 1596 1595)
4(897 932 1597 1562)
4(931 1596 1597 932)
4(1561 1562 1597 1596)
4(898 933 1598 1563)
4(932 1597 1598 933)
4(1562 1563 1598 1597)
4(899 934 1599 1564)
4(933 1598 1599 934)
4(1563 1564 1599 1598)
4(900 935 1600 1565)
4(934 1599 1600 935)
4(1564 1565 1600 1599)
4(901 936 1601 1566)
4(935 1600 1601 936)
4(1565 1566 1601 1600)
4(902 937 1602 1567)
4(936 1601 1602 937)
4(1566 1567 1602 1601)
4(903 938 1603 1568)
4(937 1602 1603 938)
4(1567 1568 1603 1602)
4(904 939 1604 1569)
4(938 1603 1604 939)
4(1568 1569 1604 1603)
4(905 940 1605 1570)
4(939 1604 1605 940)
4(1569 1570 1605 1604)
4(906 941 1606 1571)
4(940 1605 1606 941)
4(1570 1571 1606 1605)
4(907 942 1607 1572)
4(941 1606 1607 942)
4(1571 1572 1607 1606)
4(908 943 1608 1573)
4(942 1607 1608 943)
4(1572 1573 1608 1607)
4(943 1608 1609 944)
4(1573 1574 1609 1608)
4(911 946 1611 1576)
4(945 1610 1611 946)
4(1575 1576 1611 1610)
4(912 947 1612 1577)
4(946 1611 1612 947)
4(1576 1577 1612 1611)
4(913 948 1613 1578)
4(947 1612 1613 948)
4(1577 1578 1613 1612)
4(914 949 1614 1579)
4(948 1613 1614 949)
4(1578 1579 1614 1613)
4(915 950 1615 1580)
4(949 1614 1615 950)
4(1579 1580 1615 1614)
4(916 951 1616 1581)
4(950 1615 1616 951)
4(1580 1581 1616 1615)
4(917 952 1617 1582)
4(951 1616 1617 952)
4(1581 1582 1617 1616)
4(918 953 1618 1583)
4(952 1617 1618 953)
4(1582 1583 1618 1617)
4(919 954 1619 1584)
4(953 1618 1619 954)
4(1583 1584 1619 1618)
4(920 955 1620 1585)
4(954 1619 1620 955)
4(1584 1585 1620 1619)
4(921 956 1621 1586)
4(955 1620 1621 956)
4(1585 1586 1621 1620)
4(922 957 1622 1587)
4(956 1621 1622 957)
4(1586 1587 1622 1621)
4(923 958 1623 1588)
4(957 1622 1623 958)
4(1587 1588 1623 1622)
4(924 959 1624 1589)
4(958 1623 1624 959)
4(1588 1589 1624 1623)
4(925 960 1625 1590)
4(959 1624 1625 960)
4(1589 1590 1625 1624)
4(926 961 1626 1591)
4(960 1625 1626 961)
4(1590 1591 1626 1625)
4(927 962 1627 1592)
4(961 1626 1627 962)
4(1591 1592 1627 1626)
4(928 963 1628 1593)
4(962 1627 1628 963)
4(1592 1593 1628 1627)
4(929 964 1629 1594)
4(963 1628 1629 964)
4(1593 1594 1629 1628)
4(930 965 1630 1595)
4(964 1629 1630 965)
4(1594 1595 1630 1629)
4(931 966 1631 1596)
4(965 1630 1631 966)
4(1595 1596 1631 1630)
4(932 967 1632 1597)
4(966 1631 1632 967)
4(1596 1597 1632 1631)
4(933 968 1633 1598)
4(967 1632 1633 968)
4(1597 1598 1633 1632)
4(934 969 1634 1599)
4(968 1633 1634 969)
4(1598 1599 1634 1633)
4(935 970 1635 1600)
4(969 1634 1635 970)
4(1599 1600 1635 1634)
4(936 971 1636 1601)
4(970 1635 1636 971)
4(1600 1601 1636 1635)
4(937 972 1637 1602)
4(971 1636 1637 972)
4(1601 1602 1637 1636)
4(938 973 1638 1603)
4(972 1637 1638 973)
4(1602 1603 1638 1637)
4(939 974 1639 1604)
4(973 1638 1639 974)
4(1603 1604 1639 1638)
4(940 975 1640 1605)
4(974 1639 1640 975)
4(1604 1605 1640 1639)
4(941 976 1641 1606)
4(975 1640 1641 976)
4(1605 1606 1641 1640)
4(942 977 1642 1607)
4(976 1641 1642 977)
4(1606 1607 1642 1641)
4(943 978 1643 1608)
4(977 1642 1643 978)
4(1607 1608 1643 1642)
4(978 1643 1644 979)
4(1608 1609 1644 1643)
4(946 981 1646 1611)
4(980 1645 1646 981)
4(1610 1611 1646 1645)
4(947 982 1647 1612)
4(981 1646 1647 982)
4(1611 1612 1647 1646)
4(948 983 1648 1613)
4(982 1647 1648 983)
4(1612 1613 1648 1647)
4(949 984 1649 1614)
4(983 1648 1649 984)
4(1613 1614 1649 1648)
4(950 985 1650 1615)
4(984 1649 1650 985)
4(1614 1615 1650 1649)
4(951 986 1651 1616)
4(985 1650 1651 986)
4(1615 1616 1651 1650)
4(952 987 1652 1617)
4(986 1651 1652 987)
4(1616 1617 1652 1651)
4(953 988 1653 1618)
4(987 1652 1653 988)
4(1617 1618 1653 1652)
4(954 989 1654 1619)
4(988 1653 1654 989)
4(1618 1619 1654 1653)
4(955 990 1655 1620)
4(989 1654 1655 990)
4(1619 1620 1655 1654)
4(956 991 1656 1621)
4(990 1655 1656 991)
4(1620 1621 1656 1655)
4(957 992 1657 1622)
4(991 1656 1657 992)
4(1621 1622 1657 1656)
4(958 993 1658 1623)
4(992 1657 1658 993)
4(1622 1623 1658 1657)
4(959 994 1659 1624)
4(993 1658 1659 994)
4(1623 1624 1659 1658)
4(960 995 1660 1625)
4(994 1659 1660 995)
4(1624 1625 1660 1659)
4(961 996 1661 1626)
4(995 1660 1661 996)
4(1625 1626 1661 1660)
4(962 997 1662 1627)
4(996 1661 1662 997)
4(1626 1627 1662 1661)
4(963 998 1663 1628)
4(997 1662 1663 998)
4(1627 1628 1663 1662)
4(964 999 1664 1629)
4(998 1663 1664 999)
4(1628 1629 1664 1663)
4(965 1000 1665 1630)
4(999 1664 1665 1000)
4(1629 1630 1665 1664)
4(966 1001 1666 1631)
4(1000 1665 1666 1001)
4(1630 1631 1666 1665)
4(967 1002 1667 1632)
4(1001 1666 1667 1002)
4(1631 1632 1667 1666)
4(968 1003 1668 1633)
4(1002 1667 1668 1003)
4(1632 1633 1668 1667)
4(969 1004 1669 1634)
4(1003 1668 1669 1004)
4(1633 1634 1669 1668)
4(970 1005 1670 1635)
4(1004 1669 1670 1005)
4(1634 1635 1670 1669)
4(971 1006 1671 1636)
4(1005 1670 1671 1006)
4(1635 1636 1671 1670)
4(972 1007 1672 1637)
4(1006 1671 1672 1007)
4(1636 1637 1672 1671)
4(973 1008 1673 1638)
4(1007 1672 1673 1008)
4(1637 1638 1673 1672)
4(974 1009 1674 1639)
4(1008 1673 1674 1009)
4(1638 1639 1674 1673)
4(975 1010 1675 1640)
4(1009 1674 1675 1010)
4(1639 1640 1675 1674)
4(976 1011 1676 1641)
4(1010 1675 1676 1011)
4(1640 1641 1676 1675)
4(977 1012 1677 1642)
4(1011 1676 1677 1012)
4(1641 1642 1677 1676)
4(978 1013 1678 1643)
4(1012 1677 1678 1013)
4(1642 1643 1678 1677)
4(1013 1678 1679 1014)
4(1643 1644 1679 1678)
4(981 1016 1681 1646)
4(1015 1680 1681 1016)
4(1645 1646 1681 1680)
4(982 1017 1682 1647)
4(1016 1681 1682 1017)
4(1646 1647 1682 1681)
4(983 1018 1683 1648)
4(1017 1682 1683 1018)
4(1647 1648 1683 1682)
4(984 1019 1684 1649)
4(1018 1683 1684 1019)
4(1648 1649 1684 1683)
4(985 1020 1685 1650)
4(1019 1684 1685 1020)
4(1649 1650 1685 1684)
4(986 1021 1686 1651)
4(1020 1685 1686 1021)
4(1650 1651 1686 1685)
4(987 1022 1687 1652)
4(1021 1686 1687 1022)
4(1651 1652 1687 1686)
4(988 1023 1688 1653)
4(1022 1687 1688 1023)
4(1652 1653 1688 1687)
4(989 1024 1689 1654)
4(1023 1688 1689 1024)
4(1653 1654 1689 1688)
4(990 1025 1690 1655)
4(1024 1689 1690 1025)
4(1654 1655 1690 1689)
4(991 1026 1691 1656)
4(1025 1690 1691 1026)
4(1655 1656 1691 1690)
4(992 1027 1692 1657)
4(1026 1691 1692 1027)
4(1656 1657 1692 1691)
4(993 1028 1693 1658)
4(1027 1692 1693 1028)
4(1657 1658 1693 1692)
4(994 1029 1694 1659)
4(1028 1693 1694 1029)
4(1658 1659 1694 1693)
4(995 1030 1695 1660)
4(1029 1694 1695 1030)
4(1659 1660 1695 1694)
4(996 1031 1696 1661)
4(1030 1695 1696 1031)
4(1660 1661 1696 1695)
4(997 1032 1697 1662)
4(1031 1696 1697 1032)
4(1661 1662 1697 1696)
4(998 1033 1698 1663)
4(1032 1697 1698 1033)
4(1662 1663 1698 1697)
4(999 1034 1699 1664)
4(1033 1698 1699 1034)
4(1663 1664 1699 1698)
4(1000 1035 1700 1665)
4(1034 1699 1700 1035)
4(1664 1665 1700 1699)
4(1001 1036 1701 1666)
4(1035 1700 1701 1036)
4(1665 1666 1701 1700)
4(1002 1037 1702 1667)
4(1036 1701 1702 1037)
4(1666 1667 1702 1701)
4(1003 1038 1703 1668)
4(1037 1702 1703 1038)
4(1667 1668 1703 1702)
4(1004 1039 1704 1669)
4(1038 1703 1704 1039)
4(1668 1669 1704 1703)
4(1005 1040 1705 1670)
4(1039 1704 1705 1040)
4(1669 1670 1705 1704)
4(1006 1041 1706 1671)
4(1040 1705 1706 1041)
4(1670 1671 1706 1705)
4(1007 1042 1707 1672)
4(1041 1706 1707 1042)
4(1671 1672 1707 1706)
4(1008 1043 1708 1673)
4(1042 1707 1708 1043)
4(1672 1673 1708 1707)
4(1009 1044 1709 1674)
4(1043 1708 1709 1044)
4(1673 1674 1709 1708)
4(1010 1045 1710 1675)
4(1044 1709 1710 1045)
4(1674 1675 1710 1709)
4(1011 1046 1711 1676)
4(1045 1710 1711 1046)
4(1675 1676 1711 1710)
4(1012 1047 1712 1677)
4(1046 1711 1712 1047)
4(1676 1677 1712 1711)
4(1013 1048 1713 1678)
4(1047 1712 1713 1048)
4(1677 1678 1713 1712)
4(1048 1713 1714 1049)
4(1678 1679 1714 1713)
4(1016 1051 1716 1681)
4(1050 1715 1716 1051)
4(1680 1681 1716 1715)
4(1017 1052 1717 1682)
4(1051 1716 1717 1052)
4(1681 1682 1717 1716)
4(1018 1053 1718 1683)
4(1052 1717 1718 1053)
4(1682 1683 1718 1717)
4(1019 1054 1719 1684)
4(1053 1718 1719 1054)
4(1683 1684 1719 1718)
4(1020 1055 1720 1685)
4(1054 1719 1720 1055)
4(1684 1685 1720 1719)
4(1021 1056 1721 1686)
4(1055 1720 1721 1056)
4(1685 1686 1721 1720)
4(1022 1057 1722 1687)
4(1056 1721 1722 1057)
4(1686 1687 1722 1721)
4(1023 1058 1723 1688)
4(1057 1722 1723 1058)
4(1687 1688 1723 1722)
4(1024 1059 1724 1689)
4(1058 1723 1724 1059)
4(1688 1689 1724 1723)
4(1025 1060 1725 1690)
4(1059 1724 1725 1060)
4(1689 1690 1725 1724)
4(1026 1061 1726 1691)
4(1060 1725 1726 1061)
4(1690 1691 1726 1725)
4(1027 1062 1727 1692)
4(1061 1726 1727 1062)
4(1691 1692 1727 1726)
4(1028 1063 1728 1693)
4(1062 1727 1728 1063)
4(1692 1693 1728 1727)
4(1029 1064 1729 1694)
4(1063 1728 1729 1064)
4(1693 1694 1729 1728)
4(1030 1065 1730 1695)
4(1064 1729 1730 1065)
4(1694 1695 1730 1729)
4(1031 1066 1731 1696)
4(1065 1730 1731 1066)
4(1695 1696 1731 1730)
4(1032 1067 1732 1697)
4(1066 1731 1732 1067)
4(1696 1697 1732 1731)
4(1033 1068 1733 1698)
4(1067 1732 1733 1068)
4(1697 1698 1733 1732)
4(1034 1069 1734 1699)
4(1068 1733 1734 1069)
4(1698 1699 1734 1733)
4(1035 1070 1735 1700)
4(1069 1734 1735 1070)
4(1699 1700 1735 1734)
4(1036 1071 1736 1701)
4(1070 1735 1736 1071)
4(1700 1701 1736 1735)
4(1037 1072 1737 1702)
4(1071 1736 1737 1072)
4(1701 1702 1737 1736)
4(1038 1073 1738 1703)
4(1072 1737 1738 1073)
4(1702 1703 1738 1737)
4(1039 1074 1739 1704)
4(1073 1738 1739 1074)
4(1703 1704 1739 1738)
4(1040 1075 1740 1705)
4(1074 1739 1740 1075)
4(1704 1705 1740 1739)
4(1041 1076 1741 1706)
4(1075 1740 1741 1076)
4(1705 1706 1741 1740)
4(1042 1077 1742 1707)
4(1076 1741 1742 1077)
4(1706 1707 1742 1741)
4(1043 1078 1743 1708)
4(1077 1742 1743 1078)
4(1707 1708 1743 1742)
4(1044 1079 1744 1709)
4(1078 1743 1744 1079)
4(1708 1709 1744 1743)
4(1045 1080 1745 1710)
4(1079 1744 1745 1080)
4(1709 1710 1745 1744)
4(1046 1081 1746 1711)
4(1080 1745 1746 1081)
4(1710 1711 1746 1745)
4(1047 1082 1747 1712)
4(1081 1746 1747 1082)
4(1711 1712 1747 1746)
4(1048 1083 1748 1713)
4(1082 1747 1748 1083)
4(1712 1713 1748 1747)
4(1083 1748 1749 1084)
4(1713 1714 1749 1748)
4(1051 1086 1751 1716)
4(1085 1750 1751 1086)
4(1715 1716 1751 1750)
4(1052 1087 1752 1717)
4(1086 1751 1752 1087)
4(1716 1717 1752 1751)
4(1053 1088 1753 1718)
4(1087 1752 1753 1088)
4(1717 1718 1753 1752)
4(1054 1089 1754 1719)
4(1088 1753 1754 1089)
4(1718 1719 1754 1753)
4(1055 1090 1755 1720)
4(1089 1754 1755 1090)
4(1719 1720 1755 1754)
4(1056 1091 1756 1721)
4(1090 1755 1756 1091)
4(1720 1721 1756 1755)
4(1057 1092 1757 1722)
4(1091 1756 1757 1092)
4(1721 1722 1757 1756)
4(1058 1093 1758 1723)
4(1092 1757 1758 1093)
4(1722 1723 1758 1757)
4(1059 1094 1759 1724)
4(1093 1758 1759 1094)
4(1723 1724 1759 1758)
4(1060 1095 1760 1725)
4(1094 1759 1760 1095)
4(1724 1725 1760 1759)
4(1061 1096 1761 1726)
4(1095 1760 1761 1096)
4(1725 1726 1761 1760)
4(1062 1097 1762 1727)
4(1096 1761 1762 1097)
4(1726 1727 1762 1761)
4(1063 1098 1763 1728)
4(1097 1762 1763 1098)
4(1727 1728 1763 1762)
4(1064 1099 1764 1729)
4(1098 1763 1764 1099)
4(1728 1729 1764 1763)
4(1065 1100 1765 1730)
4(1099 1764 1765 1100)
4(1729 1730 1765 1764)
4(1066 1101 1766 1731)
4(1100 1765 1766 1101)
4(1730 1731 1766 1765)
4(1067 1102 1767 1732)
4(1101 1766 1767 1102)
4(1731 1732 1767 1766)
4(1068 1103 1768 1733)
4(1102 1767 1768 1103)
4(1732 1733 1768 1767)
4(1069 1104 1769 1734)
4(1103 1768 1769 1104)
4(1733 1734 1769 1768)
4(1070 1105 1770 1735)
4(1104 1769 1770 1105)
4(1734 1735 1770 1769)
4(1071 1106 1771 1736)
4(1105 1770 1771 1106)
4(1735 1736 1771 1770)
4(1072 1107 1772 1737)
4(1106 1771 1772 1107)
4(1736 1737 1772 1771)
4(1073 1108 1773 1738)
4(1107 1772 1773 1108)
4(1737 1738 1773 1772)
4(1074 1109 1774 1739)
4(1108 1773 1774 1109)
4(1738 1739 1774 1773)
4(1075 1110 1775 1740)
4(1109 1774 1775 1110)
4(1739 1740 1775 1774)
4(1076 1111 1776 1741)
4(1110 1775 1776 1111)
4(1740 1741 1776 1775)
4(1077 1112 1777 1742)
4(1111 1776 1777 1112)
4(1741 1742 1777 1776)
4(1078 1113 1778 1743)
4(1112 1777 1778 1113)
4(1742 1743 1778 1777)
4(1079 1114 1779 1744)
4(1113 1778 1779 1114)
4(1743 1744 1779 1778)
4(1080 1115 1780 1745)
4(1114 1779 1780 1115)
4(1744 1745 1780 1779)
4(1081 1116 1781 1746)
4(1115 1780 1781 1116)
4(1745 1746 1781 1780)
4(1082 1117 1782 1747)
4(1116 1781 1782 1117)
4(1746 1747 1782 1781)
4(1083 1118 1783 1748)
4(1117 1782 1783 1118)
4(1747 1748 1783 1782)
4(1118 1783 1784 1119)
4(1748 1749 1784 1783)
4(1086 1121 1786 1751)
4(1120 1785 1786 1121)
4(1750 1751 1786 1785)
4(1087 1122 1787 1752)
4(1121 1786 1787 1122)
4(1751 1752 1787 1786)
4(1088 1123 1788 1753)
4(1122 1787 1788 1123)
4(1752 1753 1788 1787)
4(1089 1124 1789 1754)
4(1123 1788 1789 1124)
4(1753 1754 1789 1788)
4(1090 1125 1790 1755)
4(1124 1789 1790 1125)
4(1754 1755 1790 1789)
4(1091 1126 1791 1756)
4(1125 1790 1791 1126)
4(1755 1756 1791 1790)
4(1092 1127 1792 1757)
4(1126 1791 1792 1127)
4(1756 1757 1792 1791)
4(1093 1128 1793 1758)
4(1127 1792 1793 1128)
4(1757 1758 1793 1792)
4(1094 1129 1794 1759)
4(1128 1793 1794 1129)
4(1758 1759 1794 1793)
4(1095 1130 1795 1760)
4(1129 1794 1795 1130)
4(1759 1760 1795 1794)
4(1096 1131 1796 1761)
4(1130 1795 1796 1131)
4(1760 1761 1796 1795)
4(1097 1132 1797 1762)
4(1131 1796 1797 1132)
4(1761 1762 1797 1796)
4(1098 1133 1798 1763)
4(1132 1797 1798 1133)
4(1762 1763 1798 1797)
4(1099 1134 1799 1764)
4(1133 1798 1799 1134)
4(1763 1764 1799 1798)
4(1100 1135 1800 1765)
4(1134 1799 1800 1135)
4(1764 1765 1800 1799)
4(1101 1136 1801 1766)
4(1135 1800 1801 1136)
4(1765 1766 1801 1800)
4(1102 1137 1802 1767)
4(1136 1801 1802 1137)
4(1766 1767 1802 1801)
4(1103 1138 1803 1768)
4(1137 1802 1803 1138)
4(1767 1768 1803 1802)
4(1104 1139 1804 1769)
4(1138 1803 1804 1139)
4(1768 1769 1804 1803)
4(1105 1140 1805 1770)
4(1139 1804 1805 1140)
4(1769 1770 1805 1804)
4(1106 1141 1806 1771)
4(1140 1805 1806 1141)
4(1770 1771 1806 1805)
4(1107 1142 1807 1772)
4(1141 1806 1807 1142)
4(1771 1772 1807 1806)
4(1108 1143 1808 1773)
4(1142 1807 1808 1143)
4(1772 1773 1808 1807)
4(1109 1144 1809 1774)
4(1143 1808 1809 1144)
4(1773 1774 1809 1808)
4(1110 1145 1810 1775)
4(1144 1809 1810 1145)
4(1774 1775 1810 1809)
4(1111 1146 1811 1776)
4(1145 1810 1811 1146)
4(1775 1776 1811 1810)
4(1112 1147 1812 1777)
4(1146 1811 1812 1147)
4(1776 1777 1812 1811)
4(1113 1148 1813 1778)
4(1147 1812 1813 1148)
4(1777 1778 1813 1812)
4(1114 1149 1814 1779)
4(1148 1813 1814 1149)
4(1778 1779 1814 1813)
4(1115 1150 1815 1780)
4(1149 1814 1815 1150)
4(1779 1780 1815 1814)
4(1116 1151 1816 1781)
4(1150 1815 1816 1151)
4(1780 1781 1816 1815)
4(1117 1152 1817 1782)
4(1151 1816 1817 1152)
4(1781 1782 1817 1816)
4(1118 1153 1818 1783)
4(1152 1817 1818 1153)
4(1782 1783 1818 1817)
4(1153 1818 1819 1154)
4(1783 1784 1819 1818)
4(1121 1156 1821 1786)
4(1155 1820 1821 1156)
4(1785 1786 1821 1820)
4(1122 1157 1822 1787)
4(1156 1821 1822 1157)
4(1786 1787 1822 1821)
4(1123 1158 1823 1788)
4(1157 1822 1823 1158)
4(1787 1788 1823 1822)
4(1124 1159 1824 1789)
4(1158 1823 1824 1159)
4(1788 1789 1824 1823)
4(1125 1160 1825 1790)
4(1159 1824 1825 1160)
4(1789 1790 1825 1824)
4(1126 1161 1826 1791)
4(1160 1825 1826 1161)
4(1790 1791 1826 1825)
4(1127 1162 1827 1792)
4(1161 1826 1827 1162)
4(1791 1792 1827 1826)
4(1128 1163 1828 1793)
4(1162 1827 1828 1163)
4(1792 1793 1828 1827)
4(1129 1164 1829 1794)
4(1163 1828 1829 1164)
4(1793 1794 1829 1828)
4(1130 1165 1830 1795)
4(1164 1829 1830 1165)
4(1794 1795 1830 1829)
4(1131 1166 1831 1796)
4(1165 1830 1831 1166)
4(1795 1796 1831 1830)
4(1132 1167 1832 1797)
4(1166 1831 1832 1167)
4(1796 1797 1832 1831)
4(1133 1168 1833 1798)
4(1167 1832 1833 1168)
4(1797 1798 1833 1832)
4(1134 1169 1834 1799)
4(1168 1833 1834 1169)
4(1798 1799 1834 1833)
4(1135 1170 1835 1800)
4(1169 1834 1835 1170)
4(1799 1800 1835 1834)
4(1136 1171 1836 1801)
4(1170 1835 1836 1171)
4(1800 1801 1836 1835)
4(1137 1172 1837 1802)
4(1171 1836 1837 1172)
4(1801 1802 1837 1836)
4(1138 1173 1838 1803)
4(1172 1837 1838 1173)
4(1802 1803 1838 1837)
4(1139 1174 1839 1804)
4(1173 1838 1839 1174)
4(1803 1804 1839 1838)
4(1140 1175 1840 1805)
4(1174 1839 1840 1175)
4(1804 1805 1840 1839)
4(1141 1176 1841 1806)
4(1175 1840 1841 1176)
4(1805 1806 1841 1840)
4(1142 1177 1842 1807)
4(1176 1841 1842 1177)
4(1806 1807 1842 1841)
4(1143 1178 1843 1808)
4(1177 1842 1843 1178)
4(1807 1808 1843 1842)
4(1144 1179 1844 1809)
4(1178 1843 1844 1179)
4(1808 1809 1844 1843)
4(1145 1180 1845 1810)
4(1179 1844 1845 1180)
4(1809 1810 1845 1844)
4(1146 1181 1846 1811)
4(1180 1845 1846 1181)
4(1810 1811 1846 1845)
4(1147 1182 1847 1812)
4(1181 1846 1847 1182)
4(1811 1812 1847 1846)
4(1148 1183 1848 1813)
4(1182 1847 1848 1183)
4(1812 1813 1848 1847)
4(1149 1184 1849 1814)
4(1183 1848 1849 1184)
4(1813 1814 1849 1848)
4(1150 1185 1850 1815)
4(1184 1849 1850 1185)
4(1814 1815 1850 1849)
4(1151 1186 1851 1816)
4(1185 1850 1851 1186)
4(1815 1816 1851 1850)
4(1152 1187 1852 1817)
4(1186 1851 1852 1187)
4(1816 1817 1852 1851)
4(1153 1188 1853 1818)
4(1187 1852 1853 1188)
4(1817 1818 1853 1852)
4(1188 1853 1854 1189)
4(1818 1819 1854 1853)
4(1156 1191 1856 1821)
4(1190 1855 1856 1191)
4(1820 1821 1856 1855)
4(1157 1192 1857 1822)
4(1191 1856 1857 1192)
4(1821 1822 1857 1856)
4(1158 1193 1858 1823)
4(1192 1857 1858 1193)
4(1822 1823 1858 1857)
4(1159 1194 1859 1824)
4(1193 1858 1859 1194)
4(1823 1824 1859 1858)
4(1160 1195 1860 1825)
4(1194 1859 1860 1195)
4(1824 1825 1860 1859)
4(1161 1196 1861 1826)
4(1195 1860 1861 1196)
4(1825 1826 1861 1860)
4(1162 1197 1862 1827)
4(1196 1861 1862 1197)
4(1826 1827 1862 1861)
4(1163 1198 1863 1828)
4(1197 1862 1863 1198)
4(1827 1828 1863 1862)
4(1164 1199 1864 1829)
4(1198 1863 1864 1199)
4(1828 1829 1864 1863)
4(1165 1200 1865 1830)
4(1199 1864 1865 1200)
4(1829 1830 1865 1864)
4(1166 1201 1866 1831)
4(1200 1865 1866 1201)
4(1830 1831 1866 1865)
4(1167 1202 1867 1832)
4(1201 1866 1867 1202)
4(1831 1832 1867 1866)
4(1168 1203 1868 1833)
4(1202 1867 1868 1203)
4(1832 1833 1868 1867)
4(1169 1204 1869 1834)
4(1203 1868 1869 1204)
4(1833 1834 1869 1868)
4(1170 1205 1870 1835)
4(1204 1869 1870 1205)
4(1834 1835 1870 1869)
4(1171 1206 1871 1836)
4(1205 1870 1871 1206)
4(1835 1836 1871 1870)
4(1172 1207 1872 1837)
4(1206 1871 1872 1207)
4(1836 1837 1872 1871)
4(1173 1208 1873 1838)
4(1207 1872 1873 1208)
4(1837 1838 1873 1872)
4(1174 1209 1874 1839)
4(1208 1873 1874 1209)
4(1838 1839 1874 1873)
4(1175 1210 1875 1840)
4(1209 1874 1875 1210)
4(1839 1840 1875 1874)
4(1176 1211 1876 1841)
4(1210 1875 1876 1211)
4(1840 1841 1876 1875)
4(1177 1212 1877 1842)
4(1211 1876 1877 1212)
4(1841 1842 1877 1876)
4(1178 1213 1878 1843)
4(1212 1877 1878 1213)
4(1842 1843 1878 1877)
4(1179 1214 1879 1844)
4(1213 1878 1879 1214)
4(1843 1844 1879 1878)
4(1180 1215 1880 1845)
4(1214 1879 1880 1215)
4(1844 1845 1880 1879)
4(1181 1216 1881 1846)
4(1215 1880 1881 1216)
4(1845 1846 1881 1880)
4(1182 1217 1882 1847)
4(1216 1881 1882 1217)
4(1846 1847 1882 1881)
4(1183 1218 1883 1848)
4(1217 1882 1883 1218)
4(1847 1848 1883 1882)
4(1184 1219 1884 1849)
4(1218 1883 1884 1219)
4(1848 1849 1884 1883)
4(1185 1220 1885 1850)
4(1219 1884 1885 1220)
4(1849 1850 1885 1884)
4(1186 1221 1886 1851)
4(1220 1885 1886 1221)
4(1850 1851 1886 1885)
4(1187 1222 1887 1852)
4(1221 1886 1887 1222)
4(1851 1852 1887 1886)
4(1188 1223 1888 1853)
4(1222 1887 1888 1223)
4(1852 1853 1888 1887)
4(1223 1888 1889 1224)
4(1853 1854 1889 1888)
4(1191 1226 1891 1856)
4(1225 1890 1891 1226)
4(1855 1856 1891 1890)
4(1192 1227 1892 1857)
4(1226 1891 1892 1227)
4(1856 1857 1892 1891)
4(1193 1228 1893 1858)
4(1227 1892 1893 1228)
4(1857 1858 1893 1892)
4(1194 1229 1894 1859)
4(1228 1893 1894 1229)
4(1858 1859 1894 1893)
4(1195 1230 1895 1860)
4(1229 1894 1895 1230)
4(1859 1860 1895 1894)
4(1196 1231 1896 1861)
4(1230 1895 1896 1231)
4(1860 1861 1896 1895)
4(1197 1232 1897 1862)
4(1231 1896 1897 1232)
4(1861 1862 1897 1896)
4(1198 1233 1898 1863)
4(1232 1897 1898 1233)
4(1862 1863 1898 1897)
4(1199 1234 1899 1864)
4(1233 1898 1899 1234)
4(1863 1864 1899 1898)
4(1200 1235 1900 1865)
4(1234 1899 1900 1235)
4(1864 1865 1900 1899)
4(1201 1236 1901 1866)
4(1235 1900 1901 1236)
4(1865 1866 1901 1900)
4(1202 1237 1902 1867)
4(1236 1901 1902 1237)
4(1866 1867 1902 1901)
4(1203 1238 1903 1868)
4(1237 1902 1903 1238)
4(1867 1868 1903 1902)
4(1204 1239 1904 1869)
4(1238 1903 1904 1239)
4(1868 1869 1904 1903)
4(1205 1240 1905 1870)
4(1239 1904 1905 1240)
4(1869 1870 1905 1904)
4(1206 1241 1906 1871)
4(1240 1905 1906 1241)
4(1870 1871 1906 1905)
4(1207 1242 1907 1872)
4(1241 1906 1907 1242)
4(1871 1872 1907 1906)
4(1208 1243 1908 1873)
4(1242 1907 1908 1243)
4(1872 1873 1908 1907)
4(1209 1244 1909 1874)
4(1243 1908 1909 1244)
4(1873 1874 1909 1908)
4(1210 1245 1910 1875)
4(1244 1909 1910 1245)
4(1874 1875 1910 1909)
4(1211 1246 1911 1876)
4(1245 1910 1911 1246)
4(1875 1876 1911 1910)
4(1212 1247 1912 1877)
4(1246 1911 1912 1247)
4(1876 1877 1912 1911)
4(1213 1248 1913 1878)
4(1247 1912 1913 1248)
4(1877 1878 1913 1912)
4(1214 1249 1914 1879)
4(1248 1913 1914 1249)
4(1878 1879 1914 1913)
4(1215 1250 1915 1880)
4(1249 1914 1915 1250)
4(1879 1880 1915 1914)
4(1216 1251 1916 1881)
4(1250 1915 1916 1251)
4(1880 1881 1916 1915)
4(1217 1252 1917 1882)
4(1251 1916 1917 1252)
4(1881 1882 1917 1916)
4(1218 1253 1918 1883)
4(1252 1917 1918 1253)
4(1882 1883 1918 1917)
4(1219 1254 1919 1884)
4(1253 1918 1919 1254)
4(1883 1884 1919 1918)
4(1220 1255 1920 1885)
4(1254 1919 1920 1255)
4(1884 1885 1920 1919)
4(1221 1256 1921 1886)
4(1255 1920 1921 1256)
4(1885 1886 1921 1920)
4(1222 1257 1922 1887)
4(1256 1921 1922 1257)
4(1886 1887 1922 1921)
4(1223 1258 1923 1888)
4(1257 1922 1923 1258)
4(1887 1888 1923 1922)
4(1258 1923 1924 1259)
4(1888 1889 1924 1923)
4(1226 1261 1926 1891)
4(1260 1925 1926 1261)
4(1890 1891 1926 1925)
4(1227 1262 1927 1892)
4(1261 1926 1927 1262)
4(1891 1892 1927 1926)
4(1228 1263 1928 1893)
4(1262 1927 1928 1263)
4(1892 1893 1928 1927)
4(1229 1264 1929 1894)
4(1263 1928 1929 1264)
4(1893 1894 1929 1928)
4(1230 1265 1930 1895)
4(1264 1929 1930 1265)
4(1894 1895 1930 1929)
4(1231 1266 1931 1896)
4(1265 1930 1931 1266)
4(1895 1896 1931 1930)
4(1232 1267 1932 1897)
4(1266 1931 1932 1267)
4(1896 1897 1932 1931)
4(1233 1268 1933 1898)
4(1267 1932 1933 1268)
4(1897 1898 1933 1932)
4(1234 1269 1934 1899)
4(1268 1933 1934 1269)
4(1898 1899 1934 1933)
4(1235 1270 1935 1900)
4(1269 1934 1935 1270)
4(1899 1900 1935 1934)
4(1236 1271 1936 1901)
4(1270 1935 1936 1271)
4(1900 1901 1936 1935)
4(1237 1272 1937 1902)
4(1271 1936 1937 1272)
4(1901 1902 1937 1936)
4(1238 1273 1938 1903)
4(1272 1937 1938 1273)
4(1902 1903 1938 1937)
4(1239 1274 1939 1904)
4(1273 1938 1939 1274)
4(1903 1904 1939 1938)
4(1240 1275 1940 1905)
4(1274 1939 1940 1275)
4(1904 1905 1940 1939)
4(1241 1276 1941 1906)
4(1275 1940 1941 1276)
4(1905 1906 1941 1940)
4(1242 1277 1942 1907)
4(1276 1941 1942 1277)
4(1906 1907 1942 1941)
4(1243 1278 1943 1908)
4(1277 1942 1943 1278)
4(1907 1908 1943 1942)
4(1244 1279 1944 1909)
4(1278 1943 1944 1279)
4(1908 1909 1944 1943)
4(1245 1280 1945 1910)
4(1279 1944 1945 1280)
4(1909 1910 1945 1944)
4(1246 1281 1946 1911)
4(1280 1945 1946 1281)
4(1910 1911 1946 1945)
4(1247 1282 1947 1912)
4(1281 1946 1947 1282)
4(1911 1912 1947 1946)
4(1248 1283 1948 1913)
4(1282 1947 1948 1283)
4(1912 1913 1948 1947)
4(1249 1284 1949 1914)
4(1283 1948 1949 1284)
4(1913 1914 1949 1948)
4(1250 1285 1950 1915)
4(1284 1949 1950 1285)
4(1914 1915 1950 1949)
4(1251 1286 1951 1916)
4(1285 1950 1951 1286)
4(1915 1916 1951 1950)
4(1252 1287 1952 1917)
4(1286 1951 1952 1287)
4(1916 1917 1952 1951)
4(1253 1288 1953 1918)
4(1287 1952 1953 1288)
4(1917 1918 1953 1952)
4(1254 1289 1954 1919)
4(1288 1953 1954 1289)
4(1918 1919 1954 1953)
4(1255 1290 1955 1920)
4(1289 1954 1955 1290)
4(1919 1920 1955 1954)
4(1256 1291 1956 1921)
4(1290 1955 1956 1291)
4(1920 1921 1956 1955)
4(1257 1292 1957 1922)
4(1291 1956 1957 1292)
4(1921 1922 1957 1956)
4(1258 1293 1958 1923)
4(1292 1957 1958 1293)
4(1922 1923 1958 1957)
4(1293 1958 1959 1294)
4(1923 1924 1959 1958)
4(1261 1296 1961 1926)
4(1925 1926 1961 1960)
4(1262 1297 1962 1927)
4(1926 1927 1962 1961)
4(1263 1298 1963 1928)
4(1927 1928 1963 1962)
4(1264 1299 1964 1929)
4(1928 1929 1964 1963)
4(1265 1300 1965 1930)
4(1929 1930 1965 1964)
4(1266 1301 1966 1931)
4(1930 1931 1966 1965)
4(1267 1302 1967 1932)
4(1931 1932 1967 1966)
4(1268 1303 1968 1933)
4(1932 1933 1968 1967)
4(1269 1304 1969 1934)
4(1933 1934 1969 1968)
4(1270 1305 1970 1935)
4(1934 1935 1970 1969)
4(1271 1306 1971 1936)
4(1935 1936 1971 1970)
4(1272 1307 1972 1937)
4(1936 1937 1972 1971)
4(1273 1308 1973 1938)
4(1937 1938 1973 1972)
4(1274 1309 1974 1939)
4(1938 1939 1974 1973)
4(1275 1310 1975 1940)
4(1939 1940 1975 1974)
4(1276 1311 1976 1941)
4(1940 1941 1976 1975)
4(1277 1312 1977 1942)
4(1941 1942 1977 1976)
4(1278 1313 1978 1943)
4(1942 1943 1978 1977)
4(1279 1314 1979 1944)
4(1943 1944 1979 1978)
4(1280 1315 1980 1945)
4(1944 1945 1980 1979)
4(1281 1316 1981 1946)
4(1945 1946 1981 1980)
4(1282 1317 1982 1947)
4(1946 1947 1982 1981)
4(1283 1318 1983 1948)
4(1947 1948 1983 1982)
4(1284 1319 1984 1949)
4(1948 1949 1984 1983)
4(1285 1320 1985 1950)
4(1949 1950 1985 1984)
4(1286 1321 1986 1951)
4(1950 1951 1986 1985)
4(1287 1322 1987 1952)
4(1951 1952 1987 1986)
4(1288 1323 1988 1953)
4(1952 1953 1988 1987)
4(1289 1324 1989 1954)
4(1953 1954 1989 1988)
4(1290 1325 1990 1955)
4(1954 1955 1990 1989)
4(1291 1326 1991 1956)
4(1955 1956 1991 1990)
4(1292 1327 1992 1957)
4(1956 1957 1992 1991)
4(1293 1328 1993 1958)
4(1957 1958 1993 1992)
4(1958 1959 1994 1993)
4(1331 1366 2031 1996)
4(1365 2030 2031 1366)
4(1995 1996 2031 2030)
4(1332 1367 2032 1997)
4(1366 2031 2032 1367)
4(1996 1997 2032 2031)
4(1333 1368 2033 1998)
4(1367 2032 2033 1368)
4(1997 1998 2033 2032)
4(1334 1369 2034 1999)
4(1368 2033 2034 1369)
4(1998 1999 2034 2033)
4(1335 1370 2035 2000)
4(1369 2034 2035 1370)
4(1999 2000 2035 2034)
4(1336 1371 2036 2001)
4(1370 2035 2036 1371)
4(2000 2001 2036 2035)
4(1337 1372 2037 2002)
4(1371 2036 2037 1372)
4(2001 2002 2037 2036)
4(1338 1373 2038 2003)
4(1372 2037 2038 1373)
4(2002 2003 2038 2037)
4(1339 1374 2039 2004)
4(1373 2038 2039 1374)
4(2003 2004 2039 2038)
4(1340 1375 2040 2005)
4(1374 2039 2040 1375)
4(2004 2005 2040 2039)
4(1341 1376 2041 2006)
4(1375 2040 2041 1376)
4(2005 2006 2041 2040)
4(1342 1377 2042 2007)
4(1376 2041 2042 1377)
4(2006 2007 2042 2041)
4(1343 1378 2043 2008)
4(1377 2042 2043 1378)
4(2007 2008 2043 2042)
4(1344 1379 2044 2009)
4(1378 2043 2044 1379)
4(2008 2009 2044 2043)
4(1345 1380 2045 2010)
4(1379 2044 2045 1380)
4(2009 2010 2045 2044)
4(1346 1381 2046 2011)
4(1380 2045 2046 1381)
4(2010 2011 2046 2045)
4(1347 1382 2047 2012)
4(1381 2046 2047 1382)
4(2011 2012 2047 2046)
4(1348 1383 2048 2013)
4(1382 2047 2048 1383)
4(2012 2013 2048 2047)
4(1349 1384 2049 2014)
4(1383 2048 2049 1384)
4(2013 2014 2049 2048)
4(1350 1385 2050 2015)
4(1384 2049 2050 1385)
4(2014 2015 2050 2049)
4(1351 1386 2051 2016)
4(1385 2050 2051 1386)
4(2015 2016 2051 2050)
4(1352 1387 2052 2017)
4(1386 2051 2052 1387)
4(2016 2017 2052 2051)
4(1353 1388 2053 2018)
4(1387 2052 2053 1388)
4(2017 2018 2053 2052)
4(1354 1389 2054 2019)
4(1388 2053 2054 1389)
4(2018 2019 2054 2053)
4(1355 1390 2055 2020)
4(1389 2054 2055 1390)
4(2019 2020 2055 2054)
4(1356 1391 2056 2021)
4(1390 2055 2056 1391)
4(2020 2021 2056 2055)
4(1357 1392 2057 2022)
4(1391 2056 2057 1392)
4(2021 2022 2057 2056)
4(1358 1393 2058 2023)
4(1392 2057 2058 1393)
4(2022 2023 2058 2057)
4(1359 1394 2059 2024)
4(1393 2058 2059 1394)
4(2023 2024 2059 2058)
4(1360 1395 2060 2025)
4(1394 2059 2060 1395)
4(2024 2025 2060 2059)
4(1361 1396 2061 2026)
4(1395 2060 2061 1396)
4(2025 2026 2061 2060)
4(1362 1397 2062 2027)
4(1396 2061 2062 1397)
4(2026 2027 2062 2061)
4(1363 1398 2063 2028)
4(1397 2062 2063 1398)
4(2027 2028 2063 2062)
4(1398 2063 2064 1399)
4(2028 2029 2064 2063)
4(1366 1401 2066 2031)
4(1400 2065 2066 1401)
4(2030 2031 2066 2065)
4(1367 1402 2067 2032)
4(1401 2066 2067 1402)
4(2031 2032 2067 2066)
4(1368 1403 2068 2033)
4(1402 2067 2068 1403)
4(2032 2033 2068 2067)
4(1369 1404 2069 2034)
4(1403 2068 2069 1404)
4(2033 2034 2069 2068)
4(1370 1405 2070 2035)
4(1404 2069 2070 1405)
4(2034 2035 2070 2069)
4(1371 1406 2071 2036)
4(1405 2070 2071 1406)
4(2035 2036 2071 2070)
4(1372 1407 2072 2037)
4(1406 2071 2072 1407)
4(2036 2037 2072 2071)
4(1373 1408 2073 2038)
4(1407 2072 2073 1408)
4(2037 2038 2073 2072)
4(1374 1409 2074 2039)
4(1408 2073 2074 1409)
4(2038 2039 2074 2073)
4(1375 1410 2075 2040)
4(1409 2074 2075 1410)
4(2039 2040 2075 2074)
4(1376 1411 2076 2041)
4(1410 2075 2076 1411)
4(2040 2041 2076 2075)
4(1377 1412 2077 2042)
4(1411 2076 2077 1412)
4(2041 2042 2077 2076)
4(1378 1413 2078 2043)
4(1412 2077 2078 1413)
4(2042 2043 2078 2077)
4(1379 1414 2079 2044)
4(1413 2078 2079 1414)
4(2043 2044 2079 2078)
4(1380 1415 2080 2045)
4(1414 2079 2080 1415)
4(2044 2045 2080 2079)
4(1381 1416 2081 2046)
4(1415 2080 2081 1416)
4(2045 2046 2081 2080)
4(1382 1417 2082 2047)
4(1416 2081 2082 1417)
4(2046 2047 2082 2081)
4(1383 1418 2083 2048)
4(1417 2082 2083 1418)
4(2047 2048 2083 2082)
4(1384 1419 2084 2049)
4(1418 2083 2084 1419)
4(2048 2049 2084 2083)
4(1385 1420 2085 2050)
4(1419 2084 2085 1420)
4(2049 2050 2085 2084)
4(1386 1421 2086 2051)
4(1420 2085 2086 1421)
4(2050 2051 2086 2085)
4(1387 1422 2087 2052)
4(1421 2086 2087 1422)
4(2051 2052 2087 2086)
4(1388 1423 2088 2053)
4(1422 2087 2088 1423)
4(2052 2053 2088 2087)
4(1389 1424 2089 2054)
4(1423 2088 2089 1424)
4(2053 2054 2089 2088)
4(1390 1425 2090 2055)
4(1424 2089 2090 1425)
4(2054 2055 2090 2089)
4(1391 1426 2091 2056)
4(1425 2090 2091 1426)
4(2055 2056 2091 2090)
4(1392 1427 2092 2057)
4(1426 2091 2092 1427)
4(2056 2057 2092 2091)
4(1393 1428 2093 2058)
4(1427 2092 2093 1428)
4(2057 2058 2093 2092)
4(1394 1429 2094 2059)
4(1428 2093 2094 1429)
4(2058 2059 2094 2093)
4(1395 1430 2095 2060)
4(1429 2094 2095 1430)
4(2059 2060 2095 2094)
4(1396 1431 2096 2061)
4(1430 2095 2096 1431)
4(2060 2061 2096 2095)
4(1397 1432 2097 2062)
4(1431 2096 2097 1432)
4(2061 2062 2097 2096)
4(1398 1433 2098 2063)
4(1432 2097 2098 1433)
4(2062 2063 2098 2097)
4(1433 2098 2099 1434)
4(2063 2064 2099 2098)
4(1401 1436 2101 2066)
4(1435 2100 2101 1436)
4(2065 2066 2101 2100)
4(1402 1437 2102 2067)
4(1436 2101 2102 1437)
4(2066 2067 2102 2101)
4(1403 1438 2103 2068)
4(1437 2102 2103 1438)
4(2067 2068 2103 2102)
4(1404 1439 2104 2069)
4(1438 2103 2104 1439)
4(2068 2069 2104 2103)
4(1405 1440 2105 2070)
4(1439 2104 2105 1440)
4(2069 2070 2105 2104)
4(1406 1441 2106 2071)
4(1440 2105 2106 1441)
4(2070 2071 2106 2105)
4(1407 1442 2107 2072)
4(1441 2106 2107 1442)
4(2071 2072 2107 2106)
4(1408 1443 2108 2073)
4(1442 2107 2108 1443)
4(2072 2073 2108 2107)
4(1409 1444 2109 2074)
4(1443 2108 2109 1444)
4(2073 2074 2109 2108)
4(1410 1445 2110 2075)
4(1444 2109 2110 1445)
4(2074 2075 2110 2109)
4(1411 1446 2111 2076)
4(1445 2110 2111 1446)
4(2075 2076 2111 2110)
4(1412 1447 2112 2077)
4(1446 2111 2112 1447)
4(2076 2077 2112 2111)
4(1413 1448 2113 2078)
4(1447 2112 2113 1448)
4(2077 2078 2113 2112)
4(1414 1449 2114 2079)
4(1448 2113 2114 1449)
4(2078 2079 2114 2113)
4(1415 1450 2115 2080)
4(1449 2114 2115 1450)
4(2079 2080 2115 2114)
4(1416 1451 2116 2081)
4(1450 2115 2116 1451)
4(2080 2081 2116 2115)
4(1417 1452 2117 2082)
4(1451 2116 2117 1452)
4(2081 2082 2117 2116)
4(1418 1453 2118 2083)
4(1452 2117 2118 1453)
4(2082 2083 2118 2117)
4(1419 1454 2119 2084)
4(1453 2118 2119 1454)
4(2083 2084 2119 2118)
4(1420 1455 2120 2085)
4(1454 2119 2120 1455)
4(2084 2085 2120 2119)
4(1421 1456 2121 2086)
4(1455 2120 2121 1456)
4(2085 2086 2121 2120)
4(1422 1457 2122 2087)
4(1456 2121 2122 1457)
4(2086 2087 2122 2121)
4(1423 1458 2123 2088)
4(1457 2122 2123 1458)
4(2087 2088 2123 2122)
4(1424 1459 2124 2089)
4(1458 2123 2124 1459)
4(2088 2089 2124 2123)
4(1425 1460 2125 2090)
4(1459 2124 2125 1460)
4(2089 2090 2125 2124)
4(1426 1461 2126 2091)
4(1460 2125 2126 1461)
4(2090 2091 2126 2125)
4(1427 1462 2127 2092)
4(1461 2126 2127 1462)
4(2091 2092 2127 2126)
4(1428 1463 2128 2093)
4(1462 2127 2128 1463)
4(2092 2093 2128 2127)
4(1429 1464 2129 2094)
4(1463 2128 2129 1464)
4(2093 2094 2129 2128)
4(1430 1465 2130 2095)
4(1464 2129 2130 1465)
4(2094 2095 2130 2129)
4(1431 1466 2131 2096)
4(1465 2130 2131 1466)
4(2095 2096 2131 2130)
4(1432 1467 2132 2097)
4(1466 2131 2132 1467)
4(2096 2097 2132 2131)
4(1433 1468 2133 2098)
4(1467 2132 2133 1468)
4(2097 2098 2133 2132)
4(1468 2133 2134 1469)
4(2098 2099 2134 2133)
4(1436 1471 2136 2101)
4(1470 2135 2136 1471)
4(2100 2101 2136 2135)
4(1437 1472 2137 2102)
4(1471 2136 2137 1472)
4(2101 2102 2137 2136)
4(1438 1473 2138 2103)
4(1472 2137 2138 1473)
4(2102 2103 2138 2137)
4(1439 1474 2139 2104)
4(1473 2138 2139 1474)
4(2103 2104 2139 2138)
4(1440 1475 2140 2105)
4(1474 2139 2140 1475)
4(2104 2105 2140 2139)
4(1441 1476 2141 2106)
4(1475 2140 2141 1476)
4(2105 2106 2141 2140)
4(1442 1477 2142 2107)
4(1476 2141 2142 1477)
4(2106 2107 2142 2141)
4(1443 1478 2143 2108)
4(1477 2142 2143 1478)
4(2107 2108 2143 2142)
4(1444 1479 2144 2109)
4(1478 2143 2144 1479)
4(2108 2109 2144 2143)
4(1445 1480 2145 2110)
4(1479 2144 2145 1480)
4(2109 2110 2145 2144)
4(1446 1481 2146 2111)
4(1480 2145 2146 1481)
4(2110 2111 2146 2145)
4(1447 1482 2147 2112)
4(1481 2146 2147 1482)
4(2111 2112 2147 2146)
4(1448 1483 2148 2113)
4(1482 2147 2148 1483)
4(2112 2113 2148 2147)
4(1449 1484 2149 2114)
4(1483 2148 2149 1484)
4(2113 2114 2149 2148)
4(1450 1485 2150 2115)
4(1484 2149 2150 1485)
4(2114 2115 2150 2149)
4(1451 1486 2151 2116)
4(1485 2150 2151 1486)
4(2115 2116 2151 2150)
4(1452 1487 2152 2117)
4(1486 2151 2152 1487)
4(2116 2117 2152 2151)
4(1453 1488 2153 2118)
4(1487 2152 2153 1488)
4(2117 2118 2153 2152)
4(1454 1489 2154 2119)
4(1488 2153 2154 1489)
4(2118 2119 2154 2153)
4(1455 1490 2155 2120)
4(1489 2154 2155 1490)
4(2119 2120 2155 2154)
4(1456 1491 2156 2121)
4(1490 2155 2156 1491)
4(2120 2121 2156 2155)
4(1457 1492 2157 2122)
4(1491 2156 2157 1492)
4(2121 2122 2157 2156)
4(1458 1493 2158 2123)
4(1492 2157 2158 1493)
4(2122 2123 2158 2157)
4(1459 1494 2159 2124)
4(1493 2158 2159 1494)
4(2123 2124 2159 2158)
4(1460 1495 2160 2125)
4(1494 2159 2160 1495)
4(2124 2125 2160 2159)
4(1461 1496 2161 2126)
4(1495 2160 2161 1496)
4(2125 2126 2161 2160)
4(1462 1497 2162 2127)
4(1496 2161 2162 1497)
4(2126 2127 2162 2161)
4(1463 1498 2163 2128)
4(1497 2162 2163 1498)
4(2127 2128 2163 2162)
4(1464 1499 2164 2129)
4(1498 2163 2164 1499)
4(2128 2129 2164 2163)
4(1465 1500 2165 2130)
4(1499 2164 2165 1500)
4(2129 2130 2165 2164)
4(1466 1501 2166 2131)
4(1500 2165 2166 1501)
4(2130 2131 2166 2165)
4(1467 1502 2167 2132)
4(1501 2166 2167 1502)
4(2131 2132 2167 2166)
4(1468 1503 2168 2133)
4(1502 2167 2168 1503)
4(2132 2133 2168 2167)
4(1503 2168 2169 1504)
4(2133 2134 2169 2168)
4(1471 1506 2171 2136)
4(1505 2170 2171 1506)
4(2135 2136 2171 2170)
4(1472 1507 2172 2137)
4(1506 2171 2172 1507)
4(2136 2137 2172 2171)
4(1473 1508 2173 2138)
4(1507 2172 2173 1508)
4(2137 2138 2173 2172)
4(1474 1509 2174 2139)
4(1508 2173 2174 1509)
4(2138 2139 2174 2173)
4(1475 1510 2175 2140)
4(1509 2174 2175 1510)
4(2139 2140 2175 2174)
4(1476 1511 2176 2141)
4(1510 2175 2176 1511)
4(2140 2141 2176 2175)
4(1477 1512 2177 2142)
4(1511 2176 2177 1512)
4(2141 2142 2177 2176)
4(1478 1513 2178 2143)
4(1512 2177 2178 1513)
4(2142 2143 2178 2177)
4(1479 1514 2179 2144)
4(1513 2178 2179 1514)
4(2143 2144 2179 2178)
4(1480 1515 2180 2145)
4(1514 2179 2180 1515)
4(2144 2145 2180 2179)
4(1481 1516 2181 2146)
4(1515 2180 2181 1516)
4(2145 2146 2181 2180)
4(1482 1517 2182 2147)
4(1516 2181 2182 1517)
4(2146 2147 2182 2181)
4(1483 1518 2183 2148)
4(1517 2182 2183 1518)
4(2147 2148 2183 2182)
4(1484 1519 2184 2149)
4(1518 2183 2184 1519)
4(2148 2149 2184 2183)
4(1485 1520 2185 2150)
4(1519 2184 2185 1520)
4(2149 2150 2185 2184)
4(1486 1521 2186 2151)
4(1520 2185 2186 1521)
4(2150 2151 2186 2185)
4(1487 1522 2187 2152)
4(1521 2186 2187 1522)
4(2151 2152 2187 2186)
4(1488 1523 2188 2153)
4(1522 2187 2188 1523)
4(2152 2153 2188 2187)
4(1489 1524 2189 2154)
4(1523 2188 2189 1524)
4(2153 2154 2189 2188)
4(1490 1525 2190 2155)
4(1524 2189 2190 1525)
4(2154 2155 2190 2189)
4(1491 1526 2191 2156)
4(1525 2190 2191 1526)
4(2155 2156 2191 2190)
4(1492 1527 2192 2157)
4(1526 2191 2192 1527)
4(2156 2157 2192 2191)
4(1493 1528 2193 2158)
4(1527 2192 2193 1528)
4(2157 2158 2193 2192)
4(1494 1529 2194 2159)
4(1528 2193 2194 1529)
4(2158 2159 2194 2193)
4(1495 1530 2195 2160)
4(1529 2194 2195 1530)
4(2159 2160 2195 2194)
4(1496 1531 2196 2161)
4(1530 2195 2196 1531)
4(2160 2161 2196 2195)
4(1497 1532 2197 2162)
4(1531 2196 2197 1532)
4(2161 2162 2197 2196)
4(1498 1533 2198 2163)
4(1532 2197 2198 1533)
4(2162 2163 2198 2197)
4(1499 1534 2199 2164)
4(1533 2198 2199 1534)
4(2163 2164 2199 2198)
4(1500 1535 2200 2165)
4(1534 2199 2200 1535)
4(2164 2165 2200 2199)
4(1501 1536 2201 2166)
4(1535 2200 2201 1536)
4(2165 2166 2201 2200)
4(1502 1537 2202 2167)
4(1536 2201 2202 1537)
4(2166 2167 2202 2201)
4(1503 1538 2203 2168)
4(1537 2202 2203 1538)
4(2167 2168 2203 2202)
4(1538 2203 2204 1539)
4(2168 2169 2204 2203)
4(1506 1541 2206 2171)
4(1540 2205 2206 1541)
4(2170 2171 2206 2205)
4(1507 1542 2207 2172)
4(1541 2206 2207 1542)
4(2171 2172 2207 2206)
4(1508 1543 2208 2173)
4(1542 2207 2208 1543)
4(2172 2173 2208 2207)
4(1509 1544 2209 2174)
4(1543 2208 2209 1544)
4(2173 2174 2209 2208)
4(1510 1545 2210 2175)
4(1544 2209 2210 1545)
4(2174 2175 2210 2209)
4(1511 1546 2211 2176)
4(1545 2210 2211 1546)
4(2175 2176 2211 2210)
4(1512 1547 2212 2177)
4(1546 2211 2212 1547)
4(2176 2177 2212 2211)
4(1513 1548 2213 2178)
4(1547 2212 2213 1548)
4(2177 2178 2213 2212)
4(1514 1549 2214 2179)
4(1548 2213 2214 1549)
4(2178 2179 2214 2213)
4(1515 1550 2215 2180)
4(1549 2214 2215 1550)
4(2179 2180 2215 2214)
4(1516 1551 2216 2181)
4(1550 2215 2216 1551)
4(2180 2181 2216 2215)
4(1517 1552 2217 2182)
4(1551 2216 2217 1552)
4(2181 2182 2217 2216)
4(1518 1553 2218 2183)
4(1552 2217 2218 1553)
4(2182 2183 2218 2217)
4(1519 1554 2219 2184)
4(1553 2218 2219 1554)
4(2183 2184 2219 2218)
4(1520 1555 2220 2185)
4(1554 2219 2220 1555)
4(2184 2185 2220 2219)
4(1521 1556 2221 2186)
4(1555 2220 2221 1556)
4(2185 2186 2221 2220)
4(1522 1557 2222 2187)
4(1556 2221 2222 1557)
4(2186 2187 2222 2221)
4(1523 1558 2223 2188)
4(1557 2222 2223 1558)
4(2187 2188 2223 2222)
4(1524 1559 2224 2189)
4(1558 2223 2224 1559)
4(2188 2189 2224 2223)
4(1525 1560 2225 2190)
4(1559 2224 2225 1560)
4(2189 2190 2225 2224)
4(1526 1561 2226 2191)
4(1560 2225 2226 1561)
4(2190 2191 2226 2225)
4(1527 1562 2227 2192)
4(1561 2226 2227 1562)
4(2191 2192 2227 2226)
4(1528 1563 2228 2193)
4(1562 2227 2228 1563)
4(2192 2193 2228 2227)
4(1529 1564 2229 2194)
4(1563 2228 2229 1564)
4(2193 2194 2229 2228)
4(1530 1565 2230 2195)
4(1564 2229 2230 1565)
4(2194 2195 2230 2229)
4(1531 1566 2231 2196)
4(1565 2230 2231 1566)
4(2195 2196 2231 2230)
4(1532 1567 2232 2197)
4(1566 2231 2232 1567)
4(2196 2197 2232 2231)
4(1533 1568 2233 2198)
4(1567 2232 2233 1568)
4(2197 2198 2233 2232)
4(1534 1569 2234 2199)
4(1568 2233 2234 1569)
4(2198 2199 2234 2233)
4(1535 1570 2235 2200)
4(1569 2234 2235 1570)
4(2199 2200 2235 2234)
4(1536 1571 2236 2201)
4(1570 2235 2236 1571)
4(2200 2201 2236 2235)
4(1537 1572 2237 2202)
4(1571 2236 2237 1572)
4(2201 2202 2237 2236)
4(1538 1573 2238 2203)
4(1572 2237 2238 1573)
4(2202 2203 2238 2237)
4(1573 2238 2239 1574)
4(2203 2204 2239 2238)
4(1541 1576 2241 2206)
4(1575 2240 2241 1576)
4(2205 2206 2241 2240)
4(1542 1577 2242 2207)
4(1576 2241 2242 1577)
4(2206 2207 2242 2241)
4(1543 1578 2243 2208)
4(1577 2242 2243 1578)
4(2207 2208 2243 2242)
4(1544 1579 2244 2209)
4(1578 2243 2244 1579)
4(2208 2209 2244 2243)
4(1545 1580 2245 2210)
4(1579 2244 2245 1580)
4(2209 2210 2245 2244)
4(1546 1581 2246 2211)
4(1580 2245 2246 1581)
4(2210 2211 2246 2245)
4(1547 1582 2247 2212)
4(1581 2246 2247 1582)
4(2211 2212 2247 2246)
4(1548 1583 2248 2213)
4(1582 2247 2248 1583)
4(2212 2213 2248 2247)
4(1549 1584 2249 2214)
4(1583 2248 2249 1584)
4(2213 2214 2249 2248)
4(1550 1585 2250 2215)
4(1584 2249 2250 1585)
4(2214 2215 2250 2249)
4(1551 1586 2251 2216)
4(1585 2250 2251 1586)
4(2215 2216 2251 2250)
4(1552 1587 2252 2217)
4(1586 2251 2252 1587)
4(2216 2217 2252 2251)
4(1553 1588 2253 2218)
4(1587 2252 2253 1588)
4(2217 2218 2253 2252)
4(1554 1589 2254 2219)
4(1588 2253 2254 1589)
4(2218 2219 2254 2253)
4(1555 1590 2255 2220)
4(1589 2254 2255 1590)
4(2219 2220 2255 2254)
4(1556 1591 2256 2221)
4(1590 2255 2256 1591)
4(2220 2221 2256 2255)
4(1557 1592 2257 2222)
4(1591 2256 2257 1592)
4(2221 2222 2257 2256)
4(1558 1593 2258 2223)
4(1592 2257 2258 1593)
4(2222 2223 2258 2257)
4(1559 1594 2259 2224)
4(1593 2258 2259 1594)
4(2223 2224 2259 2258)
4(1560 1595 2260 2225)
4(1594 2259 2260 1595)
4(2224 2225 2260 2259)
4(1561 1596 2261 2226)
4(1595 2260 2261 1596)
4(2225 2226 2261 2260)
4(1562 1597 2262 2227)
4(1596 2261 2262 1597)
4(2226 2227 2262 2261)
4(1563 1598 2263 2228)
4(1597 2262 2263 1598)
4(2227 2228 2263 2262)
4(1564 1599 2264 2229)
4(1598 2263 2264 1599)
4(2228 2229 2264 2263)
4(1565 1600 2265 2230)
4(1599 2264 2265 1600)
4(2229 2230 2265 2264)
4(1566 1601 2266 2231)
4(1600 2265 2266 1601)
4(2230 2231 2266 2265)
4(1567 1602 2267 2232)
4(1601 2266 2267 1602)
4(2231 2232 2267 2266)
4(1568 1603 2268 2233)
4(1602 2267 2268 1603)
4(2232 2233 2268 2267)
4(1569 1604 2269 2234)
4(1603 2268 2269 1604)
4(2233 2234 2269 2268)
4(1570 1605 2270 2235)
4(1604 2269 2270 1605)
4(2234 2235 2270 2269)
4(1571 1606 2271 2236)
4(1605 2270 2271 1606)
4(2235 2236 2271 2270)
4(1572 1607 2272 2237)
4(1606 2271 2272 1607)
4(2236 2237 2272 2271)
4(1573 1608 2273 2238)
4(1607 2272 2273 1608)
4(2237 2238 2273 2272)
4(1608 2273 2274 1609)
4(2238 2239 2274 2273)
4(1576 1611 2276 2241)
4(1610 2275 2276 1611)
4(2240 2241 2276 2275)
4(1577 1612 2277 2242)
4(1611 2276 2277 1612)
4(2241 2242 2277 2276)
4(1578 1613 2278 2243)
4(1612 2277 2278 1613)
4(2242 2243 2278 2277)
4(1579 1614 2279 2244)
4(1613 2278 2279 1614)
4(2243 2244 2279 2278)
4(1580 1615 2280 2245)
4(1614 2279 2280 1615)
4(2244 2245 2280 2279)
4(1581 1616 2281 2246)
4(1615 2280 2281 1616)
4(2245 2246 2281 2280)
4(1582 1617 2282 2247)
4(1616 2281 2282 1617)
4(2246 2247 2282 2281)
4(1583 1618 2283 2248)
4(1617 2282 2283 1618)
4(2247 2248 2283 2282)
4(1584 1619 2284 2249)
4(1618 2283 2284 1619)
4(2248 2249 2284 2283)
4(1585 1620 2285 2250)
4(1619 2284 2285 1620)
4(2249 2250 2285 2284)
4(1586 1621 2286 2251)
4(1620 2285 2286 1621)
4(2250 2251 2286 2285)
4(1587 1622 2287 2252)
4(1621 2286 2287 1622)
4(2251 2252 2287 2286)
4(1588 1623 2288 2253)
4(1622 2287 2288 1623)
4(2252 2253 2288 2287)
4(1589 1624 2289 2254)
4(1623 2288 2289 1624)
4(2253 2254 2289 2288)
4(1590 1625 2290 2255)
4(1624 2289 2290 1625)
4(2254 2255 2290 2289)
4(1591 1626 2291 2256)
4(1625 2290 2291 1626)
4(2255 2256 2291 2290)
4(1592 1627 2292 2257)
4(1626 2291 2292 1627)
4(2256 2257 2292 2291)
4(1593 1628 2293 2258)
4(1627 2292 2293 1628)
4(2257 2258 2293 2292)
4(1594 1629 2294 2259)
4(1628 2293 2294 1629)
4(2258 2259 2294 2293)
4(1595 1630 2295 2260)
4(1629 2294 2295 1630)
4(2259 2260 2295 2294)
4(1596 1631 2296 2261)
4(1630 2295 2296 1631)
4(2260 2261 2296 2295)
4(1597 1632 2297 2262)
4(1631 2296 2297 1632)
4(2261 2262 2297 2296)
4(1598 1633 2298 2263)
4(1632 2297 2298 1633)
4(2262 2263 2298 2297)
4(1599 1634 2299 2264)
4(1633 2298 2299 1634)
4(2263 2264 2299 2298)
4(1600 1635 2300 2265)
4(1634 2299 2300 1635)
4(2264 2265 2300 2299)
4(1601 1636 2301 2266)
4(1635 2300 2301 1636)
4(2265 2266 2301 2300)
4(1602 1637 2302 2267)
4(1636 2301 2302 1637)
4(2266 2267 2302 2301)
4(1603 1638 2303 2268)
4(1637 2302 2303 1638)
4(2267 2268 2303 2302)
4(1604 1639 2304 2269)
4(1638 2303 2304 1639)
4(2268 2269 2304 2303)
4(1605 1640 2305 2270)
4(1639 2304 2305 1640)
4(2269 2270 2305 2304)
4(1606 1641 2306 2271)
4(1640 2305 2306 1641)
4(2270 2271 2306 2305)
4(1607 1642 2307 2272)
4(1641 2306 2307 1642)
4(2271 2272 2307 2306)
4(1608 1643 2308 2273)
4(1642 2307 2308 1643)
4(2272 2273 2308 2307)
4(1643 2308 2309 1644)
4(2273 2274 2309 2308)
4(1611 1646 2311 2276)
4(1645 2310 2311 1646)
4(2275 2276 2311 2310)
4(1612 1647 2312 2277)
4(1646 2311 2312 1647)
4(2276 2277 2312 2311)
4(1613 1648 2313 2278)
4(1647 2312 2313 1648)
4(2277 2278 2313 2312)
4(1614 1649 2314 2279)
4(1648 2313 2314 1649)
4(2278 2279 2314 2313)
4(1615 1650 2315 2280)
4(1649 2314 2315 1650)
4(2279 2280 2315 2314)
4(1616 1651 2316 2281)
4(1650 2315 2316 1651)
4(2280 2281 2316 2315)
4(1617 1652 2317 2282)
4(1651 2316 2317 1652)
4(2281 2282 2317 2316)
4(1618 1653 2318 2283)
4(1652 2317 2318 1653)
4(2282 2283 2318 2317)
4(1619 1654 2319 2284)
4(1653 2318 2319 1654)
4(2283 2284 2319 2318)
4(1620 1655 2320 2285)
4(1654 2319 2320 1655)
4(2284 2285 2320 2319)
4(1621 1656 2321 2286)
4(1655 2320 2321 1656)
4(2285 2286 2321 2320)
4(1622 1657 2322 2287)
4(1656 2321 2322 1657)
4(2286 2287 2322 2321)
4(1623 1658 2323 2288)
4(1657 2322 2323 1658)
4(2287 2288 2323 2322)
4(1624 1659 2324 2289)
4(1658 2323 2324 1659)
4(2288 2289 2324 2323)
4(1625 1660 2325 2290)
4(1659 2324 2325 1660)
4(2289 2290 2325 2324)
4(1626 1661 2326 2291)
4(1660 2325 2326 1661)
4(2290 2291 2326 2325)
4(1627 1662 2327 2292)
4(1661 2326 2327 1662)
4(2291 2292 2327 2326)
4(1628 1663 2328 2293)
4(1662 2327 2328 1663)
4(2292 2293 2328 2327)
4(1629 1664 2329 2294)
4(1663 2328 2329 1664)
4(2293 2294 2329 2328)
4(1630 1665 2330 2295)
4(1664 2329 2330 1665)
4(2294 2295 2330 2329)
4(1631 1666 2331 2296)
4(1665 2330 2331 1666)
4(2295 2296 2331 2330)
4(1632 1667 2332 2297)
4(1666 2331 2332 1667)
4(2296 2297 2332 2331)
4(1633 1668 2333 2298)
4(1667 2332 2333 1668)
4(2297 2298 2333 2332)
4(1634 1669 2334 2299)
4(1668 2333 2334 1669)
4(2298 2299 2334 2333)
4(1635 1670 2335 2300)
4(1669 2334 2335 1670)
4(2299 2300 2335 2334)
4(1636 1671 2336 2301)
4(1670 2335 2336 1671)
4(2300 2301 2336 2335)
4(1637 1672 2337 2302)
4(1671 2336 2337 1672)
4(2301 2302 2337 2336)
4(1638 1673 2338 2303)
4(1672 2337 2338 1673)
4(2302 2303 2338 2337)
4(1639 1674 2339 2304)
4(1673 2338 2339 1674)
4(2303 2304 2339 2338)
4(1640 1675 2340 2305)
4(1674 2339 2340 1675)
4(2304 2305 2340 2339)
4(1641 1676 2341 2306)
4(1675 2340 2341 1676)
4(2305 2306 2341 2340)
4(1642 1677 2342 2307)
4(1676 2341 2342 1677)
4(2306 2307 2342 2341)
4(1643 1678 2343 2308)
4(1677 2342 2343 1678)
4(2307 2308 2343 2342)
4(1678 2343 2344 1679)
4(2308 2309 2344 2343)
4(1646 1681 2346 2311)
4(1680 2345 2346 1681)
4(2310 2311 2346 2345)
4(1647 1682 2347 2312)
4(1681 2346 2347 1682)
4(2311 2312 2347 2346)
4(1648 1683 2348 2313)
4(1682 2347 2348 1683)
4(2312 2313 2348 2347)
4(1649 1684 2349 2314)
4(1683 2348 2349 1684)
4(2313 2314 2349 2348)
4(1650 1685 2350 2315)
4(1684 2349 2350 1685)
4(2314 2315 2350 2349)
4(1651 1686 2351 2316)
4(1685 2350 2351 1686)
4(2315 2316 2351 2350)
4(1652 1687 2352 2317)
4(1686 2351 2352 1687)
4(2316 2317 2352 2351)
4(1653 1688 2353 2318)
4(1687 2352 2353 1688)
4(2317 2318 2353 2352)
4(1654 1689 2354 2319)
4(1688 2353 2354 1689)
4(2318 2319 2354 2353)
4(1655 1690 2355 2320)
4(1689 2354 2355 1690)
4(2319 2320 2355 2354)
4(1656 1691 2356 2321)
4(1690 2355 2356 1691)
4(2320 2321 2356 2355)
4(1657 1692 2357 2322)
4(1691 2356 2357 1692)
4(2321 2322 2357 2356)
4(1658 1693 2358 2323)
4(1692 2357 2358 1693)
4(2322 2323 2358 2357)
4(1659 1694 2359 2324)
4(1693 2358 2359 1694)
4(2323 2324 2359 2358)
4(1660 1695 2360 2325)
4(1694 2359 2360 1695)
4(2324 2325 2360 2359)
4(1661 1696 2361 2326)
4(1695 2360 2361 1696)
4(2325 2326 2361 2360)
4(1662 1697 2362 2327)
4(1696 2361 2362 1697)
4(2326 2327 2362 2361)
4(1663 1698 2363 2328)
4(1697 2362 2363 1698)
4(2327 2328 2363 2362)
4(1664 1699 2364 2329)
4(1698 2363 2364 1699)
4(2328 2329 2364 2363)
4(1665 1700 2365 2330)
4(1699 2364 2365 1700)
4(2329 2330 2365 2364)
4(1666 1701 2366 2331)
4(1700 2365 2366 1701)
4(2330 2331 2366 2365)
4(1667 1702 2367 2332)
4(1701 2366 2367 1702)
4(2331 2332 2367 2366)
4(1668 1703 2368 2333)
4(1702 2367 2368 1703)
4(2332 2333 2368 2367)
4(1669 1704 2369 2334)
4(1703 2368 2369 1704)
4(2333 2334 2369 2368)
4(1670 1705 2370 2335)
4(1704 2369 2370 1705)
4(2334 2335 2370 2369)
4(1671 1706 2371 2336)
4(1705 2370 2371 1706)
4(2335 2336 2371 2370)
4(1672 1707 2372 2337)
4(1706 2371 2372 1707)
4(2336 2337 2372 2371)
4(1673 1708 2373 2338)
4(1707 2372 2373 1708)
4(2337 2338 2373 2372)
4(1674 1709 2374 2339)
4(1708 2373 2374 1709)
4(2338 2339 2374 2373)
4(1675 1710 2375 2340)
4(1709 2374 2375 1710)
4(2339 2340 2375 2374)
4(1676 1711 2376 2341)
4(1710 2375 2376 1711)
4(2340 2341 2376 2375)
4(1677 1712 2377 2342)
4(1711 2376 2377 1712)
4(2341 2342 2377 2376)
4(1678 1713 2378 2343)
4(1712 2377 2378 1713)
4(2342 2343 2378 2377)
4(1713 2378 2379 1714)
4(2343 2344 2379 2378)
4(1681 1716 2381 2346)
4(1715 2380 2381 1716)
4(2345 2346 2381 2380)
4(1682 1717 2382 2347)
4(1716 2381 2382 1717)
4(2346 2347 2382 2381)
4(1683 1718 2383 2348)
4(1717 2382 2383 1718)
4(2347 2348 2383 2382)
4(1684 1719 2384 2349)
4(1718 2383 2384 1719)
4(2348 2349 2384 2383)
4(1685 1720 2385 2350)
4(1719 2384 2385 1720)
4(2349 2350 2385 2384)
4(1686 1721 2386 2351)
4(1720 2385 2386 1721)
4(2350 2351 2386 2385)
4(1687 1722 2387 2352)
4(1721 2386 2387 1722)
4(2351 2352 2387 2386)
4(1688 1723 2388 2353)
4(1722 2387 2388 1723)
4(2352 2353 2388 2387)
4(1689 1724 2389 2354)
4(1723 2388 2389 1724)
4(2353 2354 2389 2388)
4(1690 1725 2390 2355)
4(1724 2389 2390 1725)
4(2354 2355 2390 2389)
4(1691 1726 2391 2356)
4(1725 2390 2391 1726)
4(2355 2356 2391 2390)
4(1692 1727 2392 2357)
4(1726 2391 2392 1727)
4(2356 2357 2392 2391)
4(1693 1728 2393 2358)
4(1727 2392 2393 1728)
4(2357 2358 2393 2392)
4(1694 1729 2394 2359)
4(1728 2393 2394 1729)
4(2358 2359 2394 2393)
4(1695 1730 2395 2360)
4(1729 2394 2395 1730)
4(2359 2360 2395 2394)
4(1696 1731 2396 2361)
4(1730 2395 2396 1731)
4(2360 2361 2396 2395)
4(1697 1732 2397 2362)
4(1731 2396 2397 1732)
4(2361 2362 2397 2396)
4(1698 1733 2398 2363)
4(1732 2397 2398 1733)
4(2362 2363 2398 2397)
4(1699 1734 2399 2364)
4(1733 2398 2399 1734)
4(2363 2364 2399 2398)
4(1700 1735 2400 2365)
4(1734 2399 2400 1735)
4(2364 2365 2400 2399)
4(1701 1736 2401 2366)
4(1735 2400 2401 1736)
4(2365 2366 2401 2400)
4(1702 1737 2402 2367)
4(1736 2401 2402 1737)
4(2366 2367 2402 2401)
4(1703 1738 2403 2368)
4(1737 2402 2403 1738)
4(2367 2368 2403 2402)
4(1704 1739 2404 2369)
4(1738 2403 2404 1739)
4(2368 2369 2404 2403)
4(1705 1740 2405 2370)
4(1739 2404 2405 1740)
4(2369 2370 2405 2404)
4(1706 1741 2406 2371)
4(1740 2405 2406 1741)
4(2370 2371 2406 2405)
4(1707 1742 2407 2372)
4(1741 2406 2407 1742)
4(2371 2372 2407 2406)
4(1708 1743 2408 2373)
4(1742 2407 2408 1743)
4(2372 2373 2408 2407)
4(1709 1744 2409 2374)
4(1743 2408 2409 1744)
4(2373 2374 2409 2408)
4(1710 1745 2410 2375)
4(1744 2409 2410 1745)
4(2374 2375 2410 2409)
4(1711 1746 2411 2376)
4(1745 2410 2411 1746)
4(2375 2376 2411 2410)
4(1712 1747 2412 2377)
4(1746 2411 2412 1747)
4(2376 2377 2412 2411)
4(1713 1748 2413 2378)
4(1747 2412 2413 1748)
4(2377 2378 2413 2412)
4(1748 2413 2414 1749)
4(2378 2379 2414 2413)
4(1716 1751 2416 2381)
4(1750 2415 2416 1751)
4(2380 2381 2416 2415)
4(1717 1752 2417 2382)
4(1751 2416 2417 1752)
4(2381 2382 2417 2416)
4(1718 1753 2418 2383)
4(1752 2417 2418 1753)
4(2382 2383 2418 2417)
4(1719 1754 2419 2384)
4(1753 2418 2419 1754)
4(2383 2384 2419 2418)
4(1720 1755 2420 2385)
4(1754 2419 2420 1755)
4(2384 2385 2420 2419)
4(1721 1756 2421 2386)
4(1755 2420 2421 1756)
4(2385 2386 2421 2420)
4(1722 1757 2422 2387)
4(1756 2421 2422 1757)
4(2386 2387 2422 2421)
4(1723 1758 2423 2388)
4(1757 2422 2423 1758)
4(2387 2388 2423 2422)
4(1724 1759 2424 2389)
4(1758 2423 2424 1759)
4(2388 2389 2424 2423)
4(1725 1760 2425 2390)
4(1759 2424 2425 1760)
4(2389 2390 2425 2424)
4(1726 1761 2426 2391)
4(1760 2425 2426 1761)
4(2390 2391 2426 2425)
4(1727 1762 2427 2392)
4(1761 2426 2427 1762)
4(2391 2392 2427 2426)
4(1728 1763 2428 2393)
4(1762 2427 2428 1763)
4(2392 2393 2428 2427)
4(1729 1764 2429 2394)
4(1763 2428 2429 1764)
4(2393 2394 2429 2428)
4(1730 1765 2430 2395)
4(1764 2429 2430 1765)
4(2394 2395 2430 2429)
4(1731 1766 2431 2396)
4(1765 2430 2431 1766)
4(2395 2396 2431 2430)
4(1732 1767 2432 2397)
4(1766 2431 2432 1767)
4(2396 2397 2432 2431)
4(1733 1768 2433 2398)
4(1767 2432 2433 1768)
4(2397 2398 2433 2432)
4(1734 1769 2434 2399)
4(1768 2433 2434 1769)
4(2398 2399 2434 2433)
4(1735 1770 2435 2400)
4(1769 2434 2435 1770)
4(2399 2400 2435 2434)
4(1736 1771 2436 2401)
4(1770 2435 2436 1771)
4(2400 2401 2436 2435)
4(1737 1772 2437 2402)
4(1771 2436 2437 1772)
4(2401 2402 2437 2436)
4(1738 1773 2438 2403)
4(1772 2437 2438 1773)
4(2402 2403 2438 2437)
4(1739 1774 2439 2404)
4(1773 2438 2439 1774)
4(2403 2404 2439 2438)
4(1740 1775 2440 2405)
4(1774 2439 2440 1775)
4(2404 2405 2440 2439)
4(1741 1776 2441 2406)
4(1775 2440 2441 1776)
4(2405 2406 2441 2440)
4(1742 1777 2442 2407)
4(1776 2441 2442 1777)
4(2406 2407 2442 2441)
4(1743 1778 2443 2408)
4(1777 2442 2443 1778)
4(2407 2408 2443 2442)
4(1744 1779 2444 2409)
4(1778 2443 2444 1779)
4(2408 2409 2444 2443)
4(1745 1780 2445 2410)
4(1779 2444 2445 1780)
4(2409 2410 2445 2444)
4(1746 1781 2446 2411)
4(1780 2445 2446 1781)
4(2410 2411 2446 2445)
4(1747 1782 2447 2412)
4(1781 2446 2447 1782)
4(2411 2412 2447 2446)
4(1748 1783 2448 2413)
4(1782 2447 2448 1783)
4(2412 2413 2448 2447)
4(1783 2448 2449 1784)
4(2413 2414 2449 2448)
4(1751 1786 2451 2416)
4(1785 2450 2451 1786)
4(2415 2416 2451 2450)
4(1752 1787 2452 2417)
4(1786 2451 2452 1787)
4(2416 2417 2452 2451)
4(1753 1788 2453 2418)
4(1787 2452 2453 1788)
4(2417 2418 2453 2452)
4(1754 1789 2454 2419)
4(1788 2453 2454 1789)
4(2418 2419 2454 2453)
4(1755 1790 2455 2420)
4(1789 2454 2455 1790)
4(2419 2420 2455 2454)
4(1756 1791 2456 2421)
4(1790 2455 2456 1791)
4(2420 2421 2456 2455)
4(1757 1792 2457 2422)
4(1791 2456 2457 1792)
4(2421 2422 2457 2456)
4(1758 1793 2458 2423)
4(1792 2457 2458 1793)
4(2422 2423 2458 2457)
4(1759 1794 2459 2424)
4(1793 2458 2459 1794)
4(2423 2424 2459 2458)
4(1760 1795 2460 2425)
4(1794 2459 2460 1795)
4(2424 2425 2460 2459)
4(1761 1796 2461 2426)
4(1795 2460 2461 1796)
4(2425 2426 2461 2460)
4(1762 1797 2462 2427)
4(1796 2461 2462 1797)
4(2426 2427 2462 2461)
4(1763 1798 2463 2428)
4(1797 2462 2463 1798)
4(2427 2428 2463 2462)
4(1764 1799 2464 2429)
4(1798 2463 2464 1799)
4(2428 2429 2464 2463)
4(1765 1800 2465 2430)
4(1799 2464 2465 1800)
4(2429 2430 2465 2464)
4(1766 1801 2466 2431)
4(1800 2465 2466 1801)
4(2430 2431 2466 2465)
4(1767 1802 2467 2432)
4(1801 2466 2467 1802)
4(2431 2432 2467 2466)
4(1768 1803 2468 2433)
4(1802 2467 2468 1803)
4(2432 2433 2468 2467)
4(1769 1804 2469 2434)
4(1803 2468 2469 1804)
4(2433 2434 2469 2468)
4(1770 1805 2470 2435)
4(1804 2469 2470 1805)
4(2434 2435 2470 2469)
4(1771 1806 2471 2436)
4(1805 2470 2471 1806)
4(2435 2436 2471 2470)
4(1772 1807 2472 2437)
4(1806 2471 2472 1807)
4(2436 2437 2472 2471)
4(1773 1808 2473 2438)
4(1807 2472 2473 1808)
4(2437 2438 2473 2472)
4(1774 1809 2474 2439)
4(1808 2473 2474 1809)
4(2438 2439 2474 2473)
4(1775 1810 2475 2440)
4(1809 2474 2475 1810)
4(2439 2440 2475 2474)
4(1776 1811 2476 2441)
4(1810 2475 2476 1811)
4(2440 2441 2476 2475)
4(1777 1812 2477 2442)
4(1811 2476 2477 1812)
4(2441 2442 2477 2476)
4(1778 1813 2478 2443)
4(1812 2477 2478 1813)
4(2442 2443 2478 2477)
4(1779 1814 2479 2444)
4(1813 2478 2479 1814)
4(2443 2444 2479 2478)
4(1780 1815 2480 2445)
4(1814 2479 2480 1815)
4(2444 2445 2480 2479)
4(1781 1816 2481 2446)
4(1815 2480 2481 1816)
4(2445 2446 2481 2480)
4(1782 1817 2482 2447)
4(1816 2481 2482 1817)
4(2446 2447 2482 2481)
4(1783 1818 2483 2448)
4(1817 2482 2483 1818)
4(2447 2448 2483 2482)
4(1818 2483 2484 1819)
4(2448 2449 2484 2483)
4(1786 1821 2486 2451)
4(1820 2485 2486 1821)
4(2450 2451 2486 2485)
4(1787 1822 2487 2452)
4(1821 2486 2487 1822)
4(2451 2452 2487 2486)
4(1788 1823 2488 2453)
4(1822 2487 2488 1823)
4(2452 2453 2488 2487)
4(1789 1824 2489 2454)
4(1823 2488 2489 1824)
4(2453 2454 2489 2488)
4(1790 1825 2490 2455)
4(1824 2489 2490 1825)
4(2454 2455 2490 2489)
4(1791 1826 2491 2456)
4(1825 2490 2491 1826)
4(2455 2456 2491 2490)
4(1792 1827 2492 2457)
4(1826 2491 2492 1827)
4(2456 2457 2492 2491)
4(1793 1828 2493 2458)
4(1827 2492 2493 1828)
4(2457 2458 2493 2492)
4(1794 1829 2494 2459)
4(1828 2493 2494 1829)
4(2458 2459 2494 2493)
4(1795 1830 2495 2460)
4(1829 2494 2495 1830)
4(2459 2460 2495 2494)
4(1796 1831 2496 2461)
4(1830 2495 2496 1831)
4(2460 2461 2496 2495)
4(1797 1832 2497 2462)
4(1831 2496 2497 1832)
4(2461 2462 2497 2496)
4(1798 1833 2498 2463)
4(1832 2497 2498 1833)
4(2462 2463 2498 2497)
4(1799 1834 2499 2464)
4(1833 2498 2499 1834)
4(2463 2464 2499 2498)
4(1800 1835 2500 2465)
4(1834 2499 2500 1835)
4(2464 2465 2500 2499)
4(1801 1836 2501 2466)
4(1835 2500 2501 1836)
4(2465 2466 2501 2500)
4(1802 1837 2502 2467)
4(1836 2501 2502 1837)
4(2466 2467 2502 2501)
4(1803 1838 2503 2468)
4(1837 2502 2503 1838)
4(2467 2468 2503 2502)
4(1804 1839 2504 2469)
4(1838 2503 2504 1839)
4(2468 2469 2504 2503)
4(1805 1840 2505 2470)
4(1839 2504 2505 1840)
4(2469 2470 2505 2504)
4(1806 1841 2506 2471)
4(1840 2505 2506 1841)
4(2470 2471 2506 2505)
4(1807 1842 2507 2472)
4(1841 2506 2507 1842)
4(2471 2472 2507 2506)
4(1808 1843 2508 2473)
4(1842 2507 2508 1843)
4(2472 2473 2508 2507)
4(1809 1844 2509 2474)
4(1843 2508 2509 1844)
4(2473 2474 2509 2508)
4(1810 1845 2510 2475)
4(1844 2509 2510 1845)
4(2474 2475 2510 2509)
4(1811 1846 2511 2476)
4(1845 2510 2511 1846)
4(2475 2476 2511 2510)
4(1812 1847 2512 2477)
4(1846 2511 2512 1847)
4(2476 2477 2512 2511)
4(1813 1848 2513 2478)
4(1847 2512 2513 1848)
4(2477 2478 2513 2512)
4(1814 1849 2514 2479)
4(1848 2513 2514 1849)
4(2478 2479 2514 2513)
4(1815 1850 2515 2480)
4(1849 2514 2515 1850)
4(2479 2480 2515 2514)
4(1816 1851 2516 2481)
4(1850 2515 2516 1851)
4(2480 2481 2516 2515)
4(1817 1852 2517 2482)
4(1851 2516 2517 1852)
4(2481 2482 2517 2516)
4(1818 1853 2518 2483)
4(1852 2517 2518 1853)
4(2482 2483 2518 2517)
4(1853 2518 2519 1854)
4(2483 2484 2519 2518)
4(1821 1856 2521 2486)
4(1855 2520 2521 1856)
4(2485 2486 2521 2520)
4(1822 1857 2522 2487)
4(1856 2521 2522 1857)
4(2486 2487 2522 2521)
4(1823 1858 2523 2488)
4(1857 2522 2523 1858)
4(2487 2488 2523 2522)
4(1824 1859 2524 2489)
4(1858 2523 2524 1859)
4(2488 2489 2524 2523)
4(1825 1860 2525 2490)
4(1859 2524 2525 1860)
4(2489 2490 2525 2524)
4(1826 1861 2526 2491)
4(1860 2525 2526 1861)
4(2490 2491 2526 2525)
4(1827 1862 2527 2492)
4(1861 2526 2527 1862)
4(2491 2492 2527 2526)
4(1828 1863 2528 2493)
4(1862 2527 2528 1863)
4(2492 2493 2528 2527)
4(1829 1864 2529 2494)
4(1863 2528 2529 1864)
4(2493 2494 2529 2528)
4(1830 1865 2530 2495)
4(1864 2529 2530 1865)
4(2494 2495 2530 2529)
4(1831 1866 2531 2496)
4(1865 2530 2531 1866)
4(2495 2496 2531 2530)
4(1832 1867 2532 2497)
4(1866 2531 2532 1867)
4(2496 2497 2532 2531)
4(1833 1868 2533 2498)
4(1867 2532 2533 1868)
4(2497 2498 2533 2532)
4(1834 1869 2534 2499)
4(1868 2533 2534 1869)
4(2498 2499 2534 2533)
4(1835 1870 2535 2500)
4(1869 2534 2535 1870)
4(2499 2500 2535 2534)
4(1836 1871 2536 2501)
4(1870 2535 2536 1871)
4(2500 2501 2536 2535)
4(1837 1872 2537 2502)
4(1871 2536 2537 1872)
4(2501 2502 2537 2536)
4(1838 1873 2538 2503)
4(1872 2537 2538 1873)
4(2502 2503 2538 2537)
4(1839 1874 2539 2504)
4(1873 2538 2539 1874)
4(2503 2504 2539 2538)
4(1840 1875 2540 2505)
4(1874 2539 2540 1875)
4(2504 2505 2540 2539)
4(1841 1876 2541 2506)
4(1875 2540 2541 1876)
4(2505 2506 2541 2540)
4(1842 1877 2542 2507)
4(1876 2541 2542 1877)
4(2506 2507 2542 2541)
4(1843 1878 2543 2508)
4(1877 2542 2543 1878)
4(2507 2508 2543 2542)
4(1844 1879 2544 2509)
4(1878 2543 2544 1879)
4(2508 2509 2544 2543)
4(1845 1880 2545 2510)
4(1879 2544 2545 1880)
4(2509 2510 2545 2544)
4(1846 1881 2546 2511)
4(1880 2545 2546 1881)
4(2510 2511 2546 2545)
4(1847 1882 2547 2512)
4(1881 2546 2547 1882)
4(2511 2512 2547 2546)
4(1848 1883 2548 2513)
4(1882 2547 2548 1883)
4(2512 2513 2548 2547)
4(1849 1884 2549 2514)
4(1883 2548 2549 1884)
4(2513 2514 2549 2548)
4(1850 1885 2550 2515)
4(1884 2549 2550 1885)
4(2514 2515 2550 2549)
4(1851 1886 2551 2516)
4(1885 2550 2551 1886)
4(2515 2516 2551 2550)
4(1852 1887 2552 2517)
4(1886 2551 2552 1887)
4(2516 2517 2552 2551)
4(1853 1888 2553 2518)
4(1887 2552 2553 1888)
4(2517 2518 2553 2552)
4(1888 2553 2554 1889)
4(2518 2519 2554 2553)
4(1856 1891 2556 2521)
4(1890 2555 2556 1891)
4(2520 2521 2556 2555)
4(1857 1892 2557 2522)
4(1891 2556 2557 1892)
4(2521 2522 2557 2556)
4(1858 1893 2558 2523)
4(1892 2557 2558 1893)
4(2522 2523 2558 2557)
4(1859 1894 2559 2524)
4(1893 2558 2559 1894)
4(2523 2524 2559 2558)
4(1860 1895 2560 2525)
4(1894 2559 2560 1895)
4(2524 2525 2560 2559)
4(1861 1896 2561 2526)
4(1895 2560 2561 1896)
4(2525 2526 2561 2560)
4(1862 1897 2562 2527)
4(1896 2561 2562 1897)
4(2526 2527 2562 2561)
4(1863 1898 2563 2528)
4(1897 2562 2563 1898)
4(2527 2528 2563 2562)
4(1864 1899 2564 2529)
4(1898 2563 2564 1899)
4(2528 2529 2564 2563)
4(1865 1900 2565 2530)
4(1899 2564 2565 1900)
4(2529 2530 2565 2564)
4(1866 1901 2566 2531)
4(1900 2565 2566 1901)
4(2530 2531 2566 2565)
4(1867 1902 2567 2532)
4(1901 2566 2567 1902)
4(2531 2532 2567 2566)
4(1868 1903 2568 2533)
4(1902 2567 2568 1903)
4(2532 2533 2568 2567)
4(1869 1904 2569 2534)
4(1903 2568 2569 1904)
4(2533 2534 2569 2568)
4(1870 1905 2570 2535)
4(1904 2569 2570 1905)
4(2534 2535 2570 2569)
4(1871 1906 2571 2536)
4(1905 2570 2571 1906)
4(2535 2536 2571 2570)
4(1872 1907 2572 2537)
4(1906 2571 2572 1907)
4(2536 2537 2572 2571)
4(1873 1908 2573 2538)
4(1907 2572 2573 1908)
4(2537 2538 2573 2572)
4(1874 1909 2574 2539)
4(1908 2573 2574 1909)
4(2538 2539 2574 2573)
4(1875 1910 2575 2540)
4(1909 2574 2575 1910)
4(2539 2540 2575 2574)
4(1876 1911 2576 2541)
4(1910 2575 2576 1911)
4(2540 2541 2576 2575)
4(1877 1912 2577 2542)
4(1911 2576 2577 1912)
4(2541 2542 2577 2576)
4(1878 1913 2578 2543)
4(1912 2577 2578 1913)
4(2542 2543 2578 2577)
4(1879 1914 2579 2544)
4(1913 2578 2579 1914)
4(2543 2544 2579 2578)
4(1880 1915 2580 2545)
4(1914 2579 2580 1915)
4(2544 2545 2580 2579)
4(1881 1916 2581 2546)
4(1915 2580 2581 1916)
4(2545 2546 2581 2580)
4(1882 1917 2582 2547)
4(1916 2581 2582 1917)
4(2546 2547 2582 2581)
4(1883 1918 2583 2548)
4(1917 2582 2583 1918)
4(2547 2548 2583 2582)
4(1884 1919 2584 2549)
4(1918 2583 2584 1919)
4(2548 2549 2584 2583)
4(1885 1920 2585 2550)
4(1919 2584 2585 1920)
4(2549 2550 2585 2584)
4(1886 1921 2586 2551)
4(1920 2585 2586 1921)
4(2550 2551 2586 2585)
4(1887 1922 2587 2552)
4(1921 2586 2587 1922)
4(2551 2552 2587 2586)
4(1888 1923 2588 2553)
4(1922 2587 2588 1923)
4(2552 2553 2588 2587)
4(1923 2588 2589 1924)
4(2553 2554 2589 2588)
4(1891 1926 2591 2556)
4(1925 2590 2591 1926)
4(2555 2556 2591 2590)
4(1892 1927 2592 2557)
4(1926 2591 2592 1927)
4(2556 2557 2592 2591)
4(1893 1928 2593 2558)
4(1927 2592 2593 1928)
4(2557 2558 2593 2592)
4(1894 1929 2594 2559)
4(1928 2593 2594 1929)
4(2558 2559 2594 2593)
4(1895 1930 2595 2560)
4(1929 2594 2595 1930)
4(2559 2560 2595 2594)
4(1896 1931 2596 2561)
4(1930 2595 2596 1931)
4(2560 2561 2596 2595)
4(1897 1932 2597 2562)
4(1931 2596 2597 1932)
4(2561 2562 2597 2596)
4(1898 1933 2598 2563)
4(1932 2597 2598 1933)
4(2562 2563 2598 2597)
4(1899 1934 2599 2564)
4(1933 2598 2599 1934)
4(2563 2564 2599 2598)
4(1900 1935 2600 2565)
4(1934 2599 2600 1935)
4(2564 2565 2600 2599)
4(1901 1936 2601 2566)
4(1935 2600 2601 1936)
4(2565 2566 2601 2600)
4(1902 1937 2602 2567)
4(1936 2601 2602 1937)
4(2566 2567 2602 2601)
4(1903 1938 2603 2568)
4(1937 2602 2603 1938)
4(2567 2568 2603 2602)
4(1904 1939 2604 2569)
4(1938 2603 2604 1939)
4(2568 2569 2604 2603)
4(1905 1940 2605 2570)
4(1939 2604 2605 1940)
4(2569 2570 2605 2604)
4(1906 1941 2606 2571)
4(1940 2605 2606 1941)
4(2570 2571 2606 2605)
4(1907 1942 2607 2572)
4(1941 2606 2607 1942)
4(2571 2572 2607 2606)
4(1908 1943 2608 2573)
4(1942 2607 2608 1943)
4(2572 2573 2608 2607)
4(1909 1944 2609 2574)
4(1943 2608 2609 1944)
4(2573 2574 2609 2608)
4(1910 1945 2610 2575)
4(1944 2609 2610 1945)
4(2574 2575 2610 2609)
4(1911 1946 2611 2576)
4(1945 2610 2611 1946)
4(2575 2576 2611 2610)
4(1912 1947 2612 2577)
4(1946 2611 2612 1947)
4(2576 2577 2612 2611)
4(1913 1948 2613 2578)
4(1947 2612 2613 1948)
4(2577 2578 2613 2612)
4(1914 1949 2614 2579)
4(1948 2613 2614 1949)
4(2578 2579 2614 2613)
4(1915 1950 2615 2580)
4(1949 2614 2615 1950)
4(2579 2580 2615 2614)
4(1916 1951 2616 2581)
4(1950 2615 2616 1951)
4(2580 2581 2616 2615)
4(1917 1952 2617 2582)
4(1951 2616 2617 1952)
4(2581 2582 2617 2616)
4(1918 1953 2618 2583)
4(1952 2617 2618 1953)
4(2582 2583 2618 2617)
4(1919 1954 2619 2584)
4(1953 2618 2619 1954)
4(2583 2584 2619 2618)
4(1920 1955 2620 2585)
4(1954 2619 2620 1955)
4(2584 2585 2620 2619)
4(1921 1956 2621 2586)
4(1955 2620 2621 1956)
4(2585 2586 2621 2620)
4(1922 1957 2622 2587)
4(1956 2621 2622 1957)
4(2586 2587 2622 2621)
4(1923 1958 2623 2588)
4(1957 2622 2623 1958)
4(2587 2588 2623 2622)
4(1958 2623 2624 1959)
4(2588 2589 2624 2623)
4(1926 1961 2626 2591)
4(2590 2591 2626 2625)
4(1927 1962 2627 2592)
4(2591 2592 2627 2626)
4(1928 1963 2628 2593)
4(2592 2593 2628 2627)
4(1929 1964 2629 2594)
4(2593 2594 2629 2628)
4(1930 1965 2630 2595)
4(2594 2595 2630 2629)
4(1931 1966 2631 2596)
4(2595 2596 2631 2630)
4(1932 1967 2632 2597)
4(2596 2597 2632 2631)
4(1933 1968 2633 2598)
4(2597 2598 2633 2632)
4(1934 1969 2634 2599)
4(2598 2599 2634 2633)
4(1935 1970 2635 2600)
4(2599 2600 2635 2634)
4(1936 1971 2636 2601)
4(2600 2601 2636 2635)
4(1937 1972 2637 2602)
4(2601 2602 2637 2636)
4(1938 1973 2638 2603)
4(2602 2603 2638 2637)
4(1939 1974 2639 2604)
4(2603 2604 2639 2638)
4(1940 1975 2640 2605)
4(2604 2605 2640 2639)
4(1941 1976 2641 2606)
4(2605 2606 2641 2640)
4(1942 1977 2642 2607)
4(2606 2607 2642 2641)
4(1943 1978 2643 2608)
4(2607 2608 2643 2642)
4(1944 1979 2644 2609)
4(2608 2609 2644 2643)
4(1945 1980 2645 2610)
4(2609 2610 2645 2644)
4(1946 1981 2646 2611)
4(2610 2611 2646 2645)
4(1947 1982 2647 2612)
4(2611 2612 2647 2646)
4(1948 1983 2648 2613)
4(2612 2613 2648 2647)
4(1949 1984 2649 2614)
4(2613 2614 2649 2648)
4(1950 1985 2650 2615)
4(2614 2615 2650 2649)
4(1951 1986 2651 2616)
4(2615 2616 2651 2650)
4(1952 1987 2652 2617)
4(2616 2617 2652 2651)
4(1953 1988 2653 2618)
4(2617 2618 2653 2652)
4(1954 1989 2654 2619)
4(2618 2619 2654 2653)
4(1955 1990 2655 2620)
4(2619 2620 2655 2654)
4(1956 1991 2656 2621)
4(2620 2621 2656 2655)
4(1957 1992 2657 2622)
4(2621 2622 2657 2656)
4(1958 1993 2658 2623)
4(2622 2623 2658 2657)
4(2623 2624 2659 2658)
4(1996 2031 2696 2661)
4(2030 2695 2696 2031)
4(2660 2661 2696 2695)
4(1997 2032 2697 2662)
4(2031 2696 2697 2032)
4(2661 2662 2697 2696)
4(1998 2033 2698 2663)
4(2032 2697 2698 2033)
4(2662 2663 2698 2697)
4(1999 2034 2699 2664)
4(2033 2698 2699 2034)
4(2663 2664 2699 2698)
4(2000 2035 2700 2665)
4(2034 2699 2700 2035)
4(2664 2665 2700 2699)
4(2001 2036 2701 2666)
4(2035 2700 2701 2036)
4(2665 2666 2701 2700)
4(2002 2037 2702 2667)
4(2036 2701 2702 2037)
4(2666 2667 2702 2701)
4(2003 2038 2703 2668)
4(2037 2702 2703 2038)
4(2667 2668 2703 2702)
4(2004 2039 2704 2669)
4(2038 2703 2704 2039)
4(2668 2669 2704 2703)
4(2005 2040 2705 2670)
4(2039 2704 2705 2040)
4(2669 2670 2705 2704)
4(2006 2041 2706 2671)
4(2040 2705 2706 2041)
4(2670 2671 2706 2705)
4(2007 2042 2707 2672)
4(2041 2706 2707 2042)
4(2671 2672 2707 2706)
4(2008 2043 2708 2673)
4(2042 2707 2708 2043)
4(2672 2673 2708 2707)
4(2009 2044 2709 2674)
4(2043 2708 2709 2044)
4(2673 2674 2709 2708)
4(2010 2045 2710 2675)
4(2044 2709 2710 2045)
4(2674 2675 2710 2709)
4(2011 2046 2711 2676)
4(2045 2710 2711 2046)
4(2675 2676 2711 2710)
4(2012 2047 2712 2677)
4(2046 2711 2712 2047)
4(2676 2677 2712 2711)
4(2013 2048 2713 2678)
4(2047 2712 2713 2048)
4(2677 2678 2713 2712)
4(2014 2049 2714 2679)
4(2048 2713 2714 2049)
4(2678 2679 2714 2713)
4(2015 2050 2715 2680)
4(2049 2714 2715 2050)
4(2679 2680 2715 2714)
4(2016 2051 2716 2681)
4(2050 2715 2716 2051)
4(2680 2681 2716 2715)
4(2017 2052 2717 2682)
4(2051 2716 2717 2052)
4(2681 2682 2717 2716)
4(2018 2053 2718 2683)
4(2052 2717 2718 2053)
4(2682 2683 2718 2717)
4(2019 2054 2719 2684)
4(2053 2718 2719 2054)
4(2683 2684 2719 2718)
4(2020 2055 2720 2685)
4(2054 2719 2720 2055)
4(2684 2685 2720 2719)
4(2021 2056 2721 2686)
4(2055 2720 2721 2056)
4(2685 2686 2721 2720)
4(2022 2057 2722 2687)
4(2056 2721 2722 2057)
4(2686 2687 2722 2721)
4(2023 2058 2723 2688)
4(2057 2722 2723 2058)
4(2687 2688 2723 2722)
4(2024 2059 2724 2689)
4(2058 2723 2724 2059)
4(2688 2689 2724 2723)
4(2025 2060 2725 2690)
4(2059 2724 2725 2060)
4(2689 2690 2725 2724)
4(2026 2061 2726 2691)
4(2060 2725 2726 2061)
4(2690 2691 2726 2725)
4(2027 2062 2727 2692)
4(2061 2726 2727 2062)
4(2691 2692 2727 2726)
4(2028 2063 2728 2693)
4(2062 2727 2728 2063)
4(2692 2693 2728 2727)
4(2063 2728 2729 2064)
4(2693 2694 2729 2728)
4(2031 2066 2731 2696)
4(2065 2730 2731 2066)
4(2695 2696 2731 2730)
4(2032 2067 2732 2697)
4(2066 2731 2732 2067)
4(2696 2697 2732 2731)
4(2033 2068 2733 2698)
4(2067 2732 2733 2068)
4(2697 2698 2733 2732)
4(2034 2069 2734 2699)
4(2068 2733 2734 2069)
4(2698 2699 2734 2733)
4(2035 2070 2735 2700)
4(2069 2734 2735 2070)
4(2699 2700 2735 2734)
4(2036 2071 2736 2701)
4(2070 2735 2736 2071)
4(2700 2701 2736 2735)
4(2037 2072 2737 2702)
4(2071 2736 2737 2072)
4(2701 2702 2737 2736)
4(2038 2073 2738 2703)
4(2072 2737 2738 2073)
4(2702 2703 2738 2737)
4(2039 2074 2739 2704)
4(2073 2738 2739 2074)
4(2703 2704 2739 2738)
4(2040 2075 2740 2705)
4(2074 2739 2740 2075)
4(2704 2705 2740 2739)
4(2041 2076 2741 2706)
4(2075 2740 2741 2076)
4(2705 2706 2741 2740)
4(2042 2077 2742 2707)
4(2076 2741 2742 2077)
4(2706 2707 2742 2741)
4(2043 2078 2743 2708)
4(2077 2742 2743 2078)
4(2707 2708 2743 2742)
4(2044 2079 2744 2709)
4(2078 2743 2744 2079)
4(2708 2709 2744 2743)
4(2045 2080 2745 2710)
4(2079 2744 2745 2080)
4(2709 2710 2745 2744)
4(2046 2081 2746 2711)
4(2080 2745 2746 2081)
4(2710 2711 2746 2745)
4(2047 2082 2747 2712)
4(2081 2746 2747 2082)
4(2711 2712 2747 2746)
4(2048 2083 2748 2713)
4(2082 2747 2748 2083)
4(2712 2713 2748 2747)
4(2049 2084 2749 2714)
4(2083 2748 2749 2084)
4(2713 2714 2749 2748)
4(2050 2085 2750 2715)
4(2084 2749 2750 2085)
4(2714 2715 2750 2749)
4(2051 2086 2751 2716)
4(2085 2750 2751 2086)
4(2715 2716 2751 2750)
4(2052 2087 2752 2717)
4(2086 2751 2752 2087)
4(2716 2717 2752 2751)
4(2053 2088 2753 2718)
4(2087 2752 2753 2088)
4(2717 2718 2753 2752)
4(2054 2089 2754 2719)
4(2088 2753 2754 2089)
4(2718 2719 2754 2753)
4(2055 2090 2755 2720)
4(2089 2754 2755 2090)
4(2719 2720 2755 2754)
4(2056 2091 2756 2721)
4(2090 2755 2756 2091)
4(2720 2721 2756 2755)
4(2057 2092 2757 2722)
4(2091 2756 2757 2092)
4(2721 2722 2757 2756)
4(2058 2093 2758 2723)
4(2092 2757 2758 2093)
4(2722 2723 2758 2757)
4(2059 2094 2759 2724)
4(2093 2758 2759 2094)
4(2723 2724 2759 2758)
4(2060 2095 2760 2725)
4(2094 2759 2760 2095)
4(2724 2725 2760 2759)
4(2061 2096 2761 2726)
4(2095 2760 2761 2096)
4(2725 2726 2761 2760)
4(2062 2097 2762 2727)
4(2096 2761 2762 2097)
4(2726 2727 2762 2761)
4(2063 2098 2763 2728)
4(2097 2762 2763 2098)
4(2727 2728 2763 2762)
4(2098 2763 2764 2099)
4(2728 2729 2764 2763)
4(2066 2101 2766 2731)
4(2100 2765 2766 2101)
4(2730 2731 2766 2765)
4(2067 2102 2767 2732)
4(2101 2766 2767 2102)
4(2731 2732 2767 2766)
4(2068 2103 2768 2733)
4(2102 2767 2768 2103)
4(2732 2733 2768 2767)
4(2069 2104 2769 2734)
4(2103 2768 2769 2104)
4(2733 2734 2769 2768)
4(2070 2105 2770 2735)
4(2104 2769 2770 2105)
4(2734 2735 2770 2769)
4(2071 2106 2771 2736)
4(2105 2770 2771 2106)
4(2735 2736 2771 2770)
4(2072 2107 2772 2737)
4(2106 2771 2772 2107)
4(2736 2737 2772 2771)
4(2073 2108 2773 2738)
4(2107 2772 2773 2108)
4(2737 2738 2773 2772)
4(2074 2109 2774 2739)
4(2108 2773 2774 2109)
4(2738 2739 2774 2773)
4(2075 2110 2775 2740)
4(2109 2774 2775 2110)
4(2739 2740 2775 2774)
4(2076 2111 2776 2741)
4(2110 2775 2776 2111)
4(2740 2741 2776 2775)
4(2077 2112 2777 2742)
4(2111 2776 2777 2112)
4(2741 2742 2777 2776)
4(2078 2113 2778 2743)
4(2112 2777 2778 2113)
4(2742 2743 2778 2777)
4(2079 2114 2779 2744)
4(2113 2778 2779 2114)
4(2743 2744 2779 2778)
4(2080 2115 2780 2745)
4(2114 2779 2780 2115)
4(2744 2745 2780 2779)
4(2081 2116 2781 2746)
4(2115 2780 2781 2116)
4(2745 2746 2781 2780)
4(2082 2117 2782 2747)
4(2116 2781 2782 2117)
4(2746 2747 2782 2781)
4(2083 2118 2783 2748)
4(2117 2782 2783 2118)
4(2747 2748 2783 2782)
4(2084 2119 2784 2749)
4(2118 2783 2784 2119)
4(2748 2749 2784 2783)
4(2085 2120 2785 2750)
4(2119 2784 2785 2120)
4(2749 2750 2785 2784)
4(2086 2121 2786 2751)
4(2120 2785 2786 2121)
4(2750 2751 2786 2785)
4(2087 2122 2787 2752)
4(2121 2786 2787 2122)
4(2751 2752 2787 2786)
4(2088 2123 2788 2753)
4(2122 2787 2788 2123)
4(2752 2753 2788 2787)
4(2089 2124 2789 2754)
4(2123 2788 2789 2124)
4(2753 2754 2789 2788)
4(2090 2125 2790 2755)
4(2124 2789 2790 2125)
4(2754 2755 2790 2789)
4(2091 2126 2791 2756)
4(2125 2790 2791 2126)
4(2755 2756 2791 2790)
4(2092 2127 2792 2757)
4(2126 2791 2792 2127)
4(2756 2757 2792 2791)
4(2093 2128 2793 2758)
4(2127 2792 2793 2128)
4(2757 2758 2793 2792)
4(2094 2129 2794 2759)
4(2128 2793 2794 2129)
4(2758 2759 2794 2793)
4(2095 2130 2795 2760)
4(2129 2794 2795 2130)
4(2759 2760 2795 2794)
4(2096 2131 2796 2761)
4(2130 2795 2796 2131)
4(2760 2761 2796 2795)
4(2097 2132 2797 2762)
4(2131 2796 2797 2132)
4(2761 2762 2797 2796)
4(2098 2133 2798 2763)
4(2132 2797 2798 2133)
4(2762 2763 2798 2797)
4(2133 2798 2799 2134)
4(2763 2764 2799 2798)
4(2101 2136 2801 2766)
4(2135 2800 2801 2136)
4(2765 2766 2801 2800)
4(2102 2137 2802 2767)
4(2136 2801 2802 2137)
4(2766 2767 2802 2801)
4(2103 2138 2803 2768)
4(2137 2802 2803 2138)
4(2767 2768 2803 2802)
4(2104 2139 2804 2769)
4(2138 2803 2804 2139)
4(2768 2769 2804 2803)
4(2105 2140 2805 2770)
4(2139 2804 2805 2140)
4(2769 2770 2805 2804)
4(2106 2141 2806 2771)
4(2140 2805 2806 2141)
4(2770 2771 2806 2805)
4(2107 2142 2807 2772)
4(2141 2806 2807 2142)
4(2771 2772 2807 2806)
4(2108 2143 2808 2773)
4(2142 2807 2808 2143)
4(2772 2773 2808 2807)
4(2109 2144 2809 2774)
4(2143 2808 2809 2144)
4(2773 2774 2809 2808)
4(2110 2145 2810 2775)
4(2144 2809 2810 2145)
4(2774 2775 2810 2809)
4(2111 2146 2811 2776)
4(2145 2810 2811 2146)
4(2775 2776 2811 2810)
4(2112 2147 2812 2777)
4(2146 2811 2812 2147)
4(2776 2777 2812 2811)
4(2113 2148 2813 2778)
4(2147 2812 2813 2148)
4(2777 2778 2813 2812)
4(2114 2149 2814 2779)
4(2148 2813 2814 2149)
4(2778 2779 2814 2813)
4(2115 2150 2815 2780)
4(2149 2814 2815 2150)
4(2779 2780 2815 2814)
4(2116 2151 2816 2781)
4(2150 2815 2816 2151)
4(2780 2781 2816 2815)
4(2117 2152 2817 2782)
4(2151 2816 2817 2152)
4(2781 2782 2817 2816)
4(2118 2153 2818 2783)
4(2152 2817 2818 2153)
4(2782 2783 2818 2817)
4(2119 2154 2819 2784)
4(2153 2818 2819 2154)
4(2783 2784 2819 2818)
4(2120 2155 2820 2785)
4(2154 2819 2820 2155)
4(2784 2785 2820 2819)
4(2121 2156 2821 2786)
4(2155 2820 2821 2156)
4(2785 2786 2821 2820)
4(2122 2157 2822 2787)
4(2156 2821 2822 2157)
4(2786 2787 2822 2821)
4(2123 2158 2823 2788)
4(2157 2822 2823 2158)
4(2787 2788 2823 2822)
4(2124 2159 2824 2789)
4(2158 2823 2824 2159)
4(2788 2789 2824 2823)
4(2125 2160 2825 2790)
4(2159 2824 2825 2160)
4(2789 2790 2825 2824)
4(2126 2161 2826 2791)
4(2160 2825 2826 2161)
4(2790 2791 2826 2825)
4(2127 2162 2827 2792)
4(2161 2826 2827 2162)
4(2791 2792 2827 2826)
4(2128 2163 2828 2793)
4(2162 2827 2828 2163)
4(2792 2793 2828 2827)
4(2129 2164 2829 2794)
4(2163 2828 2829 2164)
4(2793 2794 2829 2828)
4(2130 2165 2830 2795)
4(2164 2829 2830 2165)
4(2794 2795 2830 2829)
4(2131 2166 2831 2796)
4(2165 2830 2831 2166)
4(2795 2796 2831 2830)
4(2132 2167 2832 2797)
4(2166 2831 2832 2167)
4(2796 2797 2832 2831)
4(2133 2168 2833 2798)
4(2167 2832 2833 2168)
4(2797 2798 2833 2832)
4(2168 2833 2834 2169)
4(2798 2799 2834 2833)
4(2136 2171 2836 2801)
4(2170 2835 2836 2171)
4(2800 2801 2836 2835)
4(2137 2172 2837 2802)
4(2171 2836 2837 2172)
4(2801 2802 2837 2836)
4(2138 2173 2838 2803)
4(2172 2837 2838 2173)
4(2802 2803 2838 2837)
4(2139 2174 2839 2804)
4(2173 2838 2839 2174)
4(2803 2804 2839 2838)
4(2140 2175 2840 2805)
4(2174 2839 2840 2175)
4(2804 2805 2840 2839)
4(2141 2176 2841 2806)
4(2175 2840 2841 2176)
4(2805 2806 2841 2840)
4(2142 2177 2842 2807)
4(2176 2841 2842 2177)
4(2806 2807 2842 2841)
4(2143 2178 2843 2808)
4(2177 2842 2843 2178)
4(2807 2808 2843 2842)
4(2144 2179 2844 2809)
4(2178 2843 2844 2179)
4(2808 2809 2844 2843)
4(2145 2180 2845 2810)
4(2179 2844 2845 2180)
4(2809 2810 2845 2844)
4(2146 2181 2846 2811)
4(2180 2845 2846 2181)
4(2810 2811 2846 2845)
4(2147 2182 2847 2812)
4(2181 2846 2847 2182)
4(2811 2812 2847 2846)
4(2148 2183 2848 2813)
4(2182 2847 2848 2183)
4(2812 2813 2848 2847)
4(2149 2184 2849 2814)
4(2183 2848 2849 2184)
4(2813 2814 2849 2848)
4(2150 2185 2850 2815)
4(2184 2849 2850 2185)
4(2814 2815 2850 2849)
4(2151 2186 2851 2816)
4(2185 2850 2851 2186)
4(2815 2816 2851 2850)
4(2152 2187 2852 2817)
4(2186 2851 2852 2187)
4(2816 2817 2852 2851)
4(2153 2188 2853 2818)
4(2187 2852 2853 2188)
4(2817 2818 2853 2852)
4(2154 2189 2854 2819)
4(2188 2853 2854 2189)
4(2818 2819 2854 2853)
4(2155 2190 2855 2820)
4(2189 2854 2855 2190)
4(2819 2820 2855 2854)
4(2156 2191 2856 2821)
4(2190 2855 2856 2191)
4(2820 2821 2856 2855)
4(2157 2192 2857 2822)
4(2191 2856 2857 2192)
4(2821 2822 2857 2856)
4(2158 2193 2858 2823)
4(2192 2857 2858 2193)
4(2822 2823 2858 2857)
4(2159 2194 2859 2824)
4(2193 2858 2859 2194)
4(2823 2824 2859 2858)
4(2160 2195 2860 2825)
4(2194 2859 2860 2195)
4(2824 2825 2860 2859)
4(2161 2196 2861 2826)
4(2195 2860 2861 2196)
4(2825 2826 2861 2860)
4(2162 2197 2862 2827)
4(2196 2861 2862 2197)
4(2826 2827 2862 2861)
4(2163 2198 2863 2828)
4(2197 2862 2863 2198)
4(2827 2828 2863 2862)
4(2164 2199 2864 2829)
4(2198 2863 2864 2199)
4(2828 2829 2864 2863)
4(2165 2200 2865 2830)
4(2199 2864 2865 2200)
4(2829 2830 2865 2864)
4(2166 2201 2866 2831)
4(2200 2865 2866 2201)
4(2830 2831 2866 2865)
4(2167 2202 2867 2832)
4(2201 2866 2867 2202)
4(2831 2832 2867 2866)
4(2168 2203 2868 2833)
4(2202 2867 2868 2203)
4(2832 2833 2868 2867)
4(2203 2868 2869 2204)
4(2833 2834 2869 2868)
4(2171 2206 2871 2836)
4(2205 2870 2871 2206)
4(2835 2836 2871 2870)
4(2172 2207 2872 2837)
4(2206 2871 2872 2207)
4(2836 2837 2872 2871)
4(2173 2208 2873 2838)
4(2207 2872 2873 2208)
4(2837 2838 2873 2872)
4(2174 2209 2874 2839)
4(2208 2873 2874 2209)
4(2838 2839 2874 2873)
4(2175 2210 2875 2840)
4(2209 2874 2875 2210)
4(2839 2840 2875 2874)
4(2176 2211 2876 2841)
4(2210 2875 2876 2211)
4(2840 2841 2876 2875)
4(2177 2212 2877 2842)
4(2211 2876 2877 2212)
4(2841 2842 2877 2876)
4(2178 2213 2878 2843)
4(2212 2877 2878 2213)
4(2842 2843 2878 2877)
4(2179 2214 2879 2844)
4(2213 2878 2879 2214)
4(2843 2844 2879 2878)
4(2180 2215 2880 2845)
4(2214 2879 2880 2215)
4(2844 2845 2880 2879)
4(2181 2216 2881 2846)
4(2215 2880 2881 2216)
4(2845 2846 2881 2880)
4(2182 2217 2882 2847)
4(2216 2881 2882 2217)
4(2846 2847 2882 2881)
4(2183 2218 2883 2848)
4(2217 2882 2883 2218)
4(2847 2848 2883 2882)
4(2184 2219 2884 2849)
4(2218 2883 2884 2219)
4(2848 2849 2884 2883)
4(2185 2220 2885 2850)
4(2219 2884 2885 2220)
4(2849 2850 2885 2884)
4(2186 2221 2886 2851)
4(2220 2885 2886 2221)
4(2850 2851 2886 2885)
4(2187 2222 2887 2852)
4(2221 2886 2887 2222)
4(2851 2852 2887 2886)
4(2188 2223 2888 2853)
4(2222 2887 2888 2223)
4(2852 2853 2888 2887)
4(2189 2224 2889 2854)
4(2223 2888 2889 2224)
4(2853 2854 2889 2888)
4(2190 2225 2890 2855)
4(2224 2889 2890 2225)
4(2854 2855 2890 2889)
4(2191 2226 2891 2856)
4(2225 2890 2891 2226)
4(2855 2856 2891 2890)
4(2192 2227 2892 2857)
4(2226 2891 2892 2227)
4(2856 2857 2892 2891)
4(2193 2228 2893 2858)
4(2227 2892 2893 2228)
4(2857 2858 2893 2892)
4(2194 2229 2894 2859)
4(2228 2893 2894 2229)
4(2858 2859 2894 2893)
4(2195 2230 2895 2860)
4(2229 2894 2895 2230)
4(2859 2860 2895 2894)
4(2196 2231 2896 2861)
4(2230 2895 2896 2231)
4(2860 2861 2896 2895)
4(2197 2232 2897 2862)
4(2231 2896 2897 2232)
4(2861 2862 2897 2896)
4(2198 2233 2898 2863)
4(2232 2897 2898 2233)
4(2862 2863 2898 2897)
4(2199 2234 2899 2864)
4(2233 2898 2899 2234)
4(2863 2864 2899 2898)
4(2200 2235 2900 2865)
4(2234 2899 2900 2235)
4(2864 2865 2900 2899)
4(2201 2236 2901 2866)
4(2235 2900 2901 2236)
4(2865 2866 2901 2900)
4(2202 2237 2902 2867)
4(2236 2901 2902 2237)
4(2866 2867 2902 2901)
4(2203 2238 2903 2868)
4(2237 2902 2903 2238)
4(2867 2868 2903 2902)
4(2238 2903 2904 2239)
4(2868 2869 2904 2903)
4(2206 2241 2906 2871)
4(2240 2905 2906 2241)
4(2870 2871 2906 2905)
4(2207 2242 2907 2872)
4(2241 2906 2907 2242)
4(2871 2872 2907 2906)
4(2208 2243 2908 2873)
4(2242 2907 2908 2243)
4(2872 2873 2908 2907)
4(2209 2244 2909 2874)
4(2243 2908 2909 2244)
4(2873 2874 2909 2908)
4(2210 2245 2910 2875)
4(2244 2909 2910 2245)
4(2874 2875 2910 2909)
4(2211 2246 2911 2876)
4(2245 2910 2911 2246)
4(2875 2876 2911 2910)
4(2212 2247 2912 2877)
4(2246 2911 2912 2247)
4(2876 2877 2912 2911)
4(2213 2248 2913 2878)
4(2247 2912 2913 2248)
4(2877 2878 2913 2912)
4(2214 2249 2914 2879)
4(2248 2913 2914 2249)
4(2878 2879 2914 2913)
4(2215 2250 2915 2880)
4(2249 2914 2915 2250)
4(2879 2880 2915 2914)
4(2216 2251 2916 2881)
4(2250 2915 2916 2251)
4(2880 2881 2916 2915)
4(2217 2252 2917 2882)
4(2251 2916 2917 2252)
4(2881 2882 2917 2916)
4(2218 2253 2918 2883)
4(2252 2917 2918 2253)
4(2882 2883 2918 2917)
4(2219 2254 2919 2884)
4(2253 2918 2919 2254)
4(2883 2884 2919 2918)
4(2220 2255 2920 2885)
4(2254 2919 2920 2255)
4(2884 2885 2920 2919)
4(2221 2256 2921 2886)
4(2255 2920 2921 2256)
4(2885 2886 2921 2920)
4(2222 2257 2922 2887)
4(2256 2921 2922 2257)
4(2886 2887 2922 2921)
4(2223 2258 2923 2888)
4(2257 2922 2923 2258)
4(2887 2888 2923 2922)
4(2224 2259 2924 2889)
4(2258 2923 2924 2259)
4(2888 2889 2924 2923)
4(2225 2260 2925 2890)
4(2259 2924 2925 2260)
4(2889 2890 2925 2924)
4(2226 2261 2926 2891)
4(2260 2925 2926 2261)
4(2890 2891 2926 2925)
4(2227 2262 2927 2892)
4(2261 2926 2927 2262)
4(2891 2892 2927 2926)
4(2228 2263 2928 2893)
4(2262 2927 2928 2263)
4(2892 2893 2928 2927)
4(2229 2264 2929 2894)
4(2263 2928 2929 2264)
4(2893 2894 2929 2928)
4(2230 2265 2930 2895)
4(2264 2929 2930 2265)
4(2894 2895 2930 2929)
4(2231 2266 2931 2896)
4(2265 2930 2931 2266)
4(2895 2896 2931 2930)
4(2232 2267 2932 2897)
4(2266 2931 2932 2267)
4(2896 2897 2932 2931)
4(2233 2268 2933 2898)
4(2267 2932 2933 2268)
4(2897 2898 2933 2932)
4(2234 2269 2934 2899)
4(2268 2933 2934 2269)
4(2898 2899 2934 2933)
4(2235 2270 2935 2900)
4(2269 2934 2935 2270)
4(2899 2900 2935 2934)
4(2236 2271 2936 2901)
4(2270 2935 2936 2271)
4(2900 2901 2936 2935)
4(2237 2272 2937 2902)
4(2271 2936 2937 2272)
4(2901 2902 2937 2936)
4(2238 2273 2938 2903)
4(2272 2937 2938 2273)
4(2902 2903 2938 2937)
4(2273 2938 2939 2274)
4(2903 2904 2939 2938)
4(2241 2276 2941 2906)
4(2275 2940 2941 2276)
4(2905 2906 2941 2940)
4(2242 2277 2942 2907)
4(2276 2941 2942 2277)
4(2906 2907 2942 2941)
4(2243 2278 2943 2908)
4(2277 2942 2943 2278)
4(2907 2908 2943 2942)
4(2244 2279 2944 2909)
4(2278 2943 2944 2279)
4(2908 2909 2944 2943)
4(2245 2280 2945 2910)
4(2279 2944 2945 2280)
4(2909 2910 2945 2944)
4(2246 2281 2946 2911)
4(2280 2945 2946 2281)
4(2910 2911 2946 2945)
4(2247 2282 2947 2912)
4(2281 2946 2947 2282)
4(2911 2912 2947 2946)
4(2248 2283 2948 2913)
4(2282 2947 2948 2283)
4(2912 2913 2948 2947)
4(2249 2284 2949 2914)
4(2283 2948 2949 2284)
4(2913 2914 2949 2948)
4(2250 2285 2950 2915)
4(2284 2949 2950 2285)
4(2914 2915 2950 2949)
4(2251 2286 2951 2916)
4(2285 2950 2951 2286)
4(2915 2916 2951 2950)
4(2252 2287 2952 2917)
4(2286 2951 2952 2287)
4(2916 2917 2952 2951)
4(2253 2288 2953 2918)
4(2287 2952 2953 2288)
4(2917 2918 2953 2952)
4(2254 2289 2954 2919)
4(2288 2953 2954 2289)
4(2918 2919 2954 2953)
4(2255 2290 2955 2920)
4(2289 2954 2955 2290)
4(2919 2920 2955 2954)
4(2256 2291 2956 2921)
4(2290 2955 2956 2291)
4(2920 2921 2956 2955)
4(2257 2292 2957 2922)
4(2291 2956 2957 2292)
4(2921 2922 2957 2956)
4(2258 2293 2958 2923)
4(2292 2957 2958 2293)
4(2922 2923 2958 2957)
4(2259 2294 2959 2924)
4(2293 2958 2959 2294)
4(2923 2924 2959 2958)
4(2260 2295 2960 2925)
4(2294 2959 2960 2295)
4(2924 2925 2960 2959)
4(2261 2296 2961 2926)
4(2295 2960 2961 2296)
4(2925 2926 2961 2960)
4(2262 2297 2962 2927)
4(2296 2961 2962 2297)
4(2926 2927 2962 2961)
4(2263 2298 2963 2928)
4(2297 2962 2963 2298)
4(2927 2928 2963 2962)
4(2264 2299 2964 2929)
4(2298 2963 2964 2299)
4(2928 2929 2964 2963)
4(2265 2300 2965 2930)
4(2299 2964 2965 2300)
4(2929 2930 2965 2964)
4(2266 2301 2966 2931)
4(2300 2965 2966 2301)
4(2930 2931 2966 2965)
4(2267 2302 2967 2932)
4(2301 2966 2967 2302)
4(2931 2932 2967 2966)
4(2268 2303 2968 2933)
4(2302 2967 2968 2303)
4(2932 2933 2968 2967)
4(2269 2304 2969 2934)
4(2303 2968 2969 2304)
4(2933 2934 2969 2968)
4(2270 2305 2970 2935)
4(2304 2969 2970 2305)
4(2934 2935 2970 2969)
4(2271 2306 2971 2936)
4(2305 2970 2971 2306)
4(2935 2936 2971 2970)
4(2272 2307 2972 2937)
4(2306 2971 2972 2307)
4(2936 2937 2972 2971)
4(2273 2308 2973 2938)
4(2307 2972 2973 2308)
4(2937 2938 2973 2972)
4(2308 2973 2974 2309)
4(2938 2939 2974 2973)
4(2276 2311 2976 2941)
4(2310 2975 2976 2311)
4(2940 2941 2976 2975)
4(2277 2312 2977 2942)
4(2311 2976 2977 2312)
4(2941 2942 2977 2976)
4(2278 2313 2978 2943)
4(2312 2977 2978 2313)
4(2942 2943 2978 2977)
4(2279 2314 2979 2944)
4(2313 2978 2979 2314)
4(2943 2944 2979 2978)
4(2280 2315 2980 2945)
4(2314 2979 2980 2315)
4(2944 2945 2980 2979)
4(2281 2316 2981 2946)
4(2315 2980 2981 2316)
4(2945 2946 2981 2980)
4(2282 2317 2982 2947)
4(2316 2981 2982 2317)
4(2946 2947 2982 2981)
4(2283 2318 2983 2948)
4(2317 2982 2983 2318)
4(2947 2948 2983 2982)
4(2284 2319 2984 2949)
4(2318 2983 2984 2319)
4(2948 2949 2984 2983)
4(2285 2320 2985 2950)
4(2319 2984 2985 2320)
4(2949 2950 2985 2984)
4(2286 2321 2986 2951)
4(2320 2985 2986 2321)
4(2950 2951 2986 2985)
4(2287 2322 2987 2952)
4(2321 2986 2987 2322)
4(2951 2952 2987 2986)
4(2288 2323 2988 2953)
4(2322 2987 2988 2323)
4(2952 2953 2988 2987)
4(2289 2324 2989 2954)
4(2323 2988 2989 2324)
4(2953 2954 2989 2988)
4(2290 2325 2990 2955)
4(2324 2989 2990 2325)
4(2954 2955 2990 2989)
4(2291 2326 2991 2956)
4(2325 2990 2991 2326)
4(2955 2956 2991 2990)
4(2292 2327 2992 2957)
4(2326 2991 2992 2327)
4(2956 2957 2992 2991)
4(2293 2328 2993 2958)
4(2327 2992 2993 2328)
4(2957 2958 2993 2992)
4(2294 2329 2994 2959)
4(2328 2993 2994 2329)
4(2958 2959 2994 2993)
4(2295 2330 2995 2960)
4(2329 2994 2995 2330)
4(2959 2960 2995 2994)
4(2296 2331 2996 2961)
4(2330 2995 2996 2331)
4(2960 2961 2996 2995)
4(2297 2332 2997 2962)
4(2331 2996 2997 2332)
4(2961 2962 2997 2996)
4(2298 2333 2998 2963)
4(2332 2997 2998 2333)
4(2962 2963 2998 2997)
4(2299 2334 2999 2964)
4(2333 2998 2999 2334)
4(2963 2964 2999 2998)
4(2300 2335 3000 2965)
4(2334 2999 3000 2335)
4(2964 2965 3000 2999)
4(2301 2336 3001 2966)
4(2335 3000 3001 2336)
4(2965 2966 3001 3000)
4(2302 2337 3002 2967)
4(2336 3001 3002 2337)
4(2966 2967 3002 3001)
4(2303 2338 3003 2968)
4(2337 3002 3003 2338)
4(2967 2968 3003 3002)
4(2304 2339 3004 2969)
4(2338 3003 3004 2339)
4(2968 2969 3004 3003)
4(2305 2340 3005 2970)
4(2339 3004 3005 2340)
4(2969 2970 3005 3004)
4(2306 2341 3006 2971)
4(2340 3005 3006 2341)
4(2970 2971 3006 3005)
4(2307 2342 3007 2972)
4(2341 3006 3007 2342)
4(2971 2972 3007 3006)
4(2308 2343 3008 2973)
4(2342 3007 3008 2343)
4(2972 2973 3008 3007)
4(2343 3008 3009 2344)
4(2973 2974 3009 3008)
4(2311 2346 3011 2976)
4(2345 3010 3011 2346)
4(2975 2976 3011 3010)
4(2312 2347 3012 2977)
4(2346 3011 3012 2347)
4(2976 2977 3012 3011)
4(2313 2348 3013 2978)
4(2347 3012 3013 2348)
4(2977 2978 3013 3012)
4(2314 2349 3014 2979)
4(2348 3013 3014 2349)
4(2978 2979 3014 3013)
4(2315 2350 3015 2980)
4(2349 3014 3015 2350)
4(2979 2980 3015 3014)
4(2316 2351 3016 2981)
4(2350 3015 3016 2351)
4(2980 2981 3016 3015)
4(2317 2352 3017 2982)
4(2351 3016 3017 2352)
4(2981 2982 3017 3016)
4(2318 2353 3018 2983)
4(2352 3017 3018 2353)
4(2982 2983 3018 3017)
4(2319 2354 3019 2984)
4(2353 3018 3019 2354)
4(2983 2984 3019 3018)
4(2320 2355 3020 2985)
4(2354 3019 3020 2355)
4(2984 2985 3020 3019)
4(2321 2356 3021 2986)
4(2355 3020 3021 2356)
4(2985 2986 3021 3020)
4(2322 2357 3022 2987)
4(2356 3021 3022 2357)
4(2986 2987 3022 3021)
4(2323 2358 3023 2988)
4(2357 3022 3023 2358)
4(2987 2988 3023 3022)
4(2324 2359 3024 2989)
4(2358 3023 3024 2359)
4(2988 2989 3024 3023)
4(2325 2360 3025 2990)
4(2359 3024 3025 2360)
4(2989 2990 3025 3024)
4(2326 2361 3026 2991)
4(2360 3025 3026 2361)
4(2990 2991 3026 3025)
4(2327 2362 3027 2992)
4(2361 3026 3027 2362)
4(2991 2992 3027 3026)
4(2328 2363 3028 2993)
4(2362 3027 3028 2363)
4(2992 2993 3028 3027)
4(2329 2364 3029 2994)
4(2363 3028 3029 2364)
4(2993 2994 3029 3028)
4(2330 2365 3030 2995)
4(2364 3029 3030 2365)
4(2994 2995 3030 3029)
4(2331 2366 3031 2996)
4(2365 3030 3031 2366)
4(2995 2996 3031 3030)
4(2332 2367 3032 2997)
4(2366 3031 3032 2367)
4(2996 2997 3032 3031)
4(2333 2368 3033 2998)
4(2367 3032 3033 2368)
4(2997 2998 3033 3032)
4(2334 2369 3034 2999)
4(2368 3033 3034 2369)
4(2998 2999 3034 3033)
4(2335 2370 3035 3000)
4(2369 3034 3035 2370)
4(2999 3000 3035 3034)
4(2336 2371 3036 3001)
4(2370 3035 3036 2371)
4(3000 3001 3036 3035)
4(2337 2372 3037 3002)
4(2371 3036 3037 2372)
4(3001 3002 3037 3036)
4(2338 2373 3038 3003)
4(2372 3037 3038 2373)
4(3002 3003 3038 3037)
4(2339 2374 3039 3004)
4(2373 3038 3039 2374)
4(3003 3004 3039 3038)
4(2340 2375 3040 3005)
4(2374 3039 3040 2375)
4(3004 3005 3040 3039)
4(2341 2376 3041 3006)
4(2375 3040 3041 2376)
4(3005 3006 3041 3040)
4(2342 2377 3042 3007)
4(2376 3041 3042 2377)
4(3006 3007 3042 3041)
4(2343 2378 3043 3008)
4(2377 3042 3043 2378)
4(3007 3008 3043 3042)
4(2378 3043 3044 2379)
4(3008 3009 3044 3043)
4(2346 2381 3046 3011)
4(2380 3045 3046 2381)
4(3010 3011 3046 3045)
4(2347 2382 3047 3012)
4(2381 3046 3047 2382)
4(3011 3012 3047 3046)
4(2348 2383 3048 3013)
4(2382 3047 3048 2383)
4(3012 3013 3048 3047)
4(2349 2384 3049 3014)
4(2383 3048 3049 2384)
4(3013 3014 3049 3048)
4(2350 2385 3050 3015)
4(2384 3049 3050 2385)
4(3014 3015 3050 3049)
4(2351 2386 3051 3016)
4(2385 3050 3051 2386)
4(3015 3016 3051 3050)
4(2352 2387 3052 3017)
4(2386 3051 3052 2387)
4(3016 3017 3052 3051)
4(2353 2388 3053 3018)
4(2387 3052 3053 2388)
4(3017 3018 3053 3052)
4(2354 2389 3054 3019)
4(2388 3053 3054 2389)
4(3018 3019 3054 3053)
4(2355 2390 3055 3020)
4(2389 3054 3055 2390)
4(3019 3020 3055 3054)
4(2356 2391 3056 3021)
4(2390 3055 3056 2391)
4(3020 3021 3056 3055)
4(2357 2392 3057 3022)
4(2391 3056 3057 2392)
4(3021 3022 3057 3056)
4(2358 2393 3058 3023)
4(2392 3057 3058 2393)
4(3022 3023 3058 3057)
4(2359 2394 3059 3024)
4(2393 3058 3059 2394)
4(3023 3024 3059 3058)
4(2360 2395 3060 3025)
4(2394 3059 3060 2395)
4(3024 3025 3060 3059)
4(2361 2396 3061 3026)
4(2395 3060 3061 2396)
4(3025 3026 3061 3060)
4(2362 2397 3062 3027)
4(2396 3061 3062 2397)
4(3026 3027 3062 3061)
4(2363 2398 3063 3028)
4(2397 3062 3063 2398)
4(3027 3028 3063 3062)
4(2364 2399 3064 3029)
4(2398 3063 3064 2399)
4(3028 3029 3064 3063)
4(2365 2400 3065 3030)
4(2399 3064 3065 2400)
4(3029 3030 3065 3064)
4(2366 2401 3066 3031)
4(2400 3065 3066 2401)
4(3030 3031 3066 3065)
4(2367 2402 3067 3032)
4(2401 3066 3067 2402)
4(3031 3032 3067 3066)
4(2368 2403 3068 3033)
4(2402 3067 3068 2403)
4(3032 3033 3068 3067)
4(2369 2404 3069 3034)
4(2403 3068 3069 2404)
4(3033 3034 3069 3068)
4(2370 2405 3070 3035)
4(2404 3069 3070 2405)
4(3034 3035 3070 3069)
4(2371 2406 3071 3036)
4(2405 3070 3071 2406)
4(3035 3036 3071 3070)
4(2372 2407 3072 3037)
4(2406 3071 3072 2407)
4(3036 3037 3072 3071)
4(2373 2408 3073 3038)
4(2407 3072 3073 2408)
4(3037 3038 3073 3072)
4(2374 2409 3074 3039)
4(2408 3073 3074 2409)
4(3038 3039 3074 3073)
4(2375 2410 3075 3040)
4(2409 3074 3075 2410)
4(3039 3040 3075 3074)
4(2376 2411 3076 3041)
4(2410 3075 3076 2411)
4(3040 3041 3076 3075)
4(2377 2412 3077 3042)
4(2411 3076 3077 2412)
4(3041 3042 3077 3076)
4(2378 2413 3078 3043)
4(2412 3077 3078 2413)
4(3042 3043 3078 3077)
4(2413 3078 3079 2414)
4(3043 3044 3079 3078)
4(2381 2416 3081 3046)
4(2415 3080 3081 2416)
4(3045 3046 3081 3080)
4(2382 2417 3082 3047)
4(2416 3081 3082 2417)
4(3046 3047 3082 3081)
4(2383 2418 3083 3048)
4(2417 3082 3083 2418)
4(3047 3048 3083 3082)
4(2384 2419 3084 3049)
4(2418 3083 3084 2419)
4(3048 3049 3084 3083)
4(2385 2420 3085 3050)
4(2419 3084 3085 2420)
4(3049 3050 3085 3084)
4(2386 2421 3086 3051)
4(2420 3085 3086 2421)
4(3050 3051 3086 3085)
4(2387 2422 3087 3052)
4(2421 3086 3087 2422)
4(3051 3052 3087 3086)
4(2388 2423 3088 3053)
4(2422 3087 3088 2423)
4(3052 3053 3088 3087)
4(2389 2424 3089 3054)
4(2423 3088 3089 2424)
4(3053 3054 3089 3088)
4(2390 2425 3090 3055)
4(2424 3089 3090 2425)
4(3054 3055 3090 3089)
4(2391 2426 3091 3056)
4(2425 3090 3091 2426)
4(3055 3056 3091 3090)
4(2392 2427 3092 3057)
4(2426 3091 3092 2427)
4(3056 3057 3092 3091)
4(2393 2428 3093 3058)
4(2427 3092 3093 2428)
4(3057 3058 3093 3092)
4(2394 2429 3094 3059)
4(2428 3093 3094 2429)
4(3058 3059 3094 3093)
4(2395 2430 3095 3060)
4(2429 3094 3095 2430)
4(3059 3060 3095 3094)
4(2396 2431 3096 3061)
4(2430 3095 3096 2431)
4(3060 3061 3096 3095)
4(2397 2432 3097 3062)
4(2431 3096 3097 2432)
4(3061 3062 3097 3096)
4(2398 2433 3098 3063)
4(2432 3097 3098 2433)
4(3062 3063 3098 3097)
4(2399 2434 3099 3064)
4(2433 3098 3099 2434)
4(3063 3064 3099 3098)
4(2400 2435 3100 3065)
4(2434 3099 3100 2435)
4(3064 3065 3100 3099)
4(2401 2436 3101 3066)
4(2435 3100 3101 2436)
4(3065 3066 3101 3100)
4(2402 2437 3102 3067)
4(2436 3101 3102 2437)
4(3066 3067 3102 3101)
4(2403 2438 3103 3068)
4(2437 3102 3103 2438)
4(3067 3068 3103 3102)
4(2404 2439 3104 3069)
4(2438 3103 3104 2439)
4(3068 3069 3104 3103)
4(2405 2440 3105 3070)
4(2439 3104 3105 2440)
4(3069 3070 3105 3104)
4(2406 2441 3106 3071)
4(2440 3105 3106 2441)
4(3070 3071 3106 3105)
4(2407 2442 3107 3072)
4(2441 3106 3107 2442)
4(3071 3072 3107 3106)
4(2408 2443 3108 3073)
4(2442 3107 3108 2443)
4(3072 3073 3108 3107)
4(2409 2444 3109 3074)
4(2443 3108 3109 2444)
4(3073 3074 3109 3108)
4(2410 2445 3110 3075)
4(2444 3109 3110 2445)
4(3074 3075 3110 3109)
4(2411 2446 3111 3076)
4(2445 3110 3111 2446)
4(3075 3076 3111 3110)
4(2412 2447 3112 3077)
4(2446 3111 3112 2447)
4(3076 3077 3112 3111)
4(2413 2448 3113 3078)
4(2447 3112 3113 2448)
4(3077 3078 3113 3112)
4(2448 3113 3114 2449)
4(3078 3079 3114 3113)
4(2416 2451 3116 3081)
4(2450 3115 3116 2451)
4(3080 3081 3116 3115)
4(2417 2452 3117 3082)
4(2451 3116 3117 2452)
4(3081 3082 3117 3116)
4(2418 2453 3118 3083)
4(2452 3117 3118 2453)
4(3082 3083 3118 3117)
4(2419 2454 3119 3084)
4(2453 3118 3119 2454)
4(3083 3084 3119 3118)
4(2420 2455 3120 3085)
4(2454 3119 3120 2455)
4(3084 3085 3120 3119)
4(2421 2456 3121 3086)
4(2455 3120 3121 2456)
4(3085 3086 3121 3120)
4(2422 2457 3122 3087)
4(2456 3121 3122 2457)
4(3086 3087 3122 3121)
4(2423 2458 3123 3088)
4(2457 3122 3123 2458)
4(3087 3088 3123 3122)
4(2424 2459 3124 3089)
4(2458 3123 3124 2459)
4(3088 3089 3124 3123)
4(2425 2460 3125 3090)
4(2459 3124 3125 2460)
4(3089 3090 3125 3124)
4(2426 2461 3126 3091)
4(2460 3125 3126 2461)
4(3090 3091 3126 3125)
4(2427 2462 3127 3092)
4(2461 3126 3127 2462)
4(3091 3092 3127 3126)
4(2428 2463 3128 3093)
4(2462 3127 3128 2463)
4(3092 3093 3128 3127)
4(2429 2464 3129 3094)
4(2463 3128 3129 2464)
4(3093 3094 3129 3128)
4(2430 2465 3130 3095)
4(2464 3129 3130 2465)
4(3094 3095 3130 3129)
4(2431 2466 3131 3096)
4(2465 3130 3131 2466)
4(3095 3096 3131 3130)
4(2432 2467 3132 3097)
4(2466 3131 3132 2467)
4(3096 3097 3132 3131)
4(2433 2468 3133 3098)
4(2467 3132 3133 2468)
4(3097 3098 3133 3132)
4(2434 2469 3134 3099)
4(2468 3133 3134 2469)
4(3098 3099 3134 3133)
4(2435 2470 3135 3100)
4(2469 3134 3135 2470)
4(3099 3100 3135 3134)
4(2436 2471 3136 3101)
4(2470 3135 3136 2471)
4(3100 3101 3136 3135)
4(2437 2472 3137 3102)
4(2471 3136 3137 2472)
4(3101 3102 3137 3136)
4(2438 2473 3138 3103)
4(2472 3137 3138 2473)
4(3102 3103 3138 3137)
4(2439 2474 3139 3104)
4(2473 3138 3139 2474)
4(3103 3104 3139 3138)
4(2440 2475 3140 3105)
4(2474 3139 3140 2475)
4(3104 3105 3140 3139)
4(2441 2476 3141 3106)
4(2475 3140 3141 2476)
4(3105 3106 3141 3140)
4(2442 2477 3142 3107)
4(2476 3141 3142 2477)
4(3106 3107 3142 3141)
4(2443 2478 3143 3108)
4(2477 3142 3143 2478)
4(3107 3108 3143 3142)
4(2444 2479 3144 3109)
4(2478 3143 3144 2479)
4(3108 3109 3144 3143)
4(2445 2480 3145 3110)
4(2479 3144 3145 2480)
4(3109 3110 3145 3144)
4(2446 2481 3146 3111)
4(2480 3145 3146 2481)
4(3110 3111 3146 3145)
4(2447 2482 3147 3112)
4(2481 3146 3147 2482)
4(3111 3112 3147 3146)
4(2448 2483 3148 3113)
4(2482 3147 3148 2483)
4(3112 3113 3148 3147)
4(2483 3148 3149 2484)
4(3113 3114 3149 3148)
4(2451 2486 3151 3116)
4(2485 3150 3151 2486)
4(3115 3116 3151 3150)
4(2452 2487 3152 3117)
4(2486 3151 3152 2487)
4(3116 3117 3152 3151)
4(2453 2488 3153 3118)
4(2487 3152 3153 2488)
4(3117 3118 3153 3152)
4(2454 2489 3154 3119)
4(2488 3153 3154 2489)
4(3118 3119 3154 3153)
4(2455 2490 3155 3120)
4(2489 3154 3155 2490)
4(3119 3120 3155 3154)
4(2456 2491 3156 3121)
4(2490 3155 3156 2491)
4(3120 3121 3156 3155)
4(2457 2492 3157 3122)
4(2491 3156 3157 2492)
4(3121 3122 3157 3156)
4(2458 2493 3158 3123)
4(2492 3157 3158 2493)
4(3122 3123 3158 3157)
4(2459 2494 3159 3124)
4(2493 3158 3159 2494)
4(3123 3124 3159 3158)
4(2460 2495 3160 3125)
4(2494 3159 3160 2495)
4(3124 3125 3160 3159)
4(2461 2496 3161 3126)
4(2495 3160 3161 2496)
4(3125 3126 3161 3160)
4(2462 2497 3162 3127)
4(2496 3161 3162 2497)
4(3126 3127 3162 3161)
4(2463 2498 3163 3128)
4(2497 3162 3163 2498)
4(3127 3128 3163 3162)
4(2464 2499 3164 3129)
4(2498 3163 3164 2499)
4(3128 3129 3164 3163)
4(2465 2500 3165 3130)
4(2499 3164 3165 2500)
4(3129 3130 3165 3164)
4(2466 2501 3166 3131)
4(2500 3165 3166 2501)
4(3130 3131 3166 3165)
4(2467 2502 3167 3132)
4(2501 3166 3167 2502)
4(3131 3132 3167 3166)
4(2468 2503 3168 3133)
4(2502 3167 3168 2503)
4(3132 3133 3168 3167)
4(2469 2504 3169 3134)
4(2503 3168 3169 2504)
4(3133 3134 3169 3168)
4(2470 2505 3170 3135)
4(2504 3169 3170 2505)
4(3134 3135 3170 3169)
4(2471 2506 3171 3136)
4(2505 3170 3171 2506)
4(3135 3136 3171 3170)
4(2472 2507 3172 3137)
4(2506 3171 3172 2507)
4(3136 3137 3172 3171)
4(2473 2508 3173 3138)
4(2507 3172 3173 2508)
4(3137 3138 3173 3172)
4(2474 2509 3174 3139)
4(2508 3173 3174 2509)
4(3138 3139 3174 3173)
4(2475 2510 3175 3140)
4(2509 3174 3175 2510)
4(3139 3140 3175 3174)
4(2476 2511 3176 3141)
4(2510 3175 3176 2511)
4(3140 3141 3176 3175)
4(2477 2512 3177 3142)
4(2511 3176 3177 2512)
4(3141 3142 3177 3176)
4(2478 2513 3178 3143)
4(2512 3177 3178 2513)
4(3142 3143 3178 3177)
4(2479 2514 3179 3144)
4(2513 3178 3179 2514)
4(3143 3144 3179 3178)
4(2480 2515 3180 3145)
4(2514 3179 3180 2515)
4(3144 3145 3180 3179)
4(2481 2516 3181 3146)
4(2515 3180 3181 2516)
4(3145 3146 3181 3180)
4(2482 2517 3182 3147)
4(2516 3181 3182 2517)
4(3146 3147 3182 3181)
4(2483 2518 3183 3148)
4(2517 3182 3183 2518)
4(3147 3148 3183 3182)
4(2518 3183 3184 2519)
4(3148 3149 3184 3183)
4(2486 2521 3186 3151)
4(2520 3185 3186 2521)
4(3150 3151 3186 3185)
4(2487 2522 3187 3152)
4(2521 3186 3187 2522)
4(3151 3152 3187 3186)
4(2488 2523 3188 3153)
4(2522 3187 3188 2523)
4(3152 3153 3188 3187)
4(2489 2524 3189 3154)
4(2523 3188 3189 2524)
4(3153 3154 3189 3188)
4(2490 2525 3190 3155)
4(2524 3189 3190 2525)
4(3154 3155 3190 3189)
4(2491 2526 3191 3156)
4(2525 3190 3191 2526)
4(3155 3156 3191 3190)
4(2492 2527 3192 3157)
4(2526 3191 3192 2527)
4(3156 3157 3192 3191)
4(2493 2528 3193 3158)
4(2527 3192 3193 2528)
4(3157 3158 3193 3192)
4(2494 2529 3194 3159)
4(2528 3193 3194 2529)
4(3158 3159 3194 3193)
4(2495 2530 3195 3160)
4(2529 3194 3195 2530)
4(3159 3160 3195 3194)
4(2496 2531 3196 3161)
4(2530 3195 3196 2531)
4(3160 3161 3196 3195)
4(2497 2532 3197 3162)
4(2531 3196 3197 2532)
4(3161 3162 3197 3196)
4(2498 2533 3198 3163)
4(2532 3197 3198 2533)
4(3162 3163 3198 3197)
4(2499 2534 3199 3164)
4(2533 3198 3199 2534)
4(3163 3164 3199 3198)
4(2500 2535 3200 3165)
4(2534 3199 3200 2535)
4(3164 3165 3200 3199)
4(2501 2536 3201 3166)
4(2535 3200 3201 2536)
4(3165 3166 3201 3200)
4(2502 2537 3202 3167)
4(2536 3201 3202 2537)
4(3166 3167 3202 3201)
4(2503 2538 3203 3168)
4(2537 3202 3203 2538)
4(3167 3168 3203 3202)
4(2504 2539 3204 3169)
4(2538 3203 3204 2539)
4(3168 3169 3204 3203)
4(2505 2540 3205 3170)
4(2539 3204 3205 2540)
4(3169 3170 3205 3204)
4(2506 2541 3206 3171)
4(2540 3205 3206 2541)
4(3170 3171 3206 3205)
4(2507 2542 3207 3172)
4(2541 3206 3207 2542)
4(3171 3172 3207 3206)
4(2508 2543 3208 3173)
4(2542 3207 3208 2543)
4(3172 3173 3208 3207)
4(2509 2544 3209 3174)
4(2543 3208 3209 2544)
4(3173 3174 3209 3208)
4(2510 2545 3210 3175)
4(2544 3209 3210 2545)
4(3174 3175 3210 3209)
4(2511 2546 3211 3176)
4(2545 3210 3211 2546)
4(3175 3176 3211 3210)
4(2512 2547 3212 3177)
4(2546 3211 3212 2547)
4(3176 3177 3212 3211)
4(2513 2548 3213 3178)
4(2547 3212 3213 2548)
4(3177 3178 3213 3212)
4(2514 2549 3214 3179)
4(2548 3213 3214 2549)
4(3178 3179 3214 3213)
4(2515 2550 3215 3180)
4(2549 3214 3215 2550)
4(3179 3180 3215 3214)
4(2516 2551 3216 3181)
4(2550 3215 3216 2551)
4(3180 3181 3216 3215)
4(2517 2552 3217 3182)
4(2551 3216 3217 2552)
4(3181 3182 3217 3216)
4(2518 2553 3218 3183)
4(2552 3217 3218 2553)
4(3182 3183 3218 3217)
4(2553 3218 3219 2554)
4(3183 3184 3219 3218)
4(2521 2556 3221 3186)
4(2555 3220 3221 2556)
4(3185 3186 3221 3220)
4(2522 2557 3222 3187)
4(2556 3221 3222 2557)
4(3186 3187 3222 3221)
4(2523 2558 3223 3188)
4(2557 3222 3223 2558)
4(3187 3188 3223 3222)
4(2524 2559 3224 3189)
4(2558 3223 3224 2559)
4(3188 3189 3224 3223)
4(2525 2560 3225 3190)
4(2559 3224 3225 2560)
4(3189 3190 3225 3224)
4(2526 2561 3226 3191)
4(2560 3225 3226 2561)
4(3190 3191 3226 3225)
4(2527 2562 3227 3192)
4(2561 3226 3227 2562)
4(3191 3192 3227 3226)
4(2528 2563 3228 3193)
4(2562 3227 3228 2563)
4(3192 3193 3228 3227)
4(2529 2564 3229 3194)
4(2563 3228 3229 2564)
4(3193 3194 3229 3228)
4(2530 2565 3230 3195)
4(2564 3229 3230 2565)
4(3194 3195 3230 3229)
4(2531 2566 3231 3196)
4(2565 3230 3231 2566)
4(3195 3196 3231 3230)
4(2532 2567 3232 3197)
4(2566 3231 3232 2567)
4(3196 3197 3232 3231)
4(2533 2568 3233 3198)
4(2567 3232 3233 2568)
4(3197 3198 3233 3232)
4(2534 2569 3234 3199)
4(2568 3233 3234 2569)
4(3198 3199 3234 3233)
4(2535 2570 3235 3200)
4(2569 3234 3235 2570)
4(3199 3200 3235 3234)
4(2536 2571 3236 3201)
4(2570 3235 3236 2571)
4(3200 3201 3236 3235)
4(2537 2572 3237 3202)
4(2571 3236 3237 2572)
4(3201 3202 3237 3236)
4(2538 2573 3238 3203)
4(2572 3237 3238 2573)
4(3202 3203 3238 3237)
4(2539 2574 3239 3204)
4(2573 3238 3239 2574)
4(3203 3204 3239 3238)
4(2540 2575 3240 3205)
4(2574 3239 3240 2575)
4(3204 3205 3240 3239)
4(2541 2576 3241 3206)
4(2575 3240 3241 2576)
4(3205 3206 3241 3240)
4(2542 2577 3242 3207)
4(2576 3241 3242 2577)
4(3206 3207 3242 3241)
4(2543 2578 3243 3208)
4(2577 3242 3243 2578)
4(3207 3208 3243 3242)
4(2544 2579 3244 3209)
4(2578 3243 3244 2579)
4(3208 3209 3244 3243)
4(2545 2580 3245 3210)
4(2579 3244 3245 2580)
4(3209 3210 3245 3244)
4(2546 2581 3246 3211)
4(2580 3245 3246 2581)
4(3210 3211 3246 3245)
4(2547 2582 3247 3212)
4(2581 3246 3247 2582)
4(3211 3212 3247 3246)
4(2548 2583 3248 3213)
4(2582 3247 3248 2583)
4(3212 3213 3248 3247)
4(2549 2584 3249 3214)
4(2583 3248 3249 2584)
4(3213 3214 3249 3248)
4(2550 2585 3250 3215)
4(2584 3249 3250 2585)
4(3214 3215 3250 3249)
4(2551 2586 3251 3216)
4(2585 3250 3251 2586)
4(3215 3216 3251 3250)
4(2552 2587 3252 3217)
4(2586 3251 3252 2587)
4(3216 3217 3252 3251)
4(2553 2588 3253 3218)
4(2587 3252 3253 2588)
4(3217 3218 3253 3252)
4(2588 3253 3254 2589)
4(3218 3219 3254 3253)
4(2556 2591 3256 3221)
4(2590 3255 3256 2591)
4(3220 3221 3256 3255)
4(2557 2592 3257 3222)
4(2591 3256 3257 2592)
4(3221 3222 3257 3256)
4(2558 2593 3258 3223)
4(2592 3257 3258 2593)
4(3222 3223 3258 3257)
4(2559 2594 3259 3224)
4(2593 3258 3259 2594)
4(3223 3224 3259 3258)
4(2560 2595 3260 3225)
4(2594 3259 3260 2595)
4(3224 3225 3260 3259)
4(2561 2596 3261 3226)
4(2595 3260 3261 2596)
4(3225 3226 3261 3260)
4(2562 2597 3262 3227)
4(2596 3261 3262 2597)
4(3226 3227 3262 3261)
4(2563 2598 3263 3228)
4(2597 3262 3263 2598)
4(3227 3228 3263 3262)
4(2564 2599 3264 3229)
4(2598 3263 3264 2599)
4(3228 3229 3264 3263)
4(2565 2600 3265 3230)
4(2599 3264 3265 2600)
4(3229 3230 3265 3264)
4(2566 2601 3266 3231)
4(2600 3265 3266 2601)
4(3230 3231 3266 3265)
4(2567 2602 3267 3232)
4(2601 3266 3267 2602)
4(3231 3232 3267 3266)
4(2568 2603 3268 3233)
4(2602 3267 3268 2603)
4(3232 3233 3268 3267)
4(2569 2604 3269 3234)
4(2603 3268 3269 2604)
4(3233 3234 3269 3268)
4(2570 2605 3270 3235)
4(2604 3269 3270 2605)
4(3234 3235 3270 3269)
4(2571 2606 3271 3236)
4(2605 3270 3271 2606)
4(3235 3236 3271 3270)
4(2572 2607 3272 3237)
4(2606 3271 3272 2607)
4(3236 3237 3272 3271)
4(2573 2608 3273 3238)
4(2607 3272 3273 2608)
4(3237 3238 3273 3272)
4(2574 2609 3274 3239)
4(2608 3273 3274 2609)
4(3238 3239 3274 3273)
4(2575 2610 3275 3240)
4(2609 3274 3275 2610)
4(3239 3240 3275 3274)
4(2576 2611 3276 3241)
4(2610 3275 3276 2611)
4(3240 3241 3276 3275)
4(2577 2612 3277 3242)
4(2611 3276 3277 2612)
4(3241 3242 3277 3276)
4(2578 2613 3278 3243)
4(2612 3277 3278 2613)
4(3242 3243 3278 3277)
4(2579 2614 3279 3244)
4(2613 3278 3279 2614)
4(3243 3244 3279 3278)
4(2580 2615 3280 3245)
4(2614 3279 3280 2615)
4(3244 3245 3280 3279)
4(2581 2616 3281 3246)
4(2615 3280 3281 2616)
4(3245 3246 3281 3280)
4(2582 2617 3282 3247)
4(2616 3281 3282 2617)
4(3246 3247 3282 3281)
4(2583 2618 3283 3248)
4(2617 3282 3283 2618)
4(3247 3248 3283 3282)
4(2584 2619 3284 3249)
4(2618 3283 3284 2619)
4(3248 3249 3284 3283)
4(2585 2620 3285 3250)
4(2619 3284 3285 2620)
4(3249 3250 3285 3284)
4(2586 2621 3286 3251)
4(2620 3285 3286 2621)
4(3250 3251 3286 3285)
4(2587 2622 3287 3252)
4(2621 3286 3287 2622)
4(3251 3252 3287 3286)
4(2588 2623 3288 3253)
4(2622 3287 3288 2623)
4(3252 3253 3288 3287)
4(2623 3288 3289 2624)
4(3253 3254 3289 3288)
4(2591 2626 3291 3256)
4(3255 3256 3291 3290)
4(2592 2627 3292 3257)
4(3256 3257 3292 3291)
4(2593 2628 3293 3258)
4(3257 3258 3293 3292)
4(2594 2629 3294 3259)
4(3258 3259 3294 3293)
4(2595 2630 3295 3260)
4(3259 3260 3295 3294)
4(2596 2631 3296 3261)
4(3260 3261 3296 3295)
4(2597 2632 3297 3262)
4(3261 3262 3297 3296)
4(2598 2633 3298 3263)
4(3262 3263 3298 3297)
4(2599 2634 3299 3264)
4(3263 3264 3299 3298)
4(2600 2635 3300 3265)
4(3264 3265 3300 3299)
4(2601 2636 3301 3266)
4(3265 3266 3301 3300)
4(2602 2637 3302 3267)
4(3266 3267 3302 3301)
4(2603 2638 3303 3268)
4(3267 3268 3303 3302)
4(2604 2639 3304 3269)
4(3268 3269 3304 3303)
4(2605 2640 3305 3270)
4(3269 3270 3305 3304)
4(2606 2641 3306 3271)
4(3270 3271 3306 3305)
4(2607 2642 3307 3272)
4(3271 3272 3307 3306)
4(2608 2643 3308 3273)
4(3272 3273 3308 3307)
4(2609 2644 3309 3274)
4(3273 3274 3309 3308)
4(2610 2645 3310 3275)
4(3274 3275 3310 3309)
4(2611 2646 3311 3276)
4(3275 3276 3311 3310)
4(2612 2647 3312 3277)
4(3276 3277 3312 3311)
4(2613 2648 3313 3278)
4(3277 3278 3313 3312)
4(2614 2649 3314 3279)
4(3278 3279 3314 3313)
4(2615 2650 3315 3280)
4(3279 3280 3315 3314)
4(2616 2651 3316 3281)
4(3280 3281 3316 3315)
4(2617 2652 3317 3282)
4(3281 3282 3317 3316)
4(2618 2653 3318 3283)
4(3282 3283 3318 3317)
4(2619 2654 3319 3284)
4(3283 3284 3319 3318)
4(2620 2655 3320 3285)
4(3284 3285 3320 3319)
4(2621 2656 3321 3286)
4(3285 3286 3321 3320)
4(2622 2657 3322 3287)
4(3286 3287 3322 3321)
4(2623 2658 3323 3288)
4(3287 3288 3323 3322)
4(3288 3289 3324 3323)
4(2661 2696 3361 3326)
4(2695 3360 3361 2696)
4(3325 3326 3361 3360)
4(2662 2697 3362 3327)
4(2696 3361 3362 2697)
4(3326 3327 3362 3361)
4(2663 2698 3363 3328)
4(2697 3362 3363 2698)
4(3327 3328 3363 3362)
4(2664 2699 3364 3329)
4(2698 3363 3364 2699)
4(3328 3329 3364 3363)
4(2665 2700 3365 3330)
4(2699 3364 3365 2700)
4(3329 3330 3365 3364)
4(2666 2701 3366 3331)
4(2700 3365 3366 2701)
4(3330 3331 3366 3365)
4(2667 2702 3367 3332)
4(2701 3366 3367 2702)
4(3331 3332 3367 3366)
4(2668 2703 3368 3333)
4(2702 3367 3368 2703)
4(3332 3333 3368 3367)
4(2669 2704 3369 3334)
4(2703 3368 3369 2704)
4(3333 3334 3369 3368)
4(2670 2705 3370 3335)
4(2704 3369 3370 2705)
4(3334 3335 3370 3369)
4(2671 2706 3371 3336)
4(2705 3370 3371 2706)
4(3335 3336 3371 3370)
4(2672 2707 3372 3337)
4(2706 3371 3372 2707)
4(3336 3337 3372 3371)
4(2673 2708 3373 3338)
4(2707 3372 3373 2708)
4(3337 3338 3373 3372)
4(2674 2709 3374 3339)
4(2708 3373 3374 2709)
4(3338 3339 3374 3373)
4(2675 2710 3375 3340)
4(2709 3374 3375 2710)
4(3339 3340 3375 3374)
4(2676 2711 3376 3341)
4(2710 3375 3376 2711)
4(3340 3341 3376 3375)
4(2677 2712 3377 3342)
4(2711 3376 3377 2712)
4(3341 3342 3377 3376)
4(2678 2713 3378 3343)
4(2712 3377 3378 2713)
4(3342 3343 3378 3377)
4(2679 2714 3379 3344)
4(2713 3378 3379 2714)
4(3343 3344 3379 3378)
4(2680 2715 3380 3345)
4(2714 3379 3380 2715)
4(3344 3345 3380 3379)
4(2681 2716 3381 3346)
4(2715 3380 3381 2716)
4(3345 3346 3381 3380)
4(2682 2717 3382 3347)
4(2716 3381 3382 2717)
4(3346 3347 3382 3381)
4(2683 2718 3383 3348)
4(2717 3382 3383 2718)
4(3347 3348 3383 3382)
4(2684 2719 3384 3349)
4(2718 3383 3384 2719)
4(3348 3349 3384 3383)
4(2685 2720 3385 3350)
4(2719 3384 3385 2720)
4(3349 3350 3385 3384)
4(2686 2721 3386 3351)
4(2720 3385 3386 2721)
4(3350 3351 3386 3385)
4(2687 2722 3387 3352)
4(2721 3386 3387 2722)
4(3351 3352 3387 3386)
4(2688 2723 3388 3353)
4(2722 3387 3388 2723)
4(3352 3353 3388 3387)
4(2689 2724 3389 3354)
4(2723 3388 3389 2724)
4(3353 3354 3389 3388)
4(2690 2725 3390 3355)
4(2724 3389 3390 2725)
4(3354 3355 3390 3389)
4(2691 2726 3391 3356)
4(2725 3390 3391 2726)
4(3355 3356 3391 3390)
4(2692 2727 3392 3357)
4(2726 3391 3392 2727)
4(3356 3357 3392 3391)
4(2693 2728 3393 3358)
4(2727 3392 3393 2728)
4(3357 3358 3393 3392)
4(2728 3393 3394 2729)
4(3358 3359 3394 3393)
4(2696 2731 3396 3361)
4(2730 3395 3396 2731)
4(3360 3361 3396 3395)
4(2697 2732 3397 3362)
4(2731 3396 3397 2732)
4(3361 3362 3397 3396)
4(2698 2733 3398 3363)
4(2732 3397 3398 2733)
4(3362 3363 3398 3397)
4(2699 2734 3399 3364)
4(2733 3398 3399 2734)
4(3363 3364 3399 3398)
4(2700 2735 3400 3365)
4(2734 3399 3400 2735)
4(3364 3365 3400 3399)
4(2701 2736 3401 3366)
4(2735 3400 3401 2736)
4(3365 3366 3401 3400)
4(2702 2737 3402 3367)
4(2736 3401 3402 2737)
4(3366 3367 3402 3401)
4(2703 2738 3403 3368)
4(2737 3402 3403 2738)
4(3367 3368 3403 3402)
4(2704 2739 3404 3369)
4(2738 3403 3404 2739)
4(3368 3369 3404 3403)
4(2705 2740 3405 3370)
4(2739 3404 3405 2740)
4(3369 3370 3405 3404)
4(2706 2741 3406 3371)
4(2740 3405 3406 2741)
4(3370 3371 3406 3405)
4(2707 2742 3407 3372)
4(2741 3406 3407 2742)
4(3371 3372 3407 3406)
4(2708 2743 3408 3373)
4(2742 3407 3408 2743)
4(3372 3373 3408 3407)
4(2709 2744 3409 3374)
4(2743 3408 3409 2744)
4(3373 3374 3409 3408)
4(2710 2745 3410 3375)
4(2744 3409 3410 2745)
4(3374 3375 3410 3409)
4(2711 2746 3411 3376)
4(2745 3410 3411 2746)
4(3375 3376 3411 3410)
4(2712 2747 3412 3377)
4(2746 3411 3412 2747)
4(3376 3377 3412 3411)
4(2713 2748 3413 3378)
4(2747 3412 3413 2748)
4(3377 3378 3413 3412)
4(2714 2749 3414 3379)
4(2748 3413 3414 2749)
4(3378 3379 3414 3413)
4(2715 2750 3415 3380)
4(2749 3414 3415 2750)
4(3379 3380 3415 3414)
4(2716 2751 3416 3381)
4(2750 3415 3416 2751)
4(3380 3381 3416 3415)
4(2717 2752 3417 3382)
4(2751 3416 3417 2752)
4(3381 3382 3417 3416)
4(2718 2753 3418 3383)
4(2752 3417 3418 2753)
4(3382 3383 3418 3417)
4(2719 2754 3419 3384)
4(2753 3418 3419 2754)
4(3383 3384 3419 3418)
4(2720 2755 3420 3385)
4(2754 3419 3420 2755)
4(3384 3385 3420 3419)
4(2721 2756 3421 3386)
4(2755 3420 3421 2756)
4(3385 3386 3421 3420)
4(2722 2757 3422 3387)
4(2756 3421 3422 2757)
4(3386 3387 3422 3421)
4(2723 2758 3423 3388)
4(2757 3422 3423 2758)
4(3387 3388 3423 3422)
4(2724 2759 3424 3389)
4(2758 3423 3424 2759)
4(3388 3389 3424 3423)
4(2725 2760 3425 3390)
4(2759 3424 3425 2760)
4(3389 3390 3425 3424)
4(2726 2761 3426 3391)
4(2760 3425 3426 2761)
4(3390 3391 3426 3425)
4(2727 2762 3427 3392)
4(2761 3426 3427 2762)
4(3391 3392 3427 3426)
4(2728 2763 3428 3393)
4(2762 3427 3428 2763)
4(3392 3393 3428 3427)
4(2763 3428 3429 2764)
4(3393 3394 3429 3428)
4(2731 2766 3431 3396)
4(2765 3430 3431 2766)
4(3395 3396 3431 3430)
4(2732 2767 3432 3397)
4(2766 3431 3432 2767)
4(3396 3397 3432 3431)
4(2733 2768 3433 3398)
4(2767 3432 3433 2768)
4(3397 3398 3433 3432)
4(2734 2769 3434 3399)
4(2768 3433 3434 2769)
4(3398 3399 3434 3433)
4(2735 2770 3435 3400)
4(2769 3434 3435 2770)
4(3399 3400 3435 3434)
4(2736 2771 3436 3401)
4(2770 3435 3436 2771)
4(3400 3401 3436 3435)
4(2737 2772 3437 3402)
4(2771 3436 3437 2772)
4(3401 3402 3437 3436)
4(2738 2773 3438 3403)
4(2772 3437 3438 2773)
4(3402 3403 3438 3437)
4(2739 2774 3439 3404)
4(2773 3438 3439 2774)
4(3403 3404 3439 3438)
4(2740 2775 3440 3405)
4(2774 3439 3440 2775)
4(3404 3405 3440 3439)
4(2741 2776 3441 3406)
4(2775 3440 3441 2776)
4(3405 3406 3441 3440)
4(2742 2777 3442 3407)
4(2776 3441 3442 2777)
4(3406 3407 3442 3441)
4(2743 2778 3443 3408)
4(2777 3442 3443 2778)
4(3407 3408 3443 3442)
4(2744 2779 3444 3409)
4(2778 3443 3444 2779)
4(3408 3409 3444 3443)
4(2745 2780 3445 3410)
4(2779 3444 3445 2780)
4(3409 3410 3445 3444)
4(2746 2781 3446 3411)
4(2780 3445 3446 2781)
4(3410 3411 3446 3445)
4(2747 2782 3447 3412)
4(2781 3446 3447 2782)
4(3411 3412 3447 3446)
4(2748 2783 3448 3413)
4(2782 3447 3448 2783)
4(3412 3413 3448 3447)
4(2749 2784 3449 3414)
4(2783 3448 3449 2784)
4(3413 3414 3449 3448)
4(2750 2785 3450 3415)
4(2784 3449 3450 2785)
4(3414 3415 3450 3449)
4(2751 2786 3451 3416)
4(2785 3450 3451 2786)
4(3415 3416 3451 3450)
4(2752 2787 3452 3417)
4(2786 3451 3452 2787)
4(3416 3417 3452 3451)
4(2753 2788 3453 3418)
4(2787 3452 3453 2788)
4(3417 3418 3453 3452)
4(2754 2789 3454 3419)
4(2788 3453 3454 2789)
4(3418 3419 3454 3453)
4(2755 2790 3455 3420)
4(2789 3454 3455 2790)
4(3419 3420 3455 3454)
4(2756 2791 3456 3421)
4(2790 3455 3456 2791)
4(3420 3421 3456 3455)
4(2757 2792 3457 3422)
4(2791 3456 3457 2792)
4(3421 3422 3457 3456)
4(2758 2793 3458 3423)
4(2792 3457 3458 2793)
4(3422 3423 3458 3457)
4(2759 2794 3459 3424)
4(2793 3458 3459 2794)
4(3423 3424 3459 3458)
4(2760 2795 3460 3425)
4(2794 3459 3460 2795)
4(3424 3425 3460 3459)
4(2761 2796 3461 3426)
4(2795 3460 3461 2796)
4(3425 3426 3461 3460)
4(2762 2797 3462 3427)
4(2796 3461 3462 2797)
4(3426 3427 3462 3461)
4(2763 2798 3463 3428)
4(2797 3462 3463 2798)
4(3427 3428 3463 3462)
4(2798 3463 3464 2799)
4(3428 3429 3464 3463)
4(2766 2801 3466 3431)
4(2800 3465 3466 2801)
4(3430 3431 3466 3465)
4(2767 2802 3467 3432)
4(2801 3466 3467 2802)
4(3431 3432 3467 3466)
4(2768 2803 3468 3433)
4(2802 3467 3468 2803)
4(3432 3433 3468 3467)
4(2769 2804 3469 3434)
4(2803 3468 3469 2804)
4(3433 3434 3469 3468)
4(2770 2805 3470 3435)
4(2804 3469 3470 2805)
4(3434 3435 3470 3469)
4(2771 2806 3471 3436)
4(2805 3470 3471 2806)
4(3435 3436 3471 3470)
4(2772 2807 3472 3437)
4(2806 3471 3472 2807)
4(3436 3437 3472 3471)
4(2773 2808 3473 3438)
4(2807 3472 3473 2808)
4(3437 3438 3473 3472)
4(2774 2809 3474 3439)
4(2808 3473 3474 2809)
4(3438 3439 3474 3473)
4(2775 2810 3475 3440)
4(2809 3474 3475 2810)
4(3439 3440 3475 3474)
4(2776 2811 3476 3441)
4(2810 3475 3476 2811)
4(3440 3441 3476 3475)
4(2777 2812 3477 3442)
4(2811 3476 3477 2812)
4(3441 3442 3477 3476)
4(2778 2813 3478 3443)
4(2812 3477 3478 2813)
4(3442 3443 3478 3477)
4(2779 2814 3479 3444)
4(2813 3478 3479 2814)
4(3443 3444 3479 3478)
4(2780 2815 3480 3445)
4(2814 3479 3480 2815)
4(3444 3445 3480 3479)
4(2781 2816 3481 3446)
4(2815 3480 3481 2816)
4(3445 3446 3481 3480)
4(2782 2817 3482 3447)
4(2816 3481 3482 2817)
4(3446 3447 3482 3481)
4(2783 2818 3483 3448)
4(2817 3482 3483 2818)
4(3447 3448 3483 3482)
4(2784 2819 3484 3449)
4(2818 3483 3484 2819)
4(3448 3449 3484 3483)
4(2785 2820 3485 3450)
4(2819 3484 3485 2820)
4(3449 3450 3485 3484)
4(2786 2821 3486 3451)
4(2820 3485 3486 2821)
4(3450 3451 3486 3485)
4(2787 2822 3487 3452)
4(2821 3486 3487 2822)
4(3451 3452 3487 3486)
4(2788 2823 3488 3453)
4(2822 3487 3488 2823)
4(3452 3453 3488 3487)
4(2789 2824 3489 3454)
4(2823 3488 3489 2824)
4(3453 3454 3489 3488)
4(2790 2825 3490 3455)
4(2824 3489 3490 2825)
4(3454 3455 3490 3489)
4(2791 2826 3491 3456)
4(2825 3490 3491 2826)
4(3455 3456 3491 3490)
4(2792 2827 3492 3457)
4(2826 3491 3492 2827)
4(3456 3457 3492 3491)
4(2793 2828 3493 3458)
4(2827 3492 3493 2828)
4(3457 3458 3493 3492)
4(2794 2829 3494 3459)
4(2828 3493 3494 2829)
4(3458 3459 3494 3493)
4(2795 2830 3495 3460)
4(2829 3494 3495 2830)
4(3459 3460 3495 3494)
4(2796 2831 3496 3461)
4(2830 3495 3496 2831)
4(3460 3461 3496 3495)
4(2797 2832 3497 3462)
4(2831 3496 3497 2832)
4(3461 3462 3497 3496)
4(2798 2833 3498 3463)
4(2832 3497 3498 2833)
4(3462 3463 3498 3497)
4(2833 3498 3499 2834)
4(3463 3464 3499 3498)
4(2801 2836 3501 3466)
4(2835 3500 3501 2836)
4(3465 3466 3501 3500)
4(2802 2837 3502 3467)
4(2836 3501 3502 2837)
4(3466 3467 3502 3501)
4(2803 2838 3503 3468)
4(2837 3502 3503 2838)
4(3467 3468 3503 3502)
4(2804 2839 3504 3469)
4(2838 3503 3504 2839)
4(3468 3469 3504 3503)
4(2805 2840 3505 3470)
4(2839 3504 3505 2840)
4(3469 3470 3505 3504)
4(2806 2841 3506 3471)
4(2840 3505 3506 2841)
4(3470 3471 3506 3505)
4(2807 2842 3507 3472)
4(2841 3506 3507 2842)
4(3471 3472 3507 3506)
4(2808 2843 3508 3473)
4(2842 3507 3508 2843)
4(3472 3473 3508 3507)
4(2809 2844 3509 3474)
4(2843 3508 3509 2844)
4(3473 3474 3509 3508)
4(2810 2845 3510 3475)
4(2844 3509 3510 2845)
4(3474 3475 3510 3509)
4(2811 2846 3511 3476)
4(2845 3510 3511 2846)
4(3475 3476 3511 3510)
4(2812 2847 3512 3477)
4(2846 3511 3512 2847)
4(3476 3477 3512 3511)
4(2813 2848 3513 3478)
4(2847 3512 3513 2848)
4(3477 3478 3513 3512)
4(2814 2849 3514 3479)
4(2848 3513 3514 2849)
4(3478 3479 3514 3513)
4(2815 2850 3515 3480)
4(2849 3514 3515 2850)
4(3479 3480 3515 3514)
4(2816 2851 3516 3481)
4(2850 3515 3516 2851)
4(3480 3481 3516 3515)
4(2817 2852 3517 3482)
4(2851 3516 3517 2852)
4(3481 3482 3517 3516)
4(2818 2853 3518 3483)
4(2852 3517 3518 2853)
4(3482 3483 3518 3517)
4(2819 2854 3519 3484)
4(2853 3518 3519 2854)
4(3483 3484 3519 3518)
4(2820 2855 3520 3485)
4(2854 3519 3520 2855)
4(3484 3485 3520 3519)
4(2821 2856 3521 3486)
4(2855 3520 3521 2856)
4(3485 3486 3521 3520)
4(2822 2857 3522 3487)
4(2856 3521 3522 2857)
4(3486 3487 3522 3521)
4(2823 2858 3523 3488)
4(2857 3522 3523 2858)
4(3487 3488 3523 3522)
4(2824 2859 3524 3489)
4(2858 3523 3524 2859)
4(3488 3489 3524 3523)
4(2825 2860 3525 3490)
4(2859 3524 3525 2860)
4(3489 3490 3525 3524)
4(2826 2861 3526 3491)
4(2860 3525 3526 2861)
4(3490 3491 3526 3525)
4(2827 2862 3527 3492)
4(2861 3526 3527 2862)
4(3491 3492 3527 3526)
4(2828 2863 3528 3493)
4(2862 3527 3528 2863)
4(3492 3493 3528 3527)
4(2829 2864 3529 3494)
4(2863 3528 3529 2864)
4(3493 3494 3529 3528)
4(2830 2865 3530 3495)
4(2864 3529 3530 2865)
4(3494 3495 3530 3529)
4(2831 2866 3531 3496)
4(2865 3530 3531 2866)
4(3495 3496 3531 3530)
4(2832 2867 3532 3497)
4(2866 3531 3532 2867)
4(3496 3497 3532 3531)
4(2833 2868 3533 3498)
4(2867 3532 3533 2868)
4(3497 3498 3533 3532)
4(2868 3533 3534 2869)
4(3498 3499 3534 3533)
4(2836 2871 3536 3501)
4(2870 3535 3536 2871)
4(3500 3501 3536 3535)
4(2837 2872 3537 3502)
4(2871 3536 3537 2872)
4(3501 3502 3537 3536)
4(2838 2873 3538 3503)
4(2872 3537 3538 2873)
4(3502 3503 3538 3537)
4(2839 2874 3539 3504)
4(2873 3538 3539 2874)
4(3503 3504 3539 3538)
4(2840 2875 3540 3505)
4(2874 3539 3540 2875)
4(3504 3505 3540 3539)
4(2841 2876 3541 3506)
4(2875 3540 3541 2876)
4(3505 3506 3541 3540)
4(2842 2877 3542 3507)
4(2876 3541 3542 2877)
4(3506 3507 3542 3541)
4(2843 2878 3543 3508)
4(2877 3542 3543 2878)
4(3507 3508 3543 3542)
4(2844 2879 3544 3509)
4(2878 3543 3544 2879)
4(3508 3509 3544 3543)
4(2845 2880 3545 3510)
4(2879 3544 3545 2880)
4(3509 3510 3545 3544)
4(2846 2881 3546 3511)
4(2880 3545 3546 2881)
4(3510 3511 3546 3545)
4(2847 2882 3547 3512)
4(2881 3546 3547 2882)
4(3511 3512 3547 3546)
4(2848 2883 3548 3513)
4(2882 3547 3548 2883)
4(3512 3513 3548 3547)
4(2849 2884 3549 3514)
4(2883 3548 3549 2884)
4(3513 3514 3549 3548)
4(2850 2885 3550 3515)
4(2884 3549 3550 2885)
4(3514 3515 3550 3549)
4(2851 2886 3551 3516)
4(2885 3550 3551 2886)
4(3515 3516 3551 3550)
4(2852 2887 3552 3517)
4(2886 3551 3552 2887)
4(3516 3517 3552 3551)
4(2853 2888 3553 3518)
4(2887 3552 3553 2888)
4(3517 3518 3553 3552)
4(2854 2889 3554 3519)
4(2888 3553 3554 2889)
4(3518 3519 3554 3553)
4(2855 2890 3555 3520)
4(2889 3554 3555 2890)
4(3519 3520 3555 3554)
4(2856 2891 3556 3521)
4(2890 3555 3556 2891)
4(3520 3521 3556 3555)
4(2857 2892 3557 3522)
4(2891 3556 3557 2892)
4(3521 3522 3557 3556)
4(2858 2893 3558 3523)
4(2892 3557 3558 2893)
4(3522 3523 3558 3557)
4(2859 2894 3559 3524)
4(2893 3558 3559 2894)
4(3523 3524 3559 3558)
4(2860 2895 3560 3525)
4(2894 3559 3560 2895)
4(3524 3525 3560 3559)
4(2861 2896 3561 3526)
4(2895 3560 3561 2896)
4(3525 3526 3561 3560)
4(2862 2897 3562 3527)
4(2896 3561 3562 2897)
4(3526 3527 3562 3561)
4(2863 2898 3563 3528)
4(2897 3562 3563 2898)
4(3527 3528 3563 3562)
4(2864 2899 3564 3529)
4(2898 3563 3564 2899)
4(3528 3529 3564 3563)
4(2865 2900 3565 3530)
4(2899 3564 3565 2900)
4(3529 3530 3565 3564)
4(2866 2901 3566 3531)
4(2900 3565 3566 2901)
4(3530 3531 3566 3565)
4(2867 2902 3567 3532)
4(2901 3566 3567 2902)
4(3531 3532 3567 3566)
4(2868 2903 3568 3533)
4(2902 3567 3568 2903)
4(3532 3533 3568 3567)
4(2903 3568 3569 2904)
4(3533 3534 3569 3568)
4(2871 2906 3571 3536)
4(2905 3570 3571 2906)
4(3535 3536 3571 3570)
4(2872 2907 3572 3537)
4(2906 3571 3572 2907)
4(3536 3537 3572 3571)
4(2873 2908 3573 3538)
4(2907 3572 3573 2908)
4(3537 3538 3573 3572)
4(2874 2909 3574 3539)
4(2908 3573 3574 2909)
4(3538 3539 3574 3573)
4(2875 2910 3575 3540)
4(2909 3574 3575 2910)
4(3539 3540 3575 3574)
4(2876 2911 3576 3541)
4(2910 3575 3576 2911)
4(3540 3541 3576 3575)
4(2877 2912 3577 3542)
4(2911 3576 3577 2912)
4(3541 3542 3577 3576)
4(2878 2913 3578 3543)
4(2912 3577 3578 2913)
4(3542 3543 3578 3577)
4(2879 2914 3579 3544)
4(2913 3578 3579 2914)
4(3543 3544 3579 3578)
4(2880 2915 3580 3545)
4(2914 3579 3580 2915)
4(3544 3545 3580 3579)
4(2881 2916 3581 3546)
4(2915 3580 3581 2916)
4(3545 3546 3581 3580)
4(2882 2917 3582 3547)
4(2916 3581 3582 2917)
4(3546 3547 3582 3581)
4(2883 2918 3583 3548)
4(2917 3582 3583 2918)
4(3547 3548 3583 3582)
4(2884 2919 3584 3549)
4(2918 3583 3584 2919)
4(3548 3549 3584 3583)
4(2885 2920 3585 3550)
4(2919 3584 3585 2920)
4(3549 3550 3585 3584)
4(2886 2921 3586 3551)
4(2920 3585 3586 2921)
4(3550 3551 3586 3585)
4(2887 2922 3587 3552)
4(2921 3586 3587 2922)
4(3551 3552 3587 3586)
4(2888 2923 3588 3553)
4(2922 3587 3588 2923)
4(3552 3553 3588 3587)
4(2889 2924 3589 3554)
4(2923 3588 3589 2924)
4(3553 3554 3589 3588)
4(2890 2925 3590 3555)
4(2924 3589 3590 2925)
4(3554 3555 3590 3589)
4(2891 2926 3591 3556)
4(2925 3590 3591 2926)
4(3555 3556 3591 3590)
4(2892 2927 3592 3557)
4(2926 3591 3592 2927)
4(3556 3557 3592 3591)
4(2893 2928 3593 3558)
4(2927 3592 3593 2928)
4(3557 3558 3593 3592)
4(2894 2929 3594 3559)
4(2928 3593 3594 2929)
4(3558 3559 3594 3593)
4(2895 2930 3595 3560)
4(2929 3594 3595 2930)
4(3559 3560 3595 3594)
4(2896 2931 3596 3561)
4(2930 3595 3596 2931)
4(3560 3561 3596 3595)
4(2897 2932 3597 3562)
4(2931 3596 3597 2932)
4(3561 3562 3597 3596)
4(2898 2933 3598 3563)
4(2932 3597 3598 2933)
4(3562 3563 3598 3597)
4(2899 2934 3599 3564)
4(2933 3598 3599 2934)
4(3563 3564 3599 3598)
4(2900 2935 3600 3565)
4(2934 3599 3600 2935)
4(3564 3565 3600 3599)
4(2901 2936 3601 3566)
4(2935 3600 3601 2936)
4(3565 3566 3601 3600)
4(2902 2937 3602 3567)
4(2936 3601 3602 2937)
4(3566 3567 3602 3601)
4(2903 2938 3603 3568)
4(2937 3602 3603 2938)
4(3567 3568 3603 3602)
4(2938 3603 3604 2939)
4(3568 3569 3604 3603)
4(2906 2941 3606 3571)
4(2940 3605 3606 2941)
4(3570 3571 3606 3605)
4(2907 2942 3607 3572)
4(2941 3606 3607 2942)
4(3571 3572 3607 3606)
4(2908 2943 3608 3573)
4(2942 3607 3608 2943)
4(3572 3573 3608 3607)
4(2909 2944 3609 3574)
4(2943 3608 3609 2944)
4(3573 3574 3609 3608)
4(2910 2945 3610 3575)
4(2944 3609 3610 2945)
4(3574 3575 3610 3609)
4(2911 2946 3611 3576)
4(2945 3610 3611 2946)
4(3575 3576 3611 3610)
4(2912 2947 3612 3577)
4(2946 3611 3612 2947)
4(3576 3577 3612 3611)
4(2913 2948 3613 3578)
4(2947 3612 3613 2948)
4(3577 3578 3613 3612)
4(2914 2949 3614 3579)
4(2948 3613 3614 2949)
4(3578 3579 3614 3613)
4(2915 2950 3615 3580)
4(2949 3614 3615 2950)
4(3579 3580 3615 3614)
4(2916 2951 3616 3581)
4(2950 3615 3616 2951)
4(3580 3581 3616 3615)
4(2917 2952 3617 3582)
4(2951 3616 3617 2952)
4(3581 3582 3617 3616)
4(2918 2953 3618 3583)
4(2952 3617 3618 2953)
4(3582 3583 3618 3617)
4(2919 2954 3619 3584)
4(2953 3618 3619 2954)
4(3583 3584 3619 3618)
4(2920 2955 3620 3585)
4(2954 3619 3620 2955)
4(3584 3585 3620 3619)
4(2921 2956 3621 3586)
4(2955 3620 3621 2956)
4(3585 3586 3621 3620)
4(2922 2957 3622 3587)
4(2956 3621 3622 2957)
4(3586 3587 3622 3621)
4(2923 2958 3623 3588)
4(2957 3622 3623 2958)
4(3587 3588 3623 3622)
4(2924 2959 3624 3589)
4(2958 3623 3624 2959)
4(3588 3589 3624 3623)
4(2925 2960 3625 3590)
4(2959 3624 3625 2960)
4(3589 3590 3625 3624)
4(2926 2961 3626 3591)
4(2960 3625 3626 2961)
4(3590 3591 3626 3625)
4(2927 2962 3627 3592)
4(2961 3626 3627 2962)
4(3591 3592 3627 3626)
4(2928 2963 3628 3593)
4(2962 3627 3628 2963)
4(3592 3593 3628 3627)
4(2929 2964 3629 3594)
4(2963 3628 3629 2964)
4(3593 3594 3629 3628)
4(2930 2965 3630 3595)
4(2964 3629 3630 2965)
4(3594 3595 3630 3629)
4(2931 2966 3631 3596)
4(2965 3630 3631 2966)
4(3595 3596 3631 3630)
4(2932 2967 3632 3597)
4(2966 3631 3632 2967)
4(3596 3597 3632 3631)
4(2933 2968 3633 3598)
4(2967 3632 3633 2968)
4(3597 3598 3633 3632)
4(2934 2969 3634 3599)
4(2968 3633 3634 2969)
4(3598 3599 3634 3633)
4(2935 2970 3635 3600)
4(2969 3634 3635 2970)
4(3599 3600 3635 3634)
4(2936 2971 3636 3601)
4(2970 3635 3636 2971)
4(3600 3601 3636 3635)
4(2937 2972 3637 3602)
4(2971 3636 3637 2972)
4(3601 3602 3637 3636)
4(2938 2973 3638 3603)
4(2972 3637 3638 2973)
4(3602 3603 3638 3637)
4(2973 3638 3639 2974)
4(3603 3604 3639 3638)
4(2941 2976 3641 3606)
4(2975 3640 3641 2976)
4(3605 3606 3641 3640)
4(2942 2977 3642 3607)
4(2976 3641 3642 2977)
4(3606 3607 3642 3641)
4(2943 2978 3643 3608)
4(2977 3642 3643 2978)
4(3607 3608 3643 3642)
4(2944 2979 3644 3609)
4(2978 3643 3644 2979)
4(3608 3609 3644 3643)
4(2945 2980 3645 3610)
4(2979 3644 3645 2980)
4(3609 3610 3645 3644)
4(2946 2981 3646 3611)
4(2980 3645 3646 2981)
4(3610 3611 3646 3645)
4(2947 2982 3647 3612)
4(2981 3646 3647 2982)
4(3611 3612 3647 3646)
4(2948 2983 3648 3613)
4(2982 3647 3648 2983)
4(3612 3613 3648 3647)
4(2949 2984 3649 3614)
4(2983 3648 3649 2984)
4(3613 3614 3649 3648)
4(2950 2985 3650 3615)
4(2984 3649 3650 2985)
4(3614 3615 3650 3649)
4(2951 2986 3651 3616)
4(2985 3650 3651 2986)
4(3615 3616 3651 3650)
4(2952 2987 3652 3617)
4(2986 3651 3652 2987)
4(3616 3617 3652 3651)
4(2953 2988 3653 3618)
4(2987 3652 3653 2988)
4(3617 3618 3653 3652)
4(2954 2989 3654 3619)
4(2988 3653 3654 2989)
4(3618 3619 3654 3653)
4(2955 2990 3655 3620)
4(2989 3654 3655 2990)
4(3619 3620 3655 3654)
4(2956 2991 3656 3621)
4(2990 3655 3656 2991)
4(3620 3621 3656 3655)
4(2957 2992 3657 3622)
4(2991 3656 3657 2992)
4(3621 3622 3657 3656)
4(2958 2993 3658 3623)
4(2992 3657 3658 2993)
4(3622 3623 3658 3657)
4(2959 2994 3659 3624)
4(2993 3658 3659 2994)
4(3623 3624 3659 3658)
4(2960 2995 3660 3625)
4(2994 3659 3660 2995)
4(3624 3625 3660 3659)
4(2961 2996 3661 3626)
4(2995 3660 3661 2996)
4(3625 3626 3661 3660)
4(2962 2997 3662 3627)
4(2996 3661 3662 2997)
4(3626 3627 3662 3661)
4(2963 2998 3663 3628)
4(2997 3662 3663 2998)
4(3627 3628 3663 3662)
4(2964 2999 3664 3629)
4(2998 3663 3664 2999)
4(3628 3629 3664 3663)
4(2965 3000 3665 3630)
4(2999 3664 3665 3000)
4(3629 3630 3665 3664)
4(2966 3001 3666 3631)
4(3000 3665 3666 3001)
4(3630 3631 3666 3665)
4(2967 3002 3667 3632)
4(3001 3666 3667 3002)
4(3631 3632 3667 3666)
4(2968 3003 3668 3633)
4(3002 3667 3668 3003)
4(3632 3633 3668 3667)
4(2969 3004 3669 3634)
4(3003 3668 3669 3004)
4(3633 3634 3669 3668)
4(2970 3005 3670 3635)
4(3004 3669 3670 3005)
4(3634 3635 3670 3669)
4(2971 3006 3671 3636)
4(3005 3670 3671 3006)
4(3635 3636 3671 3670)
4(2972 3007 3672 3637)
4(3006 3671 3672 3007)
4(3636 3637 3672 3671)
4(2973 3008 3673 3638)
4(3007 3672 3673 3008)
4(3637 3638 3673 3672)
4(3008 3673 3674 3009)
4(3638 3639 3674 3673)
4(2976 3011 3676 3641)
4(3010 3675 3676 3011)
4(3640 3641 3676 3675)
4(2977 3012 3677 3642)
4(3011 3676 3677 3012)
4(3641 3642 3677 3676)
4(2978 3013 3678 3643)
4(3012 3677 3678 3013)
4(3642 3643 3678 3677)
4(2979 3014 3679 3644)
4(3013 3678 3679 3014)
4(3643 3644 3679 3678)
4(2980 3015 3680 3645)
4(3014 3679 3680 3015)
4(3644 3645 3680 3679)
4(2981 3016 3681 3646)
4(3015 3680 3681 3016)
4(3645 3646 3681 3680)
4(2982 3017 3682 3647)
4(3016 3681 3682 3017)
4(3646 3647 3682 3681)
4(2983 3018 3683 3648)
4(3017 3682 3683 3018)
4(3647 3648 3683 3682)
4(2984 3019 3684 3649)
4(3018 3683 3684 3019)
4(3648 3649 3684 3683)
4(2985 3020 3685 3650)
4(3019 3684 3685 3020)
4(3649 3650 3685 3684)
4(2986 3021 3686 3651)
4(3020 3685 3686 3021)
4(3650 3651 3686 3685)
4(2987 3022 3687 3652)
4(3021 3686 3687 3022)
4(3651 3652 3687 3686)
4(2988 3023 3688 3653)
4(3022 3687 3688 3023)
4(3652 3653 3688 3687)
4(2989 3024 3689 3654)
4(3023 3688 3689 3024)
4(3653 3654 3689 3688)
4(2990 3025 3690 3655)
4(3024 3689 3690 3025)
4(3654 3655 3690 3689)
4(2991 3026 3691 3656)
4(3025 3690 3691 3026)
4(3655 3656 3691 3690)
4(2992 3027 3692 3657)
4(3026 3691 3692 3027)
4(3656 3657 3692 3691)
4(2993 3028 3693 3658)
4(3027 3692 3693 3028)
4(3657 3658 3693 3692)
4(2994 3029 3694 3659)
4(3028 3693 3694 3029)
4(3658 3659 3694 3693)
4(2995 3030 3695 3660)
4(3029 3694 3695 3030)
4(3659 3660 3695 3694)
4(2996 3031 3696 3661)
4(3030 3695 3696 3031)
4(3660 3661 3696 3695)
4(2997 3032 3697 3662)
4(3031 3696 3697 3032)
4(3661 3662 3697 3696)
4(2998 3033 3698 3663)
4(3032 3697 3698 3033)
4(3662 3663 3698 3697)
4(2999 3034 3699 3664)
4(3033 3698 3699 3034)
4(3663 3664 3699 3698)
4(3000 3035 3700 3665)
4(3034 3699 3700 3035)
4(3664 3665 3700 3699)
4(3001 3036 3701 3666)
4(3035 3700 3701 3036)
4(3665 3666 3701 3700)
4(3002 3037 3702 3667)
4(3036 3701 3702 3037)
4(3666 3667 3702 3701)
4(3003 3038 3703 3668)
4(3037 3702 3703 3038)
4(3667 3668 3703 3702)
4(3004 3039 3704 3669)
4(3038 3703 3704 3039)
4(3668 3669 3704 3703)
4(3005 3040 3705 3670)
4(3039 3704 3705 3040)
4(3669 3670 3705 3704)
4(3006 3041 3706 3671)
4(3040 3705 3706 3041)
4(3670 3671 3706 3705)
4(3007 3042 3707 3672)
4(3041 3706 3707 3042)
4(3671 3672 3707 3706)
4(3008 3043 3708 3673)
4(3042 3707 3708 3043)
4(3672 3673 3708 3707)
4(3043 3708 3709 3044)
4(3673 3674 3709 3708)
4(3011 3046 3711 3676)
4(3045 3710 3711 3046)
4(3675 3676 3711 3710)
4(3012 3047 3712 3677)
4(3046 3711 3712 3047)
4(3676 3677 3712 3711)
4(3013 3048 3713 3678)
4(3047 3712 3713 3048)
4(3677 3678 3713 3712)
4(3014 3049 3714 3679)
4(3048 3713 3714 3049)
4(3678 3679 3714 3713)
4(3015 3050 3715 3680)
4(3049 3714 3715 3050)
4(3679 3680 3715 3714)
4(3016 3051 3716 3681)
4(3050 3715 3716 3051)
4(3680 3681 3716 3715)
4(3017 3052 3717 3682)
4(3051 3716 3717 3052)
4(3681 3682 3717 3716)
4(3018 3053 3718 3683)
4(3052 3717 3718 3053)
4(3682 3683 3718 3717)
4(3019 3054 3719 3684)
4(3053 3718 3719 3054)
4(3683 3684 3719 3718)
4(3020 3055 3720 3685)
4(3054 3719 3720 3055)
4(3684 3685 3720 3719)
4(3021 3056 3721 3686)
4(3055 3720 3721 3056)
4(3685 3686 3721 3720)
4(3022 3057 3722 3687)
4(3056 3721 3722 3057)
4(3686 3687 3722 3721)
4(3023 3058 3723 3688)
4(3057 3722 3723 3058)
4(3687 3688 3723 3722)
4(3024 3059 3724 3689)
4(3058 3723 3724 3059)
4(3688 3689 3724 3723)
4(3025 3060 3725 3690)
4(3059 3724 3725 3060)
4(3689 3690 3725 3724)
4(3026 3061 3726 3691)
4(3060 3725 3726 3061)
4(3690 3691 3726 3725)
4(3027 3062 3727 3692)
4(3061 3726 3727 3062)
4(3691 3692 3727 3726)
4(3028 3063 3728 3693)
4(3062 3727 3728 3063)
4(3692 3693 3728 3727)
4(3029 3064 3729 3694)
4(3063 3728 3729 3064)
4(3693 3694 3729 3728)
4(3030 3065 3730 3695)
4(3064 3729 3730 3065)
4(3694 3695 3730 3729)
4(3031 3066 3731 3696)
4(3065 3730 3731 3066)
4(3695 3696 3731 3730)
4(3032 3067 3732 3697)
4(3066 3731 3732 3067)
4(3696 3697 3732 3731)
4(3033 3068 3733 3698)
4(3067 3732 3733 3068)
4(3697 3698 3733 3732)
4(3034 3069 3734 3699)
4(3068 3733 3734 3069)
4(3698 3699 3734 3733)
4(3035 3070 3735 3700)
4(3069 3734 3735 3070)
4(3699 3700 3735 3734)
4(3036 3071 3736 3701)
4(3070 3735 3736 3071)
4(3700 3701 3736 3735)
4(3037 3072 3737 3702)
4(3071 3736 3737 3072)
4(3701 3702 3737 3736)
4(3038 3073 3738 3703)
4(3072 3737 3738 3073)
4(3702 3703 3738 3737)
4(3039 3074 3739 3704)
4(3073 3738 3739 3074)
4(3703 3704 3739 3738)
4(3040 3075 3740 3705)
4(3074 3739 3740 3075)
4(3704 3705 3740 3739)
4(3041 3076 3741 3706)
4(3075 3740 3741 3076)
4(3705 3706 3741 3740)
4(3042 3077 3742 3707)
4(3076 3741 3742 3077)
4(3706 3707 3742 3741)
4(3043 3078 3743 3708)
4(3077 3742 3743 3078)
4(3707 3708 3743 3742)
4(3078 3743 3744 3079)
4(3708 3709 3744 3743)
4(3046 3081 3746 3711)
4(3080 3745 3746 3081)
4(3710 3711 3746 3745)
4(3047 3082 3747 3712)
4(3081 3746 3747 3082)
4(3711 3712 3747 3746)
4(3048 3083 3748 3713)
4(3082 3747 3748 3083)
4(3712 3713 3748 3747)
4(3049 3084 3749 3714)
4(3083 3748 3749 3084)
4(3713 3714 3749 3748)
4(3050 3085 3750 3715)
4(3084 3749 3750 3085)
4(3714 3715 3750 3749)
4(3051 3086 3751 3716)
4(3085 3750 3751 3086)
4(3715 3716 3751 3750)
4(3052 3087 3752 3717)
4(3086 3751 3752 3087)
4(3716 3717 3752 3751)
4(3053 3088 3753 3718)
4(3087 3752 3753 3088)
4(3717 3718 3753 3752)
4(3054 3089 3754 3719)
4(3088 3753 3754 3089)
4(3718 3719 3754 3753)
4(3055 3090 3755 3720)
4(3089 3754 3755 3090)
4(3719 3720 3755 3754)
4(3056 3091 3756 3721)
4(3090 3755 3756 3091)
4(3720 3721 3756 3755)
4(3057 3092 3757 3722)
4(3091 3756 3757 3092)
4(3721 3722 3757 3756)
4(3058 3093 3758 3723)
4(3092 3757 3758 3093)
4(3722 3723 3758 3757)
4(3059 3094 3759 3724)
4(3093 3758 3759 3094)
4(3723 3724 3759 3758)
4(3060 3095 3760 3725)
4(3094 3759 3760 3095)
4(3724 3725 3760 3759)
4(3061 3096 3761 3726)
4(3095 3760 3761 3096)
4(3725 3726 3761 3760)
4(3062 3097 3762 3727)
4(3096 3761 3762 3097)
4(3726 3727 3762 3761)
4(3063 3098 3763 3728)
4(3097 3762 3763 3098)
4(3727 3728 3763 3762)
4(3064 3099 3764 3729)
4(3098 3763 3764 3099)
4(3728 3729 3764 3763)
4(3065 3100 3765 3730)
4(3099 3764 3765 3100)
4(3729 3730 3765 3764)
4(3066 3101 3766 3731)
4(3100 3765 3766 3101)
4(3730 3731 3766 3765)
4(3067 3102 3767 3732)
4(3101 3766 3767 3102)
4(3731 3732 3767 3766)
4(3068 3103 3768 3733)
4(3102 3767 3768 3103)
4(3732 3733 3768 3767)
4(3069 3104 3769 3734)
4(3103 3768 3769 3104)
4(3733 3734 3769 3768)
4(3070 3105 3770 3735)
4(3104 3769 3770 3105)
4(3734 3735 3770 3769)
4(3071 3106 3771 3736)
4(3105 3770 3771 3106)
4(3735 3736 3771 3770)
4(3072 3107 3772 3737)
4(3106 3771 3772 3107)
4(3736 3737 3772 3771)
4(3073 3108 3773 3738)
4(3107 3772 3773 3108)
4(3737 3738 3773 3772)
4(3074 3109 3774 3739)
4(3108 3773 3774 3109)
4(3738 3739 3774 3773)
4(3075 3110 3775 3740)
4(3109 3774 3775 3110)
4(3739 3740 3775 3774)
4(3076 3111 3776 3741)
4(3110 3775 3776 3111)
4(3740 3741 3776 3775)
4(3077 3112 3777 3742)
4(3111 3776 3777 3112)
4(3741 3742 3777 3776)
4(3078 3113 3778 3743)
4(3112 3777 3778 3113)
4(3742 3743 3778 3777)
4(3113 3778 3779 3114)
4(3743 3744 3779 3778)
4(3081 3116 3781 3746)
4(3115 3780 3781 3116)
4(3745 3746 3781 3780)
4(3082 3117 3782 3747)
4(3116 3781 3782 3117)
4(3746 3747 3782 3781)
4(3083 3118 3783 3748)
4(3117 3782 3783 3118)
4(3747 3748 3783 3782)
4(3084 3119 3784 3749)
4(3118 3783 3784 3119)
4(3748 3749 3784 3783)
4(3085 3120 3785 3750)
4(3119 3784 3785 3120)
4(3749 3750 3785 3784)
4(3086 3121 3786 3751)
4(3120 3785 3786 3121)
4(3750 3751 3786 3785)
4(3087 3122 3787 3752)
4(3121 3786 3787 3122)
4(3751 3752 3787 3786)
4(3088 3123 3788 3753)
4(3122 3787 3788 3123)
4(3752 3753 3788 3787)
4(3089 3124 3789 3754)
4(3123 3788 3789 3124)
4(3753 3754 3789 3788)
4(3090 3125 3790 3755)
4(3124 3789 3790 3125)
4(3754 3755 3790 3789)
4(3091 3126 3791 3756)
4(3125 3790 3791 3126)
4(3755 3756 3791 3790)
4(3092 3127 3792 3757)
4(3126 3791 3792 3127)
4(3756 3757 3792 3791)
4(3093 3128 3793 3758)
4(3127 3792 3793 3128)
4(3757 3758 3793 3792)
4(3094 3129 3794 3759)
4(3128 3793 3794 3129)
4(3758 3759 3794 3793)
4(3095 3130 3795 3760)
4(3129 3794 3795 3130)
4(3759 3760 3795 3794)
4(3096 3131 3796 3761)
4(3130 3795 3796 3131)
4(3760 3761 3796 3795)
4(3097 3132 3797 3762)
4(3131 3796 3797 3132)
4(3761 3762 3797 3796)
4(3098 3133 3798 3763)
4(3132 3797 3798 3133)
4(3762 3763 3798 3797)
4(3099 3134 3799 3764)
4(3133 3798 3799 3134)
4(3763 3764 3799 3798)
4(3100 3135 3800 3765)
4(3134 3799 3800 3135)
4(3764 3765 3800 3799)
4(3101 3136 3801 3766)
4(3135 3800 3801 3136)
4(3765 3766 3801 3800)
4(3102 3137 3802 3767)
4(3136 3801 3802 3137)
4(3766 3767 3802 3801)
4(3103 3138 3803 3768)
4(3137 3802 3803 3138)
4(3767 3768 3803 3802)
4(3104 3139 3804 3769)
4(3138 3803 3804 3139)
4(3768 3769 3804 3803)
4(3105 3140 3805 3770)
4(3139 3804 3805 3140)
4(3769 3770 3805 3804)
4(3106 3141 3806 3771)
4(3140 3805 3806 3141)
4(3770 3771 3806 3805)
4(3107 3142 3807 3772)
4(3141 3806 3807 3142)
4(3771 3772 3807 3806)
4(3108 3143 3808 3773)
4(3142 3807 3808 3143)
4(3772 3773 3808 3807)
4(3109 3144 3809 3774)
4(3143 3808 3809 3144)
4(3773 3774 3809 3808)
4(3110 3145 3810 3775)
4(3144 3809 3810 3145)
4(3774 3775 3810 3809)
4(3111 3146 3811 3776)
4(3145 3810 3811 3146)
4(3775 3776 3811 3810)
4(3112 3147 3812 3777)
4(3146 3811 3812 3147)
4(3776 3777 3812 3811)
4(3113 3148 3813 3778)
4(3147 3812 3813 3148)
4(3777 3778 3813 3812)
4(3148 3813 3814 3149)
4(3778 3779 3814 3813)
4(3116 3151 3816 3781)
4(3150 3815 3816 3151)
4(3780 3781 3816 3815)
4(3117 3152 3817 3782)
4(3151 3816 3817 3152)
4(3781 3782 3817 3816)
4(3118 3153 3818 3783)
4(3152 3817 3818 3153)
4(3782 3783 3818 3817)
4(3119 3154 3819 3784)
4(3153 3818 3819 3154)
4(3783 3784 3819 3818)
4(3120 3155 3820 3785)
4(3154 3819 3820 3155)
4(3784 3785 3820 3819)
4(3121 3156 3821 3786)
4(3155 3820 3821 3156)
4(3785 3786 3821 3820)
4(3122 3157 3822 3787)
4(3156 3821 3822 3157)
4(3786 3787 3822 3821)
4(3123 3158 3823 3788)
4(3157 3822 3823 3158)
4(3787 3788 3823 3822)
4(3124 3159 3824 3789)
4(3158 3823 3824 3159)
4(3788 3789 3824 3823)
4(3125 3160 3825 3790)
4(3159 3824 3825 3160)
4(3789 3790 3825 3824)
4(3126 3161 3826 3791)
4(3160 3825 3826 3161)
4(3790 3791 3826 3825)
4(3127 3162 3827 3792)
4(3161 3826 3827 3162)
4(3791 3792 3827 3826)
4(3128 3163 3828 3793)
4(3162 3827 3828 3163)
4(3792 3793 3828 3827)
4(3129 3164 3829 3794)
4(3163 3828 3829 3164)
4(3793 3794 3829 3828)
4(3130 3165 3830 3795)
4(3164 3829 3830 3165)
4(3794 3795 3830 3829)
4(3131 3166 3831 3796)
4(3165 3830 3831 3166)
4(3795 3796 3831 3830)
4(3132 3167 3832 3797)
4(3166 3831 3832 3167)
4(3796 3797 3832 3831)
4(3133 3168 3833 3798)
4(3167 3832 3833 3168)
4(3797 3798 3833 3832)
4(3134 3169 3834 3799)
4(3168 3833 3834 3169)
4(3798 3799 3834 3833)
4(3135 3170 3835 3800)
4(3169 3834 3835 3170)
4(3799 3800 3835 3834)
4(3136 3171 3836 3801)
4(3170 3835 3836 3171)
4(3800 3801 3836 3835)
4(3137 3172 3837 3802)
4(3171 3836 3837 3172)
4(3801 3802 3837 3836)
4(3138 3173 3838 3803)
4(3172 3837 3838 3173)
4(3802 3803 3838 3837)
4(3139 3174 3839 3804)
4(3173 3838 3839 3174)
4(3803 3804 3839 3838)
4(3140 3175 3840 3805)
4(3174 3839 3840 3175)
4(3804 3805 3840 3839)
4(3141 3176 3841 3806)
4(3175 3840 3841 3176)
4(3805 3806 3841 3840)
4(3142 3177 3842 3807)
4(3176 3841 3842 3177)
4(3806 3807 3842 3841)
4(3143 3178 3843 3808)
4(3177 3842 3843 3178)
4(3807 3808 3843 3842)
4(3144 3179 3844 3809)
4(3178 3843 3844 3179)
4(3808 3809 3844 3843)
4(3145 3180 3845 3810)
4(3179 3844 3845 3180)
4(3809 3810 3845 3844)
4(3146 3181 3846 3811)
4(3180 3845 3846 3181)
4(3810 3811 3846 3845)
4(3147 3182 3847 3812)
4(3181 3846 3847 3182)
4(3811 3812 3847 3846)
4(3148 3183 3848 3813)
4(3182 3847 3848 3183)
4(3812 3813 3848 3847)
4(3183 3848 3849 3184)
4(3813 3814 3849 3848)
4(3151 3186 3851 3816)
4(3185 3850 3851 3186)
4(3815 3816 3851 3850)
4(3152 3187 3852 3817)
4(3186 3851 3852 3187)
4(3816 3817 3852 3851)
4(3153 3188 3853 3818)
4(3187 3852 3853 3188)
4(3817 3818 3853 3852)
4(3154 3189 3854 3819)
4(3188 3853 3854 3189)
4(3818 3819 3854 3853)
4(3155 3190 3855 3820)
4(3189 3854 3855 3190)
4(3819 3820 3855 3854)
4(3156 3191 3856 3821)
4(3190 3855 3856 3191)
4(3820 3821 3856 3855)
4(3157 3192 3857 3822)
4(3191 3856 3857 3192)
4(3821 3822 3857 3856)
4(3158 3193 3858 3823)
4(3192 3857 3858 3193)
4(3822 3823 3858 3857)
4(3159 3194 3859 3824)
4(3193 3858 3859 3194)
4(3823 3824 3859 3858)
4(3160 3195 3860 3825)
4(3194 3859 3860 3195)
4(3824 3825 3860 3859)
4(3161 3196 3861 3826)
4(3195 3860 3861 3196)
4(3825 3826 3861 3860)
4(3162 3197 3862 3827)
4(3196 3861 3862 3197)
4(3826 3827 3862 3861)
4(3163 3198 3863 3828)
4(3197 3862 3863 3198)
4(3827 3828 3863 3862)
4(3164 3199 3864 3829)
4(3198 3863 3864 3199)
4(3828 3829 3864 3863)
4(3165 3200 3865 3830)
4(3199 3864 3865 3200)
4(3829 3830 3865 3864)
4(3166 3201 3866 3831)
4(3200 3865 3866 3201)
4(3830 3831 3866 3865)
4(3167 3202 3867 3832)
4(3201 3866 3867 3202)
4(3831 3832 3867 3866)
4(3168 3203 3868 3833)
4(3202 3867 3868 3203)
4(3832 3833 3868 3867)
4(3169 3204 3869 3834)
4(3203 3868 3869 3204)
4(3833 3834 3869 3868)
4(3170 3205 3870 3835)
4(3204 3869 3870 3205)
4(3834 3835 3870 3869)
4(3171 3206 3871 3836)
4(3205 3870 3871 3206)
4(3835 3836 3871 3870)
4(3172 3207 3872 3837)
4(3206 3871 3872 3207)
4(3836 3837 3872 3871)
4(3173 3208 3873 3838)
4(3207 3872 3873 3208)
4(3837 3838 3873 3872)
4(3174 3209 3874 3839)
4(3208 3873 3874 3209)
4(3838 3839 3874 3873)
4(3175 3210 3875 3840)
4(3209 3874 3875 3210)
4(3839 3840 3875 3874)
4(3176 3211 3876 3841)
4(3210 3875 3876 3211)
4(3840 3841 3876 3875)
4(3177 3212 3877 3842)
4(3211 3876 3877 3212)
4(3841 3842 3877 3876)
4(3178 3213 3878 3843)
4(3212 3877 3878 3213)
4(3842 3843 3878 3877)
4(3179 3214 3879 3844)
4(3213 3878 3879 3214)
4(3843 3844 3879 3878)
4(3180 3215 3880 3845)
4(3214 3879 3880 3215)
4(3844 3845 3880 3879)
4(3181 3216 3881 3846)
4(3215 3880 3881 3216)
4(3845 3846 3881 3880)
4(3182 3217 3882 3847)
4(3216 3881 3882 3217)
4(3846 3847 3882 3881)
4(3183 3218 3883 3848)
4(3217 3882 3883 3218)
4(3847 3848 3883 3882)
4(3218 3883 3884 3219)
4(3848 3849 3884 3883)
4(3186 3221 3886 3851)
4(3220 3885 3886 3221)
4(3850 3851 3886 3885)
4(3187 3222 3887 3852)
4(3221 3886 3887 3222)
4(3851 3852 3887 3886)
4(3188 3223 3888 3853)
4(3222 3887 3888 3223)
4(3852 3853 3888 3887)
4(3189 3224 3889 3854)
4(3223 3888 3889 3224)
4(3853 3854 3889 3888)
4(3190 3225 3890 3855)
4(3224 3889 3890 3225)
4(3854 3855 3890 3889)
4(3191 3226 3891 3856)
4(3225 3890 3891 3226)
4(3855 3856 3891 3890)
4(3192 3227 3892 3857)
4(3226 3891 3892 3227)
4(3856 3857 3892 3891)
4(3193 3228 3893 3858)
4(3227 3892 3893 3228)
4(3857 3858 3893 3892)
4(3194 3229 3894 3859)
4(3228 3893 3894 3229)
4(3858 3859 3894 3893)
4(3195 3230 3895 3860)
4(3229 3894 3895 3230)
4(3859 3860 3895 3894)
4(3196 3231 3896 3861)
4(3230 3895 3896 3231)
4(3860 3861 3896 3895)
4(3197 3232 3897 3862)
4(3231 3896 3897 3232)
4(3861 3862 3897 3896)
4(3198 3233 3898 3863)
4(3232 3897 3898 3233)
4(3862 3863 3898 3897)
4(3199 3234 3899 3864)
4(3233 3898 3899 3234)
4(3863 3864 3899 3898)
4(3200 3235 3900 3865)
4(3234 3899 3900 3235)
4(3864 3865 3900 3899)
4(3201 3236 3901 3866)
4(3235 3900 3901 3236)
4(3865 3866 3901 3900)
4(3202 3237 3902 3867)
4(3236 3901 3902 3237)
4(3866 3867 3902 3901)
4(3203 3238 3903 3868)
4(3237 3902 3903 3238)
4(3867 3868 3903 3902)
4(3204 3239 3904 3869)
4(3238 3903 3904 3239)
4(3868 3869 3904 3903)
4(3205 3240 3905 3870)
4(3239 3904 3905 3240)
4(3869 3870 3905 3904)
4(3206 3241 3906 3871)
4(3240 3905 3906 3241)
4(3870 3871 3906 3905)
4(3207 3242 3907 3872)
4(3241 3906 3907 3242)
4(3871 3872 3907 3906)
4(3208 3243 3908 3873)
4(3242 3907 3908 3243)
4(3872 3873 3908 3907)
4(3209 3244 3909 3874)
4(3243 3908 3909 3244)
4(3873 3874 3909 3908)
4(3210 3245 3910 3875)
4(3244 3909 3910 3245)
4(3874 3875 3910 3909)
4(3211 3246 3911 3876)
4(3245 3910 3911 3246)
4(3875 3876 3911 3910)
4(3212 3247 3912 3877)
4(3246 3911 3912 3247)
4(3876 3877 3912 3911)
4(3213 3248 3913 3878)
4(3247 3912 3913 3248)
4(3877 3878 3913 3912)
4(3214 3249 3914 3879)
4(3248 3913 3914 3249)
4(3878 3879 3914 3913)
4(3215 3250 3915 3880)
4(3249 3914 3915 3250)
4(3879 3880 3915 3914)
4(3216 3251 3916 3881)
4(3250 3915 3916 3251)
4(3880 3881 3916 3915)
4(3217 3252 3917 3882)
4(3251 3916 3917 3252)
4(3881 3882 3917 3916)
4(3218 3253 3918 3883)
4(3252 3917 3918 3253)
4(3882 3883 3918 3917)
4(3253 3918 3919 3254)
4(3883 3884 3919 3918)
4(3221 3256 3921 3886)
4(3255 3920 3921 3256)
4(3885 3886 3921 3920)
4(3222 3257 3922 3887)
4(3256 3921 3922 3257)
4(3886 3887 3922 3921)
4(3223 3258 3923 3888)
4(3257 3922 3923 3258)
4(3887 3888 3923 3922)
4(3224 3259 3924 3889)
4(3258 3923 3924 3259)
4(3888 3889 3924 3923)
4(3225 3260 3925 3890)
4(3259 3924 3925 3260)
4(3889 3890 3925 3924)
4(3226 3261 3926 3891)
4(3260 3925 3926 3261)
4(3890 3891 3926 3925)
4(3227 3262 3927 3892)
4(3261 3926 3927 3262)
4(3891 3892 3927 3926)
4(3228 3263 3928 3893)
4(3262 3927 3928 3263)
4(3892 3893 3928 3927)
4(3229 3264 3929 3894)
4(3263 3928 3929 3264)
4(3893 3894 3929 3928)
4(3230 3265 3930 3895)
4(3264 3929 3930 3265)
4(3894 3895 3930 3929)
4(3231 3266 3931 3896)
4(3265 3930 3931 3266)
4(3895 3896 3931 3930)
4(3232 3267 3932 3897)
4(3266 3931 3932 3267)
4(3896 3897 3932 3931)
4(3233 3268 3933 3898)
4(3267 3932 3933 3268)
4(3897 3898 3933 3932)
4(3234 3269 3934 3899)
4(3268 3933 3934 3269)
4(3898 3899 3934 3933)
4(3235 3270 3935 3900)
4(3269 3934 3935 3270)
4(3899 3900 3935 3934)
4(3236 3271 3936 3901)
4(3270 3935 3936 3271)
4(3900 3901 3936 3935)
4(3237 3272 3937 3902)
4(3271 3936 3937 3272)
4(3901 3902 3937 3936)
4(3238 3273 3938 3903)
4(3272 3937 3938 3273)
4(3902 3903 3938 3937)
4(3239 3274 3939 3904)
4(3273 3938 3939 3274)
4(3903 3904 3939 3938)
4(3240 3275 3940 3905)
4(3274 3939 3940 3275)
4(3904 3905 3940 3939)
4(3241 3276 3941 3906)
4(3275 3940 3941 3276)
4(3905 3906 3941 3940)
4(3242 3277 3942 3907)
4(3276 3941 3942 3277)
4(3906 3907 3942 3941)
4(3243 3278 3943 3908)
4(3277 3942 3943 3278)
4(3907 3908 3943 3942)
4(3244 3279 3944 3909)
4(3278 3943 3944 3279)
4(3908 3909 3944 3943)
4(3245 3280 3945 3910)
4(3279 3944 3945 3280)
4(3909 3910 3945 3944)
4(3246 3281 3946 3911)
4(3280 3945 3946 3281)
4(3910 3911 3946 3945)
4(3247 3282 3947 3912)
4(3281 3946 3947 3282)
4(3911 3912 3947 3946)
4(3248 3283 3948 3913)
4(3282 3947 3948 3283)
4(3912 3913 3948 3947)
4(3249 3284 3949 3914)
4(3283 3948 3949 3284)
4(3913 3914 3949 3948)
4(3250 3285 3950 3915)
4(3284 3949 3950 3285)
4(3914 3915 3950 3949)
4(3251 3286 3951 3916)
4(3285 3950 3951 3286)
4(3915 3916 3951 3950)
4(3252 3287 3952 3917)
4(3286 3951 3952 3287)
4(3916 3917 3952 3951)
4(3253 3288 3953 3918)
4(3287 3952 3953 3288)
4(3917 3918 3953 3952)
4(3288 3953 3954 3289)
4(3918 3919 3954 3953)
4(3256 3291 3956 3921)
4(3920 3921 3956 3955)
4(3257 3292 3957 3922)
4(3921 3922 3957 3956)
4(3258 3293 3958 3923)
4(3922 3923 3958 3957)
4(3259 3294 3959 3924)
4(3923 3924 3959 3958)
4(3260 3295 3960 3925)
4(3924 3925 3960 3959)
4(3261 3296 3961 3926)
4(3925 3926 3961 3960)
4(3262 3297 3962 3927)
4(3926 3927 3962 3961)
4(3263 3298 3963 3928)
4(3927 3928 3963 3962)
4(3264 3299 3964 3929)
4(3928 3929 3964 3963)
4(3265 3300 3965 3930)
4(3929 3930 3965 3964)
4(3266 3301 3966 3931)
4(3930 3931 3966 3965)
4(3267 3302 3967 3932)
4(3931 3932 3967 3966)
4(3268 3303 3968 3933)
4(3932 3933 3968 3967)
4(3269 3304 3969 3934)
4(3933 3934 3969 3968)
4(3270 3305 3970 3935)
4(3934 3935 3970 3969)
4(3271 3306 3971 3936)
4(3935 3936 3971 3970)
4(3272 3307 3972 3937)
4(3936 3937 3972 3971)
4(3273 3308 3973 3938)
4(3937 3938 3973 3972)
4(3274 3309 3974 3939)
4(3938 3939 3974 3973)
4(3275 3310 3975 3940)
4(3939 3940 3975 3974)
4(3276 3311 3976 3941)
4(3940 3941 3976 3975)
4(3277 3312 3977 3942)
4(3941 3942 3977 3976)
4(3278 3313 3978 3943)
4(3942 3943 3978 3977)
4(3279 3314 3979 3944)
4(3943 3944 3979 3978)
4(3280 3315 3980 3945)
4(3944 3945 3980 3979)
4(3281 3316 3981 3946)
4(3945 3946 3981 3980)
4(3282 3317 3982 3947)
4(3946 3947 3982 3981)
4(3283 3318 3983 3948)
4(3947 3948 3983 3982)
4(3284 3319 3984 3949)
4(3948 3949 3984 3983)
4(3285 3320 3985 3950)
4(3949 3950 3985 3984)
4(3286 3321 3986 3951)
4(3950 3951 3986 3985)
4(3287 3322 3987 3952)
4(3951 3952 3987 3986)
4(3288 3323 3988 3953)
4(3952 3953 3988 3987)
4(3953 3954 3989 3988)
4(3326 3361 4026 3991)
4(3360 4025 4026 3361)
4(3990 3991 4026 4025)
4(3327 3362 4027 3992)
4(3361 4026 4027 3362)
4(3991 3992 4027 4026)
4(3328 3363 4028 3993)
4(3362 4027 4028 3363)
4(3992 3993 4028 4027)
4(3329 3364 4029 3994)
4(3363 4028 4029 3364)
4(3993 3994 4029 4028)
4(3330 3365 4030 3995)
4(3364 4029 4030 3365)
4(3994 3995 4030 4029)
4(3331 3366 4031 3996)
4(3365 4030 4031 3366)
4(3995 3996 4031 4030)
4(3332 3367 4032 3997)
4(3366 4031 4032 3367)
4(3996 3997 4032 4031)
4(3333 3368 4033 3998)
4(3367 4032 4033 3368)
4(3997 3998 4033 4032)
4(3334 3369 4034 3999)
4(3368 4033 4034 3369)
4(3998 3999 4034 4033)
4(3335 3370 4035 4000)
4(3369 4034 4035 3370)
4(3999 4000 4035 4034)
4(3336 3371 4036 4001)
4(3370 4035 4036 3371)
4(4000 4001 4036 4035)
4(3337 3372 4037 4002)
4(3371 4036 4037 3372)
4(4001 4002 4037 4036)
4(3338 3373 4038 4003)
4(3372 4037 4038 3373)
4(4002 4003 4038 4037)
4(3339 3374 4039 4004)
4(3373 4038 4039 3374)
4(4003 4004 4039 4038)
4(3340 3375 4040 4005)
4(3374 4039 4040 3375)
4(4004 4005 4040 4039)
4(3341 3376 4041 4006)
4(3375 4040 4041 3376)
4(4005 4006 4041 4040)
4(3342 3377 4042 4007)
4(3376 4041 4042 3377)
4(4006 4007 4042 4041)
4(3343 3378 4043 4008)
4(3377 4042 4043 3378)
4(4007 4008 4043 4042)
4(3344 3379 4044 4009)
4(3378 4043 4044 3379)
4(4008 4009 4044 4043)
4(3345 3380 4045 4010)
4(3379 4044 4045 3380)
4(4009 4010 4045 4044)
4(3346 3381 4046 4011)
4(3380 4045 4046 3381)
4(4010 4011 4046 4045)
4(3347 3382 4047 4012)
4(3381 4046 4047 3382)
4(4011 4012 4047 4046)
4(3348 3383 4048 4013)
4(3382 4047 4048 3383)
4(4012 4013 4048 4047)
4(3349 3384 4049 4014)
4(3383 4048 4049 3384)
4(4013 4014 4049 4048)
4(3350 3385 4050 4015)
4(3384 4049 4050 3385)
4(4014 4015 4050 4049)
4(3351 3386 4051 4016)
4(3385 4050 4051 3386)
4(4015 4016 4051 4050)
4(3352 3387 4052 4017)
4(3386 4051 4052 3387)
4(4016 4017 4052 4051)
4(3353 3388 4053 4018)
4(3387 4052 4053 3388)
4(4017 4018 4053 4052)
4(3354 3389 4054 4019)
4(3388 4053 4054 3389)
4(4018 4019 4054 4053)
4(3355 3390 4055 4020)
4(3389 4054 4055 3390)
4(4019 4020 4055 4054)
4(3356 3391 4056 4021)
4(3390 4055 4056 3391)
4(4020 4021 4056 4055)
4(3357 3392 4057 4022)
4(3391 4056 4057 3392)
4(4021 4022 4057 4056)
4(3358 3393 4058 4023)
4(3392 4057 4058 3393)
4(4022 4023 4058 4057)
4(3393 4058 4059 3394)
4(4023 4024 4059 4058)
4(3361 3396 4061 4026)
4(3395 4060 4061 3396)
4(4025 4026 4061 4060)
4(3362 3397 4062 4027)
4(3396 4061 4062 3397)
4(4026 4027 4062 4061)
4(3363 3398 4063 4028)
4(3397 4062 4063 3398)
4(4027 4028 4063 4062)
4(3364 3399 4064 4029)
4(3398 4063 4064 3399)
4(4028 4029 4064 4063)
4(3365 3400 4065 4030)
4(3399 4064 4065 3400)
4(4029 4030 4065 4064)
4(3366 3401 4066 4031)
4(3400 4065 4066 3401)
4(4030 4031 4066 4065)
4(3367 3402 4067 4032)
4(3401 4066 4067 3402)
4(4031 4032 4067 4066)
4(3368 3403 4068 4033)
4(3402 4067 4068 3403)
4(4032 4033 4068 4067)
4(3369 3404 4069 4034)
4(3403 4068 4069 3404)
4(4033 4034 4069 4068)
4(3370 3405 4070 4035)
4(3404 4069 4070 3405)
4(4034 4035 4070 4069)
4(3371 3406 4071 4036)
4(3405 4070 4071 3406)
4(4035 4036 4071 4070)
4(3372 3407 4072 4037)
4(3406 4071 4072 3407)
4(4036 4037 4072 4071)
4(3373 3408 4073 4038)
4(3407 4072 4073 3408)
4(4037 4038 4073 4072)
4(3374 3409 4074 4039)
4(3408 4073 4074 3409)
4(4038 4039 4074 4073)
4(3375 3410 4075 4040)
4(3409 4074 4075 3410)
4(4039 4040 4075 4074)
4(3376 3411 4076 4041)
4(3410 4075 4076 3411)
4(4040 4041 4076 4075)
4(3377 3412 4077 4042)
4(3411 4076 4077 3412)
4(4041 4042 4077 4076)
4(3378 3413 4078 4043)
4(3412 4077 4078 3413)
4(4042 4043 4078 4077)
4(3379 3414 4079 4044)
4(3413 4078 4079 3414)
4(4043 4044 4079 4078)
4(3380 3415 4080 4045)
4(3414 4079 4080 3415)
4(4044 4045 4080 4079)
4(3381 3416 4081 4046)
4(3415 4080 4081 3416)
4(4045 4046 4081 4080)
4(3382 3417 4082 4047)
4(3416 4081 4082 3417)
4(4046 4047 4082 4081)
4(3383 3418 4083 4048)
4(3417 4082 4083 3418)
4(4047 4048 4083 4082)
4(3384 3419 4084 4049)
4(3418 4083 4084 3419)
4(4048 4049 4084 4083)
4(3385 3420 4085 4050)
4(3419 4084 4085 3420)
4(4049 4050 4085 4084)
4(3386 3421 4086 4051)
4(3420 4085 4086 3421)
4(4050 4051 4086 4085)
4(3387 3422 4087 4052)
4(3421 4086 4087 3422)
4(4051 4052 4087 4086)
4(3388 3423 4088 4053)
4(3422 4087 4088 3423)
4(4052 4053 4088 4087)
4(3389 3424 4089 4054)
4(3423 4088 4089 3424)
4(4053 4054 4089 4088)
4(3390 3425 4090 4055)
4(3424 4089 4090 3425)
4(4054 4055 4090 4089)
4(3391 3426 4091 4056)
4(3425 4090 4091 3426)
4(4055 4056 4091 4090)
4(3392 3427 4092 4057)
4(3426 4091 4092 3427)
4(4056 4057 4092 4091)
4(3393 3428 4093 4058)
4(3427 4092 4093 3428)
4(4057 4058 4093 4092)
4(3428 4093 4094 3429)
4(4058 4059 4094 4093)
4(3396 3431 4096 4061)
4(3430 4095 4096 3431)
4(4060 4061 4096 4095)
4(3397 3432 4097 4062)
4(3431 4096 4097 3432)
4(4061 4062 4097 4096)
4(3398 3433 4098 4063)
4(3432 4097 4098 3433)
4(4062 4063 4098 4097)
4(3399 3434 4099 4064)
4(3433 4098 4099 3434)
4(4063 4064 4099 4098)
4(3400 3435 4100 4065)
4(3434 4099 4100 3435)
4(4064 4065 4100 4099)
4(3401 3436 4101 4066)
4(3435 4100 4101 3436)
4(4065 4066 4101 4100)
4(3402 3437 4102 4067)
4(3436 4101 4102 3437)
4(4066 4067 4102 4101)
4(3403 3438 4103 4068)
4(3437 4102 4103 3438)
4(4067 4068 4103 4102)
4(3404 3439 4104 4069)
4(3438 4103 4104 3439)
4(4068 4069 4104 4103)
4(3405 3440 4105 4070)
4(3439 4104 4105 3440)
4(4069 4070 4105 4104)
4(3406 3441 4106 4071)
4(3440 4105 4106 3441)
4(4070 4071 4106 4105)
4(3407 3442 4107 4072)
4(3441 4106 4107 3442)
4(4071 4072 4107 4106)
4(3408 3443 4108 4073)
4(3442 4107 4108 3443)
4(4072 4073 4108 4107)
4(3409 3444 4109 4074)
4(3443 4108 4109 3444)
4(4073 4074 4109 4108)
4(3410 3445 4110 4075)
4(3444 4109 4110 3445)
4(4074 4075 4110 4109)
4(3411 3446 4111 4076)
4(3445 4110 4111 3446)
4(4075 4076 4111 4110)
4(3412 3447 4112 4077)
4(3446 4111 4112 3447)
4(4076 4077 4112 4111)
4(3413 3448 4113 4078)
4(3447 4112 4113 3448)
4(4077 4078 4113 4112)
4(3414 3449 4114 4079)
4(3448 4113 4114 3449)
4(4078 4079 4114 4113)
4(3415 3450 4115 4080)
4(3449 4114 4115 3450)
4(4079 4080 4115 4114)
4(3416 3451 4116 4081)
4(3450 4115 4116 3451)
4(4080 4081 4116 4115)
4(3417 3452 4117 4082)
4(3451 4116 4117 3452)
4(4081 4082 4117 4116)
4(3418 3453 4118 4083)
4(3452 4117 4118 3453)
4(4082 4083 4118 4117)
4(3419 3454 4119 4084)
4(3453 4118 4119 3454)
4(4083 4084 4119 4118)
4(3420 3455 4120 4085)
4(3454 4119 4120 3455)
4(4084 4085 4120 4119)
4(3421 3456 4121 4086)
4(3455 4120 4121 3456)
4(4085 4086 4121 4120)
4(3422 3457 4122 4087)
4(3456 4121 4122 3457)
4(4086 4087 4122 4121)
4(3423 3458 4123 4088)
4(3457 4122 4123 3458)
4(4087 4088 4123 4122)
4(3424 3459 4124 4089)
4(3458 4123 4124 3459)
4(4088 4089 4124 4123)
4(3425 3460 4125 4090)
4(3459 4124 4125 3460)
4(4089 4090 4125 4124)
4(3426 3461 4126 4091)
4(3460 4125 4126 3461)
4(4090 4091 4126 4125)
4(3427 3462 4127 4092)
4(3461 4126 4127 3462)
4(4091 4092 4127 4126)
4(3428 3463 4128 4093)
4(3462 4127 4128 3463)
4(4092 4093 4128 4127)
4(3463 4128 4129 3464)
4(4093 4094 4129 4128)
4(3431 3466 4131 4096)
4(3465 4130 4131 3466)
4(4095 4096 4131 4130)
4(3432 3467 4132 4097)
4(3466 4131 4132 3467)
4(4096 4097 4132 4131)
4(3433 3468 4133 4098)
4(3467 4132 4133 3468)
4(4097 4098 4133 4132)
4(3434 3469 4134 4099)
4(3468 4133 4134 3469)
4(4098 4099 4134 4133)
4(3435 3470 4135 4100)
4(3469 4134 4135 3470)
4(4099 4100 4135 4134)
4(3436 3471 4136 4101)
4(3470 4135 4136 3471)
4(4100 4101 4136 4135)
4(3437 3472 4137 4102)
4(3471 4136 4137 3472)
4(4101 4102 4137 4136)
4(3438 3473 4138 4103)
4(3472 4137 4138 3473)
4(4102 4103 4138 4137)
4(3439 3474 4139 4104)
4(3473 4138 4139 3474)
4(4103 4104 4139 4138)
4(3440 3475 4140 4105)
4(3474 4139 4140 3475)
4(4104 4105 4140 4139)
4(3441 3476 4141 4106)
4(3475 4140 4141 3476)
4(4105 4106 4141 4140)
4(3442 3477 4142 4107)
4(3476 4141 4142 3477)
4(4106 4107 4142 4141)
4(3443 3478 4143 4108)
4(3477 4142 4143 3478)
4(4107 4108 4143 4142)
4(3444 3479 4144 4109)
4(3478 4143 4144 3479)
4(4108 4109 4144 4143)
4(3445 3480 4145 4110)
4(3479 4144 4145 3480)
4(4109 4110 4145 4144)
4(3446 3481 4146 4111)
4(3480 4145 4146 3481)
4(4110 4111 4146 4145)
4(3447 3482 4147 4112)
4(3481 4146 4147 3482)
4(4111 4112 4147 4146)
4(3448 3483 4148 4113)
4(3482 4147 4148 3483)
4(4112 4113 4148 4147)
4(3449 3484 4149 4114)
4(3483 4148 4149 3484)
4(4113 4114 4149 4148)
4(3450 3485 4150 4115)
4(3484 4149 4150 3485)
4(4114 4115 4150 4149)
4(3451 3486 4151 4116)
4(3485 4150 4151 3486)
4(4115 4116 4151 4150)
4(3452 3487 4152 4117)
4(3486 4151 4152 3487)
4(4116 4117 4152 4151)
4(3453 3488 4153 4118)
4(3487 4152 4153 3488)
4(4117 4118 4153 4152)
4(3454 3489 4154 4119)
4(3488 4153 4154 3489)
4(4118 4119 4154 4153)
4(3455 3490 4155 4120)
4(3489 4154 4155 3490)
4(4119 4120 4155 4154)
4(3456 3491 4156 4121)
4(3490 4155 4156 3491)
4(4120 4121 4156 4155)
4(3457 3492 4157 4122)
4(3491 4156 4157 3492)
4(4121 4122 4157 4156)
4(3458 3493 4158 4123)
4(3492 4157 4158 3493)
4(4122 4123 4158 4157)
4(3459 3494 4159 4124)
4(3493 4158 4159 3494)
4(4123 4124 4159 4158)
4(3460 3495 4160 4125)
4(3494 4159 4160 3495)
4(4124 4125 4160 4159)
4(3461 3496 4161 4126)
4(3495 4160 4161 3496)
4(4125 4126 4161 4160)
4(3462 3497 4162 4127)
4(3496 4161 4162 3497)
4(4126 4127 4162 4161)
4(3463 3498 4163 4128)
4(3497 4162 4163 3498)
4(4127 4128 4163 4162)
4(3498 4163 4164 3499)
4(4128 4129 4164 4163)
4(3466 3501 4166 4131)
4(3500 4165 4166 3501)
4(4130 4131 4166 4165)
4(3467 3502 4167 4132)
4(3501 4166 4167 3502)
4(4131 4132 4167 4166)
4(3468 3503 4168 4133)
4(3502 4167 4168 3503)
4(4132 4133 4168 4167)
4(3469 3504 4169 4134)
4(3503 4168 4169 3504)
4(4133 4134 4169 4168)
4(3470 3505 4170 4135)
4(3504 4169 4170 3505)
4(4134 4135 4170 4169)
4(3471 3506 4171 4136)
4(3505 4170 4171 3506)
4(4135 4136 4171 4170)
4(3472 3507 4172 4137)
4(3506 4171 4172 3507)
4(4136 4137 4172 4171)
4(3473 3508 4173 4138)
4(3507 4172 4173 3508)
4(4137 4138 4173 4172)
4(3474 3509 4174 4139)
4(3508 4173 4174 3509)
4(4138 4139 4174 4173)
4(3475 3510 4175 4140)
4(3509 4174 4175 3510)
4(4139 4140 4175 4174)
4(3476 3511 4176 4141)
4(3510 4175 4176 3511)
4(4140 4141 4176 4175)
4(3477 3512 4177 4142)
4(3511 4176 4177 3512)
4(4141 4142 4177 4176)
4(3478 3513 4178 4143)
4(3512 4177 4178 3513)
4(4142 4143 4178 4177)
4(3479 3514 4179 4144)
4(3513 4178 4179 3514)
4(4143 4144 4179 4178)
4(3480 3515 4180 4145)
4(3514 4179 4180 3515)
4(4144 4145 4180 4179)
4(3481 3516 4181 4146)
4(3515 4180 4181 3516)
4(4145 4146 4181 4180)
4(3482 3517 4182 4147)
4(3516 4181 4182 3517)
4(4146 4147 4182 4181)
4(3483 3518 4183 4148)
4(3517 4182 4183 3518)
4(4147 4148 4183 4182)
4(3484 3519 4184 4149)
4(3518 4183 4184 3519)
4(4148 4149 4184 4183)
4(3485 3520 4185 4150)
4(3519 4184 4185 3520)
4(4149 4150 4185 4184)
4(3486 3521 4186 4151)
4(3520 4185 4186 3521)
4(4150 4151 4186 4185)
4(3487 3522 4187 4152)
4(3521 4186 4187 3522)
4(4151 4152 4187 4186)
4(3488 3523 4188 4153)
4(3522 4187 4188 3523)
4(4152 4153 4188 4187)
4(3489 3524 4189 4154)
4(3523 4188 4189 3524)
4(4153 4154 4189 4188)
4(3490 3525 4190 4155)
4(3524 4189 4190 3525)
4(4154 4155 4190 4189)
4(3491 3526 4191 4156)
4(3525 4190 4191 3526)
4(4155 4156 4191 4190)
4(3492 3527 4192 4157)
4(3526 4191 4192 3527)
4(4156 4157 4192 4191)
4(3493 3528 4193 4158)
4(3527 4192 4193 3528)
4(4157 4158 4193 4192)
4(3494 3529 4194 4159)
4(3528 4193 4194 3529)
4(4158 4159 4194 4193)
4(3495 3530 4195 4160)
4(3529 4194 4195 3530)
4(4159 4160 4195 4194)
4(3496 3531 4196 4161)
4(3530 4195 4196 3531)
4(4160 4161 4196 4195)
4(3497 3532 4197 4162)
4(3531 4196 4197 3532)
4(4161 4162 4197 4196)
4(3498 3533 4198 4163)
4(3532 4197 4198 3533)
4(4162 4163 4198 4197)
4(3533 4198 4199 3534)
4(4163 4164 4199 4198)
4(3501 3536 4201 4166)
4(3535 4200 4201 3536)
4(4165 4166 4201 4200)
4(3502 3537 4202 4167)
4(3536 4201 4202 3537)
4(4166 4167 4202 4201)
4(3503 3538 4203 4168)
4(3537 4202 4203 3538)
4(4167 4168 4203 4202)
4(3504 3539 4204 4169)
4(3538 4203 4204 3539)
4(4168 4169 4204 4203)
4(3505 3540 4205 4170)
4(3539 4204 4205 3540)
4(4169 4170 4205 4204)
4(3506 3541 4206 4171)
4(3540 4205 4206 3541)
4(4170 4171 4206 4205)
4(3507 3542 4207 4172)
4(3541 4206 4207 3542)
4(4171 4172 4207 4206)
4(3508 3543 4208 4173)
4(3542 4207 4208 3543)
4(4172 4173 4208 4207)
4(3509 3544 4209 4174)
4(3543 4208 4209 3544)
4(4173 4174 4209 4208)
4(3510 3545 4210 4175)
4(3544 4209 4210 3545)
4(4174 4175 4210 4209)
4(3511 3546 4211 4176)
4(3545 4210 4211 3546)
4(4175 4176 4211 4210)
4(3512 3547 4212 4177)
4(3546 4211 4212 3547)
4(4176 4177 4212 4211)
4(3513 3548 4213 4178)
4(3547 4212 4213 3548)
4(4177 4178 4213 4212)
4(3514 3549 4214 4179)
4(3548 4213 4214 3549)
4(4178 4179 4214 4213)
4(3515 3550 4215 4180)
4(3549 4214 4215 3550)
4(4179 4180 4215 4214)
4(3516 3551 4216 4181)
4(3550 4215 4216 3551)
4(4180 4181 4216 4215)
4(3517 3552 4217 4182)
4(3551 4216 4217 3552)
4(4181 4182 4217 4216)
4(3518 3553 4218 4183)
4(3552 4217 4218 3553)
4(4182 4183 4218 4217)
4(3519 3554 4219 4184)
4(3553 4218 4219 3554)
4(4183 4184 4219 4218)
4(3520 3555 4220 4185)
4(3554 4219 4220 3555)
4(4184 4185 4220 4219)
4(3521 3556 4221 4186)
4(3555 4220 4221 3556)
4(4185 4186 4221 4220)
4(3522 3557 4222 4187)
4(3556 4221 4222 3557)
4(4186 4187 4222 4221)
4(3523 3558 4223 4188)
4(3557 4222 4223 3558)
4(4187 4188 4223 4222)
4(3524 3559 4224 4189)
4(3558 4223 4224 3559)
4(4188 4189 4224 4223)
4(3525 3560 4225 4190)
4(3559 4224 4225 3560)
4(4189 4190 4225 4224)
4(3526 3561 4226 4191)
4(3560 4225 4226 3561)
4(4190 4191 4226 4225)
4(3527 3562 4227 4192)
4(3561 4226 4227 3562)
4(4191 4192 4227 4226)
4(3528 3563 4228 4193)
4(3562 4227 4228 3563)
4(4192 4193 4228 4227)
4(3529 3564 4229 4194)
4(3563 4228 4229 3564)
4(4193 4194 4229 4228)
4(3530 3565 4230 4195)
4(3564 4229 4230 3565)
4(4194 4195 4230 4229)
4(3531 3566 4231 4196)
4(3565 4230 4231 3566)
4(4195 4196 4231 4230)
4(3532 3567 4232 4197)
4(3566 4231 4232 3567)
4(4196 4197 4232 4231)
4(3533 3568 4233 4198)
4(3567 4232 4233 3568)
4(4197 4198 4233 4232)
4(3568 4233 4234 3569)
4(4198 4199 4234 4233)
4(3536 3571 4236 4201)
4(3570 4235 4236 3571)
4(4200 4201 4236 4235)
4(3537 3572 4237 4202)
4(3571 4236 4237 3572)
4(4201 4202 4237 4236)
4(3538 3573 4238 4203)
4(3572 4237 4238 3573)
4(4202 4203 4238 4237)
4(3539 3574 4239 4204)
4(3573 4238 4239 3574)
4(4203 4204 4239 4238)
4(3540 3575 4240 4205)
4(3574 4239 4240 3575)
4(4204 4205 4240 4239)
4(3541 3576 4241 4206)
4(3575 4240 4241 3576)
4(4205 4206 4241 4240)
4(3542 3577 4242 4207)
4(3576 4241 4242 3577)
4(4206 4207 4242 4241)
4(3543 3578 4243 4208)
4(3577 4242 4243 3578)
4(4207 4208 4243 4242)
4(3544 3579 4244 4209)
4(3578 4243 4244 3579)
4(4208 4209 4244 4243)
4(3545 3580 4245 4210)
4(3579 4244 4245 3580)
4(4209 4210 4245 4244)
4(3546 3581 4246 4211)
4(3580 4245 4246 3581)
4(4210 4211 4246 4245)
4(3547 3582 4247 4212)
4(3581 4246 4247 3582)
4(4211 4212 4247 4246)
4(3548 3583 4248 4213)
4(3582 4247 4248 3583)
4(4212 4213 4248 4247)
4(3549 3584 4249 4214)
4(3583 4248 4249 3584)
4(4213 4214 4249 4248)
4(3550 3585 4250 4215)
4(3584 4249 4250 3585)
4(4214 4215 4250 4249)
4(3551 3586 4251 4216)
4(3585 4250 4251 3586)
4(4215 4216 4251 4250)
4(3552 3587 4252 4217)
4(3586 4251 4252 3587)
4(4216 4217 4252 4251)
4(3553 3588 4253 4218)
4(3587 4252 4253 3588)
4(4217 4218 4253 4252)
4(3554 3589 4254 4219)
4(3588 4253 4254 3589)
4(4218 4219 4254 4253)
4(3555 3590 4255 4220)
4(3589 4254 4255 3590)
4(4219 4220 4255 4254)
4(3556 3591 4256 4221)
4(3590 4255 4256 3591)
4(4220 4221 4256 4255)
4(3557 3592 4257 4222)
4(3591 4256 4257 3592)
4(4221 4222 4257 4256)
4(3558 3593 4258 4223)
4(3592 4257 4258 3593)
4(4222 4223 4258 4257)
4(3559 3594 4259 4224)
4(3593 4258 4259 3594)
4(4223 4224 4259 4258)
4(3560 3595 4260 4225)
4(3594 4259 4260 3595)
4(4224 4225 4260 4259)
4(3561 3596 4261 4226)
4(3595 4260 4261 3596)
4(4225 4226 4261 4260)
4(3562 3597 4262 4227)
4(3596 4261 4262 3597)
4(4226 4227 4262 4261)
4(3563 3598 4263 4228)
4(3597 4262 4263 3598)
4(4227 4228 4263 4262)
4(3564 3599 4264 4229)
4(3598 4263 4264 3599)
4(4228 4229 4264 4263)
4(3565 3600 4265 4230)
4(3599 4264 4265 3600)
4(4229 4230 4265 4264)
4(3566 3601 4266 4231)
4(3600 4265 4266 3601)
4(4230 4231 4266 4265)
4(3567 3602 4267 4232)
4(3601 4266 4267 3602)
4(4231 4232 4267 4266)
4(3568 3603 4268 4233)
4(3602 4267 4268 3603)
4(4232 4233 4268 4267)
4(3603 4268 4269 3604)
4(4233 4234 4269 4268)
4(3571 3606 4271 4236)
4(3605 4270 4271 3606)
4(4235 4236 4271 4270)
4(3572 3607 4272 4237)
4(3606 4271 4272 3607)
4(4236 4237 4272 4271)
4(3573 3608 4273 4238)
4(3607 4272 4273 3608)
4(4237 4238 4273 4272)
4(3574 3609 4274 4239)
4(3608 4273 4274 3609)
4(4238 4239 4274 4273)
4(3575 3610 4275 4240)
4(3609 4274 4275 3610)
4(4239 4240 4275 4274)
4(3576 3611 4276 4241)
4(3610 4275 4276 3611)
4(4240 4241 4276 4275)
4(3577 3612 4277 4242)
4(3611 4276 4277 3612)
4(4241 4242 4277 4276)
4(3578 3613 4278 4243)
4(3612 4277 4278 3613)
4(4242 4243 4278 4277)
4(3579 3614 4279 4244)
4(3613 4278 4279 3614)
4(4243 4244 4279 4278)
4(3580 3615 4280 4245)
4(3614 4279 4280 3615)
4(4244 4245 4280 4279)
4(3581 3616 4281 4246)
4(3615 4280 4281 3616)
4(4245 4246 4281 4280)
4(3582 3617 4282 4247)
4(3616 4281 4282 3617)
4(4246 4247 4282 4281)
4(3583 3618 4283 4248)
4(3617 4282 4283 3618)
4(4247 4248 4283 4282)
4(3584 3619 4284 4249)
4(3618 4283 4284 3619)
4(4248 4249 4284 4283)
4(3585 3620 4285 4250)
4(3619 4284 4285 3620)
4(4249 4250 4285 4284)
4(3586 3621 4286 4251)
4(3620 4285 4286 3621)
4(4250 4251 4286 4285)
4(3587 3622 4287 4252)
4(3621 4286 4287 3622)
4(4251 4252 4287 4286)
4(3588 3623 4288 4253)
4(3622 4287 4288 3623)
4(4252 4253 4288 4287)
4(3589 3624 4289 4254)
4(3623 4288 4289 3624)
4(4253 4254 4289 4288)
4(3590 3625 4290 4255)
4(3624 4289 4290 3625)
4(4254 4255 4290 4289)
4(3591 3626 4291 4256)
4(3625 4290 4291 3626)
4(4255 4256 4291 4290)
4(3592 3627 4292 4257)
4(3626 4291 4292 3627)
4(4256 4257 4292 4291)
4(3593 3628 4293 4258)
4(3627 4292 4293 3628)
4(4257 4258 4293 4292)
4(3594 3629 4294 4259)
4(3628 4293 4294 3629)
4(4258 4259 4294 4293)
4(3595 3630 4295 4260)
4(3629 4294 4295 3630)
4(4259 4260 4295 4294)
4(3596 3631 4296 4261)
4(3630 4295 4296 3631)
4(4260 4261 4296 4295)
4(3597 3632 4297 4262)
4(3631 4296 4297 3632)
4(4261 4262 4297 4296)
4(3598 3633 4298 4263)
4(3632 4297 4298 3633)
4(4262 4263 4298 4297)
4(3599 3634 4299 4264)
4(3633 4298 4299 3634)
4(4263 4264 4299 4298)
4(3600 3635 4300 4265)
4(3634 4299 4300 3635)
4(4264 4265 4300 4299)
4(3601 3636 4301 4266)
4(3635 4300 4301 3636)
4(4265 4266 4301 4300)
4(3602 3637 4302 4267)
4(3636 4301 4302 3637)
4(4266 4267 4302 4301)
4(3603 3638 4303 4268)
4(3637 4302 4303 3638)
4(4267 4268 4303 4302)
4(3638 4303 4304 3639)
4(4268 4269 4304 4303)
4(3606 3641 4306 4271)
4(3640 4305 4306 3641)
4(4270 4271 4306 4305)
4(3607 3642 4307 4272)
4(3641 4306 4307 3642)
4(4271 4272 4307 4306)
4(3608 3643 4308 4273)
4(3642 4307 4308 3643)
4(4272 4273 4308 4307)
4(3609 3644 4309 4274)
4(3643 4308 4309 3644)
4(4273 4274 4309 4308)
4(3610 3645 4310 4275)
4(3644 4309 4310 3645)
4(4274 4275 4310 4309)
4(3611 3646 4311 4276)
4(3645 4310 4311 3646)
4(4275 4276 4311 4310)
4(3612 3647 4312 4277)
4(3646 4311 4312 3647)
4(4276 4277 4312 4311)
4(3613 3648 4313 4278)
4(3647 4312 4313 3648)
4(4277 4278 4313 4312)
4(3614 3649 4314 4279)
4(3648 4313 4314 3649)
4(4278 4279 4314 4313)
4(3615 3650 4315 4280)
4(3649 4314 4315 3650)
4(4279 4280 4315 4314)
4(3616 3651 4316 4281)
4(3650 4315 4316 3651)
4(4280 4281 4316 4315)
4(3617 3652 4317 4282)
4(3651 4316 4317 3652)
4(4281 4282 4317 4316)
4(3618 3653 4318 4283)
4(3652 4317 4318 3653)
4(4282 4283 4318 4317)
4(3619 3654 4319 4284)
4(3653 4318 4319 3654)
4(4283 4284 4319 4318)
4(3620 3655 4320 4285)
4(3654 4319 4320 3655)
4(4284 4285 4320 4319)
4(3621 3656 4321 4286)
4(3655 4320 4321 3656)
4(4285 4286 4321 4320)
4(3622 3657 4322 4287)
4(3656 4321 4322 3657)
4(4286 4287 4322 4321)
4(3623 3658 4323 4288)
4(3657 4322 4323 3658)
4(4287 4288 4323 4322)
4(3624 3659 4324 4289)
4(3658 4323 4324 3659)
4(4288 4289 4324 4323)
4(3625 3660 4325 4290)
4(3659 4324 4325 3660)
4(4289 4290 4325 4324)
4(3626 3661 4326 4291)
4(3660 4325 4326 3661)
4(4290 4291 4326 4325)
4(3627 3662 4327 4292)
4(3661 4326 4327 3662)
4(4291 4292 4327 4326)
4(3628 3663 4328 4293)
4(3662 4327 4328 3663)
4(4292 4293 4328 4327)
4(3629 3664 4329 4294)
4(3663 4328 4329 3664)
4(4293 4294 4329 4328)
4(3630 3665 4330 4295)
4(3664 4329 4330 3665)
4(4294 4295 4330 4329)
4(3631 3666 4331 4296)
4(3665 4330 4331 3666)
4(4295 4296 4331 4330)
4(3632 3667 4332 4297)
4(3666 4331 4332 3667)
4(4296 4297 4332 4331)
4(3633 3668 4333 4298)
4(3667 4332 4333 3668)
4(4297 4298 4333 4332)
4(3634 3669 4334 4299)
4(3668 4333 4334 3669)
4(4298 4299 4334 4333)
4(3635 3670 4335 4300)
4(3669 4334 4335 3670)
4(4299 4300 4335 4334)
4(3636 3671 4336 4301)
4(3670 4335 4336 3671)
4(4300 4301 4336 4335)
4(3637 3672 4337 4302)
4(3671 4336 4337 3672)
4(4301 4302 4337 4336)
4(3638 3673 4338 4303)
4(3672 4337 4338 3673)
4(4302 4303 4338 4337)
4(3673 4338 4339 3674)
4(4303 4304 4339 4338)
4(3641 3676 4341 4306)
4(3675 4340 4341 3676)
4(4305 4306 4341 4340)
4(3642 3677 4342 4307)
4(3676 4341 4342 3677)
4(4306 4307 4342 4341)
4(3643 3678 4343 4308)
4(3677 4342 4343 3678)
4(4307 4308 4343 4342)
4(3644 3679 4344 4309)
4(3678 4343 4344 3679)
4(4308 4309 4344 4343)
4(3645 3680 4345 4310)
4(3679 4344 4345 3680)
4(4309 4310 4345 4344)
4(3646 3681 4346 4311)
4(3680 4345 4346 3681)
4(4310 4311 4346 4345)
4(3647 3682 4347 4312)
4(3681 4346 4347 3682)
4(4311 4312 4347 4346)
4(3648 3683 4348 4313)
4(3682 4347 4348 3683)
4(4312 4313 4348 4347)
4(3649 3684 4349 4314)
4(3683 4348 4349 3684)
4(4313 4314 4349 4348)
4(3650 3685 4350 4315)
4(3684 4349 4350 3685)
4(4314 4315 4350 4349)
4(3651 3686 4351 4316)
4(3685 4350 4351 3686)
4(4315 4316 4351 4350)
4(3652 3687 4352 4317)
4(3686 4351 4352 3687)
4(4316 4317 4352 4351)
4(3653 3688 4353 4318)
4(3687 4352 4353 3688)
4(4317 4318 4353 4352)
4(3654 3689 4354 4319)
4(3688 4353 4354 3689)
4(4318 4319 4354 4353)
4(3655 3690 4355 4320)
4(3689 4354 4355 3690)
4(4319 4320 4355 4354)
4(3656 3691 4356 4321)
4(3690 4355 4356 3691)
4(4320 4321 4356 4355)
4(3657 3692 4357 4322)
4(3691 4356 4357 3692)
4(4321 4322 4357 4356)
4(3658 3693 4358 4323)
4(3692 4357 4358 3693)
4(4322 4323 4358 4357)
4(3659 3694 4359 4324)
4(3693 4358 4359 3694)
4(4323 4324 4359 4358)
4(3660 3695 4360 4325)
4(3694 4359 4360 3695)
4(4324 4325 4360 4359)
4(3661 3696 4361 4326)
4(3695 4360 4361 3696)
4(4325 4326 4361 4360)
4(3662 3697 4362 4327)
4(3696 4361 4362 3697)
4(4326 4327 4362 4361)
4(3663 3698 4363 4328)
4(3697 4362 4363 3698)
4(4327 4328 4363 4362)
4(3664 3699 4364 4329)
4(3698 4363 4364 3699)
4(4328 4329 4364 4363)
4(3665 3700 4365 4330)
4(3699 4364 4365 3700)
4(4329 4330 4365 4364)
4(3666 3701 4366 4331)
4(3700 4365 4366 3701)
4(4330 4331 4366 4365)
4(3667 3702 4367 4332)
4(3701 4366 4367 3702)
4(4331 4332 4367 4366)
4(3668 3703 4368 4333)
4(3702 4367 4368 3703)
4(4332 4333 4368 4367)
4(3669 3704 4369 4334)
4(3703 4368 4369 3704)
4(4333 4334 4369 4368)
4(3670 3705 4370 4335)
4(3704 4369 4370 3705)
4(4334 4335 4370 4369)
4(3671 3706 4371 4336)
4(3705 4370 4371 3706)
4(4335 4336 4371 4370)
4(3672 3707 4372 4337)
4(3706 4371 4372 3707)
4(4336 4337 4372 4371)
4(3673 3708 4373 4338)
4(3707 4372 4373 3708)
4(4337 4338 4373 4372)
4(3708 4373 4374 3709)
4(4338 4339 4374 4373)
4(3676 3711 4376 4341)
4(3710 4375 4376 3711)
4(4340 4341 4376 4375)
4(3677 3712 4377 4342)
4(3711 4376 4377 3712)
4(4341 4342 4377 4376)
4(3678 3713 4378 4343)
4(3712 4377 4378 3713)
4(4342 4343 4378 4377)
4(3679 3714 4379 4344)
4(3713 4378 4379 3714)
4(4343 4344 4379 4378)
4(3680 3715 4380 4345)
4(3714 4379 4380 3715)
4(4344 4345 4380 4379)
4(3681 3716 4381 4346)
4(3715 4380 4381 3716)
4(4345 4346 4381 4380)
4(3682 3717 4382 4347)
4(3716 4381 4382 3717)
4(4346 4347 4382 4381)
4(3683 3718 4383 4348)
4(3717 4382 4383 3718)
4(4347 4348 4383 4382)
4(3684 3719 4384 4349)
4(3718 4383 4384 3719)
4(4348 4349 4384 4383)
4(3685 3720 4385 4350)
4(3719 4384 4385 3720)
4(4349 4350 4385 4384)
4(3686 3721 4386 4351)
4(3720 4385 4386 3721)
4(4350 4351 4386 4385)
4(3687 3722 4387 4352)
4(3721 4386 4387 3722)
4(4351 4352 4387 4386)
4(3688 3723 4388 4353)
4(3722 4387 4388 3723)
4(4352 4353 4388 4387)
4(3689 3724 4389 4354)
4(3723 4388 4389 3724)
4(4353 4354 4389 4388)
4(3690 3725 4390 4355)
4(3724 4389 4390 3725)
4(4354 4355 4390 4389)
4(3691 3726 4391 4356)
4(3725 4390 4391 3726)
4(4355 4356 4391 4390)
4(3692 3727 4392 4357)
4(3726 4391 4392 3727)
4(4356 4357 4392 4391)
4(3693 3728 4393 4358)
4(3727 4392 4393 3728)
4(4357 4358 4393 4392)
4(3694 3729 4394 4359)
4(3728 4393 4394 3729)
4(4358 4359 4394 4393)
4(3695 3730 4395 4360)
4(3729 4394 4395 3730)
4(4359 4360 4395 4394)
4(3696 3731 4396 4361)
4(3730 4395 4396 3731)
4(4360 4361 4396 4395)
4(3697 3732 4397 4362)
4(3731 4396 4397 3732)
4(4361 4362 4397 4396)
4(3698 3733 4398 4363)
4(3732 4397 4398 3733)
4(4362 4363 4398 4397)
4(3699 3734 4399 4364)
4(3733 4398 4399 3734)
4(4363 4364 4399 4398)
4(3700 3735 4400 4365)
4(3734 4399 4400 3735)
4(4364 4365 4400 4399)
4(3701 3736 4401 4366)
4(3735 4400 4401 3736)
4(4365 4366 4401 4400)
4(3702 3737 4402 4367)
4(3736 4401 4402 3737)
4(4366 4367 4402 4401)
4(3703 3738 4403 4368)
4(3737 4402 4403 3738)
4(4367 4368 4403 4402)
4(3704 3739 4404 4369)
4(3738 4403 4404 3739)
4(4368 4369 4404 4403)
4(3705 3740 4405 4370)
4(3739 4404 4405 3740)
4(4369 4370 4405 4404)
4(3706 3741 4406 4371)
4(3740 4405 4406 3741)
4(4370 4371 4406 4405)
4(3707 3742 4407 4372)
4(3741 4406 4407 3742)
4(4371 4372 4407 4406)
4(3708 3743 4408 4373)
4(3742 4407 4408 3743)
4(4372 4373 4408 4407)
4(3743 4408 4409 3744)
4(4373 4374 4409 4408)
4(3711 3746 4411 4376)
4(3745 4410 4411 3746)
4(4375 4376 4411 4410)
4(3712 3747 4412 4377)
4(3746 4411 4412 3747)
4(4376 4377 4412 4411)
4(3713 3748 4413 4378)
4(3747 4412 4413 3748)
4(4377 4378 4413 4412)
4(3714 3749 4414 4379)
4(3748 4413 4414 3749)
4(4378 4379 4414 4413)
4(3715 3750 4415 4380)
4(3749 4414 4415 3750)
4(4379 4380 4415 4414)
4(3716 3751 4416 4381)
4(3750 4415 4416 3751)
4(4380 4381 4416 4415)
4(3717 3752 4417 4382)
4(3751 4416 4417 3752)
4(4381 4382 4417 4416)
4(3718 3753 4418 4383)
4(3752 4417 4418 3753)
4(4382 4383 4418 4417)
4(3719 3754 4419 4384)
4(3753 4418 4419 3754)
4(4383 4384 4419 4418)
4(3720 3755 4420 4385)
4(3754 4419 4420 3755)
4(4384 4385 4420 4419)
4(3721 3756 4421 4386)
4(3755 4420 4421 3756)
4(4385 4386 4421 4420)
4(3722 3757 4422 4387)
4(3756 4421 4422 3757)
4(4386 4387 4422 4421)
4(3723 3758 4423 4388)
4(3757 4422 4423 3758)
4(4387 4388 4423 4422)
4(3724 3759 4424 4389)
4(3758 4423 4424 3759)
4(4388 4389 4424 4423)
4(3725 3760 4425 4390)
4(3759 4424 4425 3760)
4(4389 4390 4425 4424)
4(3726 3761 4426 4391)
4(3760 4425 4426 3761)
4(4390 4391 4426 4425)
4(3727 3762 4427 4392)
4(3761 4426 4427 3762)
4(4391 4392 4427 4426)
4(3728 3763 4428 4393)
4(3762 4427 4428 3763)
4(4392 4393 4428 4427)
4(3729 3764 4429 4394)
4(3763 4428 4429 3764)
4(4393 4394 4429 4428)
4(3730 3765 4430 4395)
4(3764 4429 4430 3765)
4(4394 4395 4430 4429)
4(3731 3766 4431 4396)
4(3765 4430 4431 3766)
4(4395 4396 4431 4430)
4(3732 3767 4432 4397)
4(3766 4431 4432 3767)
4(4396 4397 4432 4431)
4(3733 3768 4433 4398)
4(3767 4432 4433 3768)
4(4397 4398 4433 4432)
4(3734 3769 4434 4399)
4(3768 4433 4434 3769)
4(4398 4399 4434 4433)
4(3735 3770 4435 4400)
4(3769 4434 4435 3770)
4(4399 4400 4435 4434)
4(3736 3771 4436 4401)
4(3770 4435 4436 3771)
4(4400 4401 4436 4435)
4(3737 3772 4437 4402)
4(3771 4436 4437 3772)
4(4401 4402 4437 4436)
4(3738 3773 4438 4403)
4(3772 4437 4438 3773)
4(4402 4403 4438 4437)
4(3739 3774 4439 4404)
4(3773 4438 4439 3774)
4(4403 4404 4439 4438)
4(3740 3775 4440 4405)
4(3774 4439 4440 3775)
4(4404 4405 4440 4439)
4(3741 3776 4441 4406)
4(3775 4440 4441 3776)
4(4405 4406 4441 4440)
4(3742 3777 4442 4407)
4(3776 4441 4442 3777)
4(4406 4407 4442 4441)
4(3743 3778 4443 4408)
4(3777 4442 4443 3778)
4(4407 4408 4443 4442)
4(3778 4443 4444 3779)
4(4408 4409 4444 4443)
4(3746 3781 4446 4411)
4(3780 4445 4446 3781)
4(4410 4411 4446 4445)
4(3747 3782 4447 4412)
4(3781 4446 4447 3782)
4(4411 4412 4447 4446)
4(3748 3783 4448 4413)
4(3782 4447 4448 3783)
4(4412 4413 4448 4447)
4(3749 3784 4449 4414)
4(3783 4448 4449 3784)
4(4413 4414 4449 4448)
4(3750 3785 4450 4415)
4(3784 4449 4450 3785)
4(4414 4415 4450 4449)
4(3751 3786 4451 4416)
4(3785 4450 4451 3786)
4(4415 4416 4451 4450)
4(3752 3787 4452 4417)
4(3786 4451 4452 3787)
4(4416 4417 4452 4451)
4(3753 3788 4453 4418)
4(3787 4452 4453 3788)
4(4417 4418 4453 4452)
4(3754 3789 4454 4419)
4(3788 4453 4454 3789)
4(4418 4419 4454 4453)
4(3755 3790 4455 4420)
4(3789 4454 4455 3790)
4(4419 4420 4455 4454)
4(3756 3791 4456 4421)
4(3790 4455 4456 3791)
4(4420 4421 4456 4455)
4(3757 3792 4457 4422)
4(3791 4456 4457 3792)
4(4421 4422 4457 4456)
4(3758 3793 4458 4423)
4(3792 4457 4458 3793)
4(4422 4423 4458 4457)
4(3759 3794 4459 4424)
4(3793 4458 4459 3794)
4(4423 4424 4459 4458)
4(3760 3795 4460 4425)
4(3794 4459 4460 3795)
4(4424 4425 4460 4459)
4(3761 3796 4461 4426)
4(3795 4460 4461 3796)
4(4425 4426 4461 4460)
4(3762 3797 4462 4427)
4(3796 4461 4462 3797)
4(4426 4427 4462 4461)
4(3763 3798 4463 4428)
4(3797 4462 4463 3798)
4(4427 4428 4463 4462)
4(3764 3799 4464 4429)
4(3798 4463 4464 3799)
4(4428 4429 4464 4463)
4(3765 3800 4465 4430)
4(3799 4464 4465 3800)
4(4429 4430 4465 4464)
4(3766 3801 4466 4431)
4(3800 4465 4466 3801)
4(4430 4431 4466 4465)
4(3767 3802 4467 4432)
4(3801 4466 4467 3802)
4(4431 4432 4467 4466)
4(3768 3803 4468 4433)
4(3802 4467 4468 3803)
4(4432 4433 4468 4467)
4(3769 3804 4469 4434)
4(3803 4468 4469 3804)
4(4433 4434 4469 4468)
4(3770 3805 4470 4435)
4(3804 4469 4470 3805)
4(4434 4435 4470 4469)
4(3771 3806 4471 4436)
4(3805 4470 4471 3806)
4(4435 4436 4471 4470)
4(3772 3807 4472 4437)
4(3806 4471 4472 3807)
4(4436 4437 4472 4471)
4(3773 3808 4473 4438)
4(3807 4472 4473 3808)
4(4437 4438 4473 4472)
4(3774 3809 4474 4439)
4(3808 4473 4474 3809)
4(4438 4439 4474 4473)
4(3775 3810 4475 4440)
4(3809 4474 4475 3810)
4(4439 4440 4475 4474)
4(3776 3811 4476 4441)
4(3810 4475 4476 3811)
4(4440 4441 4476 4475)
4(3777 3812 4477 4442)
4(3811 4476 4477 3812)
4(4441 4442 4477 4476)
4(3778 3813 4478 4443)
4(3812 4477 4478 3813)
4(4442 4443 4478 4477)
4(3813 4478 4479 3814)
4(4443 4444 4479 4478)
4(3781 3816 4481 4446)
4(3815 4480 4481 3816)
4(4445 4446 4481 4480)
4(3782 3817 4482 4447)
4(3816 4481 4482 3817)
4(4446 4447 4482 4481)
4(3783 3818 4483 4448)
4(3817 4482 4483 3818)
4(4447 4448 4483 4482)
4(3784 3819 4484 4449)
4(3818 4483 4484 3819)
4(4448 4449 4484 4483)
4(3785 3820 4485 4450)
4(3819 4484 4485 3820)
4(4449 4450 4485 4484)
4(3786 3821 4486 4451)
4(3820 4485 4486 3821)
4(4450 4451 4486 4485)
4(3787 3822 4487 4452)
4(3821 4486 4487 3822)
4(4451 4452 4487 4486)
4(3788 3823 4488 4453)
4(3822 4487 4488 3823)
4(4452 4453 4488 4487)
4(3789 3824 4489 4454)
4(3823 4488 4489 3824)
4(4453 4454 4489 4488)
4(3790 3825 4490 4455)
4(3824 4489 4490 3825)
4(4454 4455 4490 4489)
4(3791 3826 4491 4456)
4(3825 4490 4491 3826)
4(4455 4456 4491 4490)
4(3792 3827 4492 4457)
4(3826 4491 4492 3827)
4(4456 4457 4492 4491)
4(3793 3828 4493 4458)
4(3827 4492 4493 3828)
4(4457 4458 4493 4492)
4(3794 3829 4494 4459)
4(3828 4493 4494 3829)
4(4458 4459 4494 4493)
4(3795 3830 4495 4460)
4(3829 4494 4495 3830)
4(4459 4460 4495 4494)
4(3796 3831 4496 4461)
4(3830 4495 4496 3831)
4(4460 4461 4496 4495)
4(3797 3832 4497 4462)
4(3831 4496 4497 3832)
4(4461 4462 4497 4496)
4(3798 3833 4498 4463)
4(3832 4497 4498 3833)
4(4462 4463 4498 4497)
4(3799 3834 4499 4464)
4(3833 4498 4499 3834)
4(4463 4464 4499 4498)
4(3800 3835 4500 4465)
4(3834 4499 4500 3835)
4(4464 4465 4500 4499)
4(3801 3836 4501 4466)
4(3835 4500 4501 3836)
4(4465 4466 4501 4500)
4(3802 3837 4502 4467)
4(3836 4501 4502 3837)
4(4466 4467 4502 4501)
4(3803 3838 4503 4468)
4(3837 4502 4503 3838)
4(4467 4468 4503 4502)
4(3804 3839 4504 4469)
4(3838 4503 4504 3839)
4(4468 4469 4504 4503)
4(3805 3840 4505 4470)
4(3839 4504 4505 3840)
4(4469 4470 4505 4504)
4(3806 3841 4506 4471)
4(3840 4505 4506 3841)
4(4470 4471 4506 4505)
4(3807 3842 4507 4472)
4(3841 4506 4507 3842)
4(4471 4472 4507 4506)
4(3808 3843 4508 4473)
4(3842 4507 4508 3843)
4(4472 4473 4508 4507)
4(3809 3844 4509 4474)
4(3843 4508 4509 3844)
4(4473 4474 4509 4508)
4(3810 3845 4510 4475)
4(3844 4509 4510 3845)
4(4474 4475 4510 4509)
4(3811 3846 4511 4476)
4(3845 4510 4511 3846)
4(4475 4476 4511 4510)
4(3812 3847 4512 4477)
4(3846 4511 4512 3847)
4(4476 4477 4512 4511)
4(3813 3848 4513 4478)
4(3847 4512 4513 3848)
4(4477 4478 4513 4512)
4(3848 4513 4514 3849)
4(4478 4479 4514 4513)
4(3816 3851 4516 4481)
4(3850 4515 4516 3851)
4(4480 4481 4516 4515)
4(3817 3852 4517 4482)
4(3851 4516 4517 3852)
4(4481 4482 4517 4516)
4(3818 3853 4518 4483)
4(3852 4517 4518 3853)
4(4482 4483 4518 4517)
4(3819 3854 4519 4484)
4(3853 4518 4519 3854)
4(4483 4484 4519 4518)
4(3820 3855 4520 4485)
4(3854 4519 4520 3855)
4(4484 4485 4520 4519)
4(3821 3856 4521 4486)
4(3855 4520 4521 3856)
4(4485 4486 4521 4520)
4(3822 3857 4522 4487)
4(3856 4521 4522 3857)
4(4486 4487 4522 4521)
4(3823 3858 4523 4488)
4(3857 4522 4523 3858)
4(4487 4488 4523 4522)
4(3824 3859 4524 4489)
4(3858 4523 4524 3859)
4(4488 4489 4524 4523)
4(3825 3860 4525 4490)
4(3859 4524 4525 3860)
4(4489 4490 4525 4524)
4(3826 3861 4526 4491)
4(3860 4525 4526 3861)
4(4490 4491 4526 4525)
4(3827 3862 4527 4492)
4(3861 4526 4527 3862)
4(4491 4492 4527 4526)
4(3828 3863 4528 4493)
4(3862 4527 4528 3863)
4(4492 4493 4528 4527)
4(3829 3864 4529 4494)
4(3863 4528 4529 3864)
4(4493 4494 4529 4528)
4(3830 3865 4530 4495)
4(3864 4529 4530 3865)
4(4494 4495 4530 4529)
4(3831 3866 4531 4496)
4(3865 4530 4531 3866)
4(4495 4496 4531 4530)
4(3832 3867 4532 4497)
4(3866 4531 4532 3867)
4(4496 4497 4532 4531)
4(3833 3868 4533 4498)
4(3867 4532 4533 3868)
4(4497 4498 4533 4532)
4(3834 3869 4534 4499)
4(3868 4533 4534 3869)
4(4498 4499 4534 4533)
4(3835 3870 4535 4500)
4(3869 4534 4535 3870)
4(4499 4500 4535 4534)
4(3836 3871 4536 4501)
4(3870 4535 4536 3871)
4(4500 4501 4536 4535)
4(3837 3872 4537 4502)
4(3871 4536 4537 3872)
4(4501 4502 4537 4536)
4(3838 3873 4538 4503)
4(3872 4537 4538 3873)
4(4502 4503 4538 4537)
4(3839 3874 4539 4504)
4(3873 4538 4539 3874)
4(4503 4504 4539 4538)
4(3840 3875 4540 4505)
4(3874 4539 4540 3875)
4(4504 4505 4540 4539)
4(3841 3876 4541 4506)
4(3875 4540 4541 3876)
4(4505 4506 4541 4540)
4(3842 3877 4542 4507)
4(3876 4541 4542 3877)
4(4506 4507 4542 4541)
4(3843 3878 4543 4508)
4(3877 4542 4543 3878)
4(4507 4508 4543 4542)
4(3844 3879 4544 4509)
4(3878 4543 4544 3879)
4(4508 4509 4544 4543)
4(3845 3880 4545 4510)
4(3879 4544 4545 3880)
4(4509 4510 4545 4544)
4(3846 3881 4546 4511)
4(3880 4545 4546 3881)
4(4510 4511 4546 4545)
4(3847 3882 4547 4512)
4(3881 4546 4547 3882)
4(4511 4512 4547 4546)
4(3848 3883 4548 4513)
4(3882 4547 4548 3883)
4(4512 4513 4548 4547)
4(3883 4548 4549 3884)
4(4513 4514 4549 4548)
4(3851 3886 4551 4516)
4(3885 4550 4551 3886)
4(4515 4516 4551 4550)
4(3852 3887 4552 4517)
4(3886 4551 4552 3887)
4(4516 4517 4552 4551)
4(3853 3888 4553 4518)
4(3887 4552 4553 3888)
4(4517 4518 4553 4552)
4(3854 3889 4554 4519)
4(3888 4553 4554 3889)
4(4518 4519 4554 4553)
4(3855 3890 4555 4520)
4(3889 4554 4555 3890)
4(4519 4520 4555 4554)
4(3856 3891 4556 4521)
4(3890 4555 4556 3891)
4(4520 4521 4556 4555)
4(3857 3892 4557 4522)
4(3891 4556 4557 3892)
4(4521 4522 4557 4556)
4(3858 3893 4558 4523)
4(3892 4557 4558 3893)
4(4522 4523 4558 4557)
4(3859 3894 4559 4524)
4(3893 4558 4559 3894)
4(4523 4524 4559 4558)
4(3860 3895 4560 4525)
4(3894 4559 4560 3895)
4(4524 4525 4560 4559)
4(3861 3896 4561 4526)
4(3895 4560 4561 3896)
4(4525 4526 4561 4560)
4(3862 3897 4562 4527)
4(3896 4561 4562 3897)
4(4526 4527 4562 4561)
4(3863 3898 4563 4528)
4(3897 4562 4563 3898)
4(4527 4528 4563 4562)
4(3864 3899 4564 4529)
4(3898 4563 4564 3899)
4(4528 4529 4564 4563)
4(3865 3900 4565 4530)
4(3899 4564 4565 3900)
4(4529 4530 4565 4564)
4(3866 3901 4566 4531)
4(3900 4565 4566 3901)
4(4530 4531 4566 4565)
4(3867 3902 4567 4532)
4(3901 4566 4567 3902)
4(4531 4532 4567 4566)
4(3868 3903 4568 4533)
4(3902 4567 4568 3903)
4(4532 4533 4568 4567)
4(3869 3904 4569 4534)
4(3903 4568 4569 3904)
4(4533 4534 4569 4568)
4(3870 3905 4570 4535)
4(3904 4569 4570 3905)
4(4534 4535 4570 4569)
4(3871 3906 4571 4536)
4(3905 4570 4571 3906)
4(4535 4536 4571 4570)
4(3872 3907 4572 4537)
4(3906 4571 4572 3907)
4(4536 4537 4572 4571)
4(3873 3908 4573 4538)
4(3907 4572 4573 3908)
4(4537 4538 4573 4572)
4(3874 3909 4574 4539)
4(3908 4573 4574 3909)
4(4538 4539 4574 4573)
4(3875 3910 4575 4540)
4(3909 4574 4575 3910)
4(4539 4540 4575 4574)
4(3876 3911 4576 4541)
4(3910 4575 4576 3911)
4(4540 4541 4576 4575)
4(3877 3912 4577 4542)
4(3911 4576 4577 3912)
4(4541 4542 4577 4576)
4(3878 3913 4578 4543)
4(3912 4577 4578 3913)
4(4542 4543 4578 4577)
4(3879 3914 4579 4544)
4(3913 4578 4579 3914)
4(4543 4544 4579 4578)
4(3880 3915 4580 4545)
4(3914 4579 4580 3915)
4(4544 4545 4580 4579)
4(3881 3916 4581 4546)
4(3915 4580 4581 3916)
4(4545 4546 4581 4580)
4(3882 3917 4582 4547)
4(3916 4581 4582 3917)
4(4546 4547 4582 4581)
4(3883 3918 4583 4548)
4(3917 4582 4583 3918)
4(4547 4548 4583 4582)
4(3918 4583 4584 3919)
4(4548 4549 4584 4583)
4(3886 3921 4586 4551)
4(3920 4585 4586 3921)
4(4550 4551 4586 4585)
4(3887 3922 4587 4552)
4(3921 4586 4587 3922)
4(4551 4552 4587 4586)
4(3888 3923 4588 4553)
4(3922 4587 4588 3923)
4(4552 4553 4588 4587)
4(3889 3924 4589 4554)
4(3923 4588 4589 3924)
4(4553 4554 4589 4588)
4(3890 3925 4590 4555)
4(3924 4589 4590 3925)
4(4554 4555 4590 4589)
4(3891 3926 4591 4556)
4(3925 4590 4591 3926)
4(4555 4556 4591 4590)
4(3892 3927 4592 4557)
4(3926 4591 4592 3927)
4(4556 4557 4592 4591)
4(3893 3928 4593 4558)
4(3927 4592 4593 3928)
4(4557 4558 4593 4592)
4(3894 3929 4594 4559)
4(3928 4593 4594 3929)
4(4558 4559 4594 4593)
4(3895 3930 4595 4560)
4(3929 4594 4595 3930)
4(4559 4560 4595 4594)
4(3896 3931 4596 4561)
4(3930 4595 4596 3931)
4(4560 4561 4596 4595)
4(3897 3932 4597 4562)
4(3931 4596 4597 3932)
4(4561 4562 4597 4596)
4(3898 3933 4598 4563)
4(3932 4597 4598 3933)
4(4562 4563 4598 4597)
4(3899 3934 4599 4564)
4(3933 4598 4599 3934)
4(4563 4564 4599 4598)
4(3900 3935 4600 4565)
4(3934 4599 4600 3935)
4(4564 4565 4600 4599)
4(3901 3936 4601 4566)
4(3935 4600 4601 3936)
4(4565 4566 4601 4600)
4(3902 3937 4602 4567)
4(3936 4601 4602 3937)
4(4566 4567 4602 4601)
4(3903 3938 4603 4568)
4(3937 4602 4603 3938)
4(4567 4568 4603 4602)
4(3904 3939 4604 4569)
4(3938 4603 4604 3939)
4(4568 4569 4604 4603)
4(3905 3940 4605 4570)
4(3939 4604 4605 3940)
4(4569 4570 4605 4604)
4(3906 3941 4606 4571)
4(3940 4605 4606 3941)
4(4570 4571 4606 4605)
4(3907 3942 4607 4572)
4(3941 4606 4607 3942)
4(4571 4572 4607 4606)
4(3908 3943 4608 4573)
4(3942 4607 4608 3943)
4(4572 4573 4608 4607)
4(3909 3944 4609 4574)
4(3943 4608 4609 3944)
4(4573 4574 4609 4608)
4(3910 3945 4610 4575)
4(3944 4609 4610 3945)
4(4574 4575 4610 4609)
4(3911 3946 4611 4576)
4(3945 4610 4611 3946)
4(4575 4576 4611 4610)
4(3912 3947 4612 4577)
4(3946 4611 4612 3947)
4(4576 4577 4612 4611)
4(3913 3948 4613 4578)
4(3947 4612 4613 3948)
4(4577 4578 4613 4612)
4(3914 3949 4614 4579)
4(3948 4613 4614 3949)
4(4578 4579 4614 4613)
4(3915 3950 4615 4580)
4(3949 4614 4615 3950)
4(4579 4580 4615 4614)
4(3916 3951 4616 4581)
4(3950 4615 4616 3951)
4(4580 4581 4616 4615)
4(3917 3952 4617 4582)
4(3951 4616 4617 3952)
4(4581 4582 4617 4616)
4(3918 3953 4618 4583)
4(3952 4617 4618 3953)
4(4582 4583 4618 4617)
4(3953 4618 4619 3954)
4(4583 4584 4619 4618)
4(3921 3956 4621 4586)
4(4585 4586 4621 4620)
4(3922 3957 4622 4587)
4(4586 4587 4622 4621)
4(3923 3958 4623 4588)
4(4587 4588 4623 4622)
4(3924 3959 4624 4589)
4(4588 4589 4624 4623)
4(3925 3960 4625 4590)
4(4589 4590 4625 4624)
4(3926 3961 4626 4591)
4(4590 4591 4626 4625)
4(3927 3962 4627 4592)
4(4591 4592 4627 4626)
4(3928 3963 4628 4593)
4(4592 4593 4628 4627)
4(3929 3964 4629 4594)
4(4593 4594 4629 4628)
4(3930 3965 4630 4595)
4(4594 4595 4630 4629)
4(3931 3966 4631 4596)
4(4595 4596 4631 4630)
4(3932 3967 4632 4597)
4(4596 4597 4632 4631)
4(3933 3968 4633 4598)
4(4597 4598 4633 4632)
4(3934 3969 4634 4599)
4(4598 4599 4634 4633)
4(3935 3970 4635 4600)
4(4599 4600 4635 4634)
4(3936 3971 4636 4601)
4(4600 4601 4636 4635)
4(3937 3972 4637 4602)
4(4601 4602 4637 4636)
4(3938 3973 4638 4603)
4(4602 4603 4638 4637)
4(3939 3974 4639 4604)
4(4603 4604 4639 4638)
4(3940 3975 4640 4605)
4(4604 4605 4640 4639)
4(3941 3976 4641 4606)
4(4605 4606 4641 4640)
4(3942 3977 4642 4607)
4(4606 4607 4642 4641)
4(3943 3978 4643 4608)
4(4607 4608 4643 4642)
4(3944 3979 4644 4609)
4(4608 4609 4644 4643)
4(3945 3980 4645 4610)
4(4609 4610 4645 4644)
4(3946 3981 4646 4611)
4(4610 4611 4646 4645)
4(3947 3982 4647 4612)
4(4611 4612 4647 4646)
4(3948 3983 4648 4613)
4(4612 4613 4648 4647)
4(3949 3984 4649 4614)
4(4613 4614 4649 4648)
4(3950 3985 4650 4615)
4(4614 4615 4650 4649)
4(3951 3986 4651 4616)
4(4615 4616 4651 4650)
4(3952 3987 4652 4617)
4(4616 4617 4652 4651)
4(3953 3988 4653 4618)
4(4617 4618 4653 4652)
4(4618 4619 4654 4653)
4(3991 4026 4691 4656)
4(4025 4690 4691 4026)
4(4655 4656 4691 4690)
4(3992 4027 4692 4657)
4(4026 4691 4692 4027)
4(4656 4657 4692 4691)
4(3993 4028 4693 4658)
4(4027 4692 4693 4028)
4(4657 4658 4693 4692)
4(3994 4029 4694 4659)
4(4028 4693 4694 4029)
4(4658 4659 4694 4693)
4(3995 4030 4695 4660)
4(4029 4694 4695 4030)
4(4659 4660 4695 4694)
4(3996 4031 4696 4661)
4(4030 4695 4696 4031)
4(4660 4661 4696 4695)
4(3997 4032 4697 4662)
4(4031 4696 4697 4032)
4(4661 4662 4697 4696)
4(3998 4033 4698 4663)
4(4032 4697 4698 4033)
4(4662 4663 4698 4697)
4(3999 4034 4699 4664)
4(4033 4698 4699 4034)
4(4663 4664 4699 4698)
4(4000 4035 4700 4665)
4(4034 4699 4700 4035)
4(4664 4665 4700 4699)
4(4001 4036 4701 4666)
4(4035 4700 4701 4036)
4(4665 4666 4701 4700)
4(4002 4037 4702 4667)
4(4036 4701 4702 4037)
4(4666 4667 4702 4701)
4(4003 4038 4703 4668)
4(4037 4702 4703 4038)
4(4667 4668 4703 4702)
4(4004 4039 4704 4669)
4(4038 4703 4704 4039)
4(4668 4669 4704 4703)
4(4005 4040 4705 4670)
4(4039 4704 4705 4040)
4(4669 4670 4705 4704)
4(4006 4041 4706 4671)
4(4040 4705 4706 4041)
4(4670 4671 4706 4705)
4(4007 4042 4707 4672)
4(4041 4706 4707 4042)
4(4671 4672 4707 4706)
4(4008 4043 4708 4673)
4(4042 4707 4708 4043)
4(4672 4673 4708 4707)
4(4009 4044 4709 4674)
4(4043 4708 4709 4044)
4(4673 4674 4709 4708)
4(4010 4045 4710 4675)
4(4044 4709 4710 4045)
4(4674 4675 4710 4709)
4(4011 4046 4711 4676)
4(4045 4710 4711 4046)
4(4675 4676 4711 4710)
4(4012 4047 4712 4677)
4(4046 4711 4712 4047)
4(4676 4677 4712 4711)
4(4013 4048 4713 4678)
4(4047 4712 4713 4048)
4(4677 4678 4713 4712)
4(4014 4049 4714 4679)
4(4048 4713 4714 4049)
4(4678 4679 4714 4713)
4(4015 4050 4715 4680)
4(4049 4714 4715 4050)
4(4679 4680 4715 4714)
4(4016 4051 4716 4681)
4(4050 4715 4716 4051)
4(4680 4681 4716 4715)
4(4017 4052 4717 4682)
4(4051 4716 4717 4052)
4(4681 4682 4717 4716)
4(4018 4053 4718 4683)
4(4052 4717 4718 4053)
4(4682 4683 4718 4717)
4(4019 4054 4719 4684)
4(4053 4718 4719 4054)
4(4683 4684 4719 4718)
4(4020 4055 4720 4685)
4(4054 4719 4720 4055)
4(4684 4685 4720 4719)
4(4021 4056 4721 4686)
4(4055 4720 4721 4056)
4(4685 4686 4721 4720)
4(4022 4057 4722 4687)
4(4056 4721 4722 4057)
4(4686 4687 4722 4721)
4(4023 4058 4723 4688)
4(4057 4722 4723 4058)
4(4687 4688 4723 4722)
4(4058 4723 4724 4059)
4(4688 4689 4724 4723)
4(4026 4061 4726 4691)
4(4060 4725 4726 4061)
4(4690 4691 4726 4725)
4(4027 4062 4727 4692)
4(4061 4726 4727 4062)
4(4691 4692 4727 4726)
4(4028 4063 4728 4693)
4(4062 4727 4728 4063)
4(4692 4693 4728 4727)
4(4029 4064 4729 4694)
4(4063 4728 4729 4064)
4(4693 4694 4729 4728)
4(4030 4065 4730 4695)
4(4064 4729 4730 4065)
4(4694 4695 4730 4729)
4(4031 4066 4731 4696)
4(4065 4730 4731 4066)
4(4695 4696 4731 4730)
4(4032 4067 4732 4697)
4(4066 4731 4732 4067)
4(4696 4697 4732 4731)
4(4033 4068 4733 4698)
4(4067 4732 4733 4068)
4(4697 4698 4733 4732)
4(4034 4069 4734 4699)
4(4068 4733 4734 4069)
4(4698 4699 4734 4733)
4(4035 4070 4735 4700)
4(4069 4734 4735 4070)
4(4699 4700 4735 4734)
4(4036 4071 4736 4701)
4(4070 4735 4736 4071)
4(4700 4701 4736 4735)
4(4037 4072 4737 4702)
4(4071 4736 4737 4072)
4(4701 4702 4737 4736)
4(4038 4073 4738 4703)
4(4072 4737 4738 4073)
4(4702 4703 4738 4737)
4(4039 4074 4739 4704)
4(4073 4738 4739 4074)
4(4703 4704 4739 4738)
4(4040 4075 4740 4705)
4(4074 4739 4740 4075)
4(4704 4705 4740 4739)
4(4041 4076 4741 4706)
4(4075 4740 4741 4076)
4(4705 4706 4741 4740)
4(4042 4077 4742 4707)
4(4076 4741 4742 4077)
4(4706 4707 4742 4741)
4(4043 4078 4743 4708)
4(4077 4742 4743 4078)
4(4707 4708 4743 4742)
4(4044 4079 4744 4709)
4(4078 4743 4744 4079)
4(4708 4709 4744 4743)
4(4045 4080 4745 4710)
4(4079 4744 4745 4080)
4(4709 4710 4745 4744)
4(4046 4081 4746 4711)
4(4080 4745 4746 4081)
4(4710 4711 4746 4745)
4(4047 4082 4747 4712)
4(4081 4746 4747 4082)
4(4711 4712 4747 4746)
4(4048 4083 4748 4713)
4(4082 4747 4748 4083)
4(4712 4713 4748 4747)
4(4049 4084 4749 4714)
4(4083 4748 4749 4084)
4(4713 4714 4749 4748)
4(4050 4085 4750 4715)
4(4084 4749 4750 4085)
4(4714 4715 4750 4749)
4(4051 4086 4751 4716)
4(4085 4750 4751 4086)
4(4715 4716 4751 4750)
4(4052 4087 4752 4717)
4(4086 4751 4752 4087)
4(4716 4717 4752 4751)
4(4053 4088 4753 4718)
4(4087 4752 4753 4088)
4(4717 4718 4753 4752)
4(4054 4089 4754 4719)
4(4088 4753 4754 4089)
4(4718 4719 4754 4753)
4(4055 4090 4755 4720)
4(4089 4754 4755 4090)
4(4719 4720 4755 4754)
4(4056 4091 4756 4721)
4(4090 4755 4756 4091)
4(4720 4721 4756 4755)
4(4057 4092 4757 4722)
4(4091 4756 4757 4092)
4(4721 4722 4757 4756)
4(4058 4093 4758 4723)
4(4092 4757 4758 4093)
4(4722 4723 4758 4757)
4(4093 4758 4759 4094)
4(4723 4724 4759 4758)
4(4061 4096 4761 4726)
4(4095 4760 4761 4096)
4(4725 4726 4761 4760)
4(4062 4097 4762 4727)
4(4096 4761 4762 4097)
4(4726 4727 4762 4761)
4(4063 4098 4763 4728)
4(4097 4762 4763 4098)
4(4727 4728 4763 4762)
4(4064 4099 4764 4729)
4(4098 4763 4764 4099)
4(4728 4729 4764 4763)
4(4065 4100 4765 4730)
4(4099 4764 4765 4100)
4(4729 4730 4765 4764)
4(4066 4101 4766 4731)
4(4100 4765 4766 4101)
4(4730 4731 4766 4765)
4(4067 4102 4767 4732)
4(4101 4766 4767 4102)
4(4731 4732 4767 4766)
4(4068 4103 4768 4733)
4(4102 4767 4768 4103)
4(4732 4733 4768 4767)
4(4069 4104 4769 4734)
4(4103 4768 4769 4104)
4(4733 4734 4769 4768)
4(4070 4105 4770 4735)
4(4104 4769 4770 4105)
4(4734 4735 4770 4769)
4(4071 4106 4771 4736)
4(4105 4770 4771 4106)
4(4735 4736 4771 4770)
4(4072 4107 4772 4737)
4(4106 4771 4772 4107)
4(4736 4737 4772 4771)
4(4073 4108 4773 4738)
4(4107 4772 4773 4108)
4(4737 4738 4773 4772)
4(4074 4109 4774 4739)
4(4108 4773 4774 4109)
4(4738 4739 4774 4773)
4(4075 4110 4775 4740)
4(4109 4774 4775 4110)
4(4739 4740 4775 4774)
4(4076 4111 4776 4741)
4(4110 4775 4776 4111)
4(4740 4741 4776 4775)
4(4077 4112 4777 4742)
4(4111 4776 4777 4112)
4(4741 4742 4777 4776)
4(4078 4113 4778 4743)
4(4112 4777 4778 4113)
4(4742 4743 4778 4777)
4(4079 4114 4779 4744)
4(4113 4778 4779 4114)
4(4743 4744 4779 4778)
4(4080 4115 4780 4745)
4(4114 4779 4780 4115)
4(4744 4745 4780 4779)
4(4081 4116 4781 4746)
4(4115 4780 4781 4116)
4(4745 4746 4781 4780)
4(4082 4117 4782 4747)
4(4116 4781 4782 4117)
4(4746 4747 4782 4781)
4(4083 4118 4783 4748)
4(4117 4782 4783 4118)
4(4747 4748 4783 4782)
4(4084 4119 4784 4749)
4(4118 4783 4784 4119)
4(4748 4749 4784 4783)
4(4085 4120 4785 4750)
4(4119 4784 4785 4120)
4(4749 4750 4785 4784)
4(4086 4121 4786 4751)
4(4120 4785 4786 4121)
4(4750 4751 4786 4785)
4(4087 4122 4787 4752)
4(4121 4786 4787 4122)
4(4751 4752 4787 4786)
4(4088 4123 4788 4753)
4(4122 4787 4788 4123)
4(4752 4753 4788 4787)
4(4089 4124 4789 4754)
4(4123 4788 4789 4124)
4(4753 4754 4789 4788)
4(4090 4125 4790 4755)
4(4124 4789 4790 4125)
4(4754 4755 4790 4789)
4(4091 4126 4791 4756)
4(4125 4790 4791 4126)
4(4755 4756 4791 4790)
4(4092 4127 4792 4757)
4(4126 4791 4792 4127)
4(4756 4757 4792 4791)
4(4093 4128 4793 4758)
4(4127 4792 4793 4128)
4(4757 4758 4793 4792)
4(4128 4793 4794 4129)
4(4758 4759 4794 4793)
4(4096 4131 4796 4761)
4(4130 4795 4796 4131)
4(4760 4761 4796 4795)
4(4097 4132 4797 4762)
4(4131 4796 4797 4132)
4(4761 4762 4797 4796)
4(4098 4133 4798 4763)
4(4132 4797 4798 4133)
4(4762 4763 4798 4797)
4(4099 4134 4799 4764)
4(4133 4798 4799 4134)
4(4763 4764 4799 4798)
4(4100 4135 4800 4765)
4(4134 4799 4800 4135)
4(4764 4765 4800 4799)
4(4101 4136 4801 4766)
4(4135 4800 4801 4136)
4(4765 4766 4801 4800)
4(4102 4137 4802 4767)
4(4136 4801 4802 4137)
4(4766 4767 4802 4801)
4(4103 4138 4803 4768)
4(4137 4802 4803 4138)
4(4767 4768 4803 4802)
4(4104 4139 4804 4769)
4(4138 4803 4804 4139)
4(4768 4769 4804 4803)
4(4105 4140 4805 4770)
4(4139 4804 4805 4140)
4(4769 4770 4805 4804)
4(4106 4141 4806 4771)
4(4140 4805 4806 4141)
4(4770 4771 4806 4805)
4(4107 4142 4807 4772)
4(4141 4806 4807 4142)
4(4771 4772 4807 4806)
4(4108 4143 4808 4773)
4(4142 4807 4808 4143)
4(4772 4773 4808 4807)
4(4109 4144 4809 4774)
4(4143 4808 4809 4144)
4(4773 4774 4809 4808)
4(4110 4145 4810 4775)
4(4144 4809 4810 4145)
4(4774 4775 4810 4809)
4(4111 4146 4811 4776)
4(4145 4810 4811 4146)
4(4775 4776 4811 4810)
4(4112 4147 4812 4777)
4(4146 4811 4812 4147)
4(4776 4777 4812 4811)
4(4113 4148 4813 4778)
4(4147 4812 4813 4148)
4(4777 4778 4813 4812)
4(4114 4149 4814 4779)
4(4148 4813 4814 4149)
4(4778 4779 4814 4813)
4(4115 4150 4815 4780)
4(4149 4814 4815 4150)
4(4779 4780 4815 4814)
4(4116 4151 4816 4781)
4(4150 4815 4816 4151)
4(4780 4781 4816 4815)
4(4117 4152 4817 4782)
4(4151 4816 4817 4152)
4(4781 4782 4817 4816)
4(4118 4153 4818 4783)
4(4152 4817 4818 4153)
4(4782 4783 4818 4817)
4(4119 4154 4819 4784)
4(4153 4818 4819 4154)
4(4783 4784 4819 4818)
4(4120 4155 4820 4785)
4(4154 4819 4820 4155)
4(4784 4785 4820 4819)
4(4121 4156 4821 4786)
4(4155 4820 4821 4156)
4(4785 4786 4821 4820)
4(4122 4157 4822 4787)
4(4156 4821 4822 4157)
4(4786 4787 4822 4821)
4(4123 4158 4823 4788)
4(4157 4822 4823 4158)
4(4787 4788 4823 4822)
4(4124 4159 4824 4789)
4(4158 4823 4824 4159)
4(4788 4789 4824 4823)
4(4125 4160 4825 4790)
4(4159 4824 4825 4160)
4(4789 4790 4825 4824)
4(4126 4161 4826 4791)
4(4160 4825 4826 4161)
4(4790 4791 4826 4825)
4(4127 4162 4827 4792)
4(4161 4826 4827 4162)
4(4791 4792 4827 4826)
4(4128 4163 4828 4793)
4(4162 4827 4828 4163)
4(4792 4793 4828 4827)
4(4163 4828 4829 4164)
4(4793 4794 4829 4828)
4(4131 4166 4831 4796)
4(4165 4830 4831 4166)
4(4795 4796 4831 4830)
4(4132 4167 4832 4797)
4(4166 4831 4832 4167)
4(4796 4797 4832 4831)
4(4133 4168 4833 4798)
4(4167 4832 4833 4168)
4(4797 4798 4833 4832)
4(4134 4169 4834 4799)
4(4168 4833 4834 4169)
4(4798 4799 4834 4833)
4(4135 4170 4835 4800)
4(4169 4834 4835 4170)
4(4799 4800 4835 4834)
4(4136 4171 4836 4801)
4(4170 4835 4836 4171)
4(4800 4801 4836 4835)
4(4137 4172 4837 4802)
4(4171 4836 4837 4172)
4(4801 4802 4837 4836)
4(4138 4173 4838 4803)
4(4172 4837 4838 4173)
4(4802 4803 4838 4837)
4(4139 4174 4839 4804)
4(4173 4838 4839 4174)
4(4803 4804 4839 4838)
4(4140 4175 4840 4805)
4(4174 4839 4840 4175)
4(4804 4805 4840 4839)
4(4141 4176 4841 4806)
4(4175 4840 4841 4176)
4(4805 4806 4841 4840)
4(4142 4177 4842 4807)
4(4176 4841 4842 4177)
4(4806 4807 4842 4841)
4(4143 4178 4843 4808)
4(4177 4842 4843 4178)
4(4807 4808 4843 4842)
4(4144 4179 4844 4809)
4(4178 4843 4844 4179)
4(4808 4809 4844 4843)
4(4145 4180 4845 4810)
4(4179 4844 4845 4180)
4(4809 4810 4845 4844)
4(4146 4181 4846 4811)
4(4180 4845 4846 4181)
4(4810 4811 4846 4845)
4(4147 4182 4847 4812)
4(4181 4846 4847 4182)
4(4811 4812 4847 4846)
4(4148 4183 4848 4813)
4(4182 4847 4848 4183)
4(4812 4813 4848 4847)
4(4149 4184 4849 4814)
4(4183 4848 4849 4184)
4(4813 4814 4849 4848)
4(4150 4185 4850 4815)
4(4184 4849 4850 4185)
4(4814 4815 4850 4849)
4(4151 4186 4851 4816)
4(4185 4850 4851 4186)
4(4815 4816 4851 4850)
4(4152 4187 4852 4817)
4(4186 4851 4852 4187)
4(4816 4817 4852 4851)
4(4153 4188 4853 4818)
4(4187 4852 4853 4188)
4(4817 4818 4853 4852)
4(4154 4189 4854 4819)
4(4188 4853 4854 4189)
4(4818 4819 4854 4853)
4(4155 4190 4855 4820)
4(4189 4854 4855 4190)
4(4819 4820 4855 4854)
4(4156 4191 4856 4821)
4(4190 4855 4856 4191)
4(4820 4821 4856 4855)
4(4157 4192 4857 4822)
4(4191 4856 4857 4192)
4(4821 4822 4857 4856)
4(4158 4193 4858 4823)
4(4192 4857 4858 4193)
4(4822 4823 4858 4857)
4(4159 4194 4859 4824)
4(4193 4858 4859 4194)
4(4823 4824 4859 4858)
4(4160 4195 4860 4825)
4(4194 4859 4860 4195)
4(4824 4825 4860 4859)
4(4161 4196 4861 4826)
4(4195 4860 4861 4196)
4(4825 4826 4861 4860)
4(4162 4197 4862 4827)
4(4196 4861 4862 4197)
4(4826 4827 4862 4861)
4(4163 4198 4863 4828)
4(4197 4862 4863 4198)
4(4827 4828 4863 4862)
4(4198 4863 4864 4199)
4(4828 4829 4864 4863)
4(4166 4201 4866 4831)
4(4200 4865 4866 4201)
4(4830 4831 4866 4865)
4(4167 4202 4867 4832)
4(4201 4866 4867 4202)
4(4831 4832 4867 4866)
4(4168 4203 4868 4833)
4(4202 4867 4868 4203)
4(4832 4833 4868 4867)
4(4169 4204 4869 4834)
4(4203 4868 4869 4204)
4(4833 4834 4869 4868)
4(4170 4205 4870 4835)
4(4204 4869 4870 4205)
4(4834 4835 4870 4869)
4(4171 4206 4871 4836)
4(4205 4870 4871 4206)
4(4835 4836 4871 4870)
4(4172 4207 4872 4837)
4(4206 4871 4872 4207)
4(4836 4837 4872 4871)
4(4173 4208 4873 4838)
4(4207 4872 4873 4208)
4(4837 4838 4873 4872)
4(4174 4209 4874 4839)
4(4208 4873 4874 4209)
4(4838 4839 4874 4873)
4(4175 4210 4875 4840)
4(4209 4874 4875 4210)
4(4839 4840 4875 4874)
4(4176 4211 4876 4841)
4(4210 4875 4876 4211)
4(4840 4841 4876 4875)
4(4177 4212 4877 4842)
4(4211 4876 4877 4212)
4(4841 4842 4877 4876)
4(4178 4213 4878 4843)
4(4212 4877 4878 4213)
4(4842 4843 4878 4877)
4(4179 4214 4879 4844)
4(4213 4878 4879 4214)
4(4843 4844 4879 4878)
4(4180 4215 4880 4845)
4(4214 4879 4880 4215)
4(4844 4845 4880 4879)
4(4181 4216 4881 4846)
4(4215 4880 4881 4216)
4(4845 4846 4881 4880)
4(4182 4217 4882 4847)
4(4216 4881 4882 4217)
4(4846 4847 4882 4881)
4(4183 4218 4883 4848)
4(4217 4882 4883 4218)
4(4847 4848 4883 4882)
4(4184 4219 4884 4849)
4(4218 4883 4884 4219)
4(4848 4849 4884 4883)
4(4185 4220 4885 4850)
4(4219 4884 4885 4220)
4(4849 4850 4885 4884)
4(4186 4221 4886 4851)
4(4220 4885 4886 4221)
4(4850 4851 4886 4885)
4(4187 4222 4887 4852)
4(4221 4886 4887 4222)
4(4851 4852 4887 4886)
4(4188 4223 4888 4853)
4(4222 4887 4888 4223)
4(4852 4853 4888 4887)
4(4189 4224 4889 4854)
4(4223 4888 4889 4224)
4(4853 4854 4889 4888)
4(4190 4225 4890 4855)
4(4224 4889 4890 4225)
4(4854 4855 4890 4889)
4(4191 4226 4891 4856)
4(4225 4890 4891 4226)
4(4855 4856 4891 4890)
4(4192 4227 4892 4857)
4(4226 4891 4892 4227)
4(4856 4857 4892 4891)
4(4193 4228 4893 4858)
4(4227 4892 4893 4228)
4(4857 4858 4893 4892)
4(4194 4229 4894 4859)
4(4228 4893 4894 4229)
4(4858 4859 4894 4893)
4(4195 4230 4895 4860)
4(4229 4894 4895 4230)
4(4859 4860 4895 4894)
4(4196 4231 4896 4861)
4(4230 4895 4896 4231)
4(4860 4861 4896 4895)
4(4197 4232 4897 4862)
4(4231 4896 4897 4232)
4(4861 4862 4897 4896)
4(4198 4233 4898 4863)
4(4232 4897 4898 4233)
4(4862 4863 4898 4897)
4(4233 4898 4899 4234)
4(4863 4864 4899 4898)
4(4201 4236 4901 4866)
4(4235 4900 4901 4236)
4(4865 4866 4901 4900)
4(4202 4237 4902 4867)
4(4236 4901 4902 4237)
4(4866 4867 4902 4901)
4(4203 4238 4903 4868)
4(4237 4902 4903 4238)
4(4867 4868 4903 4902)
4(4204 4239 4904 4869)
4(4238 4903 4904 4239)
4(4868 4869 4904 4903)
4(4205 4240 4905 4870)
4(4239 4904 4905 4240)
4(4869 4870 4905 4904)
4(4206 4241 4906 4871)
4(4240 4905 4906 4241)
4(4870 4871 4906 4905)
4(4207 4242 4907 4872)
4(4241 4906 4907 4242)
4(4871 4872 4907 4906)
4(4208 4243 4908 4873)
4(4242 4907 4908 4243)
4(4872 4873 4908 4907)
4(4209 4244 4909 4874)
4(4243 4908 4909 4244)
4(4873 4874 4909 4908)
4(4210 4245 4910 4875)
4(4244 4909 4910 4245)
4(4874 4875 4910 4909)
4(4211 4246 4911 4876)
4(4245 4910 4911 4246)
4(4875 4876 4911 4910)
4(4212 4247 4912 4877)
4(4246 4911 4912 4247)
4(4876 4877 4912 4911)
4(4213 4248 4913 4878)
4(4247 4912 4913 4248)
4(4877 4878 4913 4912)
4(4214 4249 4914 4879)
4(4248 4913 4914 4249)
4(4878 4879 4914 4913)
4(4215 4250 4915 4880)
4(4249 4914 4915 4250)
4(4879 4880 4915 4914)
4(4216 4251 4916 4881)
4(4250 4915 4916 4251)
4(4880 4881 4916 4915)
4(4217 4252 4917 4882)
4(4251 4916 4917 4252)
4(4881 4882 4917 4916)
4(4218 4253 4918 4883)
4(4252 4917 4918 4253)
4(4882 4883 4918 4917)
4(4219 4254 4919 4884)
4(4253 4918 4919 4254)
4(4883 4884 4919 4918)
4(4220 4255 4920 4885)
4(4254 4919 4920 4255)
4(4884 4885 4920 4919)
4(4221 4256 4921 4886)
4(4255 4920 4921 4256)
4(4885 4886 4921 4920)
4(4222 4257 4922 4887)
4(4256 4921 4922 4257)
4(4886 4887 4922 4921)
4(4223 4258 4923 4888)
4(4257 4922 4923 4258)
4(4887 4888 4923 4922)
4(4224 4259 4924 4889)
4(4258 4923 4924 4259)
4(4888 4889 4924 4923)
4(4225 4260 4925 4890)
4(4259 4924 4925 4260)
4(4889 4890 4925 4924)
4(4226 4261 4926 4891)
4(4260 4925 4926 4261)
4(4890 4891 4926 4925)
4(4227 4262 4927 4892)
4(4261 4926 4927 4262)
4(4891 4892 4927 4926)
4(4228 4263 4928 4893)
4(4262 4927 4928 4263)
4(4892 4893 4928 4927)
4(4229 4264 4929 4894)
4(4263 4928 4929 4264)
4(4893 4894 4929 4928)
4(4230 4265 4930 4895)
4(4264 4929 4930 4265)
4(4894 4895 4930 4929)
4(4231 4266 4931 4896)
4(4265 4930 4931 4266)
4(4895 4896 4931 4930)
4(4232 4267 4932 4897)
4(4266 4931 4932 4267)
4(4896 4897 4932 4931)
4(4233 4268 4933 4898)
4(4267 4932 4933 4268)
4(4897 4898 4933 4932)
4(4268 4933 4934 4269)
4(4898 4899 4934 4933)
4(4236 4271 4936 4901)
4(4270 4935 4936 4271)
4(4900 4901 4936 4935)
4(4237 4272 4937 4902)
4(4271 4936 4937 4272)
4(4901 4902 4937 4936)
4(4238 4273 4938 4903)
4(4272 4937 4938 4273)
4(4902 4903 4938 4937)
4(4239 4274 4939 4904)
4(4273 4938 4939 4274)
4(4903 4904 4939 4938)
4(4240 4275 4940 4905)
4(4274 4939 4940 4275)
4(4904 4905 4940 4939)
4(4241 4276 4941 4906)
4(4275 4940 4941 4276)
4(4905 4906 4941 4940)
4(4242 4277 4942 4907)
4(4276 4941 4942 4277)
4(4906 4907 4942 4941)
4(4243 4278 4943 4908)
4(4277 4942 4943 4278)
4(4907 4908 4943 4942)
4(4244 4279 4944 4909)
4(4278 4943 4944 4279)
4(4908 4909 4944 4943)
4(4245 4280 4945 4910)
4(4279 4944 4945 4280)
4(4909 4910 4945 4944)
4(4246 4281 4946 4911)
4(4280 4945 4946 4281)
4(4910 4911 4946 4945)
4(4247 4282 4947 4912)
4(4281 4946 4947 4282)
4(4911 4912 4947 4946)
4(4248 4283 4948 4913)
4(4282 4947 4948 4283)
4(4912 4913 4948 4947)
4(4249 4284 4949 4914)
4(4283 4948 4949 4284)
4(4913 4914 4949 4948)
4(4250 4285 4950 4915)
4(4284 4949 4950 4285)
4(4914 4915 4950 4949)
4(4251 4286 4951 4916)
4(4285 4950 4951 4286)
4(4915 4916 4951 4950)
4(4252 4287 4952 4917)
4(4286 4951 4952 4287)
4(4916 4917 4952 4951)
4(4253 4288 4953 4918)
4(4287 4952 4953 4288)
4(4917 4918 4953 4952)
4(4254 4289 4954 4919)
4(4288 4953 4954 4289)
4(4918 4919 4954 4953)
4(4255 4290 4955 4920)
4(4289 4954 4955 4290)
4(4919 4920 4955 4954)
4(4256 4291 4956 4921)
4(4290 4955 4956 4291)
4(4920 4921 4956 4955)
4(4257 4292 4957 4922)
4(4291 4956 4957 4292)
4(4921 4922 4957 4956)
4(4258 4293 4958 4923)
4(4292 4957 4958 4293)
4(4922 4923 4958 4957)
4(4259 4294 4959 4924)
4(4293 4958 4959 4294)
4(4923 4924 4959 4958)
4(4260 4295 4960 4925)
4(4294 4959 4960 4295)
4(4924 4925 4960 4959)
4(4261 4296 4961 4926)
4(4295 4960 4961 4296)
4(4925 4926 4961 4960)
4(4262 4297 4962 4927)
4(4296 4961 4962 4297)
4(4926 4927 4962 4961)
4(4263 4298 4963 4928)
4(4297 4962 4963 4298)
4(4927 4928 4963 4962)
4(4264 4299 4964 4929)
4(4298 4963 4964 4299)
4(4928 4929 4964 4963)
4(4265 4300 4965 4930)
4(4299 4964 4965 4300)
4(4929 4930 4965 4964)
4(4266 4301 4966 4931)
4(4300 4965 4966 4301)
4(4930 4931 4966 4965)
4(4267 4302 4967 4932)
4(4301 4966 4967 4302)
4(4931 4932 4967 4966)
4(4268 4303 4968 4933)
4(4302 4967 4968 4303)
4(4932 4933 4968 4967)
4(4303 4968 4969 4304)
4(4933 4934 4969 4968)
4(4271 4306 4971 4936)
4(4305 4970 4971 4306)
4(4935 4936 4971 4970)
4(4272 4307 4972 4937)
4(4306 4971 4972 4307)
4(4936 4937 4972 4971)
4(4273 4308 4973 4938)
4(4307 4972 4973 4308)
4(4937 4938 4973 4972)
4(4274 4309 4974 4939)
4(4308 4973 4974 4309)
4(4938 4939 4974 4973)
4(4275 4310 4975 4940)
4(4309 4974 4975 4310)
4(4939 4940 4975 4974)
4(4276 4311 4976 4941)
4(4310 4975 4976 4311)
4(4940 4941 4976 4975)
4(4277 4312 4977 4942)
4(4311 4976 4977 4312)
4(4941 4942 4977 4976)
4(4278 4313 4978 4943)
4(4312 4977 4978 4313)
4(4942 4943 4978 4977)
4(4279 4314 4979 4944)
4(4313 4978 4979 4314)
4(4943 4944 4979 4978)
4(4280 4315 4980 4945)
4(4314 4979 4980 4315)
4(4944 4945 4980 4979)
4(4281 4316 4981 4946)
4(4315 4980 4981 4316)
4(4945 4946 4981 4980)
4(4282 4317 4982 4947)
4(4316 4981 4982 4317)
4(4946 4947 4982 4981)
4(4283 4318 4983 4948)
4(4317 4982 4983 4318)
4(4947 4948 4983 4982)
4(4284 4319 4984 4949)
4(4318 4983 4984 4319)
4(4948 4949 4984 4983)
4(4285 4320 4985 4950)
4(4319 4984 4985 4320)
4(4949 4950 4985 4984)
4(4286 4321 4986 4951)
4(4320 4985 4986 4321)
4(4950 4951 4986 4985)
4(4287 4322 4987 4952)
4(4321 4986 4987 4322)
4(4951 4952 4987 4986)
4(4288 4323 4988 4953)
4(4322 4987 4988 4323)
4(4952 4953 4988 4987)
4(4289 4324 4989 4954)
4(4323 4988 4989 4324)
4(4953 4954 4989 4988)
4(4290 4325 4990 4955)
4(4324 4989 4990 4325)
4(4954 4955 4990 4989)
4(4291 4326 4991 4956)
4(4325 4990 4991 4326)
4(4955 4956 4991 4990)
4(4292 4327 4992 4957)
4(4326 4991 4992 4327)
4(4956 4957 4992 4991)
4(4293 4328 4993 4958)
4(4327 4992 4993 4328)
4(4957 4958 4993 4992)
4(4294 4329 4994 4959)
4(4328 4993 4994 4329)
4(4958 4959 4994 4993)
4(4295 4330 4995 4960)
4(4329 4994 4995 4330)
4(4959 4960 4995 4994)
4(4296 4331 4996 4961)
4(4330 4995 4996 4331)
4(4960 4961 4996 4995)
4(4297 4332 4997 4962)
4(4331 4996 4997 4332)
4(4961 4962 4997 4996)
4(4298 4333 4998 4963)
4(4332 4997 4998 4333)
4(4962 4963 4998 4997)
4(4299 4334 4999 4964)
4(4333 4998 4999 4334)
4(4963 4964 4999 4998)
4(4300 4335 5000 4965)
4(4334 4999 5000 4335)
4(4964 4965 5000 4999)
4(4301 4336 5001 4966)
4(4335 5000 5001 4336)
4(4965 4966 5001 5000)
4(4302 4337 5002 4967)
4(4336 5001 5002 4337)
4(4966 4967 5002 5001)
4(4303 4338 5003 4968)
4(4337 5002 5003 4338)
4(4967 4968 5003 5002)
4(4338 5003 5004 4339)
4(4968 4969 5004 5003)
4(4306 4341 5006 4971)
4(4340 5005 5006 4341)
4(4970 4971 5006 5005)
4(4307 4342 5007 4972)
4(4341 5006 5007 4342)
4(4971 4972 5007 5006)
4(4308 4343 5008 4973)
4(4342 5007 5008 4343)
4(4972 4973 5008 5007)
4(4309 4344 5009 4974)
4(4343 5008 5009 4344)
4(4973 4974 5009 5008)
4(4310 4345 5010 4975)
4(4344 5009 5010 4345)
4(4974 4975 5010 5009)
4(4311 4346 5011 4976)
4(4345 5010 5011 4346)
4(4975 4976 5011 5010)
4(4312 4347 5012 4977)
4(4346 5011 5012 4347)
4(4976 4977 5012 5011)
4(4313 4348 5013 4978)
4(4347 5012 5013 4348)
4(4977 4978 5013 5012)
4(4314 4349 5014 4979)
4(4348 5013 5014 4349)
4(4978 4979 5014 5013)
4(4315 4350 5015 4980)
4(4349 5014 5015 4350)
4(4979 4980 5015 5014)
4(4316 4351 5016 4981)
4(4350 5015 5016 4351)
4(4980 4981 5016 5015)
4(4317 4352 5017 4982)
4(4351 5016 5017 4352)
4(4981 4982 5017 5016)
4(4318 4353 5018 4983)
4(4352 5017 5018 4353)
4(4982 4983 5018 5017)
4(4319 4354 5019 4984)
4(4353 5018 5019 4354)
4(4983 4984 5019 5018)
4(4320 4355 5020 4985)
4(4354 5019 5020 4355)
4(4984 4985 5020 5019)
4(4321 4356 5021 4986)
4(4355 5020 5021 4356)
4(4985 4986 5021 5020)
4(4322 4357 5022 4987)
4(4356 5021 5022 4357)
4(4986 4987 5022 5021)
4(4323 4358 5023 4988)
4(4357 5022 5023 4358)
4(4987 4988 5023 5022)
4(4324 4359 5024 4989)
4(4358 5023 5024 4359)
4(4988 4989 5024 5023)
4(4325 4360 5025 4990)
4(4359 5024 5025 4360)
4(4989 4990 5025 5024)
4(4326 4361 5026 4991)
4(4360 5025 5026 4361)
4(4990 4991 5026 5025)
4(4327 4362 5027 4992)
4(4361 5026 5027 4362)
4(4991 4992 5027 5026)
4(4328 4363 5028 4993)
4(4362 5027 5028 4363)
4(4992 4993 5028 5027)
4(4329 4364 5029 4994)
4(4363 5028 5029 4364)
4(4993 4994 5029 5028)
4(4330 4365 5030 4995)
4(4364 5029 5030 4365)
4(4994 4995 5030 5029)
4(4331 4366 5031 4996)
4(4365 5030 5031 4366)
4(4995 4996 5031 5030)
4(4332 4367 5032 4997)
4(4366 5031 5032 4367)
4(4996 4997 5032 5031)
4(4333 4368 5033 4998)
4(4367 5032 5033 4368)
4(4997 4998 5033 5032)
4(4334 4369 5034 4999)
4(4368 5033 5034 4369)
4(4998 4999 5034 5033)
4(4335 4370 5035 5000)
4(4369 5034 5035 4370)
4(4999 5000 5035 5034)
4(4336 4371 5036 5001)
4(4370 5035 5036 4371)
4(5000 5001 5036 5035)
4(4337 4372 5037 5002)
4(4371 5036 5037 4372)
4(5001 5002 5037 5036)
4(4338 4373 5038 5003)
4(4372 5037 5038 4373)
4(5002 5003 5038 5037)
4(4373 5038 5039 4374)
4(5003 5004 5039 5038)
4(4341 4376 5041 5006)
4(4375 5040 5041 4376)
4(5005 5006 5041 5040)
4(4342 4377 5042 5007)
4(4376 5041 5042 4377)
4(5006 5007 5042 5041)
4(4343 4378 5043 5008)
4(4377 5042 5043 4378)
4(5007 5008 5043 5042)
4(4344 4379 5044 5009)
4(4378 5043 5044 4379)
4(5008 5009 5044 5043)
4(4345 4380 5045 5010)
4(4379 5044 5045 4380)
4(5009 5010 5045 5044)
4(4346 4381 5046 5011)
4(4380 5045 5046 4381)
4(5010 5011 5046 5045)
4(4347 4382 5047 5012)
4(4381 5046 5047 4382)
4(5011 5012 5047 5046)
4(4348 4383 5048 5013)
4(4382 5047 5048 4383)
4(5012 5013 5048 5047)
4(4349 4384 5049 5014)
4(4383 5048 5049 4384)
4(5013 5014 5049 5048)
4(4350 4385 5050 5015)
4(4384 5049 5050 4385)
4(5014 5015 5050 5049)
4(4351 4386 5051 5016)
4(4385 5050 5051 4386)
4(5015 5016 5051 5050)
4(4352 4387 5052 5017)
4(4386 5051 5052 4387)
4(5016 5017 5052 5051)
4(4353 4388 5053 5018)
4(4387 5052 5053 4388)
4(5017 5018 5053 5052)
4(4354 4389 5054 5019)
4(4388 5053 5054 4389)
4(5018 5019 5054 5053)
4(4355 4390 5055 5020)
4(4389 5054 5055 4390)
4(5019 5020 5055 5054)
4(4356 4391 5056 5021)
4(4390 5055 5056 4391)
4(5020 5021 5056 5055)
4(4357 4392 5057 5022)
4(4391 5056 5057 4392)
4(5021 5022 5057 5056)
4(4358 4393 5058 5023)
4(4392 5057 5058 4393)
4(5022 5023 5058 5057)
4(4359 4394 5059 5024)
4(4393 5058 5059 4394)
4(5023 5024 5059 5058)
4(4360 4395 5060 5025)
4(4394 5059 5060 4395)
4(5024 5025 5060 5059)
4(4361 4396 5061 5026)
4(4395 5060 5061 4396)
4(5025 5026 5061 5060)
4(4362 4397 5062 5027)
4(4396 5061 5062 4397)
4(5026 5027 5062 5061)
4(4363 4398 5063 5028)
4(4397 5062 5063 4398)
4(5027 5028 5063 5062)
4(4364 4399 5064 5029)
4(4398 5063 5064 4399)
4(5028 5029 5064 5063)
4(4365 4400 5065 5030)
4(4399 5064 5065 4400)
4(5029 5030 5065 5064)
4(4366 4401 5066 5031)
4(4400 5065 5066 4401)
4(5030 5031 5066 5065)
4(4367 4402 5067 5032)
4(4401 5066 5067 4402)
4(5031 5032 5067 5066)
4(4368 4403 5068 5033)
4(4402 5067 5068 4403)
4(5032 5033 5068 5067)
4(4369 4404 5069 5034)
4(4403 5068 5069 4404)
4(5033 5034 5069 5068)
4(4370 4405 5070 5035)
4(4404 5069 5070 4405)
4(5034 5035 5070 5069)
4(4371 4406 5071 5036)
4(4405 5070 5071 4406)
4(5035 5036 5071 5070)
4(4372 4407 5072 5037)
4(4406 5071 5072 4407)
4(5036 5037 5072 5071)
4(4373 4408 5073 5038)
4(4407 5072 5073 4408)
4(5037 5038 5073 5072)
4(4408 5073 5074 4409)
4(5038 5039 5074 5073)
4(4376 4411 5076 5041)
4(4410 5075 5076 4411)
4(5040 5041 5076 5075)
4(4377 4412 5077 5042)
4(4411 5076 5077 4412)
4(5041 5042 5077 5076)
4(4378 4413 5078 5043)
4(4412 5077 5078 4413)
4(5042 5043 5078 5077)
4(4379 4414 5079 5044)
4(4413 5078 5079 4414)
4(5043 5044 5079 5078)
4(4380 4415 5080 5045)
4(4414 5079 5080 4415)
4(5044 5045 5080 5079)
4(4381 4416 5081 5046)
4(4415 5080 5081 4416)
4(5045 5046 5081 5080)
4(4382 4417 5082 5047)
4(4416 5081 5082 4417)
4(5046 5047 5082 5081)
4(4383 4418 5083 5048)
4(4417 5082 5083 4418)
4(5047 5048 5083 5082)
4(4384 4419 5084 5049)
4(4418 5083 5084 4419)
4(5048 5049 5084 5083)
4(4385 4420 5085 5050)
4(4419 5084 5085 4420)
4(5049 5050 5085 5084)
4(4386 4421 5086 5051)
4(4420 5085 5086 4421)
4(5050 5051 5086 5085)
4(4387 4422 5087 5052)
4(4421 5086 5087 4422)
4(5051 5052 5087 5086)
4(4388 4423 5088 5053)
4(4422 5087 5088 4423)
4(5052 5053 5088 5087)
4(4389 4424 5089 5054)
4(4423 5088 5089 4424)
4(5053 5054 5089 5088)
4(4390 4425 5090 5055)
4(4424 5089 5090 4425)
4(5054 5055 5090 5089)
4(4391 4426 5091 5056)
4(4425 5090 5091 4426)
4(5055 5056 5091 5090)
4(4392 4427 5092 5057)
4(4426 5091 5092 4427)
4(5056 5057 5092 5091)
4(4393 4428 5093 5058)
4(4427 5092 5093 4428)
4(5057 5058 5093 5092)
4(4394 4429 5094 5059)
4(4428 5093 5094 4429)
4(5058 5059 5094 5093)
4(4395 4430 5095 5060)
4(4429 5094 5095 4430)
4(5059 5060 5095 5094)
4(4396 4431 5096 5061)
4(4430 5095 5096 4431)
4(5060 5061 5096 5095)
4(4397 4432 5097 5062)
4(4431 5096 5097 4432)
4(5061 5062 5097 5096)
4(4398 4433 5098 5063)
4(4432 5097 5098 4433)
4(5062 5063 5098 5097)
4(4399 4434 5099 5064)
4(4433 5098 5099 4434)
4(5063 5064 5099 5098)
4(4400 4435 5100 5065)
4(4434 5099 5100 4435)
4(5064 5065 5100 5099)
4(4401 4436 5101 5066)
4(4435 5100 5101 4436)
4(5065 5066 5101 5100)
4(4402 4437 5102 5067)
4(4436 5101 5102 4437)
4(5066 5067 5102 5101)
4(4403 4438 5103 5068)
4(4437 5102 5103 4438)
4(5067 5068 5103 5102)
4(4404 4439 5104 5069)
4(4438 5103 5104 4439)
4(5068 5069 5104 5103)
4(4405 4440 5105 5070)
4(4439 5104 5105 4440)
4(5069 5070 5105 5104)
4(4406 4441 5106 5071)
4(4440 5105 5106 4441)
4(5070 5071 5106 5105)
4(4407 4442 5107 5072)
4(4441 5106 5107 4442)
4(5071 5072 5107 5106)
4(4408 4443 5108 5073)
4(4442 5107 5108 4443)
4(5072 5073 5108 5107)
4(4443 5108 5109 4444)
4(5073 5074 5109 5108)
4(4411 4446 5111 5076)
4(4445 5110 5111 4446)
4(5075 5076 5111 5110)
4(4412 4447 5112 5077)
4(4446 5111 5112 4447)
4(5076 5077 5112 5111)
4(4413 4448 5113 5078)
4(4447 5112 5113 4448)
4(5077 5078 5113 5112)
4(4414 4449 5114 5079)
4(4448 5113 5114 4449)
4(5078 5079 5114 5113)
4(4415 4450 5115 5080)
4(4449 5114 5115 4450)
4(5079 5080 5115 5114)
4(4416 4451 5116 5081)
4(4450 5115 5116 4451)
4(5080 5081 5116 5115)
4(4417 4452 5117 5082)
4(4451 5116 5117 4452)
4(5081 5082 5117 5116)
4(4418 4453 5118 5083)
4(4452 5117 5118 4453)
4(5082 5083 5118 5117)
4(4419 4454 5119 5084)
4(4453 5118 5119 4454)
4(5083 5084 5119 5118)
4(4420 4455 5120 5085)
4(4454 5119 5120 4455)
4(5084 5085 5120 5119)
4(4421 4456 5121 5086)
4(4455 5120 5121 4456)
4(5085 5086 5121 5120)
4(4422 4457 5122 5087)
4(4456 5121 5122 4457)
4(5086 5087 5122 5121)
4(4423 4458 5123 5088)
4(4457 5122 5123 4458)
4(5087 5088 5123 5122)
4(4424 4459 5124 5089)
4(4458 5123 5124 4459)
4(5088 5089 5124 5123)
4(4425 4460 5125 5090)
4(4459 5124 5125 4460)
4(5089 5090 5125 5124)
4(4426 4461 5126 5091)
4(4460 5125 5126 4461)
4(5090 5091 5126 5125)
4(4427 4462 5127 5092)
4(4461 5126 5127 4462)
4(5091 5092 5127 5126)
4(4428 4463 5128 5093)
4(4462 5127 5128 4463)
4(5092 5093 5128 5127)
4(4429 4464 5129 5094)
4(4463 5128 5129 4464)
4(5093 5094 5129 5128)
4(4430 4465 5130 5095)
4(4464 5129 5130 4465)
4(5094 5095 5130 5129)
4(4431 4466 5131 5096)
4(4465 5130 5131 4466)
4(5095 5096 5131 5130)
4(4432 4467 5132 5097)
4(4466 5131 5132 4467)
4(5096 5097 5132 5131)
4(4433 4468 5133 5098)
4(4467 5132 5133 4468)
4(5097 5098 5133 5132)
4(4434 4469 5134 5099)
4(4468 5133 5134 4469)
4(5098 5099 5134 5133)
4(4435 4470 5135 5100)
4(4469 5134 5135 4470)
4(5099 5100 5135 5134)
4(4436 4471 5136 5101)
4(4470 5135 5136 4471)
4(5100 5101 5136 5135)
4(4437 4472 5137 5102)
4(4471 5136 5137 4472)
4(5101 5102 5137 5136)
4(4438 4473 5138 5103)
4(4472 5137 5138 4473)
4(5102 5103 5138 5137)
4(4439 4474 5139 5104)
4(4473 5138 5139 4474)
4(5103 5104 5139 5138)
4(4440 4475 5140 5105)
4(4474 5139 5140 4475)
4(5104 5105 5140 5139)
4(4441 4476 5141 5106)
4(4475 5140 5141 4476)
4(5105 5106 5141 5140)
4(4442 4477 5142 5107)
4(4476 5141 5142 4477)
4(5106 5107 5142 5141)
4(4443 4478 5143 5108)
4(4477 5142 5143 4478)
4(5107 5108 5143 5142)
4(4478 5143 5144 4479)
4(5108 5109 5144 5143)
4(4446 4481 5146 5111)
4(4480 5145 5146 4481)
4(5110 5111 5146 5145)
4(4447 4482 5147 5112)
4(4481 5146 5147 4482)
4(5111 5112 5147 5146)
4(4448 4483 5148 5113)
4(4482 5147 5148 4483)
4(5112 5113 5148 5147)
4(4449 4484 5149 5114)
4(4483 5148 5149 4484)
4(5113 5114 5149 5148)
4(4450 4485 5150 5115)
4(4484 5149 5150 4485)
4(5114 5115 5150 5149)
4(4451 4486 5151 5116)
4(4485 5150 5151 4486)
4(5115 5116 5151 5150)
4(4452 4487 5152 5117)
4(4486 5151 5152 4487)
4(5116 5117 5152 5151)
4(4453 4488 5153 5118)
4(4487 5152 5153 4488)
4(5117 5118 5153 5152)
4(4454 4489 5154 5119)
4(4488 5153 5154 4489)
4(5118 5119 5154 5153)
4(4455 4490 5155 5120)
4(4489 5154 5155 4490)
4(5119 5120 5155 5154)
4(4456 4491 5156 5121)
4(4490 5155 5156 4491)
4(5120 5121 5156 5155)
4(4457 4492 5157 5122)
4(4491 5156 5157 4492)
4(5121 5122 5157 5156)
4(4458 4493 5158 5123)
4(4492 5157 5158 4493)
4(5122 5123 5158 5157)
4(4459 4494 5159 5124)
4(4493 5158 5159 4494)
4(5123 5124 5159 5158)
4(4460 4495 5160 5125)
4(4494 5159 5160 4495)
4(5124 5125 5160 5159)
4(4461 4496 5161 5126)
4(4495 5160 5161 4496)
4(5125 5126 5161 5160)
4(4462 4497 5162 5127)
4(4496 5161 5162 4497)
4(5126 5127 5162 5161)
4(4463 4498 5163 5128)
4(4497 5162 5163 4498)
4(5127 5128 5163 5162)
4(4464 4499 5164 5129)
4(4498 5163 5164 4499)
4(5128 5129 5164 5163)
4(4465 4500 5165 5130)
4(4499 5164 5165 4500)
4(5129 5130 5165 5164)
4(4466 4501 5166 5131)
4(4500 5165 5166 4501)
4(5130 5131 5166 5165)
4(4467 4502 5167 5132)
4(4501 5166 5167 4502)
4(5131 5132 5167 5166)
4(4468 4503 5168 5133)
4(4502 5167 5168 4503)
4(5132 5133 5168 5167)
4(4469 4504 5169 5134)
4(4503 5168 5169 4504)
4(5133 5134 5169 5168)
4(4470 4505 5170 5135)
4(4504 5169 5170 4505)
4(5134 5135 5170 5169)
4(4471 4506 5171 5136)
4(4505 5170 5171 4506)
4(5135 5136 5171 5170)
4(4472 4507 5172 5137)
4(4506 5171 5172 4507)
4(5136 5137 5172 5171)
4(4473 4508 5173 5138)
4(4507 5172 5173 4508)
4(5137 5138 5173 5172)
4(4474 4509 5174 5139)
4(4508 5173 5174 4509)
4(5138 5139 5174 5173)
4(4475 4510 5175 5140)
4(4509 5174 5175 4510)
4(5139 5140 5175 5174)
4(4476 4511 5176 5141)
4(4510 5175 5176 4511)
4(5140 5141 5176 5175)
4(4477 4512 5177 5142)
4(4511 5176 5177 4512)
4(5141 5142 5177 5176)
4(4478 4513 5178 5143)
4(4512 5177 5178 4513)
4(5142 5143 5178 5177)
4(4513 5178 5179 4514)
4(5143 5144 5179 5178)
4(4481 4516 5181 5146)
4(4515 5180 5181 4516)
4(5145 5146 5181 5180)
4(4482 4517 5182 5147)
4(4516 5181 5182 4517)
4(5146 5147 5182 5181)
4(4483 4518 5183 5148)
4(4517 5182 5183 4518)
4(5147 5148 5183 5182)
4(4484 4519 5184 5149)
4(4518 5183 5184 4519)
4(5148 5149 5184 5183)
4(4485 4520 5185 5150)
4(4519 5184 5185 4520)
4(5149 5150 5185 5184)
4(4486 4521 5186 5151)
4(4520 5185 5186 4521)
4(5150 5151 5186 5185)
4(4487 4522 5187 5152)
4(4521 5186 5187 4522)
4(5151 5152 5187 5186)
4(4488 4523 5188 5153)
4(4522 5187 5188 4523)
4(5152 5153 5188 5187)
4(4489 4524 5189 5154)
4(4523 5188 5189 4524)
4(5153 5154 5189 5188)
4(4490 4525 5190 5155)
4(4524 5189 5190 4525)
4(5154 5155 5190 5189)
4(4491 4526 5191 5156)
4(4525 5190 5191 4526)
4(5155 5156 5191 5190)
4(4492 4527 5192 5157)
4(4526 5191 5192 4527)
4(5156 5157 5192 5191)
4(4493 4528 5193 5158)
4(4527 5192 5193 4528)
4(5157 5158 5193 5192)
4(4494 4529 5194 5159)
4(4528 5193 5194 4529)
4(5158 5159 5194 5193)
4(4495 4530 5195 5160)
4(4529 5194 5195 4530)
4(5159 5160 5195 5194)
4(4496 4531 5196 5161)
4(4530 5195 5196 4531)
4(5160 5161 5196 5195)
4(4497 4532 5197 5162)
4(4531 5196 5197 4532)
4(5161 5162 5197 5196)
4(4498 4533 5198 5163)
4(4532 5197 5198 4533)
4(5162 5163 5198 5197)
4(4499 4534 5199 5164)
4(4533 5198 5199 4534)
4(5163 5164 5199 5198)
4(4500 4535 5200 5165)
4(4534 5199 5200 4535)
4(5164 5165 5200 5199)
4(4501 4536 5201 5166)
4(4535 5200 5201 4536)
4(5165 5166 5201 5200)
4(4502 4537 5202 5167)
4(4536 5201 5202 4537)
4(5166 5167 5202 5201)
4(4503 4538 5203 5168)
4(4537 5202 5203 4538)
4(5167 5168 5203 5202)
4(4504 4539 5204 5169)
4(4538 5203 5204 4539)
4(5168 5169 5204 5203)
4(4505 4540 5205 5170)
4(4539 5204 5205 4540)
4(5169 5170 5205 5204)
4(4506 4541 5206 5171)
4(4540 5205 5206 4541)
4(5170 5171 5206 5205)
4(4507 4542 5207 5172)
4(4541 5206 5207 4542)
4(5171 5172 5207 5206)
4(4508 4543 5208 5173)
4(4542 5207 5208 4543)
4(5172 5173 5208 5207)
4(4509 4544 5209 5174)
4(4543 5208 5209 4544)
4(5173 5174 5209 5208)
4(4510 4545 5210 5175)
4(4544 5209 5210 4545)
4(5174 5175 5210 5209)
4(4511 4546 5211 5176)
4(4545 5210 5211 4546)
4(5175 5176 5211 5210)
4(4512 4547 5212 5177)
4(4546 5211 5212 4547)
4(5176 5177 5212 5211)
4(4513 4548 5213 5178)
4(4547 5212 5213 4548)
4(5177 5178 5213 5212)
4(4548 5213 5214 4549)
4(5178 5179 5214 5213)
4(4516 4551 5216 5181)
4(4550 5215 5216 4551)
4(5180 5181 5216 5215)
4(4517 4552 5217 5182)
4(4551 5216 5217 4552)
4(5181 5182 5217 5216)
4(4518 4553 5218 5183)
4(4552 5217 5218 4553)
4(5182 5183 5218 5217)
4(4519 4554 5219 5184)
4(4553 5218 5219 4554)
4(5183 5184 5219 5218)
4(4520 4555 5220 5185)
4(4554 5219 5220 4555)
4(5184 5185 5220 5219)
4(4521 4556 5221 5186)
4(4555 5220 5221 4556)
4(5185 5186 5221 5220)
4(4522 4557 5222 5187)
4(4556 5221 5222 4557)
4(5186 5187 5222 5221)
4(4523 4558 5223 5188)
4(4557 5222 5223 4558)
4(5187 5188 5223 5222)
4(4524 4559 5224 5189)
4(4558 5223 5224 4559)
4(5188 5189 5224 5223)
4(4525 4560 5225 5190)
4(4559 5224 5225 4560)
4(5189 5190 5225 5224)
4(4526 4561 5226 5191)
4(4560 5225 5226 4561)
4(5190 5191 5226 5225)
4(4527 4562 5227 5192)
4(4561 5226 5227 4562)
4(5191 5192 5227 5226)
4(4528 4563 5228 5193)
4(4562 5227 5228 4563)
4(5192 5193 5228 5227)
4(4529 4564 5229 5194)
4(4563 5228 5229 4564)
4(5193 5194 5229 5228)
4(4530 4565 5230 5195)
4(4564 5229 5230 4565)
4(5194 5195 5230 5229)
4(4531 4566 5231 5196)
4(4565 5230 5231 4566)
4(5195 5196 5231 5230)
4(4532 4567 5232 5197)
4(4566 5231 5232 4567)
4(5196 5197 5232 5231)
4(4533 4568 5233 5198)
4(4567 5232 5233 4568)
4(5197 5198 5233 5232)
4(4534 4569 5234 5199)
4(4568 5233 5234 4569)
4(5198 5199 5234 5233)
4(4535 4570 5235 5200)
4(4569 5234 5235 4570)
4(5199 5200 5235 5234)
4(4536 4571 5236 5201)
4(4570 5235 5236 4571)
4(5200 5201 5236 5235)
4(4537 4572 5237 5202)
4(4571 5236 5237 4572)
4(5201 5202 5237 5236)
4(4538 4573 5238 5203)
4(4572 5237 5238 4573)
4(5202 5203 5238 5237)
4(4539 4574 5239 5204)
4(4573 5238 5239 4574)
4(5203 5204 5239 5238)
4(4540 4575 5240 5205)
4(4574 5239 5240 4575)
4(5204 5205 5240 5239)
4(4541 4576 5241 5206)
4(4575 5240 5241 4576)
4(5205 5206 5241 5240)
4(4542 4577 5242 5207)
4(4576 5241 5242 4577)
4(5206 5207 5242 5241)
4(4543 4578 5243 5208)
4(4577 5242 5243 4578)
4(5207 5208 5243 5242)
4(4544 4579 5244 5209)
4(4578 5243 5244 4579)
4(5208 5209 5244 5243)
4(4545 4580 5245 5210)
4(4579 5244 5245 4580)
4(5209 5210 5245 5244)
4(4546 4581 5246 5211)
4(4580 5245 5246 4581)
4(5210 5211 5246 5245)
4(4547 4582 5247 5212)
4(4581 5246 5247 4582)
4(5211 5212 5247 5246)
4(4548 4583 5248 5213)
4(4582 5247 5248 4583)
4(5212 5213 5248 5247)
4(4583 5248 5249 4584)
4(5213 5214 5249 5248)
4(4551 4586 5251 5216)
4(4585 5250 5251 4586)
4(5215 5216 5251 5250)
4(4552 4587 5252 5217)
4(4586 5251 5252 4587)
4(5216 5217 5252 5251)
4(4553 4588 5253 5218)
4(4587 5252 5253 4588)
4(5217 5218 5253 5252)
4(4554 4589 5254 5219)
4(4588 5253 5254 4589)
4(5218 5219 5254 5253)
4(4555 4590 5255 5220)
4(4589 5254 5255 4590)
4(5219 5220 5255 5254)
4(4556 4591 5256 5221)
4(4590 5255 5256 4591)
4(5220 5221 5256 5255)
4(4557 4592 5257 5222)
4(4591 5256 5257 4592)
4(5221 5222 5257 5256)
4(4558 4593 5258 5223)
4(4592 5257 5258 4593)
4(5222 5223 5258 5257)
4(4559 4594 5259 5224)
4(4593 5258 5259 4594)
4(5223 5224 5259 5258)
4(4560 4595 5260 5225)
4(4594 5259 5260 4595)
4(5224 5225 5260 5259)
4(4561 4596 5261 5226)
4(4595 5260 5261 4596)
4(5225 5226 5261 5260)
4(4562 4597 5262 5227)
4(4596 5261 5262 4597)
4(5226 5227 5262 5261)
4(4563 4598 5263 5228)
4(4597 5262 5263 4598)
4(5227 5228 5263 5262)
4(4564 4599 5264 5229)
4(4598 5263 5264 4599)
4(5228 5229 5264 5263)
4(4565 4600 5265 5230)
4(4599 5264 5265 4600)
4(5229 5230 5265 5264)
4(4566 4601 5266 5231)
4(4600 5265 5266 4601)
4(5230 5231 5266 5265)
4(4567 4602 5267 5232)
4(4601 5266 5267 4602)
4(5231 5232 5267 5266)
4(4568 4603 5268 5233)
4(4602 5267 5268 4603)
4(5232 5233 5268 5267)
4(4569 4604 5269 5234)
4(4603 5268 5269 4604)
4(5233 5234 5269 5268)
4(4570 4605 5270 5235)
4(4604 5269 5270 4605)
4(5234 5235 5270 5269)
4(4571 4606 5271 5236)
4(4605 5270 5271 4606)
4(5235 5236 5271 5270)
4(4572 4607 5272 5237)
4(4606 5271 5272 4607)
4(5236 5237 5272 5271)
4(4573 4608 5273 5238)
4(4607 5272 5273 4608)
4(5237 5238 5273 5272)
4(4574 4609 5274 5239)
4(4608 5273 5274 4609)
4(5238 5239 5274 5273)
4(4575 4610 5275 5240)
4(4609 5274 5275 4610)
4(5239 5240 5275 5274)
4(4576 4611 5276 5241)
4(4610 5275 5276 4611)
4(5240 5241 5276 5275)
4(4577 4612 5277 5242)
4(4611 5276 5277 4612)
4(5241 5242 5277 5276)
4(4578 4613 5278 5243)
4(4612 5277 5278 4613)
4(5242 5243 5278 5277)
4(4579 4614 5279 5244)
4(4613 5278 5279 4614)
4(5243 5244 5279 5278)
4(4580 4615 5280 5245)
4(4614 5279 5280 4615)
4(5244 5245 5280 5279)
4(4581 4616 5281 5246)
4(4615 5280 5281 4616)
4(5245 5246 5281 5280)
4(4582 4617 5282 5247)
4(4616 5281 5282 4617)
4(5246 5247 5282 5281)
4(4583 4618 5283 5248)
4(4617 5282 5283 4618)
4(5247 5248 5283 5282)
4(4618 5283 5284 4619)
4(5248 5249 5284 5283)
4(4586 4621 5286 5251)
4(5250 5251 5286 5285)
4(4587 4622 5287 5252)
4(5251 5252 5287 5286)
4(4588 4623 5288 5253)
4(5252 5253 5288 5287)
4(4589 4624 5289 5254)
4(5253 5254 5289 5288)
4(4590 4625 5290 5255)
4(5254 5255 5290 5289)
4(4591 4626 5291 5256)
4(5255 5256 5291 5290)
4(4592 4627 5292 5257)
4(5256 5257 5292 5291)
4(4593 4628 5293 5258)
4(5257 5258 5293 5292)
4(4594 4629 5294 5259)
4(5258 5259 5294 5293)
4(4595 4630 5295 5260)
4(5259 5260 5295 5294)
4(4596 4631 5296 5261)
4(5260 5261 5296 5295)
4(4597 4632 5297 5262)
4(5261 5262 5297 5296)
4(4598 4633 5298 5263)
4(5262 5263 5298 5297)
4(4599 4634 5299 5264)
4(5263 5264 5299 5298)
4(4600 4635 5300 5265)
4(5264 5265 5300 5299)
4(4601 4636 5301 5266)
4(5265 5266 5301 5300)
4(4602 4637 5302 5267)
4(5266 5267 5302 5301)
4(4603 4638 5303 5268)
4(5267 5268 5303 5302)
4(4604 4639 5304 5269)
4(5268 5269 5304 5303)
4(4605 4640 5305 5270)
4(5269 5270 5305 5304)
4(4606 4641 5306 5271)
4(5270 5271 5306 5305)
4(4607 4642 5307 5272)
4(5271 5272 5307 5306)
4(4608 4643 5308 5273)
4(5272 5273 5308 5307)
4(4609 4644 5309 5274)
4(5273 5274 5309 5308)
4(4610 4645 5310 5275)
4(5274 5275 5310 5309)
4(4611 4646 5311 5276)
4(5275 5276 5311 5310)
4(4612 4647 5312 5277)
4(5276 5277 5312 5311)
4(4613 4648 5313 5278)
4(5277 5278 5313 5312)
4(4614 4649 5314 5279)
4(5278 5279 5314 5313)
4(4615 4650 5315 5280)
4(5279 5280 5315 5314)
4(4616 4651 5316 5281)
4(5280 5281 5316 5315)
4(4617 4652 5317 5282)
4(5281 5282 5317 5316)
4(4618 4653 5318 5283)
4(5282 5283 5318 5317)
4(5283 5284 5319 5318)
4(4656 4691 5356 5321)
4(4690 5355 5356 4691)
4(5320 5321 5356 5355)
4(4657 4692 5357 5322)
4(4691 5356 5357 4692)
4(5321 5322 5357 5356)
4(4658 4693 5358 5323)
4(4692 5357 5358 4693)
4(5322 5323 5358 5357)
4(4659 4694 5359 5324)
4(4693 5358 5359 4694)
4(5323 5324 5359 5358)
4(4660 4695 5360 5325)
4(4694 5359 5360 4695)
4(5324 5325 5360 5359)
4(4661 4696 5361 5326)
4(4695 5360 5361 4696)
4(5325 5326 5361 5360)
4(4662 4697 5362 5327)
4(4696 5361 5362 4697)
4(5326 5327 5362 5361)
4(4663 4698 5363 5328)
4(4697 5362 5363 4698)
4(5327 5328 5363 5362)
4(4664 4699 5364 5329)
4(4698 5363 5364 4699)
4(5328 5329 5364 5363)
4(4665 4700 5365 5330)
4(4699 5364 5365 4700)
4(5329 5330 5365 5364)
4(4666 4701 5366 5331)
4(4700 5365 5366 4701)
4(5330 5331 5366 5365)
4(4667 4702 5367 5332)
4(4701 5366 5367 4702)
4(5331 5332 5367 5366)
4(4668 4703 5368 5333)
4(4702 5367 5368 4703)
4(5332 5333 5368 5367)
4(4669 4704 5369 5334)
4(4703 5368 5369 4704)
4(5333 5334 5369 5368)
4(4670 4705 5370 5335)
4(4704 5369 5370 4705)
4(5334 5335 5370 5369)
4(4671 4706 5371 5336)
4(4705 5370 5371 4706)
4(5335 5336 5371 5370)
4(4672 4707 5372 5337)
4(4706 5371 5372 4707)
4(5336 5337 5372 5371)
4(4673 4708 5373 5338)
4(4707 5372 5373 4708)
4(5337 5338 5373 5372)
4(4674 4709 5374 5339)
4(4708 5373 5374 4709)
4(5338 5339 5374 5373)
4(4675 4710 5375 5340)
4(4709 5374 5375 4710)
4(5339 5340 5375 5374)
4(4676 4711 5376 5341)
4(4710 5375 5376 4711)
4(5340 5341 5376 5375)
4(4677 4712 5377 5342)
4(4711 5376 5377 4712)
4(5341 5342 5377 5376)
4(4678 4713 5378 5343)
4(4712 5377 5378 4713)
4(5342 5343 5378 5377)
4(4679 4714 5379 5344)
4(4713 5378 5379 4714)
4(5343 5344 5379 5378)
4(4680 4715 5380 5345)
4(4714 5379 5380 4715)
4(5344 5345 5380 5379)
4(4681 4716 5381 5346)
4(4715 5380 5381 4716)
4(5345 5346 5381 5380)
4(4682 4717 5382 5347)
4(4716 5381 5382 4717)
4(5346 5347 5382 5381)
4(4683 4718 5383 5348)
4(4717 5382 5383 4718)
4(5347 5348 5383 5382)
4(4684 4719 5384 5349)
4(4718 5383 5384 4719)
4(5348 5349 5384 5383)
4(4685 4720 5385 5350)
4(4719 5384 5385 4720)
4(5349 5350 5385 5384)
4(4686 4721 5386 5351)
4(4720 5385 5386 4721)
4(5350 5351 5386 5385)
4(4687 4722 5387 5352)
4(4721 5386 5387 4722)
4(5351 5352 5387 5386)
4(4688 4723 5388 5353)
4(4722 5387 5388 4723)
4(5352 5353 5388 5387)
4(4723 5388 5389 4724)
4(5353 5354 5389 5388)
4(4691 4726 5391 5356)
4(4725 5390 5391 4726)
4(5355 5356 5391 5390)
4(4692 4727 5392 5357)
4(4726 5391 5392 4727)
4(5356 5357 5392 5391)
4(4693 4728 5393 5358)
4(4727 5392 5393 4728)
4(5357 5358 5393 5392)
4(4694 4729 5394 5359)
4(4728 5393 5394 4729)
4(5358 5359 5394 5393)
4(4695 4730 5395 5360)
4(4729 5394 5395 4730)
4(5359 5360 5395 5394)
4(4696 4731 5396 5361)
4(4730 5395 5396 4731)
4(5360 5361 5396 5395)
4(4697 4732 5397 5362)
4(4731 5396 5397 4732)
4(5361 5362 5397 5396)
4(4698 4733 5398 5363)
4(4732 5397 5398 4733)
4(5362 5363 5398 5397)
4(4699 4734 5399 5364)
4(4733 5398 5399 4734)
4(5363 5364 5399 5398)
4(4700 4735 5400 5365)
4(4734 5399 5400 4735)
4(5364 5365 5400 5399)
4(4701 4736 5401 5366)
4(4735 5400 5401 4736)
4(5365 5366 5401 5400)
4(4702 4737 5402 5367)
4(4736 5401 5402 4737)
4(5366 5367 5402 5401)
4(4703 4738 5403 5368)
4(4737 5402 5403 4738)
4(5367 5368 5403 5402)
4(4704 4739 5404 5369)
4(4738 5403 5404 4739)
4(5368 5369 5404 5403)
4(4705 4740 5405 5370)
4(4739 5404 5405 4740)
4(5369 5370 5405 5404)
4(4706 4741 5406 5371)
4(4740 5405 5406 4741)
4(5370 5371 5406 5405)
4(4707 4742 5407 5372)
4(4741 5406 5407 4742)
4(5371 5372 5407 5406)
4(4708 4743 5408 5373)
4(4742 5407 5408 4743)
4(5372 5373 5408 5407)
4(4709 4744 5409 5374)
4(4743 5408 5409 4744)
4(5373 5374 5409 5408)
4(4710 4745 5410 5375)
4(4744 5409 5410 4745)
4(5374 5375 5410 5409)
4(4711 4746 5411 5376)
4(4745 5410 5411 4746)
4(5375 5376 5411 5410)
4(4712 4747 5412 5377)
4(4746 5411 5412 4747)
4(5376 5377 5412 5411)
4(4713 4748 5413 5378)
4(4747 5412 5413 4748)
4(5377 5378 5413 5412)
4(4714 4749 5414 5379)
4(4748 5413 5414 4749)
4(5378 5379 5414 5413)
4(4715 4750 5415 5380)
4(4749 5414 5415 4750)
4(5379 5380 5415 5414)
4(4716 4751 5416 5381)
4(4750 5415 5416 4751)
4(5380 5381 5416 5415)
4(4717 4752 5417 5382)
4(4751 5416 5417 4752)
4(5381 5382 5417 5416)
4(4718 4753 5418 5383)
4(4752 5417 5418 4753)
4(5382 5383 5418 5417)
4(4719 4754 5419 5384)
4(4753 5418 5419 4754)
4(5383 5384 5419 5418)
4(4720 4755 5420 5385)
4(4754 5419 5420 4755)
4(5384 5385 5420 5419)
4(4721 4756 5421 5386)
4(4755 5420 5421 4756)
4(5385 5386 5421 5420)
4(4722 4757 5422 5387)
4(4756 5421 5422 4757)
4(5386 5387 5422 5421)
4(4723 4758 5423 5388)
4(4757 5422 5423 4758)
4(5387 5388 5423 5422)
4(4758 5423 5424 4759)
4(5388 5389 5424 5423)
4(4726 4761 5426 5391)
4(4760 5425 5426 4761)
4(5390 5391 5426 5425)
4(4727 4762 5427 5392)
4(4761 5426 5427 4762)
4(5391 5392 5427 5426)
4(4728 4763 5428 5393)
4(4762 5427 5428 4763)
4(5392 5393 5428 5427)
4(4729 4764 5429 5394)
4(4763 5428 5429 4764)
4(5393 5394 5429 5428)
4(4730 4765 5430 5395)
4(4764 5429 5430 4765)
4(5394 5395 5430 5429)
4(4731 4766 5431 5396)
4(4765 5430 5431 4766)
4(5395 5396 5431 5430)
4(4732 4767 5432 5397)
4(4766 5431 5432 4767)
4(5396 5397 5432 5431)
4(4733 4768 5433 5398)
4(4767 5432 5433 4768)
4(5397 5398 5433 5432)
4(4734 4769 5434 5399)
4(4768 5433 5434 4769)
4(5398 5399 5434 5433)
4(4735 4770 5435 5400)
4(4769 5434 5435 4770)
4(5399 5400 5435 5434)
4(4736 4771 5436 5401)
4(4770 5435 5436 4771)
4(5400 5401 5436 5435)
4(4737 4772 5437 5402)
4(4771 5436 5437 4772)
4(5401 5402 5437 5436)
4(4738 4773 5438 5403)
4(4772 5437 5438 4773)
4(5402 5403 5438 5437)
4(4739 4774 5439 5404)
4(4773 5438 5439 4774)
4(5403 5404 5439 5438)
4(4740 4775 5440 5405)
4(4774 5439 5440 4775)
4(5404 5405 5440 5439)
4(4741 4776 5441 5406)
4(4775 5440 5441 4776)
4(5405 5406 5441 5440)
4(4742 4777 5442 5407)
4(4776 5441 5442 4777)
4(5406 5407 5442 5441)
4(4743 4778 5443 5408)
4(4777 5442 5443 4778)
4(5407 5408 5443 5442)
4(4744 4779 5444 5409)
4(4778 5443 5444 4779)
4(5408 5409 5444 5443)
4(4745 4780 5445 5410)
4(4779 5444 5445 4780)
4(5409 5410 5445 5444)
4(4746 4781 5446 5411)
4(4780 5445 5446 4781)
4(5410 5411 5446 5445)
4(4747 4782 5447 5412)
4(4781 5446 5447 4782)
4(5411 5412 5447 5446)
4(4748 4783 5448 5413)
4(4782 5447 5448 4783)
4(5412 5413 5448 5447)
4(4749 4784 5449 5414)
4(4783 5448 5449 4784)
4(5413 5414 5449 5448)
4(4750 4785 5450 5415)
4(4784 5449 5450 4785)
4(5414 5415 5450 5449)
4(4751 4786 5451 5416)
4(4785 5450 5451 4786)
4(5415 5416 5451 5450)
4(4752 4787 5452 5417)
4(4786 5451 5452 4787)
4(5416 5417 5452 5451)
4(4753 4788 5453 5418)
4(4787 5452 5453 4788)
4(5417 5418 5453 5452)
4(4754 4789 5454 5419)
4(4788 5453 5454 4789)
4(5418 5419 5454 5453)
4(4755 4790 5455 5420)
4(4789 5454 5455 4790)
4(5419 5420 5455 5454)
4(4756 4791 5456 5421)
4(4790 5455 5456 4791)
4(5420 5421 5456 5455)
4(4757 4792 5457 5422)
4(4791 5456 5457 4792)
4(5421 5422 5457 5456)
4(4758 4793 5458 5423)
4(4792 5457 5458 4793)
4(5422 5423 5458 5457)
4(4793 5458 5459 4794)
4(5423 5424 5459 5458)
4(4761 4796 5461 5426)
4(4795 5460 5461 4796)
4(5425 5426 5461 5460)
4(4762 4797 5462 5427)
4(4796 5461 5462 4797)
4(5426 5427 5462 5461)
4(4763 4798 5463 5428)
4(4797 5462 5463 4798)
4(5427 5428 5463 5462)
4(4764 4799 5464 5429)
4(4798 5463 5464 4799)
4(5428 5429 5464 5463)
4(4765 4800 5465 5430)
4(4799 5464 5465 4800)
4(5429 5430 5465 5464)
4(4766 4801 5466 5431)
4(4800 5465 5466 4801)
4(5430 5431 5466 5465)
4(4767 4802 5467 5432)
4(4801 5466 5467 4802)
4(5431 5432 5467 5466)
4(4768 4803 5468 5433)
4(4802 5467 5468 4803)
4(5432 5433 5468 5467)
4(4769 4804 5469 5434)
4(4803 5468 5469 4804)
4(5433 5434 5469 5468)
4(4770 4805 5470 5435)
4(4804 5469 5470 4805)
4(5434 5435 5470 5469)
4(4771 4806 5471 5436)
4(4805 5470 5471 4806)
4(5435 5436 5471 5470)
4(4772 4807 5472 5437)
4(4806 5471 5472 4807)
4(5436 5437 5472 5471)
4(4773 4808 5473 5438)
4(4807 5472 5473 4808)
4(5437 5438 5473 5472)
4(4774 4809 5474 5439)
4(4808 5473 5474 4809)
4(5438 5439 5474 5473)
4(4775 4810 5475 5440)
4(4809 5474 5475 4810)
4(5439 5440 5475 5474)
4(4776 4811 5476 5441)
4(4810 5475 5476 4811)
4(5440 5441 5476 5475)
4(4777 4812 5477 5442)
4(4811 5476 5477 4812)
4(5441 5442 5477 5476)
4(4778 4813 5478 5443)
4(4812 5477 5478 4813)
4(5442 5443 5478 5477)
4(4779 4814 5479 5444)
4(4813 5478 5479 4814)
4(5443 5444 5479 5478)
4(4780 4815 5480 5445)
4(4814 5479 5480 4815)
4(5444 5445 5480 5479)
4(4781 4816 5481 5446)
4(4815 5480 5481 4816)
4(5445 5446 5481 5480)
4(4782 4817 5482 5447)
4(4816 5481 5482 4817)
4(5446 5447 5482 5481)
4(4783 4818 5483 5448)
4(4817 5482 5483 4818)
4(5447 5448 5483 5482)
4(4784 4819 5484 5449)
4(4818 5483 5484 4819)
4(5448 5449 5484 5483)
4(4785 4820 5485 5450)
4(4819 5484 5485 4820)
4(5449 5450 5485 5484)
4(4786 4821 5486 5451)
4(4820 5485 5486 4821)
4(5450 5451 5486 5485)
4(4787 4822 5487 5452)
4(4821 5486 5487 4822)
4(5451 5452 5487 5486)
4(4788 4823 5488 5453)
4(4822 5487 5488 4823)
4(5452 5453 5488 5487)
4(4789 4824 5489 5454)
4(4823 5488 5489 4824)
4(5453 5454 5489 5488)
4(4790 4825 5490 5455)
4(4824 5489 5490 4825)
4(5454 5455 5490 5489)
4(4791 4826 5491 5456)
4(4825 5490 5491 4826)
4(5455 5456 5491 5490)
4(4792 4827 5492 5457)
4(4826 5491 5492 4827)
4(5456 5457 5492 5491)
4(4793 4828 5493 5458)
4(4827 5492 5493 4828)
4(5457 5458 5493 5492)
4(4828 5493 5494 4829)
4(5458 5459 5494 5493)
4(4796 4831 5496 5461)
4(4830 5495 5496 4831)
4(5460 5461 5496 5495)
4(4797 4832 5497 5462)
4(4831 5496 5497 4832)
4(5461 5462 5497 5496)
4(4798 4833 5498 5463)
4(4832 5497 5498 4833)
4(5462 5463 5498 5497)
4(4799 4834 5499 5464)
4(4833 5498 5499 4834)
4(5463 5464 5499 5498)
4(4800 4835 5500 5465)
4(4834 5499 5500 4835)
4(5464 5465 5500 5499)
4(4801 4836 5501 5466)
4(4835 5500 5501 4836)
4(5465 5466 5501 5500)
4(4802 4837 5502 5467)
4(4836 5501 5502 4837)
4(5466 5467 5502 5501)
4(4803 4838 5503 5468)
4(4837 5502 5503 4838)
4(5467 5468 5503 5502)
4(4804 4839 5504 5469)
4(4838 5503 5504 4839)
4(5468 5469 5504 5503)
4(4805 4840 5505 5470)
4(4839 5504 5505 4840)
4(5469 5470 5505 5504)
4(4806 4841 5506 5471)
4(4840 5505 5506 4841)
4(5470 5471 5506 5505)
4(4807 4842 5507 5472)
4(4841 5506 5507 4842)
4(5471 5472 5507 5506)
4(4808 4843 5508 5473)
4(4842 5507 5508 4843)
4(5472 5473 5508 5507)
4(4809 4844 5509 5474)
4(4843 5508 5509 4844)
4(5473 5474 5509 5508)
4(4810 4845 5510 5475)
4(4844 5509 5510 4845)
4(5474 5475 5510 5509)
4(4811 4846 5511 5476)
4(4845 5510 5511 4846)
4(5475 5476 5511 5510)
4(4812 4847 5512 5477)
4(4846 5511 5512 4847)
4(5476 5477 5512 5511)
4(4813 4848 5513 5478)
4(4847 5512 5513 4848)
4(5477 5478 5513 5512)
4(4814 4849 5514 5479)
4(4848 5513 5514 4849)
4(5478 5479 5514 5513)
4(4815 4850 5515 5480)
4(4849 5514 5515 4850)
4(5479 5480 5515 5514)
4(4816 4851 5516 5481)
4(4850 5515 5516 4851)
4(5480 5481 5516 5515)
4(4817 4852 5517 5482)
4(4851 5516 5517 4852)
4(5481 5482 5517 5516)
4(4818 4853 5518 5483)
4(4852 5517 5518 4853)
4(5482 5483 5518 5517)
4(4819 4854 5519 5484)
4(4853 5518 5519 4854)
4(5483 5484 5519 5518)
4(4820 4855 5520 5485)
4(4854 5519 5520 4855)
4(5484 5485 5520 5519)
4(4821 4856 5521 5486)
4(4855 5520 5521 4856)
4(5485 5486 5521 5520)
4(4822 4857 5522 5487)
4(4856 5521 5522 4857)
4(5486 5487 5522 5521)
4(4823 4858 5523 5488)
4(4857 5522 5523 4858)
4(5487 5488 5523 5522)
4(4824 4859 5524 5489)
4(4858 5523 5524 4859)
4(5488 5489 5524 5523)
4(4825 4860 5525 5490)
4(4859 5524 5525 4860)
4(5489 5490 5525 5524)
4(4826 4861 5526 5491)
4(4860 5525 5526 4861)
4(5490 5491 5526 5525)
4(4827 4862 5527 5492)
4(4861 5526 5527 4862)
4(5491 5492 5527 5526)
4(4828 4863 5528 5493)
4(4862 5527 5528 4863)
4(5492 5493 5528 5527)
4(4863 5528 5529 4864)
4(5493 5494 5529 5528)
4(4831 4866 5531 5496)
4(4865 5530 5531 4866)
4(5495 5496 5531 5530)
4(4832 4867 5532 5497)
4(4866 5531 5532 4867)
4(5496 5497 5532 5531)
4(4833 4868 5533 5498)
4(4867 5532 5533 4868)
4(5497 5498 5533 5532)
4(4834 4869 5534 5499)
4(4868 5533 5534 4869)
4(5498 5499 5534 5533)
4(4835 4870 5535 5500)
4(4869 5534 5535 4870)
4(5499 5500 5535 5534)
4(4836 4871 5536 5501)
4(4870 5535 5536 4871)
4(5500 5501 5536 5535)
4(4837 4872 5537 5502)
4(4871 5536 5537 4872)
4(5501 5502 5537 5536)
4(4838 4873 5538 5503)
4(4872 5537 5538 4873)
4(5502 5503 5538 5537)
4(4839 4874 5539 5504)
4(4873 5538 5539 4874)
4(5503 5504 5539 5538)
4(4840 4875 5540 5505)
4(4874 5539 5540 4875)
4(5504 5505 5540 5539)
4(4841 4876 5541 5506)
4(4875 5540 5541 4876)
4(5505 5506 5541 5540)
4(4842 4877 5542 5507)
4(4876 5541 5542 4877)
4(5506 5507 5542 5541)
4(4843 4878 5543 5508)
4(4877 5542 5543 4878)
4(5507 5508 5543 5542)
4(4844 4879 5544 5509)
4(4878 5543 5544 4879)
4(5508 5509 5544 5543)
4(4845 4880 5545 5510)
4(4879 5544 5545 4880)
4(5509 5510 5545 5544)
4(4846 4881 5546 5511)
4(4880 5545 5546 4881)
4(5510 5511 5546 5545)
4(4847 4882 5547 5512)
4(4881 5546 5547 4882)
4(5511 5512 5547 5546)
4(4848 4883 5548 5513)
4(4882 5547 5548 4883)
4(5512 5513 5548 5547)
4(4849 4884 5549 5514)
4(4883 5548 5549 4884)
4(5513 5514 5549 5548)
4(4850 4885 5550 5515)
4(4884 5549 5550 4885)
4(5514 5515 5550 5549)
4(4851 4886 5551 5516)
4(4885 5550 5551 4886)
4(5515 5516 5551 5550)
4(4852 4887 5552 5517)
4(4886 5551 5552 4887)
4(5516 5517 5552 5551)
4(4853 4888 5553 5518)
4(4887 5552 5553 4888)
4(5517 5518 5553 5552)
4(4854 4889 5554 5519)
4(4888 5553 5554 4889)
4(5518 5519 5554 5553)
4(4855 4890 5555 5520)
4(4889 5554 5555 4890)
4(5519 5520 5555 5554)
4(4856 4891 5556 5521)
4(4890 5555 5556 4891)
4(5520 5521 5556 5555)
4(4857 4892 5557 5522)
4(4891 5556 5557 4892)
4(5521 5522 5557 5556)
4(4858 4893 5558 5523)
4(4892 5557 5558 4893)
4(5522 5523 5558 5557)
4(4859 4894 5559 5524)
4(4893 5558 5559 4894)
4(5523 5524 5559 5558)
4(4860 4895 5560 5525)
4(4894 5559 5560 4895)
4(5524 5525 5560 5559)
4(4861 4896 5561 5526)
4(4895 5560 5561 4896)
4(5525 5526 5561 5560)
4(4862 4897 5562 5527)
4(4896 5561 5562 4897)
4(5526 5527 5562 5561)
4(4863 4898 5563 5528)
4(4897 5562 5563 4898)
4(5527 5528 5563 5562)
4(4898 5563 5564 4899)
4(5528 5529 5564 5563)
4(4866 4901 5566 5531)
4(4900 5565 5566 4901)
4(5530 5531 5566 5565)
4(4867 4902 5567 5532)
4(4901 5566 5567 4902)
4(5531 5532 5567 5566)
4(4868 4903 5568 5533)
4(4902 5567 5568 4903)
4(5532 5533 5568 5567)
4(4869 4904 5569 5534)
4(4903 5568 5569 4904)
4(5533 5534 5569 5568)
4(4870 4905 5570 5535)
4(4904 5569 5570 4905)
4(5534 5535 5570 5569)
4(4871 4906 5571 5536)
4(4905 5570 5571 4906)
4(5535 5536 5571 5570)
4(4872 4907 5572 5537)
4(4906 5571 5572 4907)
4(5536 5537 5572 5571)
4(4873 4908 5573 5538)
4(4907 5572 5573 4908)
4(5537 5538 5573 5572)
4(4874 4909 5574 5539)
4(4908 5573 5574 4909)
4(5538 5539 5574 5573)
4(4875 4910 5575 5540)
4(4909 5574 5575 4910)
4(5539 5540 5575 5574)
4(4876 4911 5576 5541)
4(4910 5575 5576 4911)
4(5540 5541 5576 5575)
4(4877 4912 5577 5542)
4(4911 5576 5577 4912)
4(5541 5542 5577 5576)
4(4878 4913 5578 5543)
4(4912 5577 5578 4913)
4(5542 5543 5578 5577)
4(4879 4914 5579 5544)
4(4913 5578 5579 4914)
4(5543 5544 5579 5578)
4(4880 4915 5580 5545)
4(4914 5579 5580 4915)
4(5544 5545 5580 5579)
4(4881 4916 5581 5546)
4(4915 5580 5581 4916)
4(5545 5546 5581 5580)
4(4882 4917 5582 5547)
4(4916 5581 5582 4917)
4(5546 5547 5582 5581)
4(4883 4918 5583 5548)
4(4917 5582 5583 4918)
4(5547 5548 5583 5582)
4(4884 4919 5584 5549)
4(4918 5583 5584 4919)
4(5548 5549 5584 5583)
4(4885 4920 5585 5550)
4(4919 5584 5585 4920)
4(5549 5550 5585 5584)
4(4886 4921 5586 5551)
4(4920 5585 5586 4921)
4(5550 5551 5586 5585)
4(4887 4922 5587 5552)
4(4921 5586 5587 4922)
4(5551 5552 5587 5586)
4(4888 4923 5588 5553)
4(4922 5587 5588 4923)
4(5552 5553 5588 5587)
4(4889 4924 5589 5554)
4(4923 5588 5589 4924)
4(5553 5554 5589 5588)
4(4890 4925 5590 5555)
4(4924 5589 5590 4925)
4(5554 5555 5590 5589)
4(4891 4926 5591 5556)
4(4925 5590 5591 4926)
4(5555 5556 5591 5590)
4(4892 4927 5592 5557)
4(4926 5591 5592 4927)
4(5556 5557 5592 5591)
4(4893 4928 5593 5558)
4(4927 5592 5593 4928)
4(5557 5558 5593 5592)
4(4894 4929 5594 5559)
4(4928 5593 5594 4929)
4(5558 5559 5594 5593)
4(4895 4930 5595 5560)
4(4929 5594 5595 4930)
4(5559 5560 5595 5594)
4(4896 4931 5596 5561)
4(4930 5595 5596 4931)
4(5560 5561 5596 5595)
4(4897 4932 5597 5562)
4(4931 5596 5597 4932)
4(5561 5562 5597 5596)
4(4898 4933 5598 5563)
4(4932 5597 5598 4933)
4(5562 5563 5598 5597)
4(4933 5598 5599 4934)
4(5563 5564 5599 5598)
4(4901 4936 5601 5566)
4(4935 5600 5601 4936)
4(5565 5566 5601 5600)
4(4902 4937 5602 5567)
4(4936 5601 5602 4937)
4(5566 5567 5602 5601)
4(4903 4938 5603 5568)
4(4937 5602 5603 4938)
4(5567 5568 5603 5602)
4(4904 4939 5604 5569)
4(4938 5603 5604 4939)
4(5568 5569 5604 5603)
4(4905 4940 5605 5570)
4(4939 5604 5605 4940)
4(5569 5570 5605 5604)
4(4906 4941 5606 5571)
4(4940 5605 5606 4941)
4(5570 5571 5606 5605)
4(4907 4942 5607 5572)
4(4941 5606 5607 4942)
4(5571 5572 5607 5606)
4(4908 4943 5608 5573)
4(4942 5607 5608 4943)
4(5572 5573 5608 5607)
4(4909 4944 5609 5574)
4(4943 5608 5609 4944)
4(5573 5574 5609 5608)
4(4910 4945 5610 5575)
4(4944 5609 5610 4945)
4(5574 5575 5610 5609)
4(4911 4946 5611 5576)
4(4945 5610 5611 4946)
4(5575 5576 5611 5610)
4(4912 4947 5612 5577)
4(4946 5611 5612 4947)
4(5576 5577 5612 5611)
4(4913 4948 5613 5578)
4(4947 5612 5613 4948)
4(5577 5578 5613 5612)
4(4914 4949 5614 5579)
4(4948 5613 5614 4949)
4(5578 5579 5614 5613)
4(4915 4950 5615 5580)
4(4949 5614 5615 4950)
4(5579 5580 5615 5614)
4(4916 4951 5616 5581)
4(4950 5615 5616 4951)
4(5580 5581 5616 5615)
4(4917 4952 5617 5582)
4(4951 5616 5617 4952)
4(5581 5582 5617 5616)
4(4918 4953 5618 5583)
4(4952 5617 5618 4953)
4(5582 5583 5618 5617)
4(4919 4954 5619 5584)
4(4953 5618 5619 4954)
4(5583 5584 5619 5618)
4(4920 4955 5620 5585)
4(4954 5619 5620 4955)
4(5584 5585 5620 5619)
4(4921 4956 5621 5586)
4(4955 5620 5621 4956)
4(5585 5586 5621 5620)
4(4922 4957 5622 5587)
4(4956 5621 5622 4957)
4(5586 5587 5622 5621)
4(4923 4958 5623 5588)
4(4957 5622 5623 4958)
4(5587 5588 5623 5622)
4(4924 4959 5624 5589)
4(4958 5623 5624 4959)
4(5588 5589 5624 5623)
4(4925 4960 5625 5590)
4(4959 5624 5625 4960)
4(5589 5590 5625 5624)
4(4926 4961 5626 5591)
4(4960 5625 5626 4961)
4(5590 5591 5626 5625)
4(4927 4962 5627 5592)
4(4961 5626 5627 4962)
4(5591 5592 5627 5626)
4(4928 4963 5628 5593)
4(4962 5627 5628 4963)
4(5592 5593 5628 5627)
4(4929 4964 5629 5594)
4(4963 5628 5629 4964)
4(5593 5594 5629 5628)
4(4930 4965 5630 5595)
4(4964 5629 5630 4965)
4(5594 5595 5630 5629)
4(4931 4966 5631 5596)
4(4965 5630 5631 4966)
4(5595 5596 5631 5630)
4(4932 4967 5632 5597)
4(4966 5631 5632 4967)
4(5596 5597 5632 5631)
4(4933 4968 5633 5598)
4(4967 5632 5633 4968)
4(5597 5598 5633 5632)
4(4968 5633 5634 4969)
4(5598 5599 5634 5633)
4(4936 4971 5636 5601)
4(4970 5635 5636 4971)
4(5600 5601 5636 5635)
4(4937 4972 5637 5602)
4(4971 5636 5637 4972)
4(5601 5602 5637 5636)
4(4938 4973 5638 5603)
4(4972 5637 5638 4973)
4(5602 5603 5638 5637)
4(4939 4974 5639 5604)
4(4973 5638 5639 4974)
4(5603 5604 5639 5638)
4(4940 4975 5640 5605)
4(4974 5639 5640 4975)
4(5604 5605 5640 5639)
4(4941 4976 5641 5606)
4(4975 5640 5641 4976)
4(5605 5606 5641 5640)
4(4942 4977 5642 5607)
4(4976 5641 5642 4977)
4(5606 5607 5642 5641)
4(4943 4978 5643 5608)
4(4977 5642 5643 4978)
4(5607 5608 5643 5642)
4(4944 4979 5644 5609)
4(4978 5643 5644 4979)
4(5608 5609 5644 5643)
4(4945 4980 5645 5610)
4(4979 5644 5645 4980)
4(5609 5610 5645 5644)
4(4946 4981 5646 5611)
4(4980 5645 5646 4981)
4(5610 5611 5646 5645)
4(4947 4982 5647 5612)
4(4981 5646 5647 4982)
4(5611 5612 5647 5646)
4(4948 4983 5648 5613)
4(4982 5647 5648 4983)
4(5612 5613 5648 5647)
4(4949 4984 5649 5614)
4(4983 5648 5649 4984)
4(5613 5614 5649 5648)
4(4950 4985 5650 5615)
4(4984 5649 5650 4985)
4(5614 5615 5650 5649)
4(4951 4986 5651 5616)
4(4985 5650 5651 4986)
4(5615 5616 5651 5650)
4(4952 4987 5652 5617)
4(4986 5651 5652 4987)
4(5616 5617 5652 5651)
4(4953 4988 5653 5618)
4(4987 5652 5653 4988)
4(5617 5618 5653 5652)
4(4954 4989 5654 5619)
4(4988 5653 5654 4989)
4(5618 5619 5654 5653)
4(4955 4990 5655 5620)
4(4989 5654 5655 4990)
4(5619 5620 5655 5654)
4(4956 4991 5656 5621)
4(4990 5655 5656 4991)
4(5620 5621 5656 5655)
4(4957 4992 5657 5622)
4(4991 5656 5657 4992)
4(5621 5622 5657 5656)
4(4958 4993 5658 5623)
4(4992 5657 5658 4993)
4(5622 5623 5658 5657)
4(4959 4994 5659 5624)
4(4993 5658 5659 4994)
4(5623 5624 5659 5658)
4(4960 4995 5660 5625)
4(4994 5659 5660 4995)
4(5624 5625 5660 5659)
4(4961 4996 5661 5626)
4(4995 5660 5661 4996)
4(5625 5626 5661 5660)
4(4962 4997 5662 5627)
4(4996 5661 5662 4997)
4(5626 5627 5662 5661)
4(4963 4998 5663 5628)
4(4997 5662 5663 4998)
4(5627 5628 5663 5662)
4(4964 4999 5664 5629)
4(4998 5663 5664 4999)
4(5628 5629 5664 5663)
4(4965 5000 5665 5630)
4(4999 5664 5665 5000)
4(5629 5630 5665 5664)
4(4966 5001 5666 5631)
4(5000 5665 5666 5001)
4(5630 5631 5666 5665)
4(4967 5002 5667 5632)
4(5001 5666 5667 5002)
4(5631 5632 5667 5666)
4(4968 5003 5668 5633)
4(5002 5667 5668 5003)
4(5632 5633 5668 5667)
4(5003 5668 5669 5004)
4(5633 5634 5669 5668)
4(4971 5006 5671 5636)
4(5005 5670 5671 5006)
4(5635 5636 5671 5670)
4(4972 5007 5672 5637)
4(5006 5671 5672 5007)
4(5636 5637 5672 5671)
4(4973 5008 5673 5638)
4(5007 5672 5673 5008)
4(5637 5638 5673 5672)
4(4974 5009 5674 5639)
4(5008 5673 5674 5009)
4(5638 5639 5674 5673)
4(4975 5010 5675 5640)
4(5009 5674 5675 5010)
4(5639 5640 5675 5674)
4(4976 5011 5676 5641)
4(5010 5675 5676 5011)
4(5640 5641 5676 5675)
4(4977 5012 5677 5642)
4(5011 5676 5677 5012)
4(5641 5642 5677 5676)
4(4978 5013 5678 5643)
4(5012 5677 5678 5013)
4(5642 5643 5678 5677)
4(4979 5014 5679 5644)
4(5013 5678 5679 5014)
4(5643 5644 5679 5678)
4(4980 5015 5680 5645)
4(5014 5679 5680 5015)
4(5644 5645 5680 5679)
4(4981 5016 5681 5646)
4(5015 5680 5681 5016)
4(5645 5646 5681 5680)
4(4982 5017 5682 5647)
4(5016 5681 5682 5017)
4(5646 5647 5682 5681)
4(4983 5018 5683 5648)
4(5017 5682 5683 5018)
4(5647 5648 5683 5682)
4(4984 5019 5684 5649)
4(5018 5683 5684 5019)
4(5648 5649 5684 5683)
4(4985 5020 5685 5650)
4(5019 5684 5685 5020)
4(5649 5650 5685 5684)
4(4986 5021 5686 5651)
4(5020 5685 5686 5021)
4(5650 5651 5686 5685)
4(4987 5022 5687 5652)
4(5021 5686 5687 5022)
4(5651 5652 5687 5686)
4(4988 5023 5688 5653)
4(5022 5687 5688 5023)
4(5652 5653 5688 5687)
4(4989 5024 5689 5654)
4(5023 5688 5689 5024)
4(5653 5654 5689 5688)
4(4990 5025 5690 5655)
4(5024 5689 5690 5025)
4(5654 5655 5690 5689)
4(4991 5026 5691 5656)
4(5025 5690 5691 5026)
4(5655 5656 5691 5690)
4(4992 5027 5692 5657)
4(5026 5691 5692 5027)
4(5656 5657 5692 5691)
4(4993 5028 5693 5658)
4(5027 5692 5693 5028)
4(5657 5658 5693 5692)
4(4994 5029 5694 5659)
4(5028 5693 5694 5029)
4(5658 5659 5694 5693)
4(4995 5030 5695 5660)
4(5029 5694 5695 5030)
4(5659 5660 5695 5694)
4(4996 5031 5696 5661)
4(5030 5695 5696 5031)
4(5660 5661 5696 5695)
4(4997 5032 5697 5662)
4(5031 5696 5697 5032)
4(5661 5662 5697 5696)
4(4998 5033 5698 5663)
4(5032 5697 5698 5033)
4(5662 5663 5698 5697)
4(4999 5034 5699 5664)
4(5033 5698 5699 5034)
4(5663 5664 5699 5698)
4(5000 5035 5700 5665)
4(5034 5699 5700 5035)
4(5664 5665 5700 5699)
4(5001 5036 5701 5666)
4(5035 5700 5701 5036)
4(5665 5666 5701 5700)
4(5002 5037 5702 5667)
4(5036 5701 5702 5037)
4(5666 5667 5702 5701)
4(5003 5038 5703 5668)
4(5037 5702 5703 5038)
4(5667 5668 5703 5702)
4(5038 5703 5704 5039)
4(5668 5669 5704 5703)
4(5006 5041 5706 5671)
4(5040 5705 5706 5041)
4(5670 5671 5706 5705)
4(5007 5042 5707 5672)
4(5041 5706 5707 5042)
4(5671 5672 5707 5706)
4(5008 5043 5708 5673)
4(5042 5707 5708 5043)
4(5672 5673 5708 5707)
4(5009 5044 5709 5674)
4(5043 5708 5709 5044)
4(5673 5674 5709 5708)
4(5010 5045 5710 5675)
4(5044 5709 5710 5045)
4(5674 5675 5710 5709)
4(5011 5046 5711 5676)
4(5045 5710 5711 5046)
4(5675 5676 5711 5710)
4(5012 5047 5712 5677)
4(5046 5711 5712 5047)
4(5676 5677 5712 5711)
4(5013 5048 5713 5678)
4(5047 5712 5713 5048)
4(5677 5678 5713 5712)
4(5014 5049 5714 5679)
4(5048 5713 5714 5049)
4(5678 5679 5714 5713)
4(5015 5050 5715 5680)
4(5049 5714 5715 5050)
4(5679 5680 5715 5714)
4(5016 5051 5716 5681)
4(5050 5715 5716 5051)
4(5680 5681 5716 5715)
4(5017 5052 5717 5682)
4(5051 5716 5717 5052)
4(5681 5682 5717 5716)
4(5018 5053 5718 5683)
4(5052 5717 5718 5053)
4(5682 5683 5718 5717)
4(5019 5054 5719 5684)
4(5053 5718 5719 5054)
4(5683 5684 5719 5718)
4(5020 5055 5720 5685)
4(5054 5719 5720 5055)
4(5684 5685 5720 5719)
4(5021 5056 5721 5686)
4(5055 5720 5721 5056)
4(5685 5686 5721 5720)
4(5022 5057 5722 5687)
4(5056 5721 5722 5057)
4(5686 5687 5722 5721)
4(5023 5058 5723 5688)
4(5057 5722 5723 5058)
4(5687 5688 5723 5722)
4(5024 5059 5724 5689)
4(5058 5723 5724 5059)
4(5688 5689 5724 5723)
4(5025 5060 5725 5690)
4(5059 5724 5725 5060)
4(5689 5690 5725 5724)
4(5026 5061 5726 5691)
4(5060 5725 5726 5061)
4(5690 5691 5726 5725)
4(5027 5062 5727 5692)
4(5061 5726 5727 5062)
4(5691 5692 5727 5726)
4(5028 5063 5728 5693)
4(5062 5727 5728 5063)
4(5692 5693 5728 5727)
4(5029 5064 5729 5694)
4(5063 5728 5729 5064)
4(5693 5694 5729 5728)
4(5030 5065 5730 5695)
4(5064 5729 5730 5065)
4(5694 5695 5730 5729)
4(5031 5066 5731 5696)
4(5065 5730 5731 5066)
4(5695 5696 5731 5730)
4(5032 5067 5732 5697)
4(5066 5731 5732 5067)
4(5696 5697 5732 5731)
4(5033 5068 5733 5698)
4(5067 5732 5733 5068)
4(5697 5698 5733 5732)
4(5034 5069 5734 5699)
4(5068 5733 5734 5069)
4(5698 5699 5734 5733)
4(5035 5070 5735 5700)
4(5069 5734 5735 5070)
4(5699 5700 5735 5734)
4(5036 5071 5736 5701)
4(5070 5735 5736 5071)
4(5700 5701 5736 5735)
4(5037 5072 5737 5702)
4(5071 5736 5737 5072)
4(5701 5702 5737 5736)
4(5038 5073 5738 5703)
4(5072 5737 5738 5073)
4(5702 5703 5738 5737)
4(5073 5738 5739 5074)
4(5703 5704 5739 5738)
4(5041 5076 5741 5706)
4(5075 5740 5741 5076)
4(5705 5706 5741 5740)
4(5042 5077 5742 5707)
4(5076 5741 5742 5077)
4(5706 5707 5742 5741)
4(5043 5078 5743 5708)
4(5077 5742 5743 5078)
4(5707 5708 5743 5742)
4(5044 5079 5744 5709)
4(5078 5743 5744 5079)
4(5708 5709 5744 5743)
4(5045 5080 5745 5710)
4(5079 5744 5745 5080)
4(5709 5710 5745 5744)
4(5046 5081 5746 5711)
4(5080 5745 5746 5081)
4(5710 5711 5746 5745)
4(5047 5082 5747 5712)
4(5081 5746 5747 5082)
4(5711 5712 5747 5746)
4(5048 5083 5748 5713)
4(5082 5747 5748 5083)
4(5712 5713 5748 5747)
4(5049 5084 5749 5714)
4(5083 5748 5749 5084)
4(5713 5714 5749 5748)
4(5050 5085 5750 5715)
4(5084 5749 5750 5085)
4(5714 5715 5750 5749)
4(5051 5086 5751 5716)
4(5085 5750 5751 5086)
4(5715 5716 5751 5750)
4(5052 5087 5752 5717)
4(5086 5751 5752 5087)
4(5716 5717 5752 5751)
4(5053 5088 5753 5718)
4(5087 5752 5753 5088)
4(5717 5718 5753 5752)
4(5054 5089 5754 5719)
4(5088 5753 5754 5089)
4(5718 5719 5754 5753)
4(5055 5090 5755 5720)
4(5089 5754 5755 5090)
4(5719 5720 5755 5754)
4(5056 5091 5756 5721)
4(5090 5755 5756 5091)
4(5720 5721 5756 5755)
4(5057 5092 5757 5722)
4(5091 5756 5757 5092)
4(5721 5722 5757 5756)
4(5058 5093 5758 5723)
4(5092 5757 5758 5093)
4(5722 5723 5758 5757)
4(5059 5094 5759 5724)
4(5093 5758 5759 5094)
4(5723 5724 5759 5758)
4(5060 5095 5760 5725)
4(5094 5759 5760 5095)
4(5724 5725 5760 5759)
4(5061 5096 5761 5726)
4(5095 5760 5761 5096)
4(5725 5726 5761 5760)
4(5062 5097 5762 5727)
4(5096 5761 5762 5097)
4(5726 5727 5762 5761)
4(5063 5098 5763 5728)
4(5097 5762 5763 5098)
4(5727 5728 5763 5762)
4(5064 5099 5764 5729)
4(5098 5763 5764 5099)
4(5728 5729 5764 5763)
4(5065 5100 5765 5730)
4(5099 5764 5765 5100)
4(5729 5730 5765 5764)
4(5066 5101 5766 5731)
4(5100 5765 5766 5101)
4(5730 5731 5766 5765)
4(5067 5102 5767 5732)
4(5101 5766 5767 5102)
4(5731 5732 5767 5766)
4(5068 5103 5768 5733)
4(5102 5767 5768 5103)
4(5732 5733 5768 5767)
4(5069 5104 5769 5734)
4(5103 5768 5769 5104)
4(5733 5734 5769 5768)
4(5070 5105 5770 5735)
4(5104 5769 5770 5105)
4(5734 5735 5770 5769)
4(5071 5106 5771 5736)
4(5105 5770 5771 5106)
4(5735 5736 5771 5770)
4(5072 5107 5772 5737)
4(5106 5771 5772 5107)
4(5736 5737 5772 5771)
4(5073 5108 5773 5738)
4(5107 5772 5773 5108)
4(5737 5738 5773 5772)
4(5108 5773 5774 5109)
4(5738 5739 5774 5773)
4(5076 5111 5776 5741)
4(5110 5775 5776 5111)
4(5740 5741 5776 5775)
4(5077 5112 5777 5742)
4(5111 5776 5777 5112)
4(5741 5742 5777 5776)
4(5078 5113 5778 5743)
4(5112 5777 5778 5113)
4(5742 5743 5778 5777)
4(5079 5114 5779 5744)
4(5113 5778 5779 5114)
4(5743 5744 5779 5778)
4(5080 5115 5780 5745)
4(5114 5779 5780 5115)
4(5744 5745 5780 5779)
4(5081 5116 5781 5746)
4(5115 5780 5781 5116)
4(5745 5746 5781 5780)
4(5082 5117 5782 5747)
4(5116 5781 5782 5117)
4(5746 5747 5782 5781)
4(5083 5118 5783 5748)
4(5117 5782 5783 5118)
4(5747 5748 5783 5782)
4(5084 5119 5784 5749)
4(5118 5783 5784 5119)
4(5748 5749 5784 5783)
4(5085 5120 5785 5750)
4(5119 5784 5785 5120)
4(5749 5750 5785 5784)
4(5086 5121 5786 5751)
4(5120 5785 5786 5121)
4(5750 5751 5786 5785)
4(5087 5122 5787 5752)
4(5121 5786 5787 5122)
4(5751 5752 5787 5786)
4(5088 5123 5788 5753)
4(5122 5787 5788 5123)
4(5752 5753 5788 5787)
4(5089 5124 5789 5754)
4(5123 5788 5789 5124)
4(5753 5754 5789 5788)
4(5090 5125 5790 5755)
4(5124 5789 5790 5125)
4(5754 5755 5790 5789)
4(5091 5126 5791 5756)
4(5125 5790 5791 5126)
4(5755 5756 5791 5790)
4(5092 5127 5792 5757)
4(5126 5791 5792 5127)
4(5756 5757 5792 5791)
4(5093 5128 5793 5758)
4(5127 5792 5793 5128)
4(5757 5758 5793 5792)
4(5094 5129 5794 5759)
4(5128 5793 5794 5129)
4(5758 5759 5794 5793)
4(5095 5130 5795 5760)
4(5129 5794 5795 5130)
4(5759 5760 5795 5794)
4(5096 5131 5796 5761)
4(5130 5795 5796 5131)
4(5760 5761 5796 5795)
4(5097 5132 5797 5762)
4(5131 5796 5797 5132)
4(5761 5762 5797 5796)
4(5098 5133 5798 5763)
4(5132 5797 5798 5133)
4(5762 5763 5798 5797)
4(5099 5134 5799 5764)
4(5133 5798 5799 5134)
4(5763 5764 5799 5798)
4(5100 5135 5800 5765)
4(5134 5799 5800 5135)
4(5764 5765 5800 5799)
4(5101 5136 5801 5766)
4(5135 5800 5801 5136)
4(5765 5766 5801 5800)
4(5102 5137 5802 5767)
4(5136 5801 5802 5137)
4(5766 5767 5802 5801)
4(5103 5138 5803 5768)
4(5137 5802 5803 5138)
4(5767 5768 5803 5802)
4(5104 5139 5804 5769)
4(5138 5803 5804 5139)
4(5768 5769 5804 5803)
4(5105 5140 5805 5770)
4(5139 5804 5805 5140)
4(5769 5770 5805 5804)
4(5106 5141 5806 5771)
4(5140 5805 5806 5141)
4(5770 5771 5806 5805)
4(5107 5142 5807 5772)
4(5141 5806 5807 5142)
4(5771 5772 5807 5806)
4(5108 5143 5808 5773)
4(5142 5807 5808 5143)
4(5772 5773 5808 5807)
4(5143 5808 5809 5144)
4(5773 5774 5809 5808)
4(5111 5146 5811 5776)
4(5145 5810 5811 5146)
4(5775 5776 5811 5810)
4(5112 5147 5812 5777)
4(5146 5811 5812 5147)
4(5776 5777 5812 5811)
4(5113 5148 5813 5778)
4(5147 5812 5813 5148)
4(5777 5778 5813 5812)
4(5114 5149 5814 5779)
4(5148 5813 5814 5149)
4(5778 5779 5814 5813)
4(5115 5150 5815 5780)
4(5149 5814 5815 5150)
4(5779 5780 5815 5814)
4(5116 5151 5816 5781)
4(5150 5815 5816 5151)
4(5780 5781 5816 5815)
4(5117 5152 5817 5782)
4(5151 5816 5817 5152)
4(5781 5782 5817 5816)
4(5118 5153 5818 5783)
4(5152 5817 5818 5153)
4(5782 5783 5818 5817)
4(5119 5154 5819 5784)
4(5153 5818 5819 5154)
4(5783 5784 5819 5818)
4(5120 5155 5820 5785)
4(5154 5819 5820 5155)
4(5784 5785 5820 5819)
4(5121 5156 5821 5786)
4(5155 5820 5821 5156)
4(5785 5786 5821 5820)
4(5122 5157 5822 5787)
4(5156 5821 5822 5157)
4(5786 5787 5822 5821)
4(5123 5158 5823 5788)
4(5157 5822 5823 5158)
4(5787 5788 5823 5822)
4(5124 5159 5824 5789)
4(5158 5823 5824 5159)
4(5788 5789 5824 5823)
4(5125 5160 5825 5790)
4(5159 5824 5825 5160)
4(5789 5790 5825 5824)
4(5126 5161 5826 5791)
4(5160 5825 5826 5161)
4(5790 5791 5826 5825)
4(5127 5162 5827 5792)
4(5161 5826 5827 5162)
4(5791 5792 5827 5826)
4(5128 5163 5828 5793)
4(5162 5827 5828 5163)
4(5792 5793 5828 5827)
4(5129 5164 5829 5794)
4(5163 5828 5829 5164)
4(5793 5794 5829 5828)
4(5130 5165 5830 5795)
4(5164 5829 5830 5165)
4(5794 5795 5830 5829)
4(5131 5166 5831 5796)
4(5165 5830 5831 5166)
4(5795 5796 5831 5830)
4(5132 5167 5832 5797)
4(5166 5831 5832 5167)
4(5796 5797 5832 5831)
4(5133 5168 5833 5798)
4(5167 5832 5833 5168)
4(5797 5798 5833 5832)
4(5134 5169 5834 5799)
4(5168 5833 5834 5169)
4(5798 5799 5834 5833)
4(5135 5170 5835 5800)
4(5169 5834 5835 5170)
4(5799 5800 5835 5834)
4(5136 5171 5836 5801)
4(5170 5835 5836 5171)
4(5800 5801 5836 5835)
4(5137 5172 5837 5802)
4(5171 5836 5837 5172)
4(5801 5802 5837 5836)
4(5138 5173 5838 5803)
4(5172 5837 5838 5173)
4(5802 5803 5838 5837)
4(5139 5174 5839 5804)
4(5173 5838 5839 5174)
4(5803 5804 5839 5838)
4(5140 5175 5840 5805)
4(5174 5839 5840 5175)
4(5804 5805 5840 5839)
4(5141 5176 5841 5806)
4(5175 5840 5841 5176)
4(5805 5806 5841 5840)
4(5142 5177 5842 5807)
4(5176 5841 5842 5177)
4(5806 5807 5842 5841)
4(5143 5178 5843 5808)
4(5177 5842 5843 5178)
4(5807 5808 5843 5842)
4(5178 5843 5844 5179)
4(5808 5809 5844 5843)
4(5146 5181 5846 5811)
4(5180 5845 5846 5181)
4(5810 5811 5846 5845)
4(5147 5182 5847 5812)
4(5181 5846 5847 5182)
4(5811 5812 5847 5846)
4(5148 5183 5848 5813)
4(5182 5847 5848 5183)
4(5812 5813 5848 5847)
4(5149 5184 5849 5814)
4(5183 5848 5849 5184)
4(5813 5814 5849 5848)
4(5150 5185 5850 5815)
4(5184 5849 5850 5185)
4(5814 5815 5850 5849)
4(5151 5186 5851 5816)
4(5185 5850 5851 5186)
4(5815 5816 5851 5850)
4(5152 5187 5852 5817)
4(5186 5851 5852 5187)
4(5816 5817 5852 5851)
4(5153 5188 5853 5818)
4(5187 5852 5853 5188)
4(5817 5818 5853 5852)
4(5154 5189 5854 5819)
4(5188 5853 5854 5189)
4(5818 5819 5854 5853)
4(5155 5190 5855 5820)
4(5189 5854 5855 5190)
4(5819 5820 5855 5854)
4(5156 5191 5856 5821)
4(5190 5855 5856 5191)
4(5820 5821 5856 5855)
4(5157 5192 5857 5822)
4(5191 5856 5857 5192)
4(5821 5822 5857 5856)
4(5158 5193 5858 5823)
4(5192 5857 5858 5193)
4(5822 5823 5858 5857)
4(5159 5194 5859 5824)
4(5193 5858 5859 5194)
4(5823 5824 5859 5858)
4(5160 5195 5860 5825)
4(5194 5859 5860 5195)
4(5824 5825 5860 5859)
4(5161 5196 5861 5826)
4(5195 5860 5861 5196)
4(5825 5826 5861 5860)
4(5162 5197 5862 5827)
4(5196 5861 5862 5197)
4(5826 5827 5862 5861)
4(5163 5198 5863 5828)
4(5197 5862 5863 5198)
4(5827 5828 5863 5862)
4(5164 5199 5864 5829)
4(5198 5863 5864 5199)
4(5828 5829 5864 5863)
4(5165 5200 5865 5830)
4(5199 5864 5865 5200)
4(5829 5830 5865 5864)
4(5166 5201 5866 5831)
4(5200 5865 5866 5201)
4(5830 5831 5866 5865)
4(5167 5202 5867 5832)
4(5201 5866 5867 5202)
4(5831 5832 5867 5866)
4(5168 5203 5868 5833)
4(5202 5867 5868 5203)
4(5832 5833 5868 5867)
4(5169 5204 5869 5834)
4(5203 5868 5869 5204)
4(5833 5834 5869 5868)
4(5170 5205 5870 5835)
4(5204 5869 5870 5205)
4(5834 5835 5870 5869)
4(5171 5206 5871 5836)
4(5205 5870 5871 5206)
4(5835 5836 5871 5870)
4(5172 5207 5872 5837)
4(5206 5871 5872 5207)
4(5836 5837 5872 5871)
4(5173 5208 5873 5838)
4(5207 5872 5873 5208)
4(5837 5838 5873 5872)
4(5174 5209 5874 5839)
4(5208 5873 5874 5209)
4(5838 5839 5874 5873)
4(5175 5210 5875 5840)
4(5209 5874 5875 5210)
4(5839 5840 5875 5874)
4(5176 5211 5876 5841)
4(5210 5875 5876 5211)
4(5840 5841 5876 5875)
4(5177 5212 5877 5842)
4(5211 5876 5877 5212)
4(5841 5842 5877 5876)
4(5178 5213 5878 5843)
4(5212 5877 5878 5213)
4(5842 5843 5878 5877)
4(5213 5878 5879 5214)
4(5843 5844 5879 5878)
4(5181 5216 5881 5846)
4(5215 5880 5881 5216)
4(5845 5846 5881 5880)
4(5182 5217 5882 5847)
4(5216 5881 5882 5217)
4(5846 5847 5882 5881)
4(5183 5218 5883 5848)
4(5217 5882 5883 5218)
4(5847 5848 5883 5882)
4(5184 5219 5884 5849)
4(5218 5883 5884 5219)
4(5848 5849 5884 5883)
4(5185 5220 5885 5850)
4(5219 5884 5885 5220)
4(5849 5850 5885 5884)
4(5186 5221 5886 5851)
4(5220 5885 5886 5221)
4(5850 5851 5886 5885)
4(5187 5222 5887 5852)
4(5221 5886 5887 5222)
4(5851 5852 5887 5886)
4(5188 5223 5888 5853)
4(5222 5887 5888 5223)
4(5852 5853 5888 5887)
4(5189 5224 5889 5854)
4(5223 5888 5889 5224)
4(5853 5854 5889 5888)
4(5190 5225 5890 5855)
4(5224 5889 5890 5225)
4(5854 5855 5890 5889)
4(5191 5226 5891 5856)
4(5225 5890 5891 5226)
4(5855 5856 5891 5890)
4(5192 5227 5892 5857)
4(5226 5891 5892 5227)
4(5856 5857 5892 5891)
4(5193 5228 5893 5858)
4(5227 5892 5893 5228)
4(5857 5858 5893 5892)
4(5194 5229 5894 5859)
4(5228 5893 5894 5229)
4(5858 5859 5894 5893)
4(5195 5230 5895 5860)
4(5229 5894 5895 5230)
4(5859 5860 5895 5894)
4(5196 5231 5896 5861)
4(5230 5895 5896 5231)
4(5860 5861 5896 5895)
4(5197 5232 5897 5862)
4(5231 5896 5897 5232)
4(5861 5862 5897 5896)
4(5198 5233 5898 5863)
4(5232 5897 5898 5233)
4(5862 5863 5898 5897)
4(5199 5234 5899 5864)
4(5233 5898 5899 5234)
4(5863 5864 5899 5898)
4(5200 5235 5900 5865)
4(5234 5899 5900 5235)
4(5864 5865 5900 5899)
4(5201 5236 5901 5866)
4(5235 5900 5901 5236)
4(5865 5866 5901 5900)
4(5202 5237 5902 5867)
4(5236 5901 5902 5237)
4(5866 5867 5902 5901)
4(5203 5238 5903 5868)
4(5237 5902 5903 5238)
4(5867 5868 5903 5902)
4(5204 5239 5904 5869)
4(5238 5903 5904 5239)
4(5868 5869 5904 5903)
4(5205 5240 5905 5870)
4(5239 5904 5905 5240)
4(5869 5870 5905 5904)
4(5206 5241 5906 5871)
4(5240 5905 5906 5241)
4(5870 5871 5906 5905)
4(5207 5242 5907 5872)
4(5241 5906 5907 5242)
4(5871 5872 5907 5906)
4(5208 5243 5908 5873)
4(5242 5907 5908 5243)
4(5872 5873 5908 5907)
4(5209 5244 5909 5874)
4(5243 5908 5909 5244)
4(5873 5874 5909 5908)
4(5210 5245 5910 5875)
4(5244 5909 5910 5245)
4(5874 5875 5910 5909)
4(5211 5246 5911 5876)
4(5245 5910 5911 5246)
4(5875 5876 5911 5910)
4(5212 5247 5912 5877)
4(5246 5911 5912 5247)
4(5876 5877 5912 5911)
4(5213 5248 5913 5878)
4(5247 5912 5913 5248)
4(5877 5878 5913 5912)
4(5248 5913 5914 5249)
4(5878 5879 5914 5913)
4(5216 5251 5916 5881)
4(5250 5915 5916 5251)
4(5880 5881 5916 5915)
4(5217 5252 5917 5882)
4(5251 5916 5917 5252)
4(5881 5882 5917 5916)
4(5218 5253 5918 5883)
4(5252 5917 5918 5253)
4(5882 5883 5918 5917)
4(5219 5254 5919 5884)
4(5253 5918 5919 5254)
4(5883 5884 5919 5918)
4(5220 5255 5920 5885)
4(5254 5919 5920 5255)
4(5884 5885 5920 5919)
4(5221 5256 5921 5886)
4(5255 5920 5921 5256)
4(5885 5886 5921 5920)
4(5222 5257 5922 5887)
4(5256 5921 5922 5257)
4(5886 5887 5922 5921)
4(5223 5258 5923 5888)
4(5257 5922 5923 5258)
4(5887 5888 5923 5922)
4(5224 5259 5924 5889)
4(5258 5923 5924 5259)
4(5888 5889 5924 5923)
4(5225 5260 5925 5890)
4(5259 5924 5925 5260)
4(5889 5890 5925 5924)
4(5226 5261 5926 5891)
4(5260 5925 5926 5261)
4(5890 5891 5926 5925)
4(5227 5262 5927 5892)
4(5261 5926 5927 5262)
4(5891 5892 5927 5926)
4(5228 5263 5928 5893)
4(5262 5927 5928 5263)
4(5892 5893 5928 5927)
4(5229 5264 5929 5894)
4(5263 5928 5929 5264)
4(5893 5894 5929 5928)
4(5230 5265 5930 5895)
4(5264 5929 5930 5265)
4(5894 5895 5930 5929)
4(5231 5266 5931 5896)
4(5265 5930 5931 5266)
4(5895 5896 5931 5930)
4(5232 5267 5932 5897)
4(5266 5931 5932 5267)
4(5896 5897 5932 5931)
4(5233 5268 5933 5898)
4(5267 5932 5933 5268)
4(5897 5898 5933 5932)
4(5234 5269 5934 5899)
4(5268 5933 5934 5269)
4(5898 5899 5934 5933)
4(5235 5270 5935 5900)
4(5269 5934 5935 5270)
4(5899 5900 5935 5934)
4(5236 5271 5936 5901)
4(5270 5935 5936 5271)
4(5900 5901 5936 5935)
4(5237 5272 5937 5902)
4(5271 5936 5937 5272)
4(5901 5902 5937 5936)
4(5238 5273 5938 5903)
4(5272 5937 5938 5273)
4(5902 5903 5938 5937)
4(5239 5274 5939 5904)
4(5273 5938 5939 5274)
4(5903 5904 5939 5938)
4(5240 5275 5940 5905)
4(5274 5939 5940 5275)
4(5904 5905 5940 5939)
4(5241 5276 5941 5906)
4(5275 5940 5941 5276)
4(5905 5906 5941 5940)
4(5242 5277 5942 5907)
4(5276 5941 5942 5277)
4(5906 5907 5942 5941)
4(5243 5278 5943 5908)
4(5277 5942 5943 5278)
4(5907 5908 5943 5942)
4(5244 5279 5944 5909)
4(5278 5943 5944 5279)
4(5908 5909 5944 5943)
4(5245 5280 5945 5910)
4(5279 5944 5945 5280)
4(5909 5910 5945 5944)
4(5246 5281 5946 5911)
4(5280 5945 5946 5281)
4(5910 5911 5946 5945)
4(5247 5282 5947 5912)
4(5281 5946 5947 5282)
4(5911 5912 5947 5946)
4(5248 5283 5948 5913)
4(5282 5947 5948 5283)
4(5912 5913 5948 5947)
4(5283 5948 5949 5284)
4(5913 5914 5949 5948)
4(5251 5286 5951 5916)
4(5915 5916 5951 5950)
4(5252 5287 5952 5917)
4(5916 5917 5952 5951)
4(5253 5288 5953 5918)
4(5917 5918 5953 5952)
4(5254 5289 5954 5919)
4(5918 5919 5954 5953)
4(5255 5290 5955 5920)
4(5919 5920 5955 5954)
4(5256 5291 5956 5921)
4(5920 5921 5956 5955)
4(5257 5292 5957 5922)
4(5921 5922 5957 5956)
4(5258 5293 5958 5923)
4(5922 5923 5958 5957)
4(5259 5294 5959 5924)
4(5923 5924 5959 5958)
4(5260 5295 5960 5925)
4(5924 5925 5960 5959)
4(5261 5296 5961 5926)
4(5925 5926 5961 5960)
4(5262 5297 5962 5927)
4(5926 5927 5962 5961)
4(5263 5298 5963 5928)
4(5927 5928 5963 5962)
4(5264 5299 5964 5929)
4(5928 5929 5964 5963)
4(5265 5300 5965 5930)
4(5929 5930 5965 5964)
4(5266 5301 5966 5931)
4(5930 5931 5966 5965)
4(5267 5302 5967 5932)
4(5931 5932 5967 5966)
4(5268 5303 5968 5933)
4(5932 5933 5968 5967)
4(5269 5304 5969 5934)
4(5933 5934 5969 5968)
4(5270 5305 5970 5935)
4(5934 5935 5970 5969)
4(5271 5306 5971 5936)
4(5935 5936 5971 5970)
4(5272 5307 5972 5937)
4(5936 5937 5972 5971)
4(5273 5308 5973 5938)
4(5937 5938 5973 5972)
4(5274 5309 5974 5939)
4(5938 5939 5974 5973)
4(5275 5310 5975 5940)
4(5939 5940 5975 5974)
4(5276 5311 5976 5941)
4(5940 5941 5976 5975)
4(5277 5312 5977 5942)
4(5941 5942 5977 5976)
4(5278 5313 5978 5943)
4(5942 5943 5978 5977)
4(5279 5314 5979 5944)
4(5943 5944 5979 5978)
4(5280 5315 5980 5945)
4(5944 5945 5980 5979)
4(5281 5316 5981 5946)
4(5945 5946 5981 5980)
4(5282 5317 5982 5947)
4(5946 5947 5982 5981)
4(5283 5318 5983 5948)
4(5947 5948 5983 5982)
4(5948 5949 5984 5983)
4(5321 5356 6021 5986)
4(5355 6020 6021 5356)
4(5985 5986 6021 6020)
4(5322 5357 6022 5987)
4(5356 6021 6022 5357)
4(5986 5987 6022 6021)
4(5323 5358 6023 5988)
4(5357 6022 6023 5358)
4(5987 5988 6023 6022)
4(5324 5359 6024 5989)
4(5358 6023 6024 5359)
4(5988 5989 6024 6023)
4(5325 5360 6025 5990)
4(5359 6024 6025 5360)
4(5989 5990 6025 6024)
4(5326 5361 6026 5991)
4(5360 6025 6026 5361)
4(5990 5991 6026 6025)
4(5327 5362 6027 5992)
4(5361 6026 6027 5362)
4(5991 5992 6027 6026)
4(5328 5363 6028 5993)
4(5362 6027 6028 5363)
4(5992 5993 6028 6027)
4(5329 5364 6029 5994)
4(5363 6028 6029 5364)
4(5993 5994 6029 6028)
4(5330 5365 6030 5995)
4(5364 6029 6030 5365)
4(5994 5995 6030 6029)
4(5331 5366 6031 5996)
4(5365 6030 6031 5366)
4(5995 5996 6031 6030)
4(5332 5367 6032 5997)
4(5366 6031 6032 5367)
4(5996 5997 6032 6031)
4(5333 5368 6033 5998)
4(5367 6032 6033 5368)
4(5997 5998 6033 6032)
4(5334 5369 6034 5999)
4(5368 6033 6034 5369)
4(5998 5999 6034 6033)
4(5335 5370 6035 6000)
4(5369 6034 6035 5370)
4(5999 6000 6035 6034)
4(5336 5371 6036 6001)
4(5370 6035 6036 5371)
4(6000 6001 6036 6035)
4(5337 5372 6037 6002)
4(5371 6036 6037 5372)
4(6001 6002 6037 6036)
4(5338 5373 6038 6003)
4(5372 6037 6038 5373)
4(6002 6003 6038 6037)
4(5339 5374 6039 6004)
4(5373 6038 6039 5374)
4(6003 6004 6039 6038)
4(5340 5375 6040 6005)
4(5374 6039 6040 5375)
4(6004 6005 6040 6039)
4(5341 5376 6041 6006)
4(5375 6040 6041 5376)
4(6005 6006 6041 6040)
4(5342 5377 6042 6007)
4(5376 6041 6042 5377)
4(6006 6007 6042 6041)
4(5343 5378 6043 6008)
4(5377 6042 6043 5378)
4(6007 6008 6043 6042)
4(5344 5379 6044 6009)
4(5378 6043 6044 5379)
4(6008 6009 6044 6043)
4(5345 5380 6045 6010)
4(5379 6044 6045 5380)
4(6009 6010 6045 6044)
4(5346 5381 6046 6011)
4(5380 6045 6046 5381)
4(6010 6011 6046 6045)
4(5347 5382 6047 6012)
4(5381 6046 6047 5382)
4(6011 6012 6047 6046)
4(5348 5383 6048 6013)
4(5382 6047 6048 5383)
4(6012 6013 6048 6047)
4(5349 5384 6049 6014)
4(5383 6048 6049 5384)
4(6013 6014 6049 6048)
4(5350 5385 6050 6015)
4(5384 6049 6050 5385)
4(6014 6015 6050 6049)
4(5351 5386 6051 6016)
4(5385 6050 6051 5386)
4(6015 6016 6051 6050)
4(5352 5387 6052 6017)
4(5386 6051 6052 5387)
4(6016 6017 6052 6051)
4(5353 5388 6053 6018)
4(5387 6052 6053 5388)
4(6017 6018 6053 6052)
4(5388 6053 6054 5389)
4(6018 6019 6054 6053)
4(5356 5391 6056 6021)
4(5390 6055 6056 5391)
4(6020 6021 6056 6055)
4(5357 5392 6057 6022)
4(5391 6056 6057 5392)
4(6021 6022 6057 6056)
4(5358 5393 6058 6023)
4(5392 6057 6058 5393)
4(6022 6023 6058 6057)
4(5359 5394 6059 6024)
4(5393 6058 6059 5394)
4(6023 6024 6059 6058)
4(5360 5395 6060 6025)
4(5394 6059 6060 5395)
4(6024 6025 6060 6059)
4(5361 5396 6061 6026)
4(5395 6060 6061 5396)
4(6025 6026 6061 6060)
4(5362 5397 6062 6027)
4(5396 6061 6062 5397)
4(6026 6027 6062 6061)
4(5363 5398 6063 6028)
4(5397 6062 6063 5398)
4(6027 6028 6063 6062)
4(5364 5399 6064 6029)
4(5398 6063 6064 5399)
4(6028 6029 6064 6063)
4(5365 5400 6065 6030)
4(5399 6064 6065 5400)
4(6029 6030 6065 6064)
4(5366 5401 6066 6031)
4(5400 6065 6066 5401)
4(6030 6031 6066 6065)
4(5367 5402 6067 6032)
4(5401 6066 6067 5402)
4(6031 6032 6067 6066)
4(5368 5403 6068 6033)
4(5402 6067 6068 5403)
4(6032 6033 6068 6067)
4(5369 5404 6069 6034)
4(5403 6068 6069 5404)
4(6033 6034 6069 6068)
4(5370 5405 6070 6035)
4(5404 6069 6070 5405)
4(6034 6035 6070 6069)
4(5371 5406 6071 6036)
4(5405 6070 6071 5406)
4(6035 6036 6071 6070)
4(5372 5407 6072 6037)
4(5406 6071 6072 5407)
4(6036 6037 6072 6071)
4(5373 5408 6073 6038)
4(5407 6072 6073 5408)
4(6037 6038 6073 6072)
4(5374 5409 6074 6039)
4(5408 6073 6074 5409)
4(6038 6039 6074 6073)
4(5375 5410 6075 6040)
4(5409 6074 6075 5410)
4(6039 6040 6075 6074)
4(5376 5411 6076 6041)
4(5410 6075 6076 5411)
4(6040 6041 6076 6075)
4(5377 5412 6077 6042)
4(5411 6076 6077 5412)
4(6041 6042 6077 6076)
4(5378 5413 6078 6043)
4(5412 6077 6078 5413)
4(6042 6043 6078 6077)
4(5379 5414 6079 6044)
4(5413 6078 6079 5414)
4(6043 6044 6079 6078)
4(5380 5415 6080 6045)
4(5414 6079 6080 5415)
4(6044 6045 6080 6079)
4(5381 5416 6081 6046)
4(5415 6080 6081 5416)
4(6045 6046 6081 6080)
4(5382 5417 6082 6047)
4(5416 6081 6082 5417)
4(6046 6047 6082 6081)
4(5383 5418 6083 6048)
4(5417 6082 6083 5418)
4(6047 6048 6083 6082)
4(5384 5419 6084 6049)
4(5418 6083 6084 5419)
4(6048 6049 6084 6083)
4(5385 5420 6085 6050)
4(5419 6084 6085 5420)
4(6049 6050 6085 6084)
4(5386 5421 6086 6051)
4(5420 6085 6086 5421)
4(6050 6051 6086 6085)
4(5387 5422 6087 6052)
4(5421 6086 6087 5422)
4(6051 6052 6087 6086)
4(5388 5423 6088 6053)
4(5422 6087 6088 5423)
4(6052 6053 6088 6087)
4(5423 6088 6089 5424)
4(6053 6054 6089 6088)
4(5391 5426 6091 6056)
4(5425 6090 6091 5426)
4(6055 6056 6091 6090)
4(5392 5427 6092 6057)
4(5426 6091 6092 5427)
4(6056 6057 6092 6091)
4(5393 5428 6093 6058)
4(5427 6092 6093 5428)
4(6057 6058 6093 6092)
4(5394 5429 6094 6059)
4(5428 6093 6094 5429)
4(6058 6059 6094 6093)
4(5395 5430 6095 6060)
4(5429 6094 6095 5430)
4(6059 6060 6095 6094)
4(5396 5431 6096 6061)
4(5430 6095 6096 5431)
4(6060 6061 6096 6095)
4(5397 5432 6097 6062)
4(5431 6096 6097 5432)
4(6061 6062 6097 6096)
4(5398 5433 6098 6063)
4(5432 6097 6098 5433)
4(6062 6063 6098 6097)
4(5399 5434 6099 6064)
4(5433 6098 6099 5434)
4(6063 6064 6099 6098)
4(5400 5435 6100 6065)
4(5434 6099 6100 5435)
4(6064 6065 6100 6099)
4(5401 5436 6101 6066)
4(5435 6100 6101 5436)
4(6065 6066 6101 6100)
4(5402 5437 6102 6067)
4(5436 6101 6102 5437)
4(6066 6067 6102 6101)
4(5403 5438 6103 6068)
4(5437 6102 6103 5438)
4(6067 6068 6103 6102)
4(5404 5439 6104 6069)
4(5438 6103 6104 5439)
4(6068 6069 6104 6103)
4(5405 5440 6105 6070)
4(5439 6104 6105 5440)
4(6069 6070 6105 6104)
4(5406 5441 6106 6071)
4(5440 6105 6106 5441)
4(6070 6071 6106 6105)
4(5407 5442 6107 6072)
4(5441 6106 6107 5442)
4(6071 6072 6107 6106)
4(5408 5443 6108 6073)
4(5442 6107 6108 5443)
4(6072 6073 6108 6107)
4(5409 5444 6109 6074)
4(5443 6108 6109 5444)
4(6073 6074 6109 6108)
4(5410 5445 6110 6075)
4(5444 6109 6110 5445)
4(6074 6075 6110 6109)
4(5411 5446 6111 6076)
4(5445 6110 6111 5446)
4(6075 6076 6111 6110)
4(5412 5447 6112 6077)
4(5446 6111 6112 5447)
4(6076 6077 6112 6111)
4(5413 5448 6113 6078)
4(5447 6112 6113 5448)
4(6077 6078 6113 6112)
4(5414 5449 6114 6079)
4(5448 6113 6114 5449)
4(6078 6079 6114 6113)
4(5415 5450 6115 6080)
4(5449 6114 6115 5450)
4(6079 6080 6115 6114)
4(5416 5451 6116 6081)
4(5450 6115 6116 5451)
4(6080 6081 6116 6115)
4(5417 5452 6117 6082)
4(5451 6116 6117 5452)
4(6081 6082 6117 6116)
4(5418 5453 6118 6083)
4(5452 6117 6118 5453)
4(6082 6083 6118 6117)
4(5419 5454 6119 6084)
4(5453 6118 6119 5454)
4(6083 6084 6119 6118)
4(5420 5455 6120 6085)
4(5454 6119 6120 5455)
4(6084 6085 6120 6119)
4(5421 5456 6121 6086)
4(5455 6120 6121 5456)
4(6085 6086 6121 6120)
4(5422 5457 6122 6087)
4(5456 6121 6122 5457)
4(6086 6087 6122 6121)
4(5423 5458 6123 6088)
4(5457 6122 6123 5458)
4(6087 6088 6123 6122)
4(5458 6123 6124 5459)
4(6088 6089 6124 6123)
4(5426 5461 6126 6091)
4(5460 6125 6126 5461)
4(6090 6091 6126 6125)
4(5427 5462 6127 6092)
4(5461 6126 6127 5462)
4(6091 6092 6127 6126)
4(5428 5463 6128 6093)
4(5462 6127 6128 5463)
4(6092 6093 6128 6127)
4(5429 5464 6129 6094)
4(5463 6128 6129 5464)
4(6093 6094 6129 6128)
4(5430 5465 6130 6095)
4(5464 6129 6130 5465)
4(6094 6095 6130 6129)
4(5431 5466 6131 6096)
4(5465 6130 6131 5466)
4(6095 6096 6131 6130)
4(5432 5467 6132 6097)
4(5466 6131 6132 5467)
4(6096 6097 6132 6131)
4(5433 5468 6133 6098)
4(5467 6132 6133 5468)
4(6097 6098 6133 6132)
4(5434 5469 6134 6099)
4(5468 6133 6134 5469)
4(6098 6099 6134 6133)
4(5435 5470 6135 6100)
4(5469 6134 6135 5470)
4(6099 6100 6135 6134)
4(5436 5471 6136 6101)
4(5470 6135 6136 5471)
4(6100 6101 6136 6135)
4(5437 5472 6137 6102)
4(5471 6136 6137 5472)
4(6101 6102 6137 6136)
4(5438 5473 6138 6103)
4(5472 6137 6138 5473)
4(6102 6103 6138 6137)
4(5439 5474 6139 6104)
4(5473 6138 6139 5474)
4(6103 6104 6139 6138)
4(5440 5475 6140 6105)
4(5474 6139 6140 5475)
4(6104 6105 6140 6139)
4(5441 5476 6141 6106)
4(5475 6140 6141 5476)
4(6105 6106 6141 6140)
4(5442 5477 6142 6107)
4(5476 6141 6142 5477)
4(6106 6107 6142 6141)
4(5443 5478 6143 6108)
4(5477 6142 6143 5478)
4(6107 6108 6143 6142)
4(5444 5479 6144 6109)
4(5478 6143 6144 5479)
4(6108 6109 6144 6143)
4(5445 5480 6145 6110)
4(5479 6144 6145 5480)
4(6109 6110 6145 6144)
4(5446 5481 6146 6111)
4(5480 6145 6146 5481)
4(6110 6111 6146 6145)
4(5447 5482 6147 6112)
4(5481 6146 6147 5482)
4(6111 6112 6147 6146)
4(5448 5483 6148 6113)
4(5482 6147 6148 5483)
4(6112 6113 6148 6147)
4(5449 5484 6149 6114)
4(5483 6148 6149 5484)
4(6113 6114 6149 6148)
4(5450 5485 6150 6115)
4(5484 6149 6150 5485)
4(6114 6115 6150 6149)
4(5451 5486 6151 6116)
4(5485 6150 6151 5486)
4(6115 6116 6151 6150)
4(5452 5487 6152 6117)
4(5486 6151 6152 5487)
4(6116 6117 6152 6151)
4(5453 5488 6153 6118)
4(5487 6152 6153 5488)
4(6117 6118 6153 6152)
4(5454 5489 6154 6119)
4(5488 6153 6154 5489)
4(6118 6119 6154 6153)
4(5455 5490 6155 6120)
4(5489 6154 6155 5490)
4(6119 6120 6155 6154)
4(5456 5491 6156 6121)
4(5490 6155 6156 5491)
4(6120 6121 6156 6155)
4(5457 5492 6157 6122)
4(5491 6156 6157 5492)
4(6121 6122 6157 6156)
4(5458 5493 6158 6123)
4(5492 6157 6158 5493)
4(6122 6123 6158 6157)
4(5493 6158 6159 5494)
4(6123 6124 6159 6158)
4(5461 5496 6161 6126)
4(5495 6160 6161 5496)
4(6125 6126 6161 6160)
4(5462 5497 6162 6127)
4(5496 6161 6162 5497)
4(6126 6127 6162 6161)
4(5463 5498 6163 6128)
4(5497 6162 6163 5498)
4(6127 6128 6163 6162)
4(5464 5499 6164 6129)
4(5498 6163 6164 5499)
4(6128 6129 6164 6163)
4(5465 5500 6165 6130)
4(5499 6164 6165 5500)
4(6129 6130 6165 6164)
4(5466 5501 6166 6131)
4(5500 6165 6166 5501)
4(6130 6131 6166 6165)
4(5467 5502 6167 6132)
4(5501 6166 6167 5502)
4(6131 6132 6167 6166)
4(5468 5503 6168 6133)
4(5502 6167 6168 5503)
4(6132 6133 6168 6167)
4(5469 5504 6169 6134)
4(5503 6168 6169 5504)
4(6133 6134 6169 6168)
4(5470 5505 6170 6135)
4(5504 6169 6170 5505)
4(6134 6135 6170 6169)
4(5471 5506 6171 6136)
4(5505 6170 6171 5506)
4(6135 6136 6171 6170)
4(5472 5507 6172 6137)
4(5506 6171 6172 5507)
4(6136 6137 6172 6171)
4(5473 5508 6173 6138)
4(5507 6172 6173 5508)
4(6137 6138 6173 6172)
4(5474 5509 6174 6139)
4(5508 6173 6174 5509)
4(6138 6139 6174 6173)
4(5475 5510 6175 6140)
4(5509 6174 6175 5510)
4(6139 6140 6175 6174)
4(5476 5511 6176 6141)
4(5510 6175 6176 5511)
4(6140 6141 6176 6175)
4(5477 5512 6177 6142)
4(5511 6176 6177 5512)
4(6141 6142 6177 6176)
4(5478 5513 6178 6143)
4(5512 6177 6178 5513)
4(6142 6143 6178 6177)
4(5479 5514 6179 6144)
4(5513 6178 6179 5514)
4(6143 6144 6179 6178)
4(5480 5515 6180 6145)
4(5514 6179 6180 5515)
4(6144 6145 6180 6179)
4(5481 5516 6181 6146)
4(5515 6180 6181 5516)
4(6145 6146 6181 6180)
4(5482 5517 6182 6147)
4(5516 6181 6182 5517)
4(6146 6147 6182 6181)
4(5483 5518 6183 6148)
4(5517 6182 6183 5518)
4(6147 6148 6183 6182)
4(5484 5519 6184 6149)
4(5518 6183 6184 5519)
4(6148 6149 6184 6183)
4(5485 5520 6185 6150)
4(5519 6184 6185 5520)
4(6149 6150 6185 6184)
4(5486 5521 6186 6151)
4(5520 6185 6186 5521)
4(6150 6151 6186 6185)
4(5487 5522 6187 6152)
4(5521 6186 6187 5522)
4(6151 6152 6187 6186)
4(5488 5523 6188 6153)
4(5522 6187 6188 5523)
4(6152 6153 6188 6187)
4(5489 5524 6189 6154)
4(5523 6188 6189 5524)
4(6153 6154 6189 6188)
4(5490 5525 6190 6155)
4(5524 6189 6190 5525)
4(6154 6155 6190 6189)
4(5491 5526 6191 6156)
4(5525 6190 6191 5526)
4(6155 6156 6191 6190)
4(5492 5527 6192 6157)
4(5526 6191 6192 5527)
4(6156 6157 6192 6191)
4(5493 5528 6193 6158)
4(5527 6192 6193 5528)
4(6157 6158 6193 6192)
4(5528 6193 6194 5529)
4(6158 6159 6194 6193)
4(5496 5531 6196 6161)
4(5530 6195 6196 5531)
4(6160 6161 6196 6195)
4(5497 5532 6197 6162)
4(5531 6196 6197 5532)
4(6161 6162 6197 6196)
4(5498 5533 6198 6163)
4(5532 6197 6198 5533)
4(6162 6163 6198 6197)
4(5499 5534 6199 6164)
4(5533 6198 6199 5534)
4(6163 6164 6199 6198)
4(5500 5535 6200 6165)
4(5534 6199 6200 5535)
4(6164 6165 6200 6199)
4(5501 5536 6201 6166)
4(5535 6200 6201 5536)
4(6165 6166 6201 6200)
4(5502 5537 6202 6167)
4(5536 6201 6202 5537)
4(6166 6167 6202 6201)
4(5503 5538 6203 6168)
4(5537 6202 6203 5538)
4(6167 6168 6203 6202)
4(5504 5539 6204 6169)
4(5538 6203 6204 5539)
4(6168 6169 6204 6203)
4(5505 5540 6205 6170)
4(5539 6204 6205 5540)
4(6169 6170 6205 6204)
4(5506 5541 6206 6171)
4(5540 6205 6206 5541)
4(6170 6171 6206 6205)
4(5507 5542 6207 6172)
4(5541 6206 6207 5542)
4(6171 6172 6207 6206)
4(5508 5543 6208 6173)
4(5542 6207 6208 5543)
4(6172 6173 6208 6207)
4(5509 5544 6209 6174)
4(5543 6208 6209 5544)
4(6173 6174 6209 6208)
4(5510 5545 6210 6175)
4(5544 6209 6210 5545)
4(6174 6175 6210 6209)
4(5511 5546 6211 6176)
4(5545 6210 6211 5546)
4(6175 6176 6211 6210)
4(5512 5547 6212 6177)
4(5546 6211 6212 5547)
4(6176 6177 6212 6211)
4(5513 5548 6213 6178)
4(5547 6212 6213 5548)
4(6177 6178 6213 6212)
4(5514 5549 6214 6179)
4(5548 6213 6214 5549)
4(6178 6179 6214 6213)
4(5515 5550 6215 6180)
4(5549 6214 6215 5550)
4(6179 6180 6215 6214)
4(5516 5551 6216 6181)
4(5550 6215 6216 5551)
4(6180 6181 6216 6215)
4(5517 5552 6217 6182)
4(5551 6216 6217 5552)
4(6181 6182 6217 6216)
4(5518 5553 6218 6183)
4(5552 6217 6218 5553)
4(6182 6183 6218 6217)
4(5519 5554 6219 6184)
4(5553 6218 6219 5554)
4(6183 6184 6219 6218)
4(5520 5555 6220 6185)
4(5554 6219 6220 5555)
4(6184 6185 6220 6219)
4(5521 5556 6221 6186)
4(5555 6220 6221 5556)
4(6185 6186 6221 6220)
4(5522 5557 6222 6187)
4(5556 6221 6222 5557)
4(6186 6187 6222 6221)
4(5523 5558 6223 6188)
4(5557 6222 6223 5558)
4(6187 6188 6223 6222)
4(5524 5559 6224 6189)
4(5558 6223 6224 5559)
4(6188 6189 6224 6223)
4(5525 5560 6225 6190)
4(5559 6224 6225 5560)
4(6189 6190 6225 6224)
4(5526 5561 6226 6191)
4(5560 6225 6226 5561)
4(6190 6191 6226 6225)
4(5527 5562 6227 6192)
4(5561 6226 6227 5562)
4(6191 6192 6227 6226)
4(5528 5563 6228 6193)
4(5562 6227 6228 5563)
4(6192 6193 6228 6227)
4(5563 6228 6229 5564)
4(6193 6194 6229 6228)
4(5531 5566 6231 6196)
4(5565 6230 6231 5566)
4(6195 6196 6231 6230)
4(5532 5567 6232 6197)
4(5566 6231 6232 5567)
4(6196 6197 6232 6231)
4(5533 5568 6233 6198)
4(5567 6232 6233 5568)
4(6197 6198 6233 6232)
4(5534 5569 6234 6199)
4(5568 6233 6234 5569)
4(6198 6199 6234 6233)
4(5535 5570 6235 6200)
4(5569 6234 6235 5570)
4(6199 6200 6235 6234)
4(5536 5571 6236 6201)
4(5570 6235 6236 5571)
4(6200 6201 6236 6235)
4(5537 5572 6237 6202)
4(5571 6236 6237 5572)
4(6201 6202 6237 6236)
4(5538 5573 6238 6203)
4(5572 6237 6238 5573)
4(6202 6203 6238 6237)
4(5539 5574 6239 6204)
4(5573 6238 6239 5574)
4(6203 6204 6239 6238)
4(5540 5575 6240 6205)
4(5574 6239 6240 5575)
4(6204 6205 6240 6239)
4(5541 5576 6241 6206)
4(5575 6240 6241 5576)
4(6205 6206 6241 6240)
4(5542 5577 6242 6207)
4(5576 6241 6242 5577)
4(6206 6207 6242 6241)
4(5543 5578 6243 6208)
4(5577 6242 6243 5578)
4(6207 6208 6243 6242)
4(5544 5579 6244 6209)
4(5578 6243 6244 5579)
4(6208 6209 6244 6243)
4(5545 5580 6245 6210)
4(5579 6244 6245 5580)
4(6209 6210 6245 6244)
4(5546 5581 6246 6211)
4(5580 6245 6246 5581)
4(6210 6211 6246 6245)
4(5547 5582 6247 6212)
4(5581 6246 6247 5582)
4(6211 6212 6247 6246)
4(5548 5583 6248 6213)
4(5582 6247 6248 5583)
4(6212 6213 6248 6247)
4(5549 5584 6249 6214)
4(5583 6248 6249 5584)
4(6213 6214 6249 6248)
4(5550 5585 6250 6215)
4(5584 6249 6250 5585)
4(6214 6215 6250 6249)
4(5551 5586 6251 6216)
4(5585 6250 6251 5586)
4(6215 6216 6251 6250)
4(5552 5587 6252 6217)
4(5586 6251 6252 5587)
4(6216 6217 6252 6251)
4(5553 5588 6253 6218)
4(5587 6252 6253 5588)
4(6217 6218 6253 6252)
4(5554 5589 6254 6219)
4(5588 6253 6254 5589)
4(6218 6219 6254 6253)
4(5555 5590 6255 6220)
4(5589 6254 6255 5590)
4(6219 6220 6255 6254)
4(5556 5591 6256 6221)
4(5590 6255 6256 5591)
4(6220 6221 6256 6255)
4(5557 5592 6257 6222)
4(5591 6256 6257 5592)
4(6221 6222 6257 6256)
4(5558 5593 6258 6223)
4(5592 6257 6258 5593)
4(6222 6223 6258 6257)
4(5559 5594 6259 6224)
4(5593 6258 6259 5594)
4(6223 6224 6259 6258)
4(5560 5595 6260 6225)
4(5594 6259 6260 5595)
4(6224 6225 6260 6259)
4(5561 5596 6261 6226)
4(5595 6260 6261 5596)
4(6225 6226 6261 6260)
4(5562 5597 6262 6227)
4(5596 6261 6262 5597)
4(6226 6227 6262 6261)
4(5563 5598 6263 6228)
4(5597 6262 6263 5598)
4(6227 6228 6263 6262)
4(5598 6263 6264 5599)
4(6228 6229 6264 6263)
4(5566 5601 6266 6231)
4(5600 6265 6266 5601)
4(6230 6231 6266 6265)
4(5567 5602 6267 6232)
4(5601 6266 6267 5602)
4(6231 6232 6267 6266)
4(5568 5603 6268 6233)
4(5602 6267 6268 5603)
4(6232 6233 6268 6267)
4(5569 5604 6269 6234)
4(5603 6268 6269 5604)
4(6233 6234 6269 6268)
4(5570 5605 6270 6235)
4(5604 6269 6270 5605)
4(6234 6235 6270 6269)
4(5571 5606 6271 6236)
4(5605 6270 6271 5606)
4(6235 6236 6271 6270)
4(5572 5607 6272 6237)
4(5606 6271 6272 5607)
4(6236 6237 6272 6271)
4(5573 5608 6273 6238)
4(5607 6272 6273 5608)
4(6237 6238 6273 6272)
4(5574 5609 6274 6239)
4(5608 6273 6274 5609)
4(6238 6239 6274 6273)
4(5575 5610 6275 6240)
4(5609 6274 6275 5610)
4(6239 6240 6275 6274)
4(5576 5611 6276 6241)
4(5610 6275 6276 5611)
4(6240 6241 6276 6275)
4(5577 5612 6277 6242)
4(5611 6276 6277 5612)
4(6241 6242 6277 6276)
4(5578 5613 6278 6243)
4(5612 6277 6278 5613)
4(6242 6243 6278 6277)
4(5579 5614 6279 6244)
4(5613 6278 6279 5614)
4(6243 6244 6279 6278)
4(5580 5615 6280 6245)
4(5614 6279 6280 5615)
4(6244 6245 6280 6279)
4(5581 5616 6281 6246)
4(5615 6280 6281 5616)
4(6245 6246 6281 6280)
4(5582 5617 6282 6247)
4(5616 6281 6282 5617)
4(6246 6247 6282 6281)
4(5583 5618 6283 6248)
4(5617 6282 6283 5618)
4(6247 6248 6283 6282)
4(5584 5619 6284 6249)
4(5618 6283 6284 5619)
4(6248 6249 6284 6283)
4(5585 5620 6285 6250)
4(5619 6284 6285 5620)
4(6249 6250 6285 6284)
4(5586 5621 6286 6251)
4(5620 6285 6286 5621)
4(6250 6251 6286 6285)
4(5587 5622 6287 6252)
4(5621 6286 6287 5622)
4(6251 6252 6287 6286)
4(5588 5623 6288 6253)
4(5622 6287 6288 5623)
4(6252 6253 6288 6287)
4(5589 5624 6289 6254)
4(5623 6288 6289 5624)
4(6253 6254 6289 6288)
4(5590 5625 6290 6255)
4(5624 6289 6290 5625)
4(6254 6255 6290 6289)
4(5591 5626 6291 6256)
4(5625 6290 6291 5626)
4(6255 6256 6291 6290)
4(5592 5627 6292 6257)
4(5626 6291 6292 5627)
4(6256 6257 6292 6291)
4(5593 5628 6293 6258)
4(5627 6292 6293 5628)
4(6257 6258 6293 6292)
4(5594 5629 6294 6259)
4(5628 6293 6294 5629)
4(6258 6259 6294 6293)
4(5595 5630 6295 6260)
4(5629 6294 6295 5630)
4(6259 6260 6295 6294)
4(5596 5631 6296 6261)
4(5630 6295 6296 5631)
4(6260 6261 6296 6295)
4(5597 5632 6297 6262)
4(5631 6296 6297 5632)
4(6261 6262 6297 6296)
4(5598 5633 6298 6263)
4(5632 6297 6298 5633)
4(6262 6263 6298 6297)
4(5633 6298 6299 5634)
4(6263 6264 6299 6298)
4(5601 5636 6301 6266)
4(5635 6300 6301 5636)
4(6265 6266 6301 6300)
4(5602 5637 6302 6267)
4(5636 6301 6302 5637)
4(6266 6267 6302 6301)
4(5603 5638 6303 6268)
4(5637 6302 6303 5638)
4(6267 6268 6303 6302)
4(5604 5639 6304 6269)
4(5638 6303 6304 5639)
4(6268 6269 6304 6303)
4(5605 5640 6305 6270)
4(5639 6304 6305 5640)
4(6269 6270 6305 6304)
4(5606 5641 6306 6271)
4(5640 6305 6306 5641)
4(6270 6271 6306 6305)
4(5607 5642 6307 6272)
4(5641 6306 6307 5642)
4(6271 6272 6307 6306)
4(5608 5643 6308 6273)
4(5642 6307 6308 5643)
4(6272 6273 6308 6307)
4(5609 5644 6309 6274)
4(5643 6308 6309 5644)
4(6273 6274 6309 6308)
4(5610 5645 6310 6275)
4(5644 6309 6310 5645)
4(6274 6275 6310 6309)
4(5611 5646 6311 6276)
4(5645 6310 6311 5646)
4(6275 6276 6311 6310)
4(5612 5647 6312 6277)
4(5646 6311 6312 5647)
4(6276 6277 6312 6311)
4(5613 5648 6313 6278)
4(5647 6312 6313 5648)
4(6277 6278 6313 6312)
4(5614 5649 6314 6279)
4(5648 6313 6314 5649)
4(6278 6279 6314 6313)
4(5615 5650 6315 6280)
4(5649 6314 6315 5650)
4(6279 6280 6315 6314)
4(5616 5651 6316 6281)
4(5650 6315 6316 5651)
4(6280 6281 6316 6315)
4(5617 5652 6317 6282)
4(5651 6316 6317 5652)
4(6281 6282 6317 6316)
4(5618 5653 6318 6283)
4(5652 6317 6318 5653)
4(6282 6283 6318 6317)
4(5619 5654 6319 6284)
4(5653 6318 6319 5654)
4(6283 6284 6319 6318)
4(5620 5655 6320 6285)
4(5654 6319 6320 5655)
4(6284 6285 6320 6319)
4(5621 5656 6321 6286)
4(5655 6320 6321 5656)
4(6285 6286 6321 6320)
4(5622 5657 6322 6287)
4(5656 6321 6322 5657)
4(6286 6287 6322 6321)
4(5623 5658 6323 6288)
4(5657 6322 6323 5658)
4(6287 6288 6323 6322)
4(5624 5659 6324 6289)
4(5658 6323 6324 5659)
4(6288 6289 6324 6323)
4(5625 5660 6325 6290)
4(5659 6324 6325 5660)
4(6289 6290 6325 6324)
4(5626 5661 6326 6291)
4(5660 6325 6326 5661)
4(6290 6291 6326 6325)
4(5627 5662 6327 6292)
4(5661 6326 6327 5662)
4(6291 6292 6327 6326)
4(5628 5663 6328 6293)
4(5662 6327 6328 5663)
4(6292 6293 6328 6327)
4(5629 5664 6329 6294)
4(5663 6328 6329 5664)
4(6293 6294 6329 6328)
4(5630 5665 6330 6295)
4(5664 6329 6330 5665)
4(6294 6295 6330 6329)
4(5631 5666 6331 6296)
4(5665 6330 6331 5666)
4(6295 6296 6331 6330)
4(5632 5667 6332 6297)
4(5666 6331 6332 5667)
4(6296 6297 6332 6331)
4(5633 5668 6333 6298)
4(5667 6332 6333 5668)
4(6297 6298 6333 6332)
4(5668 6333 6334 5669)
4(6298 6299 6334 6333)
4(5636 5671 6336 6301)
4(5670 6335 6336 5671)
4(6300 6301 6336 6335)
4(5637 5672 6337 6302)
4(5671 6336 6337 5672)
4(6301 6302 6337 6336)
4(5638 5673 6338 6303)
4(5672 6337 6338 5673)
4(6302 6303 6338 6337)
4(5639 5674 6339 6304)
4(5673 6338 6339 5674)
4(6303 6304 6339 6338)
4(5640 5675 6340 6305)
4(5674 6339 6340 5675)
4(6304 6305 6340 6339)
4(5641 5676 6341 6306)
4(5675 6340 6341 5676)
4(6305 6306 6341 6340)
4(5642 5677 6342 6307)
4(5676 6341 6342 5677)
4(6306 6307 6342 6341)
4(5643 5678 6343 6308)
4(5677 6342 6343 5678)
4(6307 6308 6343 6342)
4(5644 5679 6344 6309)
4(5678 6343 6344 5679)
4(6308 6309 6344 6343)
4(5645 5680 6345 6310)
4(5679 6344 6345 5680)
4(6309 6310 6345 6344)
4(5646 5681 6346 6311)
4(5680 6345 6346 5681)
4(6310 6311 6346 6345)
4(5647 5682 6347 6312)
4(5681 6346 6347 5682)
4(6311 6312 6347 6346)
4(5648 5683 6348 6313)
4(5682 6347 6348 5683)
4(6312 6313 6348 6347)
4(5649 5684 6349 6314)
4(5683 6348 6349 5684)
4(6313 6314 6349 6348)
4(5650 5685 6350 6315)
4(5684 6349 6350 5685)
4(6314 6315 6350 6349)
4(5651 5686 6351 6316)
4(5685 6350 6351 5686)
4(6315 6316 6351 6350)
4(5652 5687 6352 6317)
4(5686 6351 6352 5687)
4(6316 6317 6352 6351)
4(5653 5688 6353 6318)
4(5687 6352 6353 5688)
4(6317 6318 6353 6352)
4(5654 5689 6354 6319)
4(5688 6353 6354 5689)
4(6318 6319 6354 6353)
4(5655 5690 6355 6320)
4(5689 6354 6355 5690)
4(6319 6320 6355 6354)
4(5656 5691 6356 6321)
4(5690 6355 6356 5691)
4(6320 6321 6356 6355)
4(5657 5692 6357 6322)
4(5691 6356 6357 5692)
4(6321 6322 6357 6356)
4(5658 5693 6358 6323)
4(5692 6357 6358 5693)
4(6322 6323 6358 6357)
4(5659 5694 6359 6324)
4(5693 6358 6359 5694)
4(6323 6324 6359 6358)
4(5660 5695 6360 6325)
4(5694 6359 6360 5695)
4(6324 6325 6360 6359)
4(5661 5696 6361 6326)
4(5695 6360 6361 5696)
4(6325 6326 6361 6360)
4(5662 5697 6362 6327)
4(5696 6361 6362 5697)
4(6326 6327 6362 6361)
4(5663 5698 6363 6328)
4(5697 6362 6363 5698)
4(6327 6328 6363 6362)
4(5664 5699 6364 6329)
4(5698 6363 6364 5699)
4(6328 6329 6364 6363)
4(5665 5700 6365 6330)
4(5699 6364 6365 5700)
4(6329 6330 6365 6364)
4(5666 5701 6366 6331)
4(5700 6365 6366 5701)
4(6330 6331 6366 6365)
4(5667 5702 6367 6332)
4(5701 6366 6367 5702)
4(6331 6332 6367 6366)
4(5668 5703 6368 6333)
4(5702 6367 6368 5703)
4(6332 6333 6368 6367)
4(5703 6368 6369 5704)
4(6333 6334 6369 6368)
4(5671 5706 6371 6336)
4(5705 6370 6371 5706)
4(6335 6336 6371 6370)
4(5672 5707 6372 6337)
4(5706 6371 6372 5707)
4(6336 6337 6372 6371)
4(5673 5708 6373 6338)
4(5707 6372 6373 5708)
4(6337 6338 6373 6372)
4(5674 5709 6374 6339)
4(5708 6373 6374 5709)
4(6338 6339 6374 6373)
4(5675 5710 6375 6340)
4(5709 6374 6375 5710)
4(6339 6340 6375 6374)
4(5676 5711 6376 6341)
4(5710 6375 6376 5711)
4(6340 6341 6376 6375)
4(5677 5712 6377 6342)
4(5711 6376 6377 5712)
4(6341 6342 6377 6376)
4(5678 5713 6378 6343)
4(5712 6377 6378 5713)
4(6342 6343 6378 6377)
4(5679 5714 6379 6344)
4(5713 6378 6379 5714)
4(6343 6344 6379 6378)
4(5680 5715 6380 6345)
4(5714 6379 6380 5715)
4(6344 6345 6380 6379)
4(5681 5716 6381 6346)
4(5715 6380 6381 5716)
4(6345 6346 6381 6380)
4(5682 5717 6382 6347)
4(5716 6381 6382 5717)
4(6346 6347 6382 6381)
4(5683 5718 6383 6348)
4(5717 6382 6383 5718)
4(6347 6348 6383 6382)
4(5684 5719 6384 6349)
4(5718 6383 6384 5719)
4(6348 6349 6384 6383)
4(5685 5720 6385 6350)
4(5719 6384 6385 5720)
4(6349 6350 6385 6384)
4(5686 5721 6386 6351)
4(5720 6385 6386 5721)
4(6350 6351 6386 6385)
4(5687 5722 6387 6352)
4(5721 6386 6387 5722)
4(6351 6352 6387 6386)
4(5688 5723 6388 6353)
4(5722 6387 6388 5723)
4(6352 6353 6388 6387)
4(5689 5724 6389 6354)
4(5723 6388 6389 5724)
4(6353 6354 6389 6388)
4(5690 5725 6390 6355)
4(5724 6389 6390 5725)
4(6354 6355 6390 6389)
4(5691 5726 6391 6356)
4(5725 6390 6391 5726)
4(6355 6356 6391 6390)
4(5692 5727 6392 6357)
4(5726 6391 6392 5727)
4(6356 6357 6392 6391)
4(5693 5728 6393 6358)
4(5727 6392 6393 5728)
4(6357 6358 6393 6392)
4(5694 5729 6394 6359)
4(5728 6393 6394 5729)
4(6358 6359 6394 6393)
4(5695 5730 6395 6360)
4(5729 6394 6395 5730)
4(6359 6360 6395 6394)
4(5696 5731 6396 6361)
4(5730 6395 6396 5731)
4(6360 6361 6396 6395)
4(5697 5732 6397 6362)
4(5731 6396 6397 5732)
4(6361 6362 6397 6396)
4(5698 5733 6398 6363)
4(5732 6397 6398 5733)
4(6362 6363 6398 6397)
4(5699 5734 6399 6364)
4(5733 6398 6399 5734)
4(6363 6364 6399 6398)
4(5700 5735 6400 6365)
4(5734 6399 6400 5735)
4(6364 6365 6400 6399)
4(5701 5736 6401 6366)
4(5735 6400 6401 5736)
4(6365 6366 6401 6400)
4(5702 5737 6402 6367)
4(5736 6401 6402 5737)
4(6366 6367 6402 6401)
4(5703 5738 6403 6368)
4(5737 6402 6403 5738)
4(6367 6368 6403 6402)
4(5738 6403 6404 5739)
4(6368 6369 6404 6403)
4(5706 5741 6406 6371)
4(5740 6405 6406 5741)
4(6370 6371 6406 6405)
4(5707 5742 6407 6372)
4(5741 6406 6407 5742)
4(6371 6372 6407 6406)
4(5708 5743 6408 6373)
4(5742 6407 6408 5743)
4(6372 6373 6408 6407)
4(5709 5744 6409 6374)
4(5743 6408 6409 5744)
4(6373 6374 6409 6408)
4(5710 5745 6410 6375)
4(5744 6409 6410 5745)
4(6374 6375 6410 6409)
4(5711 5746 6411 6376)
4(5745 6410 6411 5746)
4(6375 6376 6411 6410)
4(5712 5747 6412 6377)
4(5746 6411 6412 5747)
4(6376 6377 6412 6411)
4(5713 5748 6413 6378)
4(5747 6412 6413 5748)
4(6377 6378 6413 6412)
4(5714 5749 6414 6379)
4(5748 6413 6414 5749)
4(6378 6379 6414 6413)
4(5715 5750 6415 6380)
4(5749 6414 6415 5750)
4(6379 6380 6415 6414)
4(5716 5751 6416 6381)
4(5750 6415 6416 5751)
4(6380 6381 6416 6415)
4(5717 5752 6417 6382)
4(5751 6416 6417 5752)
4(6381 6382 6417 6416)
4(5718 5753 6418 6383)
4(5752 6417 6418 5753)
4(6382 6383 6418 6417)
4(5719 5754 6419 6384)
4(5753 6418 6419 5754)
4(6383 6384 6419 6418)
4(5720 5755 6420 6385)
4(5754 6419 6420 5755)
4(6384 6385 6420 6419)
4(5721 5756 6421 6386)
4(5755 6420 6421 5756)
4(6385 6386 6421 6420)
4(5722 5757 6422 6387)
4(5756 6421 6422 5757)
4(6386 6387 6422 6421)
4(5723 5758 6423 6388)
4(5757 6422 6423 5758)
4(6387 6388 6423 6422)
4(5724 5759 6424 6389)
4(5758 6423 6424 5759)
4(6388 6389 6424 6423)
4(5725 5760 6425 6390)
4(5759 6424 6425 5760)
4(6389 6390 6425 6424)
4(5726 5761 6426 6391)
4(5760 6425 6426 5761)
4(6390 6391 6426 6425)
4(5727 5762 6427 6392)
4(5761 6426 6427 5762)
4(6391 6392 6427 6426)
4(5728 5763 6428 6393)
4(5762 6427 6428 5763)
4(6392 6393 6428 6427)
4(5729 5764 6429 6394)
4(5763 6428 6429 5764)
4(6393 6394 6429 6428)
4(5730 5765 6430 6395)
4(5764 6429 6430 5765)
4(6394 6395 6430 6429)
4(5731 5766 6431 6396)
4(5765 6430 6431 5766)
4(6395 6396 6431 6430)
4(5732 5767 6432 6397)
4(5766 6431 6432 5767)
4(6396 6397 6432 6431)
4(5733 5768 6433 6398)
4(5767 6432 6433 5768)
4(6397 6398 6433 6432)
4(5734 5769 6434 6399)
4(5768 6433 6434 5769)
4(6398 6399 6434 6433)
4(5735 5770 6435 6400)
4(5769 6434 6435 5770)
4(6399 6400 6435 6434)
4(5736 5771 6436 6401)
4(5770 6435 6436 5771)
4(6400 6401 6436 6435)
4(5737 5772 6437 6402)
4(5771 6436 6437 5772)
4(6401 6402 6437 6436)
4(5738 5773 6438 6403)
4(5772 6437 6438 5773)
4(6402 6403 6438 6437)
4(5773 6438 6439 5774)
4(6403 6404 6439 6438)
4(5741 5776 6441 6406)
4(5775 6440 6441 5776)
4(6405 6406 6441 6440)
4(5742 5777 6442 6407)
4(5776 6441 6442 5777)
4(6406 6407 6442 6441)
4(5743 5778 6443 6408)
4(5777 6442 6443 5778)
4(6407 6408 6443 6442)
4(5744 5779 6444 6409)
4(5778 6443 6444 5779)
4(6408 6409 6444 6443)
4(5745 5780 6445 6410)
4(5779 6444 6445 5780)
4(6409 6410 6445 6444)
4(5746 5781 6446 6411)
4(5780 6445 6446 5781)
4(6410 6411 6446 6445)
4(5747 5782 6447 6412)
4(5781 6446 6447 5782)
4(6411 6412 6447 6446)
4(5748 5783 6448 6413)
4(5782 6447 6448 5783)
4(6412 6413 6448 6447)
4(5749 5784 6449 6414)
4(5783 6448 6449 5784)
4(6413 6414 6449 6448)
4(5750 5785 6450 6415)
4(5784 6449 6450 5785)
4(6414 6415 6450 6449)
4(5751 5786 6451 6416)
4(5785 6450 6451 5786)
4(6415 6416 6451 6450)
4(5752 5787 6452 6417)
4(5786 6451 6452 5787)
4(6416 6417 6452 6451)
4(5753 5788 6453 6418)
4(5787 6452 6453 5788)
4(6417 6418 6453 6452)
4(5754 5789 6454 6419)
4(5788 6453 6454 5789)
4(6418 6419 6454 6453)
4(5755 5790 6455 6420)
4(5789 6454 6455 5790)
4(6419 6420 6455 6454)
4(5756 5791 6456 6421)
4(5790 6455 6456 5791)
4(6420 6421 6456 6455)
4(5757 5792 6457 6422)
4(5791 6456 6457 5792)
4(6421 6422 6457 6456)
4(5758 5793 6458 6423)
4(5792 6457 6458 5793)
4(6422 6423 6458 6457)
4(5759 5794 6459 6424)
4(5793 6458 6459 5794)
4(6423 6424 6459 6458)
4(5760 5795 6460 6425)
4(5794 6459 6460 5795)
4(6424 6425 6460 6459)
4(5761 5796 6461 6426)
4(5795 6460 6461 5796)
4(6425 6426 6461 6460)
4(5762 5797 6462 6427)
4(5796 6461 6462 5797)
4(6426 6427 6462 6461)
4(5763 5798 6463 6428)
4(5797 6462 6463 5798)
4(6427 6428 6463 6462)
4(5764 5799 6464 6429)
4(5798 6463 6464 5799)
4(6428 6429 6464 6463)
4(5765 5800 6465 6430)
4(5799 6464 6465 5800)
4(6429 6430 6465 6464)
4(5766 5801 6466 6431)
4(5800 6465 6466 5801)
4(6430 6431 6466 6465)
4(5767 5802 6467 6432)
4(5801 6466 6467 5802)
4(6431 6432 6467 6466)
4(5768 5803 6468 6433)
4(5802 6467 6468 5803)
4(6432 6433 6468 6467)
4(5769 5804 6469 6434)
4(5803 6468 6469 5804)
4(6433 6434 6469 6468)
4(5770 5805 6470 6435)
4(5804 6469 6470 5805)
4(6434 6435 6470 6469)
4(5771 5806 6471 6436)
4(5805 6470 6471 5806)
4(6435 6436 6471 6470)
4(5772 5807 6472 6437)
4(5806 6471 6472 5807)
4(6436 6437 6472 6471)
4(5773 5808 6473 6438)
4(5807 6472 6473 5808)
4(6437 6438 6473 6472)
4(5808 6473 6474 5809)
4(6438 6439 6474 6473)
4(5776 5811 6476 6441)
4(5810 6475 6476 5811)
4(6440 6441 6476 6475)
4(5777 5812 6477 6442)
4(5811 6476 6477 5812)
4(6441 6442 6477 6476)
4(5778 5813 6478 6443)
4(5812 6477 6478 5813)
4(6442 6443 6478 6477)
4(5779 5814 6479 6444)
4(5813 6478 6479 5814)
4(6443 6444 6479 6478)
4(5780 5815 6480 6445)
4(5814 6479 6480 5815)
4(6444 6445 6480 6479)
4(5781 5816 6481 6446)
4(5815 6480 6481 5816)
4(6445 6446 6481 6480)
4(5782 5817 6482 6447)
4(5816 6481 6482 5817)
4(6446 6447 6482 6481)
4(5783 5818 6483 6448)
4(5817 6482 6483 5818)
4(6447 6448 6483 6482)
4(5784 5819 6484 6449)
4(5818 6483 6484 5819)
4(6448 6449 6484 6483)
4(5785 5820 6485 6450)
4(5819 6484 6485 5820)
4(6449 6450 6485 6484)
4(5786 5821 6486 6451)
4(5820 6485 6486 5821)
4(6450 6451 6486 6485)
4(5787 5822 6487 6452)
4(5821 6486 6487 5822)
4(6451 6452 6487 6486)
4(5788 5823 6488 6453)
4(5822 6487 6488 5823)
4(6452 6453 6488 6487)
4(5789 5824 6489 6454)
4(5823 6488 6489 5824)
4(6453 6454 6489 6488)
4(5790 5825 6490 6455)
4(5824 6489 6490 5825)
4(6454 6455 6490 6489)
4(5791 5826 6491 6456)
4(5825 6490 6491 5826)
4(6455 6456 6491 6490)
4(5792 5827 6492 6457)
4(5826 6491 6492 5827)
4(6456 6457 6492 6491)
4(5793 5828 6493 6458)
4(5827 6492 6493 5828)
4(6457 6458 6493 6492)
4(5794 5829 6494 6459)
4(5828 6493 6494 5829)
4(6458 6459 6494 6493)
4(5795 5830 6495 6460)
4(5829 6494 6495 5830)
4(6459 6460 6495 6494)
4(5796 5831 6496 6461)
4(5830 6495 6496 5831)
4(6460 6461 6496 6495)
4(5797 5832 6497 6462)
4(5831 6496 6497 5832)
4(6461 6462 6497 6496)
4(5798 5833 6498 6463)
4(5832 6497 6498 5833)
4(6462 6463 6498 6497)
4(5799 5834 6499 6464)
4(5833 6498 6499 5834)
4(6463 6464 6499 6498)
4(5800 5835 6500 6465)
4(5834 6499 6500 5835)
4(6464 6465 6500 6499)
4(5801 5836 6501 6466)
4(5835 6500 6501 5836)
4(6465 6466 6501 6500)
4(5802 5837 6502 6467)
4(5836 6501 6502 5837)
4(6466 6467 6502 6501)
4(5803 5838 6503 6468)
4(5837 6502 6503 5838)
4(6467 6468 6503 6502)
4(5804 5839 6504 6469)
4(5838 6503 6504 5839)
4(6468 6469 6504 6503)
4(5805 5840 6505 6470)
4(5839 6504 6505 5840)
4(6469 6470 6505 6504)
4(5806 5841 6506 6471)
4(5840 6505 6506 5841)
4(6470 6471 6506 6505)
4(5807 5842 6507 6472)
4(5841 6506 6507 5842)
4(6471 6472 6507 6506)
4(5808 5843 6508 6473)
4(5842 6507 6508 5843)
4(6472 6473 6508 6507)
4(5843 6508 6509 5844)
4(6473 6474 6509 6508)
4(5811 5846 6511 6476)
4(5845 6510 6511 5846)
4(6475 6476 6511 6510)
4(5812 5847 6512 6477)
4(5846 6511 6512 5847)
4(6476 6477 6512 6511)
4(5813 5848 6513 6478)
4(5847 6512 6513 5848)
4(6477 6478 6513 6512)
4(5814 5849 6514 6479)
4(5848 6513 6514 5849)
4(6478 6479 6514 6513)
4(5815 5850 6515 6480)
4(5849 6514 6515 5850)
4(6479 6480 6515 6514)
4(5816 5851 6516 6481)
4(5850 6515 6516 5851)
4(6480 6481 6516 6515)
4(5817 5852 6517 6482)
4(5851 6516 6517 5852)
4(6481 6482 6517 6516)
4(5818 5853 6518 6483)
4(5852 6517 6518 5853)
4(6482 6483 6518 6517)
4(5819 5854 6519 6484)
4(5853 6518 6519 5854)
4(6483 6484 6519 6518)
4(5820 5855 6520 6485)
4(5854 6519 6520 5855)
4(6484 6485 6520 6519)
4(5821 5856 6521 6486)
4(5855 6520 6521 5856)
4(6485 6486 6521 6520)
4(5822 5857 6522 6487)
4(5856 6521 6522 5857)
4(6486 6487 6522 6521)
4(5823 5858 6523 6488)
4(5857 6522 6523 5858)
4(6487 6488 6523 6522)
4(5824 5859 6524 6489)
4(5858 6523 6524 5859)
4(6488 6489 6524 6523)
4(5825 5860 6525 6490)
4(5859 6524 6525 5860)
4(6489 6490 6525 6524)
4(5826 5861 6526 6491)
4(5860 6525 6526 5861)
4(6490 6491 6526 6525)
4(5827 5862 6527 6492)
4(5861 6526 6527 5862)
4(6491 6492 6527 6526)
4(5828 5863 6528 6493)
4(5862 6527 6528 5863)
4(6492 6493 6528 6527)
4(5829 5864 6529 6494)
4(5863 6528 6529 5864)
4(6493 6494 6529 6528)
4(5830 5865 6530 6495)
4(5864 6529 6530 5865)
4(6494 6495 6530 6529)
4(5831 5866 6531 6496)
4(5865 6530 6531 5866)
4(6495 6496 6531 6530)
4(5832 5867 6532 6497)
4(5866 6531 6532 5867)
4(6496 6497 6532 6531)
4(5833 5868 6533 6498)
4(5867 6532 6533 5868)
4(6497 6498 6533 6532)
4(5834 5869 6534 6499)
4(5868 6533 6534 5869)
4(6498 6499 6534 6533)
4(5835 5870 6535 6500)
4(5869 6534 6535 5870)
4(6499 6500 6535 6534)
4(5836 5871 6536 6501)
4(5870 6535 6536 5871)
4(6500 6501 6536 6535)
4(5837 5872 6537 6502)
4(5871 6536 6537 5872)
4(6501 6502 6537 6536)
4(5838 5873 6538 6503)
4(5872 6537 6538 5873)
4(6502 6503 6538 6537)
4(5839 5874 6539 6504)
4(5873 6538 6539 5874)
4(6503 6504 6539 6538)
4(5840 5875 6540 6505)
4(5874 6539 6540 5875)
4(6504 6505 6540 6539)
4(5841 5876 6541 6506)
4(5875 6540 6541 5876)
4(6505 6506 6541 6540)
4(5842 5877 6542 6507)
4(5876 6541 6542 5877)
4(6506 6507 6542 6541)
4(5843 5878 6543 6508)
4(5877 6542 6543 5878)
4(6507 6508 6543 6542)
4(5878 6543 6544 5879)
4(6508 6509 6544 6543)
4(5846 5881 6546 6511)
4(5880 6545 6546 5881)
4(6510 6511 6546 6545)
4(5847 5882 6547 6512)
4(5881 6546 6547 5882)
4(6511 6512 6547 6546)
4(5848 5883 6548 6513)
4(5882 6547 6548 5883)
4(6512 6513 6548 6547)
4(5849 5884 6549 6514)
4(5883 6548 6549 5884)
4(6513 6514 6549 6548)
4(5850 5885 6550 6515)
4(5884 6549 6550 5885)
4(6514 6515 6550 6549)
4(5851 5886 6551 6516)
4(5885 6550 6551 5886)
4(6515 6516 6551 6550)
4(5852 5887 6552 6517)
4(5886 6551 6552 5887)
4(6516 6517 6552 6551)
4(5853 5888 6553 6518)
4(5887 6552 6553 5888)
4(6517 6518 6553 6552)
4(5854 5889 6554 6519)
4(5888 6553 6554 5889)
4(6518 6519 6554 6553)
4(5855 5890 6555 6520)
4(5889 6554 6555 5890)
4(6519 6520 6555 6554)
4(5856 5891 6556 6521)
4(5890 6555 6556 5891)
4(6520 6521 6556 6555)
4(5857 5892 6557 6522)
4(5891 6556 6557 5892)
4(6521 6522 6557 6556)
4(5858 5893 6558 6523)
4(5892 6557 6558 5893)
4(6522 6523 6558 6557)
4(5859 5894 6559 6524)
4(5893 6558 6559 5894)
4(6523 6524 6559 6558)
4(5860 5895 6560 6525)
4(5894 6559 6560 5895)
4(6524 6525 6560 6559)
4(5861 5896 6561 6526)
4(5895 6560 6561 5896)
4(6525 6526 6561 6560)
4(5862 5897 6562 6527)
4(5896 6561 6562 5897)
4(6526 6527 6562 6561)
4(5863 5898 6563 6528)
4(5897 6562 6563 5898)
4(6527 6528 6563 6562)
4(5864 5899 6564 6529)
4(5898 6563 6564 5899)
4(6528 6529 6564 6563)
4(5865 5900 6565 6530)
4(5899 6564 6565 5900)
4(6529 6530 6565 6564)
4(5866 5901 6566 6531)
4(5900 6565 6566 5901)
4(6530 6531 6566 6565)
4(5867 5902 6567 6532)
4(5901 6566 6567 5902)
4(6531 6532 6567 6566)
4(5868 5903 6568 6533)
4(5902 6567 6568 5903)
4(6532 6533 6568 6567)
4(5869 5904 6569 6534)
4(5903 6568 6569 5904)
4(6533 6534 6569 6568)
4(5870 5905 6570 6535)
4(5904 6569 6570 5905)
4(6534 6535 6570 6569)
4(5871 5906 6571 6536)
4(5905 6570 6571 5906)
4(6535 6536 6571 6570)
4(5872 5907 6572 6537)
4(5906 6571 6572 5907)
4(6536 6537 6572 6571)
4(5873 5908 6573 6538)
4(5907 6572 6573 5908)
4(6537 6538 6573 6572)
4(5874 5909 6574 6539)
4(5908 6573 6574 5909)
4(6538 6539 6574 6573)
4(5875 5910 6575 6540)
4(5909 6574 6575 5910)
4(6539 6540 6575 6574)
4(5876 5911 6576 6541)
4(5910 6575 6576 5911)
4(6540 6541 6576 6575)
4(5877 5912 6577 6542)
4(5911 6576 6577 5912)
4(6541 6542 6577 6576)
4(5878 5913 6578 6543)
4(5912 6577 6578 5913)
4(6542 6543 6578 6577)
4(5913 6578 6579 5914)
4(6543 6544 6579 6578)
4(5881 5916 6581 6546)
4(5915 6580 6581 5916)
4(6545 6546 6581 6580)
4(5882 5917 6582 6547)
4(5916 6581 6582 5917)
4(6546 6547 6582 6581)
4(5883 5918 6583 6548)
4(5917 6582 6583 5918)
4(6547 6548 6583 6582)
4(5884 5919 6584 6549)
4(5918 6583 6584 5919)
4(6548 6549 6584 6583)
4(5885 5920 6585 6550)
4(5919 6584 6585 5920)
4(6549 6550 6585 6584)
4(5886 5921 6586 6551)
4(5920 6585 6586 5921)
4(6550 6551 6586 6585)
4(5887 5922 6587 6552)
4(5921 6586 6587 5922)
4(6551 6552 6587 6586)
4(5888 5923 6588 6553)
4(5922 6587 6588 5923)
4(6552 6553 6588 6587)
4(5889 5924 6589 6554)
4(5923 6588 6589 5924)
4(6553 6554 6589 6588)
4(5890 5925 6590 6555)
4(5924 6589 6590 5925)
4(6554 6555 6590 6589)
4(5891 5926 6591 6556)
4(5925 6590 6591 5926)
4(6555 6556 6591 6590)
4(5892 5927 6592 6557)
4(5926 6591 6592 5927)
4(6556 6557 6592 6591)
4(5893 5928 6593 6558)
4(5927 6592 6593 5928)
4(6557 6558 6593 6592)
4(5894 5929 6594 6559)
4(5928 6593 6594 5929)
4(6558 6559 6594 6593)
4(5895 5930 6595 6560)
4(5929 6594 6595 5930)
4(6559 6560 6595 6594)
4(5896 5931 6596 6561)
4(5930 6595 6596 5931)
4(6560 6561 6596 6595)
4(5897 5932 6597 6562)
4(5931 6596 6597 5932)
4(6561 6562 6597 6596)
4(5898 5933 6598 6563)
4(5932 6597 6598 5933)
4(6562 6563 6598 6597)
4(5899 5934 6599 6564)
4(5933 6598 6599 5934)
4(6563 6564 6599 6598)
4(5900 5935 6600 6565)
4(5934 6599 6600 5935)
4(6564 6565 6600 6599)
4(5901 5936 6601 6566)
4(5935 6600 6601 5936)
4(6565 6566 6601 6600)
4(5902 5937 6602 6567)
4(5936 6601 6602 5937)
4(6566 6567 6602 6601)
4(5903 5938 6603 6568)
4(5937 6602 6603 5938)
4(6567 6568 6603 6602)
4(5904 5939 6604 6569)
4(5938 6603 6604 5939)
4(6568 6569 6604 6603)
4(5905 5940 6605 6570)
4(5939 6604 6605 5940)
4(6569 6570 6605 6604)
4(5906 5941 6606 6571)
4(5940 6605 6606 5941)
4(6570 6571 6606 6605)
4(5907 5942 6607 6572)
4(5941 6606 6607 5942)
4(6571 6572 6607 6606)
4(5908 5943 6608 6573)
4(5942 6607 6608 5943)
4(6572 6573 6608 6607)
4(5909 5944 6609 6574)
4(5943 6608 6609 5944)
4(6573 6574 6609 6608)
4(5910 5945 6610 6575)
4(5944 6609 6610 5945)
4(6574 6575 6610 6609)
4(5911 5946 6611 6576)
4(5945 6610 6611 5946)
4(6575 6576 6611 6610)
4(5912 5947 6612 6577)
4(5946 6611 6612 5947)
4(6576 6577 6612 6611)
4(5913 5948 6613 6578)
4(5947 6612 6613 5948)
4(6577 6578 6613 6612)
4(5948 6613 6614 5949)
4(6578 6579 6614 6613)
4(5916 5951 6616 6581)
4(6580 6581 6616 6615)
4(5917 5952 6617 6582)
4(6581 6582 6617 6616)
4(5918 5953 6618 6583)
4(6582 6583 6618 6617)
4(5919 5954 6619 6584)
4(6583 6584 6619 6618)
4(5920 5955 6620 6585)
4(6584 6585 6620 6619)
4(5921 5956 6621 6586)
4(6585 6586 6621 6620)
4(5922 5957 6622 6587)
4(6586 6587 6622 6621)
4(5923 5958 6623 6588)
4(6587 6588 6623 6622)
4(5924 5959 6624 6589)
4(6588 6589 6624 6623)
4(5925 5960 6625 6590)
4(6589 6590 6625 6624)
4(5926 5961 6626 6591)
4(6590 6591 6626 6625)
4(5927 5962 6627 6592)
4(6591 6592 6627 6626)
4(5928 5963 6628 6593)
4(6592 6593 6628 6627)
4(5929 5964 6629 6594)
4(6593 6594 6629 6628)
4(5930 5965 6630 6595)
4(6594 6595 6630 6629)
4(5931 5966 6631 6596)
4(6595 6596 6631 6630)
4(5932 5967 6632 6597)
4(6596 6597 6632 6631)
4(5933 5968 6633 6598)
4(6597 6598 6633 6632)
4(5934 5969 6634 6599)
4(6598 6599 6634 6633)
4(5935 5970 6635 6600)
4(6599 6600 6635 6634)
4(5936 5971 6636 6601)
4(6600 6601 6636 6635)
4(5937 5972 6637 6602)
4(6601 6602 6637 6636)
4(5938 5973 6638 6603)
4(6602 6603 6638 6637)
4(5939 5974 6639 6604)
4(6603 6604 6639 6638)
4(5940 5975 6640 6605)
4(6604 6605 6640 6639)
4(5941 5976 6641 6606)
4(6605 6606 6641 6640)
4(5942 5977 6642 6607)
4(6606 6607 6642 6641)
4(5943 5978 6643 6608)
4(6607 6608 6643 6642)
4(5944 5979 6644 6609)
4(6608 6609 6644 6643)
4(5945 5980 6645 6610)
4(6609 6610 6645 6644)
4(5946 5981 6646 6611)
4(6610 6611 6646 6645)
4(5947 5982 6647 6612)
4(6611 6612 6647 6646)
4(5948 5983 6648 6613)
4(6612 6613 6648 6647)
4(6613 6614 6649 6648)
4(5986 6021 6686 6651)
4(6020 6685 6686 6021)
4(6650 6651 6686 6685)
4(5987 6022 6687 6652)
4(6021 6686 6687 6022)
4(6651 6652 6687 6686)
4(5988 6023 6688 6653)
4(6022 6687 6688 6023)
4(6652 6653 6688 6687)
4(5989 6024 6689 6654)
4(6023 6688 6689 6024)
4(6653 6654 6689 6688)
4(5990 6025 6690 6655)
4(6024 6689 6690 6025)
4(6654 6655 6690 6689)
4(5991 6026 6691 6656)
4(6025 6690 6691 6026)
4(6655 6656 6691 6690)
4(5992 6027 6692 6657)
4(6026 6691 6692 6027)
4(6656 6657 6692 6691)
4(5993 6028 6693 6658)
4(6027 6692 6693 6028)
4(6657 6658 6693 6692)
4(5994 6029 6694 6659)
4(6028 6693 6694 6029)
4(6658 6659 6694 6693)
4(5995 6030 6695 6660)
4(6029 6694 6695 6030)
4(6659 6660 6695 6694)
4(5996 6031 6696 6661)
4(6030 6695 6696 6031)
4(6660 6661 6696 6695)
4(5997 6032 6697 6662)
4(6031 6696 6697 6032)
4(6661 6662 6697 6696)
4(5998 6033 6698 6663)
4(6032 6697 6698 6033)
4(6662 6663 6698 6697)
4(5999 6034 6699 6664)
4(6033 6698 6699 6034)
4(6663 6664 6699 6698)
4(6000 6035 6700 6665)
4(6034 6699 6700 6035)
4(6664 6665 6700 6699)
4(6001 6036 6701 6666)
4(6035 6700 6701 6036)
4(6665 6666 6701 6700)
4(6002 6037 6702 6667)
4(6036 6701 6702 6037)
4(6666 6667 6702 6701)
4(6003 6038 6703 6668)
4(6037 6702 6703 6038)
4(6667 6668 6703 6702)
4(6004 6039 6704 6669)
4(6038 6703 6704 6039)
4(6668 6669 6704 6703)
4(6005 6040 6705 6670)
4(6039 6704 6705 6040)
4(6669 6670 6705 6704)
4(6006 6041 6706 6671)
4(6040 6705 6706 6041)
4(6670 6671 6706 6705)
4(6007 6042 6707 6672)
4(6041 6706 6707 6042)
4(6671 6672 6707 6706)
4(6008 6043 6708 6673)
4(6042 6707 6708 6043)
4(6672 6673 6708 6707)
4(6009 6044 6709 6674)
4(6043 6708 6709 6044)
4(6673 6674 6709 6708)
4(6010 6045 6710 6675)
4(6044 6709 6710 6045)
4(6674 6675 6710 6709)
4(6011 6046 6711 6676)
4(6045 6710 6711 6046)
4(6675 6676 6711 6710)
4(6012 6047 6712 6677)
4(6046 6711 6712 6047)
4(6676 6677 6712 6711)
4(6013 6048 6713 6678)
4(6047 6712 6713 6048)
4(6677 6678 6713 6712)
4(6014 6049 6714 6679)
4(6048 6713 6714 6049)
4(6678 6679 6714 6713)
4(6015 6050 6715 6680)
4(6049 6714 6715 6050)
4(6679 6680 6715 6714)
4(6016 6051 6716 6681)
4(6050 6715 6716 6051)
4(6680 6681 6716 6715)
4(6017 6052 6717 6682)
4(6051 6716 6717 6052)
4(6681 6682 6717 6716)
4(6018 6053 6718 6683)
4(6052 6717 6718 6053)
4(6682 6683 6718 6717)
4(6053 6718 6719 6054)
4(6683 6684 6719 6718)
4(6021 6056 6721 6686)
4(6055 6720 6721 6056)
4(6685 6686 6721 6720)
4(6022 6057 6722 6687)
4(6056 6721 6722 6057)
4(6686 6687 6722 6721)
4(6023 6058 6723 6688)
4(6057 6722 6723 6058)
4(6687 6688 6723 6722)
4(6024 6059 6724 6689)
4(6058 6723 6724 6059)
4(6688 6689 6724 6723)
4(6025 6060 6725 6690)
4(6059 6724 6725 6060)
4(6689 6690 6725 6724)
4(6026 6061 6726 6691)
4(6060 6725 6726 6061)
4(6690 6691 6726 6725)
4(6027 6062 6727 6692)
4(6061 6726 6727 6062)
4(6691 6692 6727 6726)
4(6028 6063 6728 6693)
4(6062 6727 6728 6063)
4(6692 6693 6728 6727)
4(6029 6064 6729 6694)
4(6063 6728 6729 6064)
4(6693 6694 6729 6728)
4(6030 6065 6730 6695)
4(6064 6729 6730 6065)
4(6694 6695 6730 6729)
4(6031 6066 6731 6696)
4(6065 6730 6731 6066)
4(6695 6696 6731 6730)
4(6032 6067 6732 6697)
4(6066 6731 6732 6067)
4(6696 6697 6732 6731)
4(6033 6068 6733 6698)
4(6067 6732 6733 6068)
4(6697 6698 6733 6732)
4(6034 6069 6734 6699)
4(6068 6733 6734 6069)
4(6698 6699 6734 6733)
4(6035 6070 6735 6700)
4(6069 6734 6735 6070)
4(6699 6700 6735 6734)
4(6036 6071 6736 6701)
4(6070 6735 6736 6071)
4(6700 6701 6736 6735)
4(6037 6072 6737 6702)
4(6071 6736 6737 6072)
4(6701 6702 6737 6736)
4(6038 6073 6738 6703)
4(6072 6737 6738 6073)
4(6702 6703 6738 6737)
4(6039 6074 6739 6704)
4(6073 6738 6739 6074)
4(6703 6704 6739 6738)
4(6040 6075 6740 6705)
4(6074 6739 6740 6075)
4(6704 6705 6740 6739)
4(6041 6076 6741 6706)
4(6075 6740 6741 6076)
4(6705 6706 6741 6740)
4(6042 6077 6742 6707)
4(6076 6741 6742 6077)
4(6706 6707 6742 6741)
4(6043 6078 6743 6708)
4(6077 6742 6743 6078)
4(6707 6708 6743 6742)
4(6044 6079 6744 6709)
4(6078 6743 6744 6079)
4(6708 6709 6744 6743)
4(6045 6080 6745 6710)
4(6079 6744 6745 6080)
4(6709 6710 6745 6744)
4(6046 6081 6746 6711)
4(6080 6745 6746 6081)
4(6710 6711 6746 6745)
4(6047 6082 6747 6712)
4(6081 6746 6747 6082)
4(6711 6712 6747 6746)
4(6048 6083 6748 6713)
4(6082 6747 6748 6083)
4(6712 6713 6748 6747)
4(6049 6084 6749 6714)
4(6083 6748 6749 6084)
4(6713 6714 6749 6748)
4(6050 6085 6750 6715)
4(6084 6749 6750 6085)
4(6714 6715 6750 6749)
4(6051 6086 6751 6716)
4(6085 6750 6751 6086)
4(6715 6716 6751 6750)
4(6052 6087 6752 6717)
4(6086 6751 6752 6087)
4(6716 6717 6752 6751)
4(6053 6088 6753 6718)
4(6087 6752 6753 6088)
4(6717 6718 6753 6752)
4(6088 6753 6754 6089)
4(6718 6719 6754 6753)
4(6056 6091 6756 6721)
4(6090 6755 6756 6091)
4(6720 6721 6756 6755)
4(6057 6092 6757 6722)
4(6091 6756 6757 6092)
4(6721 6722 6757 6756)
4(6058 6093 6758 6723)
4(6092 6757 6758 6093)
4(6722 6723 6758 6757)
4(6059 6094 6759 6724)
4(6093 6758 6759 6094)
4(6723 6724 6759 6758)
4(6060 6095 6760 6725)
4(6094 6759 6760 6095)
4(6724 6725 6760 6759)
4(6061 6096 6761 6726)
4(6095 6760 6761 6096)
4(6725 6726 6761 6760)
4(6062 6097 6762 6727)
4(6096 6761 6762 6097)
4(6726 6727 6762 6761)
4(6063 6098 6763 6728)
4(6097 6762 6763 6098)
4(6727 6728 6763 6762)
4(6064 6099 6764 6729)
4(6098 6763 6764 6099)
4(6728 6729 6764 6763)
4(6065 6100 6765 6730)
4(6099 6764 6765 6100)
4(6729 6730 6765 6764)
4(6066 6101 6766 6731)
4(6100 6765 6766 6101)
4(6730 6731 6766 6765)
4(6067 6102 6767 6732)
4(6101 6766 6767 6102)
4(6731 6732 6767 6766)
4(6068 6103 6768 6733)
4(6102 6767 6768 6103)
4(6732 6733 6768 6767)
4(6069 6104 6769 6734)
4(6103 6768 6769 6104)
4(6733 6734 6769 6768)
4(6070 6105 6770 6735)
4(6104 6769 6770 6105)
4(6734 6735 6770 6769)
4(6071 6106 6771 6736)
4(6105 6770 6771 6106)
4(6735 6736 6771 6770)
4(6072 6107 6772 6737)
4(6106 6771 6772 6107)
4(6736 6737 6772 6771)
4(6073 6108 6773 6738)
4(6107 6772 6773 6108)
4(6737 6738 6773 6772)
4(6074 6109 6774 6739)
4(6108 6773 6774 6109)
4(6738 6739 6774 6773)
4(6075 6110 6775 6740)
4(6109 6774 6775 6110)
4(6739 6740 6775 6774)
4(6076 6111 6776 6741)
4(6110 6775 6776 6111)
4(6740 6741 6776 6775)
4(6077 6112 6777 6742)
4(6111 6776 6777 6112)
4(6741 6742 6777 6776)
4(6078 6113 6778 6743)
4(6112 6777 6778 6113)
4(6742 6743 6778 6777)
4(6079 6114 6779 6744)
4(6113 6778 6779 6114)
4(6743 6744 6779 6778)
4(6080 6115 6780 6745)
4(6114 6779 6780 6115)
4(6744 6745 6780 6779)
4(6081 6116 6781 6746)
4(6115 6780 6781 6116)
4(6745 6746 6781 6780)
4(6082 6117 6782 6747)
4(6116 6781 6782 6117)
4(6746 6747 6782 6781)
4(6083 6118 6783 6748)
4(6117 6782 6783 6118)
4(6747 6748 6783 6782)
4(6084 6119 6784 6749)
4(6118 6783 6784 6119)
4(6748 6749 6784 6783)
4(6085 6120 6785 6750)
4(6119 6784 6785 6120)
4(6749 6750 6785 6784)
4(6086 6121 6786 6751)
4(6120 6785 6786 6121)
4(6750 6751 6786 6785)
4(6087 6122 6787 6752)
4(6121 6786 6787 6122)
4(6751 6752 6787 6786)
4(6088 6123 6788 6753)
4(6122 6787 6788 6123)
4(6752 6753 6788 6787)
4(6123 6788 6789 6124)
4(6753 6754 6789 6788)
4(6091 6126 6791 6756)
4(6125 6790 6791 6126)
4(6755 6756 6791 6790)
4(6092 6127 6792 6757)
4(6126 6791 6792 6127)
4(6756 6757 6792 6791)
4(6093 6128 6793 6758)
4(6127 6792 6793 6128)
4(6757 6758 6793 6792)
4(6094 6129 6794 6759)
4(6128 6793 6794 6129)
4(6758 6759 6794 6793)
4(6095 6130 6795 6760)
4(6129 6794 6795 6130)
4(6759 6760 6795 6794)
4(6096 6131 6796 6761)
4(6130 6795 6796 6131)
4(6760 6761 6796 6795)
4(6097 6132 6797 6762)
4(6131 6796 6797 6132)
4(6761 6762 6797 6796)
4(6098 6133 6798 6763)
4(6132 6797 6798 6133)
4(6762 6763 6798 6797)
4(6099 6134 6799 6764)
4(6133 6798 6799 6134)
4(6763 6764 6799 6798)
4(6100 6135 6800 6765)
4(6134 6799 6800 6135)
4(6764 6765 6800 6799)
4(6101 6136 6801 6766)
4(6135 6800 6801 6136)
4(6765 6766 6801 6800)
4(6102 6137 6802 6767)
4(6136 6801 6802 6137)
4(6766 6767 6802 6801)
4(6103 6138 6803 6768)
4(6137 6802 6803 6138)
4(6767 6768 6803 6802)
4(6104 6139 6804 6769)
4(6138 6803 6804 6139)
4(6768 6769 6804 6803)
4(6105 6140 6805 6770)
4(6139 6804 6805 6140)
4(6769 6770 6805 6804)
4(6106 6141 6806 6771)
4(6140 6805 6806 6141)
4(6770 6771 6806 6805)
4(6107 6142 6807 6772)
4(6141 6806 6807 6142)
4(6771 6772 6807 6806)
4(6108 6143 6808 6773)
4(6142 6807 6808 6143)
4(6772 6773 6808 6807)
4(6109 6144 6809 6774)
4(6143 6808 6809 6144)
4(6773 6774 6809 6808)
4(6110 6145 6810 6775)
4(6144 6809 6810 6145)
4(6774 6775 6810 6809)
4(6111 6146 6811 6776)
4(6145 6810 6811 6146)
4(6775 6776 6811 6810)
4(6112 6147 6812 6777)
4(6146 6811 6812 6147)
4(6776 6777 6812 6811)
4(6113 6148 6813 6778)
4(6147 6812 6813 6148)
4(6777 6778 6813 6812)
4(6114 6149 6814 6779)
4(6148 6813 6814 6149)
4(6778 6779 6814 6813)
4(6115 6150 6815 6780)
4(6149 6814 6815 6150)
4(6779 6780 6815 6814)
4(6116 6151 6816 6781)
4(6150 6815 6816 6151)
4(6780 6781 6816 6815)
4(6117 6152 6817 6782)
4(6151 6816 6817 6152)
4(6781 6782 6817 6816)
4(6118 6153 6818 6783)
4(6152 6817 6818 6153)
4(6782 6783 6818 6817)
4(6119 6154 6819 6784)
4(6153 6818 6819 6154)
4(6783 6784 6819 6818)
4(6120 6155 6820 6785)
4(6154 6819 6820 6155)
4(6784 6785 6820 6819)
4(6121 6156 6821 6786)
4(6155 6820 6821 6156)
4(6785 6786 6821 6820)
4(6122 6157 6822 6787)
4(6156 6821 6822 6157)
4(6786 6787 6822 6821)
4(6123 6158 6823 6788)
4(6157 6822 6823 6158)
4(6787 6788 6823 6822)
4(6158 6823 6824 6159)
4(6788 6789 6824 6823)
4(6126 6161 6826 6791)
4(6160 6825 6826 6161)
4(6790 6791 6826 6825)
4(6127 6162 6827 6792)
4(6161 6826 6827 6162)
4(6791 6792 6827 6826)
4(6128 6163 6828 6793)
4(6162 6827 6828 6163)
4(6792 6793 6828 6827)
4(6129 6164 6829 6794)
4(6163 6828 6829 6164)
4(6793 6794 6829 6828)
4(6130 6165 6830 6795)
4(6164 6829 6830 6165)
4(6794 6795 6830 6829)
4(6131 6166 6831 6796)
4(6165 6830 6831 6166)
4(6795 6796 6831 6830)
4(6132 6167 6832 6797)
4(6166 6831 6832 6167)
4(6796 6797 6832 6831)
4(6133 6168 6833 6798)
4(6167 6832 6833 6168)
4(6797 6798 6833 6832)
4(6134 6169 6834 6799)
4(6168 6833 6834 6169)
4(6798 6799 6834 6833)
4(6135 6170 6835 6800)
4(6169 6834 6835 6170)
4(6799 6800 6835 6834)
4(6136 6171 6836 6801)
4(6170 6835 6836 6171)
4(6800 6801 6836 6835)
4(6137 6172 6837 6802)
4(6171 6836 6837 6172)
4(6801 6802 6837 6836)
4(6138 6173 6838 6803)
4(6172 6837 6838 6173)
4(6802 6803 6838 6837)
4(6139 6174 6839 6804)
4(6173 6838 6839 6174)
4(6803 6804 6839 6838)
4(6140 6175 6840 6805)
4(6174 6839 6840 6175)
4(6804 6805 6840 6839)
4(6141 6176 6841 6806)
4(6175 6840 6841 6176)
4(6805 6806 6841 6840)
4(6142 6177 6842 6807)
4(6176 6841 6842 6177)
4(6806 6807 6842 6841)
4(6143 6178 6843 6808)
4(6177 6842 6843 6178)
4(6807 6808 6843 6842)
4(6144 6179 6844 6809)
4(6178 6843 6844 6179)
4(6808 6809 6844 6843)
4(6145 6180 6845 6810)
4(6179 6844 6845 6180)
4(6809 6810 6845 6844)
4(6146 6181 6846 6811)
4(6180 6845 6846 6181)
4(6810 6811 6846 6845)
4(6147 6182 6847 6812)
4(6181 6846 6847 6182)
4(6811 6812 6847 6846)
4(6148 6183 6848 6813)
4(6182 6847 6848 6183)
4(6812 6813 6848 6847)
4(6149 6184 6849 6814)
4(6183 6848 6849 6184)
4(6813 6814 6849 6848)
4(6150 6185 6850 6815)
4(6184 6849 6850 6185)
4(6814 6815 6850 6849)
4(6151 6186 6851 6816)
4(6185 6850 6851 6186)
4(6815 6816 6851 6850)
4(6152 6187 6852 6817)
4(6186 6851 6852 6187)
4(6816 6817 6852 6851)
4(6153 6188 6853 6818)
4(6187 6852 6853 6188)
4(6817 6818 6853 6852)
4(6154 6189 6854 6819)
4(6188 6853 6854 6189)
4(6818 6819 6854 6853)
4(6155 6190 6855 6820)
4(6189 6854 6855 6190)
4(6819 6820 6855 6854)
4(6156 6191 6856 6821)
4(6190 6855 6856 6191)
4(6820 6821 6856 6855)
4(6157 6192 6857 6822)
4(6191 6856 6857 6192)
4(6821 6822 6857 6856)
4(6158 6193 6858 6823)
4(6192 6857 6858 6193)
4(6822 6823 6858 6857)
4(6193 6858 6859 6194)
4(6823 6824 6859 6858)
4(6161 6196 6861 6826)
4(6195 6860 6861 6196)
4(6825 6826 6861 6860)
4(6162 6197 6862 6827)
4(6196 6861 6862 6197)
4(6826 6827 6862 6861)
4(6163 6198 6863 6828)
4(6197 6862 6863 6198)
4(6827 6828 6863 6862)
4(6164 6199 6864 6829)
4(6198 6863 6864 6199)
4(6828 6829 6864 6863)
4(6165 6200 6865 6830)
4(6199 6864 6865 6200)
4(6829 6830 6865 6864)
4(6166 6201 6866 6831)
4(6200 6865 6866 6201)
4(6830 6831 6866 6865)
4(6167 6202 6867 6832)
4(6201 6866 6867 6202)
4(6831 6832 6867 6866)
4(6168 6203 6868 6833)
4(6202 6867 6868 6203)
4(6832 6833 6868 6867)
4(6169 6204 6869 6834)
4(6203 6868 6869 6204)
4(6833 6834 6869 6868)
4(6170 6205 6870 6835)
4(6204 6869 6870 6205)
4(6834 6835 6870 6869)
4(6171 6206 6871 6836)
4(6205 6870 6871 6206)
4(6835 6836 6871 6870)
4(6172 6207 6872 6837)
4(6206 6871 6872 6207)
4(6836 6837 6872 6871)
4(6173 6208 6873 6838)
4(6207 6872 6873 6208)
4(6837 6838 6873 6872)
4(6174 6209 6874 6839)
4(6208 6873 6874 6209)
4(6838 6839 6874 6873)
4(6175 6210 6875 6840)
4(6209 6874 6875 6210)
4(6839 6840 6875 6874)
4(6176 6211 6876 6841)
4(6210 6875 6876 6211)
4(6840 6841 6876 6875)
4(6177 6212 6877 6842)
4(6211 6876 6877 6212)
4(6841 6842 6877 6876)
4(6178 6213 6878 6843)
4(6212 6877 6878 6213)
4(6842 6843 6878 6877)
4(6179 6214 6879 6844)
4(6213 6878 6879 6214)
4(6843 6844 6879 6878)
4(6180 6215 6880 6845)
4(6214 6879 6880 6215)
4(6844 6845 6880 6879)
4(6181 6216 6881 6846)
4(6215 6880 6881 6216)
4(6845 6846 6881 6880)
4(6182 6217 6882 6847)
4(6216 6881 6882 6217)
4(6846 6847 6882 6881)
4(6183 6218 6883 6848)
4(6217 6882 6883 6218)
4(6847 6848 6883 6882)
4(6184 6219 6884 6849)
4(6218 6883 6884 6219)
4(6848 6849 6884 6883)
4(6185 6220 6885 6850)
4(6219 6884 6885 6220)
4(6849 6850 6885 6884)
4(6186 6221 6886 6851)
4(6220 6885 6886 6221)
4(6850 6851 6886 6885)
4(6187 6222 6887 6852)
4(6221 6886 6887 6222)
4(6851 6852 6887 6886)
4(6188 6223 6888 6853)
4(6222 6887 6888 6223)
4(6852 6853 6888 6887)
4(6189 6224 6889 6854)
4(6223 6888 6889 6224)
4(6853 6854 6889 6888)
4(6190 6225 6890 6855)
4(6224 6889 6890 6225)
4(6854 6855 6890 6889)
4(6191 6226 6891 6856)
4(6225 6890 6891 6226)
4(6855 6856 6891 6890)
4(6192 6227 6892 6857)
4(6226 6891 6892 6227)
4(6856 6857 6892 6891)
4(6193 6228 6893 6858)
4(6227 6892 6893 6228)
4(6857 6858 6893 6892)
4(6228 6893 6894 6229)
4(6858 6859 6894 6893)
4(6196 6231 6896 6861)
4(6230 6895 6896 6231)
4(6860 6861 6896 6895)
4(6197 6232 6897 6862)
4(6231 6896 6897 6232)
4(6861 6862 6897 6896)
4(6198 6233 6898 6863)
4(6232 6897 6898 6233)
4(6862 6863 6898 6897)
4(6199 6234 6899 6864)
4(6233 6898 6899 6234)
4(6863 6864 6899 6898)
4(6200 6235 6900 6865)
4(6234 6899 6900 6235)
4(6864 6865 6900 6899)
4(6201 6236 6901 6866)
4(6235 6900 6901 6236)
4(6865 6866 6901 6900)
4(6202 6237 6902 6867)
4(6236 6901 6902 6237)
4(6866 6867 6902 6901)
4(6203 6238 6903 6868)
4(6237 6902 6903 6238)
4(6867 6868 6903 6902)
4(6204 6239 6904 6869)
4(6238 6903 6904 6239)
4(6868 6869 6904 6903)
4(6205 6240 6905 6870)
4(6239 6904 6905 6240)
4(6869 6870 6905 6904)
4(6206 6241 6906 6871)
4(6240 6905 6906 6241)
4(6870 6871 6906 6905)
4(6207 6242 6907 6872)
4(6241 6906 6907 6242)
4(6871 6872 6907 6906)
4(6208 6243 6908 6873)
4(6242 6907 6908 6243)
4(6872 6873 6908 6907)
4(6209 6244 6909 6874)
4(6243 6908 6909 6244)
4(6873 6874 6909 6908)
4(6210 6245 6910 6875)
4(6244 6909 6910 6245)
4(6874 6875 6910 6909)
4(6211 6246 6911 6876)
4(6245 6910 6911 6246)
4(6875 6876 6911 6910)
4(6212 6247 6912 6877)
4(6246 6911 6912 6247)
4(6876 6877 6912 6911)
4(6213 6248 6913 6878)
4(6247 6912 6913 6248)
4(6877 6878 6913 6912)
4(6214 6249 6914 6879)
4(6248 6913 6914 6249)
4(6878 6879 6914 6913)
4(6215 6250 6915 6880)
4(6249 6914 6915 6250)
4(6879 6880 6915 6914)
4(6216 6251 6916 6881)
4(6250 6915 6916 6251)
4(6880 6881 6916 6915)
4(6217 6252 6917 6882)
4(6251 6916 6917 6252)
4(6881 6882 6917 6916)
4(6218 6253 6918 6883)
4(6252 6917 6918 6253)
4(6882 6883 6918 6917)
4(6219 6254 6919 6884)
4(6253 6918 6919 6254)
4(6883 6884 6919 6918)
4(6220 6255 6920 6885)
4(6254 6919 6920 6255)
4(6884 6885 6920 6919)
4(6221 6256 6921 6886)
4(6255 6920 6921 6256)
4(6885 6886 6921 6920)
4(6222 6257 6922 6887)
4(6256 6921 6922 6257)
4(6886 6887 6922 6921)
4(6223 6258 6923 6888)
4(6257 6922 6923 6258)
4(6887 6888 6923 6922)
4(6224 6259 6924 6889)
4(6258 6923 6924 6259)
4(6888 6889 6924 6923)
4(6225 6260 6925 6890)
4(6259 6924 6925 6260)
4(6889 6890 6925 6924)
4(6226 6261 6926 6891)
4(6260 6925 6926 6261)
4(6890 6891 6926 6925)
4(6227 6262 6927 6892)
4(6261 6926 6927 6262)
4(6891 6892 6927 6926)
4(6228 6263 6928 6893)
4(6262 6927 6928 6263)
4(6892 6893 6928 6927)
4(6263 6928 6929 6264)
4(6893 6894 6929 6928)
4(6231 6266 6931 6896)
4(6265 6930 6931 6266)
4(6895 6896 6931 6930)
4(6232 6267 6932 6897)
4(6266 6931 6932 6267)
4(6896 6897 6932 6931)
4(6233 6268 6933 6898)
4(6267 6932 6933 6268)
4(6897 6898 6933 6932)
4(6234 6269 6934 6899)
4(6268 6933 6934 6269)
4(6898 6899 6934 6933)
4(6235 6270 6935 6900)
4(6269 6934 6935 6270)
4(6899 6900 6935 6934)
4(6236 6271 6936 6901)
4(6270 6935 6936 6271)
4(6900 6901 6936 6935)
4(6237 6272 6937 6902)
4(6271 6936 6937 6272)
4(6901 6902 6937 6936)
4(6238 6273 6938 6903)
4(6272 6937 6938 6273)
4(6902 6903 6938 6937)
4(6239 6274 6939 6904)
4(6273 6938 6939 6274)
4(6903 6904 6939 6938)
4(6240 6275 6940 6905)
4(6274 6939 6940 6275)
4(6904 6905 6940 6939)
4(6241 6276 6941 6906)
4(6275 6940 6941 6276)
4(6905 6906 6941 6940)
4(6242 6277 6942 6907)
4(6276 6941 6942 6277)
4(6906 6907 6942 6941)
4(6243 6278 6943 6908)
4(6277 6942 6943 6278)
4(6907 6908 6943 6942)
4(6244 6279 6944 6909)
4(6278 6943 6944 6279)
4(6908 6909 6944 6943)
4(6245 6280 6945 6910)
4(6279 6944 6945 6280)
4(6909 6910 6945 6944)
4(6246 6281 6946 6911)
4(6280 6945 6946 6281)
4(6910 6911 6946 6945)
4(6247 6282 6947 6912)
4(6281 6946 6947 6282)
4(6911 6912 6947 6946)
4(6248 6283 6948 6913)
4(6282 6947 6948 6283)
4(6912 6913 6948 6947)
4(6249 6284 6949 6914)
4(6283 6948 6949 6284)
4(6913 6914 6949 6948)
4(6250 6285 6950 6915)
4(6284 6949 6950 6285)
4(6914 6915 6950 6949)
4(6251 6286 6951 6916)
4(6285 6950 6951 6286)
4(6915 6916 6951 6950)
4(6252 6287 6952 6917)
4(6286 6951 6952 6287)
4(6916 6917 6952 6951)
4(6253 6288 6953 6918)
4(6287 6952 6953 6288)
4(6917 6918 6953 6952)
4(6254 6289 6954 6919)
4(6288 6953 6954 6289)
4(6918 6919 6954 6953)
4(6255 6290 6955 6920)
4(6289 6954 6955 6290)
4(6919 6920 6955 6954)
4(6256 6291 6956 6921)
4(6290 6955 6956 6291)
4(6920 6921 6956 6955)
4(6257 6292 6957 6922)
4(6291 6956 6957 6292)
4(6921 6922 6957 6956)
4(6258 6293 6958 6923)
4(6292 6957 6958 6293)
4(6922 6923 6958 6957)
4(6259 6294 6959 6924)
4(6293 6958 6959 6294)
4(6923 6924 6959 6958)
4(6260 6295 6960 6925)
4(6294 6959 6960 6295)
4(6924 6925 6960 6959)
4(6261 6296 6961 6926)
4(6295 6960 6961 6296)
4(6925 6926 6961 6960)
4(6262 6297 6962 6927)
4(6296 6961 6962 6297)
4(6926 6927 6962 6961)
4(6263 6298 6963 6928)
4(6297 6962 6963 6298)
4(6927 6928 6963 6962)
4(6298 6963 6964 6299)
4(6928 6929 6964 6963)
4(6266 6301 6966 6931)
4(6300 6965 6966 6301)
4(6930 6931 6966 6965)
4(6267 6302 6967 6932)
4(6301 6966 6967 6302)
4(6931 6932 6967 6966)
4(6268 6303 6968 6933)
4(6302 6967 6968 6303)
4(6932 6933 6968 6967)
4(6269 6304 6969 6934)
4(6303 6968 6969 6304)
4(6933 6934 6969 6968)
4(6270 6305 6970 6935)
4(6304 6969 6970 6305)
4(6934 6935 6970 6969)
4(6271 6306 6971 6936)
4(6305 6970 6971 6306)
4(6935 6936 6971 6970)
4(6272 6307 6972 6937)
4(6306 6971 6972 6307)
4(6936 6937 6972 6971)
4(6273 6308 6973 6938)
4(6307 6972 6973 6308)
4(6937 6938 6973 6972)
4(6274 6309 6974 6939)
4(6308 6973 6974 6309)
4(6938 6939 6974 6973)
4(6275 6310 6975 6940)
4(6309 6974 6975 6310)
4(6939 6940 6975 6974)
4(6276 6311 6976 6941)
4(6310 6975 6976 6311)
4(6940 6941 6976 6975)
4(6277 6312 6977 6942)
4(6311 6976 6977 6312)
4(6941 6942 6977 6976)
4(6278 6313 6978 6943)
4(6312 6977 6978 6313)
4(6942 6943 6978 6977)
4(6279 6314 6979 6944)
4(6313 6978 6979 6314)
4(6943 6944 6979 6978)
4(6280 6315 6980 6945)
4(6314 6979 6980 6315)
4(6944 6945 6980 6979)
4(6281 6316 6981 6946)
4(6315 6980 6981 6316)
4(6945 6946 6981 6980)
4(6282 6317 6982 6947)
4(6316 6981 6982 6317)
4(6946 6947 6982 6981)
4(6283 6318 6983 6948)
4(6317 6982 6983 6318)
4(6947 6948 6983 6982)
4(6284 6319 6984 6949)
4(6318 6983 6984 6319)
4(6948 6949 6984 6983)
4(6285 6320 6985 6950)
4(6319 6984 6985 6320)
4(6949 6950 6985 6984)
4(6286 6321 6986 6951)
4(6320 6985 6986 6321)
4(6950 6951 6986 6985)
4(6287 6322 6987 6952)
4(6321 6986 6987 6322)
4(6951 6952 6987 6986)
4(6288 6323 6988 6953)
4(6322 6987 6988 6323)
4(6952 6953 6988 6987)
4(6289 6324 6989 6954)
4(6323 6988 6989 6324)
4(6953 6954 6989 6988)
4(6290 6325 6990 6955)
4(6324 6989 6990 6325)
4(6954 6955 6990 6989)
4(6291 6326 6991 6956)
4(6325 6990 6991 6326)
4(6955 6956 6991 6990)
4(6292 6327 6992 6957)
4(6326 6991 6992 6327)
4(6956 6957 6992 6991)
4(6293 6328 6993 6958)
4(6327 6992 6993 6328)
4(6957 6958 6993 6992)
4(6294 6329 6994 6959)
4(6328 6993 6994 6329)
4(6958 6959 6994 6993)
4(6295 6330 6995 6960)
4(6329 6994 6995 6330)
4(6959 6960 6995 6994)
4(6296 6331 6996 6961)
4(6330 6995 6996 6331)
4(6960 6961 6996 6995)
4(6297 6332 6997 6962)
4(6331 6996 6997 6332)
4(6961 6962 6997 6996)
4(6298 6333 6998 6963)
4(6332 6997 6998 6333)
4(6962 6963 6998 6997)
4(6333 6998 6999 6334)
4(6963 6964 6999 6998)
4(6301 6336 7001 6966)
4(6335 7000 7001 6336)
4(6965 6966 7001 7000)
4(6302 6337 7002 6967)
4(6336 7001 7002 6337)
4(6966 6967 7002 7001)
4(6303 6338 7003 6968)
4(6337 7002 7003 6338)
4(6967 6968 7003 7002)
4(6304 6339 7004 6969)
4(6338 7003 7004 6339)
4(6968 6969 7004 7003)
4(6305 6340 7005 6970)
4(6339 7004 7005 6340)
4(6969 6970 7005 7004)
4(6306 6341 7006 6971)
4(6340 7005 7006 6341)
4(6970 6971 7006 7005)
4(6307 6342 7007 6972)
4(6341 7006 7007 6342)
4(6971 6972 7007 7006)
4(6308 6343 7008 6973)
4(6342 7007 7008 6343)
4(6972 6973 7008 7007)
4(6309 6344 7009 6974)
4(6343 7008 7009 6344)
4(6973 6974 7009 7008)
4(6310 6345 7010 6975)
4(6344 7009 7010 6345)
4(6974 6975 7010 7009)
4(6311 6346 7011 6976)
4(6345 7010 7011 6346)
4(6975 6976 7011 7010)
4(6312 6347 7012 6977)
4(6346 7011 7012 6347)
4(6976 6977 7012 7011)
4(6313 6348 7013 6978)
4(6347 7012 7013 6348)
4(6977 6978 7013 7012)
4(6314 6349 7014 6979)
4(6348 7013 7014 6349)
4(6978 6979 7014 7013)
4(6315 6350 7015 6980)
4(6349 7014 7015 6350)
4(6979 6980 7015 7014)
4(6316 6351 7016 6981)
4(6350 7015 7016 6351)
4(6980 6981 7016 7015)
4(6317 6352 7017 6982)
4(6351 7016 7017 6352)
4(6981 6982 7017 7016)
4(6318 6353 7018 6983)
4(6352 7017 7018 6353)
4(6982 6983 7018 7017)
4(6319 6354 7019 6984)
4(6353 7018 7019 6354)
4(6983 6984 7019 7018)
4(6320 6355 7020 6985)
4(6354 7019 7020 6355)
4(6984 6985 7020 7019)
4(6321 6356 7021 6986)
4(6355 7020 7021 6356)
4(6985 6986 7021 7020)
4(6322 6357 7022 6987)
4(6356 7021 7022 6357)
4(6986 6987 7022 7021)
4(6323 6358 7023 6988)
4(6357 7022 7023 6358)
4(6987 6988 7023 7022)
4(6324 6359 7024 6989)
4(6358 7023 7024 6359)
4(6988 6989 7024 7023)
4(6325 6360 7025 6990)
4(6359 7024 7025 6360)
4(6989 6990 7025 7024)
4(6326 6361 7026 6991)
4(6360 7025 7026 6361)
4(6990 6991 7026 7025)
4(6327 6362 7027 6992)
4(6361 7026 7027 6362)
4(6991 6992 7027 7026)
4(6328 6363 7028 6993)
4(6362 7027 7028 6363)
4(6992 6993 7028 7027)
4(6329 6364 7029 6994)
4(6363 7028 7029 6364)
4(6993 6994 7029 7028)
4(6330 6365 7030 6995)
4(6364 7029 7030 6365)
4(6994 6995 7030 7029)
4(6331 6366 7031 6996)
4(6365 7030 7031 6366)
4(6995 6996 7031 7030)
4(6332 6367 7032 6997)
4(6366 7031 7032 6367)
4(6996 6997 7032 7031)
4(6333 6368 7033 6998)
4(6367 7032 7033 6368)
4(6997 6998 7033 7032)
4(6368 7033 7034 6369)
4(6998 6999 7034 7033)
4(6336 6371 7036 7001)
4(6370 7035 7036 6371)
4(7000 7001 7036 7035)
4(6337 6372 7037 7002)
4(6371 7036 7037 6372)
4(7001 7002 7037 7036)
4(6338 6373 7038 7003)
4(6372 7037 7038 6373)
4(7002 7003 7038 7037)
4(6339 6374 7039 7004)
4(6373 7038 7039 6374)
4(7003 7004 7039 7038)
4(6340 6375 7040 7005)
4(6374 7039 7040 6375)
4(7004 7005 7040 7039)
4(6341 6376 7041 7006)
4(6375 7040 7041 6376)
4(7005 7006 7041 7040)
4(6342 6377 7042 7007)
4(6376 7041 7042 6377)
4(7006 7007 7042 7041)
4(6343 6378 7043 7008)
4(6377 7042 7043 6378)
4(7007 7008 7043 7042)
4(6344 6379 7044 7009)
4(6378 7043 7044 6379)
4(7008 7009 7044 7043)
4(6345 6380 7045 7010)
4(6379 7044 7045 6380)
4(7009 7010 7045 7044)
4(6346 6381 7046 7011)
4(6380 7045 7046 6381)
4(7010 7011 7046 7045)
4(6347 6382 7047 7012)
4(6381 7046 7047 6382)
4(7011 7012 7047 7046)
4(6348 6383 7048 7013)
4(6382 7047 7048 6383)
4(7012 7013 7048 7047)
4(6349 6384 7049 7014)
4(6383 7048 7049 6384)
4(7013 7014 7049 7048)
4(6350 6385 7050 7015)
4(6384 7049 7050 6385)
4(7014 7015 7050 7049)
4(6351 6386 7051 7016)
4(6385 7050 7051 6386)
4(7015 7016 7051 7050)
4(6352 6387 7052 7017)
4(6386 7051 7052 6387)
4(7016 7017 7052 7051)
4(6353 6388 7053 7018)
4(6387 7052 7053 6388)
4(7017 7018 7053 7052)
4(6354 6389 7054 7019)
4(6388 7053 7054 6389)
4(7018 7019 7054 7053)
4(6355 6390 7055 7020)
4(6389 7054 7055 6390)
4(7019 7020 7055 7054)
4(6356 6391 7056 7021)
4(6390 7055 7056 6391)
4(7020 7021 7056 7055)
4(6357 6392 7057 7022)
4(6391 7056 7057 6392)
4(7021 7022 7057 7056)
4(6358 6393 7058 7023)
4(6392 7057 7058 6393)
4(7022 7023 7058 7057)
4(6359 6394 7059 7024)
4(6393 7058 7059 6394)
4(7023 7024 7059 7058)
4(6360 6395 7060 7025)
4(6394 7059 7060 6395)
4(7024 7025 7060 7059)
4(6361 6396 7061 7026)
4(6395 7060 7061 6396)
4(7025 7026 7061 7060)
4(6362 6397 7062 7027)
4(6396 7061 7062 6397)
4(7026 7027 7062 7061)
4(6363 6398 7063 7028)
4(6397 7062 7063 6398)
4(7027 7028 7063 7062)
4(6364 6399 7064 7029)
4(6398 7063 7064 6399)
4(7028 7029 7064 7063)
4(6365 6400 7065 7030)
4(6399 7064 7065 6400)
4(7029 7030 7065 7064)
4(6366 6401 7066 7031)
4(6400 7065 7066 6401)
4(7030 7031 7066 7065)
4(6367 6402 7067 7032)
4(6401 7066 7067 6402)
4(7031 7032 7067 7066)
4(6368 6403 7068 7033)
4(6402 7067 7068 6403)
4(7032 7033 7068 7067)
4(6403 7068 7069 6404)
4(7033 7034 7069 7068)
4(6371 6406 7071 7036)
4(6405 7070 7071 6406)
4(7035 7036 7071 7070)
4(6372 6407 7072 7037)
4(6406 7071 7072 6407)
4(7036 7037 7072 7071)
4(6373 6408 7073 7038)
4(6407 7072 7073 6408)
4(7037 7038 7073 7072)
4(6374 6409 7074 7039)
4(6408 7073 7074 6409)
4(7038 7039 7074 7073)
4(6375 6410 7075 7040)
4(6409 7074 7075 6410)
4(7039 7040 7075 7074)
4(6376 6411 7076 7041)
4(6410 7075 7076 6411)
4(7040 7041 7076 7075)
4(6377 6412 7077 7042)
4(6411 7076 7077 6412)
4(7041 7042 7077 7076)
4(6378 6413 7078 7043)
4(6412 7077 7078 6413)
4(7042 7043 7078 7077)
4(6379 6414 7079 7044)
4(6413 7078 7079 6414)
4(7043 7044 7079 7078)
4(6380 6415 7080 7045)
4(6414 7079 7080 6415)
4(7044 7045 7080 7079)
4(6381 6416 7081 7046)
4(6415 7080 7081 6416)
4(7045 7046 7081 7080)
4(6382 6417 7082 7047)
4(6416 7081 7082 6417)
4(7046 7047 7082 7081)
4(6383 6418 7083 7048)
4(6417 7082 7083 6418)
4(7047 7048 7083 7082)
4(6384 6419 7084 7049)
4(6418 7083 7084 6419)
4(7048 7049 7084 7083)
4(6385 6420 7085 7050)
4(6419 7084 7085 6420)
4(7049 7050 7085 7084)
4(6386 6421 7086 7051)
4(6420 7085 7086 6421)
4(7050 7051 7086 7085)
4(6387 6422 7087 7052)
4(6421 7086 7087 6422)
4(7051 7052 7087 7086)
4(6388 6423 7088 7053)
4(6422 7087 7088 6423)
4(7052 7053 7088 7087)
4(6389 6424 7089 7054)
4(6423 7088 7089 6424)
4(7053 7054 7089 7088)
4(6390 6425 7090 7055)
4(6424 7089 7090 6425)
4(7054 7055 7090 7089)
4(6391 6426 7091 7056)
4(6425 7090 7091 6426)
4(7055 7056 7091 7090)
4(6392 6427 7092 7057)
4(6426 7091 7092 6427)
4(7056 7057 7092 7091)
4(6393 6428 7093 7058)
4(6427 7092 7093 6428)
4(7057 7058 7093 7092)
4(6394 6429 7094 7059)
4(6428 7093 7094 6429)
4(7058 7059 7094 7093)
4(6395 6430 7095 7060)
4(6429 7094 7095 6430)
4(7059 7060 7095 7094)
4(6396 6431 7096 7061)
4(6430 7095 7096 6431)
4(7060 7061 7096 7095)
4(6397 6432 7097 7062)
4(6431 7096 7097 6432)
4(7061 7062 7097 7096)
4(6398 6433 7098 7063)
4(6432 7097 7098 6433)
4(7062 7063 7098 7097)
4(6399 6434 7099 7064)
4(6433 7098 7099 6434)
4(7063 7064 7099 7098)
4(6400 6435 7100 7065)
4(6434 7099 7100 6435)
4(7064 7065 7100 7099)
4(6401 6436 7101 7066)
4(6435 7100 7101 6436)
4(7065 7066 7101 7100)
4(6402 6437 7102 7067)
4(6436 7101 7102 6437)
4(7066 7067 7102 7101)
4(6403 6438 7103 7068)
4(6437 7102 7103 6438)
4(7067 7068 7103 7102)
4(6438 7103 7104 6439)
4(7068 7069 7104 7103)
4(6406 6441 7106 7071)
4(6440 7105 7106 6441)
4(7070 7071 7106 7105)
4(6407 6442 7107 7072)
4(6441 7106 7107 6442)
4(7071 7072 7107 7106)
4(6408 6443 7108 7073)
4(6442 7107 7108 6443)
4(7072 7073 7108 7107)
4(6409 6444 7109 7074)
4(6443 7108 7109 6444)
4(7073 7074 7109 7108)
4(6410 6445 7110 7075)
4(6444 7109 7110 6445)
4(7074 7075 7110 7109)
4(6411 6446 7111 7076)
4(6445 7110 7111 6446)
4(7075 7076 7111 7110)
4(6412 6447 7112 7077)
4(6446 7111 7112 6447)
4(7076 7077 7112 7111)
4(6413 6448 7113 7078)
4(6447 7112 7113 6448)
4(7077 7078 7113 7112)
4(6414 6449 7114 7079)
4(6448 7113 7114 6449)
4(7078 7079 7114 7113)
4(6415 6450 7115 7080)
4(6449 7114 7115 6450)
4(7079 7080 7115 7114)
4(6416 6451 7116 7081)
4(6450 7115 7116 6451)
4(7080 7081 7116 7115)
4(6417 6452 7117 7082)
4(6451 7116 7117 6452)
4(7081 7082 7117 7116)
4(6418 6453 7118 7083)
4(6452 7117 7118 6453)
4(7082 7083 7118 7117)
4(6419 6454 7119 7084)
4(6453 7118 7119 6454)
4(7083 7084 7119 7118)
4(6420 6455 7120 7085)
4(6454 7119 7120 6455)
4(7084 7085 7120 7119)
4(6421 6456 7121 7086)
4(6455 7120 7121 6456)
4(7085 7086 7121 7120)
4(6422 6457 7122 7087)
4(6456 7121 7122 6457)
4(7086 7087 7122 7121)
4(6423 6458 7123 7088)
4(6457 7122 7123 6458)
4(7087 7088 7123 7122)
4(6424 6459 7124 7089)
4(6458 7123 7124 6459)
4(7088 7089 7124 7123)
4(6425 6460 7125 7090)
4(6459 7124 7125 6460)
4(7089 7090 7125 7124)
4(6426 6461 7126 7091)
4(6460 7125 7126 6461)
4(7090 7091 7126 7125)
4(6427 6462 7127 7092)
4(6461 7126 7127 6462)
4(7091 7092 7127 7126)
4(6428 6463 7128 7093)
4(6462 7127 7128 6463)
4(7092 7093 7128 7127)
4(6429 6464 7129 7094)
4(6463 7128 7129 6464)
4(7093 7094 7129 7128)
4(6430 6465 7130 7095)
4(6464 7129 7130 6465)
4(7094 7095 7130 7129)
4(6431 6466 7131 7096)
4(6465 7130 7131 6466)
4(7095 7096 7131 7130)
4(6432 6467 7132 7097)
4(6466 7131 7132 6467)
4(7096 7097 7132 7131)
4(6433 6468 7133 7098)
4(6467 7132 7133 6468)
4(7097 7098 7133 7132)
4(6434 6469 7134 7099)
4(6468 7133 7134 6469)
4(7098 7099 7134 7133)
4(6435 6470 7135 7100)
4(6469 7134 7135 6470)
4(7099 7100 7135 7134)
4(6436 6471 7136 7101)
4(6470 7135 7136 6471)
4(7100 7101 7136 7135)
4(6437 6472 7137 7102)
4(6471 7136 7137 6472)
4(7101 7102 7137 7136)
4(6438 6473 7138 7103)
4(6472 7137 7138 6473)
4(7102 7103 7138 7137)
4(6473 7138 7139 6474)
4(7103 7104 7139 7138)
4(6441 6476 7141 7106)
4(6475 7140 7141 6476)
4(7105 7106 7141 7140)
4(6442 6477 7142 7107)
4(6476 7141 7142 6477)
4(7106 7107 7142 7141)
4(6443 6478 7143 7108)
4(6477 7142 7143 6478)
4(7107 7108 7143 7142)
4(6444 6479 7144 7109)
4(6478 7143 7144 6479)
4(7108 7109 7144 7143)
4(6445 6480 7145 7110)
4(6479 7144 7145 6480)
4(7109 7110 7145 7144)
4(6446 6481 7146 7111)
4(6480 7145 7146 6481)
4(7110 7111 7146 7145)
4(6447 6482 7147 7112)
4(6481 7146 7147 6482)
4(7111 7112 7147 7146)
4(6448 6483 7148 7113)
4(6482 7147 7148 6483)
4(7112 7113 7148 7147)
4(6449 6484 7149 7114)
4(6483 7148 7149 6484)
4(7113 7114 7149 7148)
4(6450 6485 7150 7115)
4(6484 7149 7150 6485)
4(7114 7115 7150 7149)
4(6451 6486 7151 7116)
4(6485 7150 7151 6486)
4(7115 7116 7151 7150)
4(6452 6487 7152 7117)
4(6486 7151 7152 6487)
4(7116 7117 7152 7151)
4(6453 6488 7153 7118)
4(6487 7152 7153 6488)
4(7117 7118 7153 7152)
4(6454 6489 7154 7119)
4(6488 7153 7154 6489)
4(7118 7119 7154 7153)
4(6455 6490 7155 7120)
4(6489 7154 7155 6490)
4(7119 7120 7155 7154)
4(6456 6491 7156 7121)
4(6490 7155 7156 6491)
4(7120 7121 7156 7155)
4(6457 6492 7157 7122)
4(6491 7156 7157 6492)
4(7121 7122 7157 7156)
4(6458 6493 7158 7123)
4(6492 7157 7158 6493)
4(7122 7123 7158 7157)
4(6459 6494 7159 7124)
4(6493 7158 7159 6494)
4(7123 7124 7159 7158)
4(6460 6495 7160 7125)
4(6494 7159 7160 6495)
4(7124 7125 7160 7159)
4(6461 6496 7161 7126)
4(6495 7160 7161 6496)
4(7125 7126 7161 7160)
4(6462 6497 7162 7127)
4(6496 7161 7162 6497)
4(7126 7127 7162 7161)
4(6463 6498 7163 7128)
4(6497 7162 7163 6498)
4(7127 7128 7163 7162)
4(6464 6499 7164 7129)
4(6498 7163 7164 6499)
4(7128 7129 7164 7163)
4(6465 6500 7165 7130)
4(6499 7164 7165 6500)
4(7129 7130 7165 7164)
4(6466 6501 7166 7131)
4(6500 7165 7166 6501)
4(7130 7131 7166 7165)
4(6467 6502 7167 7132)
4(6501 7166 7167 6502)
4(7131 7132 7167 7166)
4(6468 6503 7168 7133)
4(6502 7167 7168 6503)
4(7132 7133 7168 7167)
4(6469 6504 7169 7134)
4(6503 7168 7169 6504)
4(7133 7134 7169 7168)
4(6470 6505 7170 7135)
4(6504 7169 7170 6505)
4(7134 7135 7170 7169)
4(6471 6506 7171 7136)
4(6505 7170 7171 6506)
4(7135 7136 7171 7170)
4(6472 6507 7172 7137)
4(6506 7171 7172 6507)
4(7136 7137 7172 7171)
4(6473 6508 7173 7138)
4(6507 7172 7173 6508)
4(7137 7138 7173 7172)
4(6508 7173 7174 6509)
4(7138 7139 7174 7173)
4(6476 6511 7176 7141)
4(6510 7175 7176 6511)
4(7140 7141 7176 7175)
4(6477 6512 7177 7142)
4(6511 7176 7177 6512)
4(7141 7142 7177 7176)
4(6478 6513 7178 7143)
4(6512 7177 7178 6513)
4(7142 7143 7178 7177)
4(6479 6514 7179 7144)
4(6513 7178 7179 6514)
4(7143 7144 7179 7178)
4(6480 6515 7180 7145)
4(6514 7179 7180 6515)
4(7144 7145 7180 7179)
4(6481 6516 7181 7146)
4(6515 7180 7181 6516)
4(7145 7146 7181 7180)
4(6482 6517 7182 7147)
4(6516 7181 7182 6517)
4(7146 7147 7182 7181)
4(6483 6518 7183 7148)
4(6517 7182 7183 6518)
4(7147 7148 7183 7182)
4(6484 6519 7184 7149)
4(6518 7183 7184 6519)
4(7148 7149 7184 7183)
4(6485 6520 7185 7150)
4(6519 7184 7185 6520)
4(7149 7150 7185 7184)
4(6486 6521 7186 7151)
4(6520 7185 7186 6521)
4(7150 7151 7186 7185)
4(6487 6522 7187 7152)
4(6521 7186 7187 6522)
4(7151 7152 7187 7186)
4(6488 6523 7188 7153)
4(6522 7187 7188 6523)
4(7152 7153 7188 7187)
4(6489 6524 7189 7154)
4(6523 7188 7189 6524)
4(7153 7154 7189 7188)
4(6490 6525 7190 7155)
4(6524 7189 7190 6525)
4(7154 7155 7190 7189)
4(6491 6526 7191 7156)
4(6525 7190 7191 6526)
4(7155 7156 7191 7190)
4(6492 6527 7192 7157)
4(6526 7191 7192 6527)
4(7156 7157 7192 7191)
4(6493 6528 7193 7158)
4(6527 7192 7193 6528)
4(7157 7158 7193 7192)
4(6494 6529 7194 7159)
4(6528 7193 7194 6529)
4(7158 7159 7194 7193)
4(6495 6530 7195 7160)
4(6529 7194 7195 6530)
4(7159 7160 7195 7194)
4(6496 6531 7196 7161)
4(6530 7195 7196 6531)
4(7160 7161 7196 7195)
4(6497 6532 7197 7162)
4(6531 7196 7197 6532)
4(7161 7162 7197 7196)
4(6498 6533 7198 7163)
4(6532 7197 7198 6533)
4(7162 7163 7198 7197)
4(6499 6534 7199 7164)
4(6533 7198 7199 6534)
4(7163 7164 7199 7198)
4(6500 6535 7200 7165)
4(6534 7199 7200 6535)
4(7164 7165 7200 7199)
4(6501 6536 7201 7166)
4(6535 7200 7201 6536)
4(7165 7166 7201 7200)
4(6502 6537 7202 7167)
4(6536 7201 7202 6537)
4(7166 7167 7202 7201)
4(6503 6538 7203 7168)
4(6537 7202 7203 6538)
4(7167 7168 7203 7202)
4(6504 6539 7204 7169)
4(6538 7203 7204 6539)
4(7168 7169 7204 7203)
4(6505 6540 7205 7170)
4(6539 7204 7205 6540)
4(7169 7170 7205 7204)
4(6506 6541 7206 7171)
4(6540 7205 7206 6541)
4(7170 7171 7206 7205)
4(6507 6542 7207 7172)
4(6541 7206 7207 6542)
4(7171 7172 7207 7206)
4(6508 6543 7208 7173)
4(6542 7207 7208 6543)
4(7172 7173 7208 7207)
4(6543 7208 7209 6544)
4(7173 7174 7209 7208)
4(6511 6546 7211 7176)
4(6545 7210 7211 6546)
4(7175 7176 7211 7210)
4(6512 6547 7212 7177)
4(6546 7211 7212 6547)
4(7176 7177 7212 7211)
4(6513 6548 7213 7178)
4(6547 7212 7213 6548)
4(7177 7178 7213 7212)
4(6514 6549 7214 7179)
4(6548 7213 7214 6549)
4(7178 7179 7214 7213)
4(6515 6550 7215 7180)
4(6549 7214 7215 6550)
4(7179 7180 7215 7214)
4(6516 6551 7216 7181)
4(6550 7215 7216 6551)
4(7180 7181 7216 7215)
4(6517 6552 7217 7182)
4(6551 7216 7217 6552)
4(7181 7182 7217 7216)
4(6518 6553 7218 7183)
4(6552 7217 7218 6553)
4(7182 7183 7218 7217)
4(6519 6554 7219 7184)
4(6553 7218 7219 6554)
4(7183 7184 7219 7218)
4(6520 6555 7220 7185)
4(6554 7219 7220 6555)
4(7184 7185 7220 7219)
4(6521 6556 7221 7186)
4(6555 7220 7221 6556)
4(7185 7186 7221 7220)
4(6522 6557 7222 7187)
4(6556 7221 7222 6557)
4(7186 7187 7222 7221)
4(6523 6558 7223 7188)
4(6557 7222 7223 6558)
4(7187 7188 7223 7222)
4(6524 6559 7224 7189)
4(6558 7223 7224 6559)
4(7188 7189 7224 7223)
4(6525 6560 7225 7190)
4(6559 7224 7225 6560)
4(7189 7190 7225 7224)
4(6526 6561 7226 7191)
4(6560 7225 7226 6561)
4(7190 7191 7226 7225)
4(6527 6562 7227 7192)
4(6561 7226 7227 6562)
4(7191 7192 7227 7226)
4(6528 6563 7228 7193)
4(6562 7227 7228 6563)
4(7192 7193 7228 7227)
4(6529 6564 7229 7194)
4(6563 7228 7229 6564)
4(7193 7194 7229 7228)
4(6530 6565 7230 7195)
4(6564 7229 7230 6565)
4(7194 7195 7230 7229)
4(6531 6566 7231 7196)
4(6565 7230 7231 6566)
4(7195 7196 7231 7230)
4(6532 6567 7232 7197)
4(6566 7231 7232 6567)
4(7196 7197 7232 7231)
4(6533 6568 7233 7198)
4(6567 7232 7233 6568)
4(7197 7198 7233 7232)
4(6534 6569 7234 7199)
4(6568 7233 7234 6569)
4(7198 7199 7234 7233)
4(6535 6570 7235 7200)
4(6569 7234 7235 6570)
4(7199 7200 7235 7234)
4(6536 6571 7236 7201)
4(6570 7235 7236 6571)
4(7200 7201 7236 7235)
4(6537 6572 7237 7202)
4(6571 7236 7237 6572)
4(7201 7202 7237 7236)
4(6538 6573 7238 7203)
4(6572 7237 7238 6573)
4(7202 7203 7238 7237)
4(6539 6574 7239 7204)
4(6573 7238 7239 6574)
4(7203 7204 7239 7238)
4(6540 6575 7240 7205)
4(6574 7239 7240 6575)
4(7204 7205 7240 7239)
4(6541 6576 7241 7206)
4(6575 7240 7241 6576)
4(7205 7206 7241 7240)
4(6542 6577 7242 7207)
4(6576 7241 7242 6577)
4(7206 7207 7242 7241)
4(6543 6578 7243 7208)
4(6577 7242 7243 6578)
4(7207 7208 7243 7242)
4(6578 7243 7244 6579)
4(7208 7209 7244 7243)
4(6546 6581 7246 7211)
4(6580 7245 7246 6581)
4(7210 7211 7246 7245)
4(6547 6582 7247 7212)
4(6581 7246 7247 6582)
4(7211 7212 7247 7246)
4(6548 6583 7248 7213)
4(6582 7247 7248 6583)
4(7212 7213 7248 7247)
4(6549 6584 7249 7214)
4(6583 7248 7249 6584)
4(7213 7214 7249 7248)
4(6550 6585 7250 7215)
4(6584 7249 7250 6585)
4(7214 7215 7250 7249)
4(6551 6586 7251 7216)
4(6585 7250 7251 6586)
4(7215 7216 7251 7250)
4(6552 6587 7252 7217)
4(6586 7251 7252 6587)
4(7216 7217 7252 7251)
4(6553 6588 7253 7218)
4(6587 7252 7253 6588)
4(7217 7218 7253 7252)
4(6554 6589 7254 7219)
4(6588 7253 7254 6589)
4(7218 7219 7254 7253)
4(6555 6590 7255 7220)
4(6589 7254 7255 6590)
4(7219 7220 7255 7254)
4(6556 6591 7256 7221)
4(6590 7255 7256 6591)
4(7220 7221 7256 7255)
4(6557 6592 7257 7222)
4(6591 7256 7257 6592)
4(7221 7222 7257 7256)
4(6558 6593 7258 7223)
4(6592 7257 7258 6593)
4(7222 7223 7258 7257)
4(6559 6594 7259 7224)
4(6593 7258 7259 6594)
4(7223 7224 7259 7258)
4(6560 6595 7260 7225)
4(6594 7259 7260 6595)
4(7224 7225 7260 7259)
4(6561 6596 7261 7226)
4(6595 7260 7261 6596)
4(7225 7226 7261 7260)
4(6562 6597 7262 7227)
4(6596 7261 7262 6597)
4(7226 7227 7262 7261)
4(6563 6598 7263 7228)
4(6597 7262 7263 6598)
4(7227 7228 7263 7262)
4(6564 6599 7264 7229)
4(6598 7263 7264 6599)
4(7228 7229 7264 7263)
4(6565 6600 7265 7230)
4(6599 7264 7265 6600)
4(7229 7230 7265 7264)
4(6566 6601 7266 7231)
4(6600 7265 7266 6601)
4(7230 7231 7266 7265)
4(6567 6602 7267 7232)
4(6601 7266 7267 6602)
4(7231 7232 7267 7266)
4(6568 6603 7268 7233)
4(6602 7267 7268 6603)
4(7232 7233 7268 7267)
4(6569 6604 7269 7234)
4(6603 7268 7269 6604)
4(7233 7234 7269 7268)
4(6570 6605 7270 7235)
4(6604 7269 7270 6605)
4(7234 7235 7270 7269)
4(6571 6606 7271 7236)
4(6605 7270 7271 6606)
4(7235 7236 7271 7270)
4(6572 6607 7272 7237)
4(6606 7271 7272 6607)
4(7236 7237 7272 7271)
4(6573 6608 7273 7238)
4(6607 7272 7273 6608)
4(7237 7238 7273 7272)
4(6574 6609 7274 7239)
4(6608 7273 7274 6609)
4(7238 7239 7274 7273)
4(6575 6610 7275 7240)
4(6609 7274 7275 6610)
4(7239 7240 7275 7274)
4(6576 6611 7276 7241)
4(6610 7275 7276 6611)
4(7240 7241 7276 7275)
4(6577 6612 7277 7242)
4(6611 7276 7277 6612)
4(7241 7242 7277 7276)
4(6578 6613 7278 7243)
4(6612 7277 7278 6613)
4(7242 7243 7278 7277)
4(6613 7278 7279 6614)
4(7243 7244 7279 7278)
4(6581 6616 7281 7246)
4(7245 7246 7281 7280)
4(6582 6617 7282 7247)
4(7246 7247 7282 7281)
4(6583 6618 7283 7248)
4(7247 7248 7283 7282)
4(6584 6619 7284 7249)
4(7248 7249 7284 7283)
4(6585 6620 7285 7250)
4(7249 7250 7285 7284)
4(6586 6621 7286 7251)
4(7250 7251 7286 7285)
4(6587 6622 7287 7252)
4(7251 7252 7287 7286)
4(6588 6623 7288 7253)
4(7252 7253 7288 7287)
4(6589 6624 7289 7254)
4(7253 7254 7289 7288)
4(6590 6625 7290 7255)
4(7254 7255 7290 7289)
4(6591 6626 7291 7256)
4(7255 7256 7291 7290)
4(6592 6627 7292 7257)
4(7256 7257 7292 7291)
4(6593 6628 7293 7258)
4(7257 7258 7293 7292)
4(6594 6629 7294 7259)
4(7258 7259 7294 7293)
4(6595 6630 7295 7260)
4(7259 7260 7295 7294)
4(6596 6631 7296 7261)
4(7260 7261 7296 7295)
4(6597 6632 7297 7262)
4(7261 7262 7297 7296)
4(6598 6633 7298 7263)
4(7262 7263 7298 7297)
4(6599 6634 7299 7264)
4(7263 7264 7299 7298)
4(6600 6635 7300 7265)
4(7264 7265 7300 7299)
4(6601 6636 7301 7266)
4(7265 7266 7301 7300)
4(6602 6637 7302 7267)
4(7266 7267 7302 7301)
4(6603 6638 7303 7268)
4(7267 7268 7303 7302)
4(6604 6639 7304 7269)
4(7268 7269 7304 7303)
4(6605 6640 7305 7270)
4(7269 7270 7305 7304)
4(6606 6641 7306 7271)
4(7270 7271 7306 7305)
4(6607 6642 7307 7272)
4(7271 7272 7307 7306)
4(6608 6643 7308 7273)
4(7272 7273 7308 7307)
4(6609 6644 7309 7274)
4(7273 7274 7309 7308)
4(6610 6645 7310 7275)
4(7274 7275 7310 7309)
4(6611 6646 7311 7276)
4(7275 7276 7311 7310)
4(6612 6647 7312 7277)
4(7276 7277 7312 7311)
4(6613 6648 7313 7278)
4(7277 7278 7313 7312)
4(7278 7279 7314 7313)
4(6651 6686 7351 7316)
4(6685 7350 7351 6686)
4(7315 7316 7351 7350)
4(6652 6687 7352 7317)
4(6686 7351 7352 6687)
4(7316 7317 7352 7351)
4(6653 6688 7353 7318)
4(6687 7352 7353 6688)
4(7317 7318 7353 7352)
4(6654 6689 7354 7319)
4(6688 7353 7354 6689)
4(7318 7319 7354 7353)
4(6655 6690 7355 7320)
4(6689 7354 7355 6690)
4(7319 7320 7355 7354)
4(6656 6691 7356 7321)
4(6690 7355 7356 6691)
4(7320 7321 7356 7355)
4(6657 6692 7357 7322)
4(6691 7356 7357 6692)
4(7321 7322 7357 7356)
4(6658 6693 7358 7323)
4(6692 7357 7358 6693)
4(7322 7323 7358 7357)
4(6659 6694 7359 7324)
4(6693 7358 7359 6694)
4(7323 7324 7359 7358)
4(6660 6695 7360 7325)
4(6694 7359 7360 6695)
4(7324 7325 7360 7359)
4(6661 6696 7361 7326)
4(6695 7360 7361 6696)
4(7325 7326 7361 7360)
4(6662 6697 7362 7327)
4(6696 7361 7362 6697)
4(7326 7327 7362 7361)
4(6663 6698 7363 7328)
4(6697 7362 7363 6698)
4(7327 7328 7363 7362)
4(6664 6699 7364 7329)
4(6698 7363 7364 6699)
4(7328 7329 7364 7363)
4(6665 6700 7365 7330)
4(6699 7364 7365 6700)
4(7329 7330 7365 7364)
4(6666 6701 7366 7331)
4(6700 7365 7366 6701)
4(7330 7331 7366 7365)
4(6667 6702 7367 7332)
4(6701 7366 7367 6702)
4(7331 7332 7367 7366)
4(6668 6703 7368 7333)
4(6702 7367 7368 6703)
4(7332 7333 7368 7367)
4(6669 6704 7369 7334)
4(6703 7368 7369 6704)
4(7333 7334 7369 7368)
4(6670 6705 7370 7335)
4(6704 7369 7370 6705)
4(7334 7335 7370 7369)
4(6671 6706 7371 7336)
4(6705 7370 7371 6706)
4(7335 7336 7371 7370)
4(6672 6707 7372 7337)
4(6706 7371 7372 6707)
4(7336 7337 7372 7371)
4(6673 6708 7373 7338)
4(6707 7372 7373 6708)
4(7337 7338 7373 7372)
4(6674 6709 7374 7339)
4(6708 7373 7374 6709)
4(7338 7339 7374 7373)
4(6675 6710 7375 7340)
4(6709 7374 7375 6710)
4(7339 7340 7375 7374)
4(6676 6711 7376 7341)
4(6710 7375 7376 6711)
4(7340 7341 7376 7375)
4(6677 6712 7377 7342)
4(6711 7376 7377 6712)
4(7341 7342 7377 7376)
4(6678 6713 7378 7343)
4(6712 7377 7378 6713)
4(7342 7343 7378 7377)
4(6679 6714 7379 7344)
4(6713 7378 7379 6714)
4(7343 7344 7379 7378)
4(6680 6715 7380 7345)
4(6714 7379 7380 6715)
4(7344 7345 7380 7379)
4(6681 6716 7381 7346)
4(6715 7380 7381 6716)
4(7345 7346 7381 7380)
4(6682 6717 7382 7347)
4(6716 7381 7382 6717)
4(7346 7347 7382 7381)
4(6683 6718 7383 7348)
4(6717 7382 7383 6718)
4(7347 7348 7383 7382)
4(6718 7383 7384 6719)
4(7348 7349 7384 7383)
4(6686 6721 7386 7351)
4(6720 7385 7386 6721)
4(7350 7351 7386 7385)
4(6687 6722 7387 7352)
4(6721 7386 7387 6722)
4(7351 7352 7387 7386)
4(6688 6723 7388 7353)
4(6722 7387 7388 6723)
4(7352 7353 7388 7387)
4(6689 6724 7389 7354)
4(6723 7388 7389 6724)
4(7353 7354 7389 7388)
4(6690 6725 7390 7355)
4(6724 7389 7390 6725)
4(7354 7355 7390 7389)
4(6691 6726 7391 7356)
4(6725 7390 7391 6726)
4(7355 7356 7391 7390)
4(6692 6727 7392 7357)
4(6726 7391 7392 6727)
4(7356 7357 7392 7391)
4(6693 6728 7393 7358)
4(6727 7392 7393 6728)
4(7357 7358 7393 7392)
4(6694 6729 7394 7359)
4(6728 7393 7394 6729)
4(7358 7359 7394 7393)
4(6695 6730 7395 7360)
4(6729 7394 7395 6730)
4(7359 7360 7395 7394)
4(6696 6731 7396 7361)
4(6730 7395 7396 6731)
4(7360 7361 7396 7395)
4(6697 6732 7397 7362)
4(6731 7396 7397 6732)
4(7361 7362 7397 7396)
4(6698 6733 7398 7363)
4(6732 7397 7398 6733)
4(7362 7363 7398 7397)
4(6699 6734 7399 7364)
4(6733 7398 7399 6734)
4(7363 7364 7399 7398)
4(6700 6735 7400 7365)
4(6734 7399 7400 6735)
4(7364 7365 7400 7399)
4(6701 6736 7401 7366)
4(6735 7400 7401 6736)
4(7365 7366 7401 7400)
4(6702 6737 7402 7367)
4(6736 7401 7402 6737)
4(7366 7367 7402 7401)
4(6703 6738 7403 7368)
4(6737 7402 7403 6738)
4(7367 7368 7403 7402)
4(6704 6739 7404 7369)
4(6738 7403 7404 6739)
4(7368 7369 7404 7403)
4(6705 6740 7405 7370)
4(6739 7404 7405 6740)
4(7369 7370 7405 7404)
4(6706 6741 7406 7371)
4(6740 7405 7406 6741)
4(7370 7371 7406 7405)
4(6707 6742 7407 7372)
4(6741 7406 7407 6742)
4(7371 7372 7407 7406)
4(6708 6743 7408 7373)
4(6742 7407 7408 6743)
4(7372 7373 7408 7407)
4(6709 6744 7409 7374)
4(6743 7408 7409 6744)
4(7373 7374 7409 7408)
4(6710 6745 7410 7375)
4(6744 7409 7410 6745)
4(7374 7375 7410 7409)
4(6711 6746 7411 7376)
4(6745 7410 7411 6746)
4(7375 7376 7411 7410)
4(6712 6747 7412 7377)
4(6746 7411 7412 6747)
4(7376 7377 7412 7411)
4(6713 6748 7413 7378)
4(6747 7412 7413 6748)
4(7377 7378 7413 7412)
4(6714 6749 7414 7379)
4(6748 7413 7414 6749)
4(7378 7379 7414 7413)
4(6715 6750 7415 7380)
4(6749 7414 7415 6750)
4(7379 7380 7415 7414)
4(6716 6751 7416 7381)
4(6750 7415 7416 6751)
4(7380 7381 7416 7415)
4(6717 6752 7417 7382)
4(6751 7416 7417 6752)
4(7381 7382 7417 7416)
4(6718 6753 7418 7383)
4(6752 7417 7418 6753)
4(7382 7383 7418 7417)
4(6753 7418 7419 6754)
4(7383 7384 7419 7418)
4(6721 6756 7421 7386)
4(6755 7420 7421 6756)
4(7385 7386 7421 7420)
4(6722 6757 7422 7387)
4(6756 7421 7422 6757)
4(7386 7387 7422 7421)
4(6723 6758 7423 7388)
4(6757 7422 7423 6758)
4(7387 7388 7423 7422)
4(6724 6759 7424 7389)
4(6758 7423 7424 6759)
4(7388 7389 7424 7423)
4(6725 6760 7425 7390)
4(6759 7424 7425 6760)
4(7389 7390 7425 7424)
4(6726 6761 7426 7391)
4(6760 7425 7426 6761)
4(7390 7391 7426 7425)
4(6727 6762 7427 7392)
4(6761 7426 7427 6762)
4(7391 7392 7427 7426)
4(6728 6763 7428 7393)
4(6762 7427 7428 6763)
4(7392 7393 7428 7427)
4(6729 6764 7429 7394)
4(6763 7428 7429 6764)
4(7393 7394 7429 7428)
4(6730 6765 7430 7395)
4(6764 7429 7430 6765)
4(7394 7395 7430 7429)
4(6731 6766 7431 7396)
4(6765 7430 7431 6766)
4(7395 7396 7431 7430)
4(6732 6767 7432 7397)
4(6766 7431 7432 6767)
4(7396 7397 7432 7431)
4(6733 6768 7433 7398)
4(6767 7432 7433 6768)
4(7397 7398 7433 7432)
4(6734 6769 7434 7399)
4(6768 7433 7434 6769)
4(7398 7399 7434 7433)
4(6735 6770 7435 7400)
4(6769 7434 7435 6770)
4(7399 7400 7435 7434)
4(6736 6771 7436 7401)
4(6770 7435 7436 6771)
4(7400 7401 7436 7435)
4(6737 6772 7437 7402)
4(6771 7436 7437 6772)
4(7401 7402 7437 7436)
4(6738 6773 7438 7403)
4(6772 7437 7438 6773)
4(7402 7403 7438 7437)
4(6739 6774 7439 7404)
4(6773 7438 7439 6774)
4(7403 7404 7439 7438)
4(6740 6775 7440 7405)
4(6774 7439 7440 6775)
4(7404 7405 7440 7439)
4(6741 6776 7441 7406)
4(6775 7440 7441 6776)
4(7405 7406 7441 7440)
4(6742 6777 7442 7407)
4(6776 7441 7442 6777)
4(7406 7407 7442 7441)
4(6743 6778 7443 7408)
4(6777 7442 7443 6778)
4(7407 7408 7443 7442)
4(6744 6779 7444 7409)
4(6778 7443 7444 6779)
4(7408 7409 7444 7443)
4(6745 6780 7445 7410)
4(6779 7444 7445 6780)
4(7409 7410 7445 7444)
4(6746 6781 7446 7411)
4(6780 7445 7446 6781)
4(7410 7411 7446 7445)
4(6747 6782 7447 7412)
4(6781 7446 7447 6782)
4(7411 7412 7447 7446)
4(6748 6783 7448 7413)
4(6782 7447 7448 6783)
4(7412 7413 7448 7447)
4(6749 6784 7449 7414)
4(6783 7448 7449 6784)
4(7413 7414 7449 7448)
4(6750 6785 7450 7415)
4(6784 7449 7450 6785)
4(7414 7415 7450 7449)
4(6751 6786 7451 7416)
4(6785 7450 7451 6786)
4(7415 7416 7451 7450)
4(6752 6787 7452 7417)
4(6786 7451 7452 6787)
4(7416 7417 7452 7451)
4(6753 6788 7453 7418)
4(6787 7452 7453 6788)
4(7417 7418 7453 7452)
4(6788 7453 7454 6789)
4(7418 7419 7454 7453)
4(6756 6791 7456 7421)
4(6790 7455 7456 6791)
4(7420 7421 7456 7455)
4(6757 6792 7457 7422)
4(6791 7456 7457 6792)
4(7421 7422 7457 7456)
4(6758 6793 7458 7423)
4(6792 7457 7458 6793)
4(7422 7423 7458 7457)
4(6759 6794 7459 7424)
4(6793 7458 7459 6794)
4(7423 7424 7459 7458)
4(6760 6795 7460 7425)
4(6794 7459 7460 6795)
4(7424 7425 7460 7459)
4(6761 6796 7461 7426)
4(6795 7460 7461 6796)
4(7425 7426 7461 7460)
4(6762 6797 7462 7427)
4(6796 7461 7462 6797)
4(7426 7427 7462 7461)
4(6763 6798 7463 7428)
4(6797 7462 7463 6798)
4(7427 7428 7463 7462)
4(6764 6799 7464 7429)
4(6798 7463 7464 6799)
4(7428 7429 7464 7463)
4(6765 6800 7465 7430)
4(6799 7464 7465 6800)
4(7429 7430 7465 7464)
4(6766 6801 7466 7431)
4(6800 7465 7466 6801)
4(7430 7431 7466 7465)
4(6767 6802 7467 7432)
4(6801 7466 7467 6802)
4(7431 7432 7467 7466)
4(6768 6803 7468 7433)
4(6802 7467 7468 6803)
4(7432 7433 7468 7467)
4(6769 6804 7469 7434)
4(6803 7468 7469 6804)
4(7433 7434 7469 7468)
4(6770 6805 7470 7435)
4(6804 7469 7470 6805)
4(7434 7435 7470 7469)
4(6771 6806 7471 7436)
4(6805 7470 7471 6806)
4(7435 7436 7471 7470)
4(6772 6807 7472 7437)
4(6806 7471 7472 6807)
4(7436 7437 7472 7471)
4(6773 6808 7473 7438)
4(6807 7472 7473 6808)
4(7437 7438 7473 7472)
4(6774 6809 7474 7439)
4(6808 7473 7474 6809)
4(7438 7439 7474 7473)
4(6775 6810 7475 7440)
4(6809 7474 7475 6810)
4(7439 7440 7475 7474)
4(6776 6811 7476 7441)
4(6810 7475 7476 6811)
4(7440 7441 7476 7475)
4(6777 6812 7477 7442)
4(6811 7476 7477 6812)
4(7441 7442 7477 7476)
4(6778 6813 7478 7443)
4(6812 7477 7478 6813)
4(7442 7443 7478 7477)
4(6779 6814 7479 7444)
4(6813 7478 7479 6814)
4(7443 7444 7479 7478)
4(6780 6815 7480 7445)
4(6814 7479 7480 6815)
4(7444 7445 7480 7479)
4(6781 6816 7481 7446)
4(6815 7480 7481 6816)
4(7445 7446 7481 7480)
4(6782 6817 7482 7447)
4(6816 7481 7482 6817)
4(7446 7447 7482 7481)
4(6783 6818 7483 7448)
4(6817 7482 7483 6818)
4(7447 7448 7483 7482)
4(6784 6819 7484 7449)
4(6818 7483 7484 6819)
4(7448 7449 7484 7483)
4(6785 6820 7485 7450)
4(6819 7484 7485 6820)
4(7449 7450 7485 7484)
4(6786 6821 7486 7451)
4(6820 7485 7486 6821)
4(7450 7451 7486 7485)
4(6787 6822 7487 7452)
4(6821 7486 7487 6822)
4(7451 7452 7487 7486)
4(6788 6823 7488 7453)
4(6822 7487 7488 6823)
4(7452 7453 7488 7487)
4(6823 7488 7489 6824)
4(7453 7454 7489 7488)
4(6791 6826 7491 7456)
4(6825 7490 7491 6826)
4(7455 7456 7491 7490)
4(6792 6827 7492 7457)
4(6826 7491 7492 6827)
4(7456 7457 7492 7491)
4(6793 6828 7493 7458)
4(6827 7492 7493 6828)
4(7457 7458 7493 7492)
4(6794 6829 7494 7459)
4(6828 7493 7494 6829)
4(7458 7459 7494 7493)
4(6795 6830 7495 7460)
4(6829 7494 7495 6830)
4(7459 7460 7495 7494)
4(6796 6831 7496 7461)
4(6830 7495 7496 6831)
4(7460 7461 7496 7495)
4(6797 6832 7497 7462)
4(6831 7496 7497 6832)
4(7461 7462 7497 7496)
4(6798 6833 7498 7463)
4(6832 7497 7498 6833)
4(7462 7463 7498 7497)
4(6799 6834 7499 7464)
4(6833 7498 7499 6834)
4(7463 7464 7499 7498)
4(6800 6835 7500 7465)
4(6834 7499 7500 6835)
4(7464 7465 7500 7499)
4(6801 6836 7501 7466)
4(6835 7500 7501 6836)
4(7465 7466 7501 7500)
4(6802 6837 7502 7467)
4(6836 7501 7502 6837)
4(7466 7467 7502 7501)
4(6803 6838 7503 7468)
4(6837 7502 7503 6838)
4(7467 7468 7503 7502)
4(6804 6839 7504 7469)
4(6838 7503 7504 6839)
4(7468 7469 7504 7503)
4(6805 6840 7505 7470)
4(6839 7504 7505 6840)
4(7469 7470 7505 7504)
4(6806 6841 7506 7471)
4(6840 7505 7506 6841)
4(7470 7471 7506 7505)
4(6807 6842 7507 7472)
4(6841 7506 7507 6842)
4(7471 7472 7507 7506)
4(6808 6843 7508 7473)
4(6842 7507 7508 6843)
4(7472 7473 7508 7507)
4(6809 6844 7509 7474)
4(6843 7508 7509 6844)
4(7473 7474 7509 7508)
4(6810 6845 7510 7475)
4(6844 7509 7510 6845)
4(7474 7475 7510 7509)
4(6811 6846 7511 7476)
4(6845 7510 7511 6846)
4(7475 7476 7511 7510)
4(6812 6847 7512 7477)
4(6846 7511 7512 6847)
4(7476 7477 7512 7511)
4(6813 6848 7513 7478)
4(6847 7512 7513 6848)
4(7477 7478 7513 7512)
4(6814 6849 7514 7479)
4(6848 7513 7514 6849)
4(7478 7479 7514 7513)
4(6815 6850 7515 7480)
4(6849 7514 7515 6850)
4(7479 7480 7515 7514)
4(6816 6851 7516 7481)
4(6850 7515 7516 6851)
4(7480 7481 7516 7515)
4(6817 6852 7517 7482)
4(6851 7516 7517 6852)
4(7481 7482 7517 7516)
4(6818 6853 7518 7483)
4(6852 7517 7518 6853)
4(7482 7483 7518 7517)
4(6819 6854 7519 7484)
4(6853 7518 7519 6854)
4(7483 7484 7519 7518)
4(6820 6855 7520 7485)
4(6854 7519 7520 6855)
4(7484 7485 7520 7519)
4(6821 6856 7521 7486)
4(6855 7520 7521 6856)
4(7485 7486 7521 7520)
4(6822 6857 7522 7487)
4(6856 7521 7522 6857)
4(7486 7487 7522 7521)
4(6823 6858 7523 7488)
4(6857 7522 7523 6858)
4(7487 7488 7523 7522)
4(6858 7523 7524 6859)
4(7488 7489 7524 7523)
4(6826 6861 7526 7491)
4(6860 7525 7526 6861)
4(7490 7491 7526 7525)
4(6827 6862 7527 7492)
4(6861 7526 7527 6862)
4(7491 7492 7527 7526)
4(6828 6863 7528 7493)
4(6862 7527 7528 6863)
4(7492 7493 7528 7527)
4(6829 6864 7529 7494)
4(6863 7528 7529 6864)
4(7493 7494 7529 7528)
4(6830 6865 7530 7495)
4(6864 7529 7530 6865)
4(7494 7495 7530 7529)
4(6831 6866 7531 7496)
4(6865 7530 7531 6866)
4(7495 7496 7531 7530)
4(6832 6867 7532 7497)
4(6866 7531 7532 6867)
4(7496 7497 7532 7531)
4(6833 6868 7533 7498)
4(6867 7532 7533 6868)
4(7497 7498 7533 7532)
4(6834 6869 7534 7499)
4(6868 7533 7534 6869)
4(7498 7499 7534 7533)
4(6835 6870 7535 7500)
4(6869 7534 7535 6870)
4(7499 7500 7535 7534)
4(6836 6871 7536 7501)
4(6870 7535 7536 6871)
4(7500 7501 7536 7535)
4(6837 6872 7537 7502)
4(6871 7536 7537 6872)
4(7501 7502 7537 7536)
4(6838 6873 7538 7503)
4(6872 7537 7538 6873)
4(7502 7503 7538 7537)
4(6839 6874 7539 7504)
4(6873 7538 7539 6874)
4(7503 7504 7539 7538)
4(6840 6875 7540 7505)
4(6874 7539 7540 6875)
4(7504 7505 7540 7539)
4(6841 6876 7541 7506)
4(6875 7540 7541 6876)
4(7505 7506 7541 7540)
4(6842 6877 7542 7507)
4(6876 7541 7542 6877)
4(7506 7507 7542 7541)
4(6843 6878 7543 7508)
4(6877 7542 7543 6878)
4(7507 7508 7543 7542)
4(6844 6879 7544 7509)
4(6878 7543 7544 6879)
4(7508 7509 7544 7543)
4(6845 6880 7545 7510)
4(6879 7544 7545 6880)
4(7509 7510 7545 7544)
4(6846 6881 7546 7511)
4(6880 7545 7546 6881)
4(7510 7511 7546 7545)
4(6847 6882 7547 7512)
4(6881 7546 7547 6882)
4(7511 7512 7547 7546)
4(6848 6883 7548 7513)
4(6882 7547 7548 6883)
4(7512 7513 7548 7547)
4(6849 6884 7549 7514)
4(6883 7548 7549 6884)
4(7513 7514 7549 7548)
4(6850 6885 7550 7515)
4(6884 7549 7550 6885)
4(7514 7515 7550 7549)
4(6851 6886 7551 7516)
4(6885 7550 7551 6886)
4(7515 7516 7551 7550)
4(6852 6887 7552 7517)
4(6886 7551 7552 6887)
4(7516 7517 7552 7551)
4(6853 6888 7553 7518)
4(6887 7552 7553 6888)
4(7517 7518 7553 7552)
4(6854 6889 7554 7519)
4(6888 7553 7554 6889)
4(7518 7519 7554 7553)
4(6855 6890 7555 7520)
4(6889 7554 7555 6890)
4(7519 7520 7555 7554)
4(6856 6891 7556 7521)
4(6890 7555 7556 6891)
4(7520 7521 7556 7555)
4(6857 6892 7557 7522)
4(6891 7556 7557 6892)
4(7521 7522 7557 7556)
4(6858 6893 7558 7523)
4(6892 7557 7558 6893)
4(7522 7523 7558 7557)
4(6893 7558 7559 6894)
4(7523 7524 7559 7558)
4(6861 6896 7561 7526)
4(6895 7560 7561 6896)
4(7525 7526 7561 7560)
4(6862 6897 7562 7527)
4(6896 7561 7562 6897)
4(7526 7527 7562 7561)
4(6863 6898 7563 7528)
4(6897 7562 7563 6898)
4(7527 7528 7563 7562)
4(6864 6899 7564 7529)
4(6898 7563 7564 6899)
4(7528 7529 7564 7563)
4(6865 6900 7565 7530)
4(6899 7564 7565 6900)
4(7529 7530 7565 7564)
4(6866 6901 7566 7531)
4(6900 7565 7566 6901)
4(7530 7531 7566 7565)
4(6867 6902 7567 7532)
4(6901 7566 7567 6902)
4(7531 7532 7567 7566)
4(6868 6903 7568 7533)
4(6902 7567 7568 6903)
4(7532 7533 7568 7567)
4(6869 6904 7569 7534)
4(6903 7568 7569 6904)
4(7533 7534 7569 7568)
4(6870 6905 7570 7535)
4(6904 7569 7570 6905)
4(7534 7535 7570 7569)
4(6871 6906 7571 7536)
4(6905 7570 7571 6906)
4(7535 7536 7571 7570)
4(6872 6907 7572 7537)
4(6906 7571 7572 6907)
4(7536 7537 7572 7571)
4(6873 6908 7573 7538)
4(6907 7572 7573 6908)
4(7537 7538 7573 7572)
4(6874 6909 7574 7539)
4(6908 7573 7574 6909)
4(7538 7539 7574 7573)
4(6875 6910 7575 7540)
4(6909 7574 7575 6910)
4(7539 7540 7575 7574)
4(6876 6911 7576 7541)
4(6910 7575 7576 6911)
4(7540 7541 7576 7575)
4(6877 6912 7577 7542)
4(6911 7576 7577 6912)
4(7541 7542 7577 7576)
4(6878 6913 7578 7543)
4(6912 7577 7578 6913)
4(7542 7543 7578 7577)
4(6879 6914 7579 7544)
4(6913 7578 7579 6914)
4(7543 7544 7579 7578)
4(6880 6915 7580 7545)
4(6914 7579 7580 6915)
4(7544 7545 7580 7579)
4(6881 6916 7581 7546)
4(6915 7580 7581 6916)
4(7545 7546 7581 7580)
4(6882 6917 7582 7547)
4(6916 7581 7582 6917)
4(7546 7547 7582 7581)
4(6883 6918 7583 7548)
4(6917 7582 7583 6918)
4(7547 7548 7583 7582)
4(6884 6919 7584 7549)
4(6918 7583 7584 6919)
4(7548 7549 7584 7583)
4(6885 6920 7585 7550)
4(6919 7584 7585 6920)
4(7549 7550 7585 7584)
4(6886 6921 7586 7551)
4(6920 7585 7586 6921)
4(7550 7551 7586 7585)
4(6887 6922 7587 7552)
4(6921 7586 7587 6922)
4(7551 7552 7587 7586)
4(6888 6923 7588 7553)
4(6922 7587 7588 6923)
4(7552 7553 7588 7587)
4(6889 6924 7589 7554)
4(6923 7588 7589 6924)
4(7553 7554 7589 7588)
4(6890 6925 7590 7555)
4(6924 7589 7590 6925)
4(7554 7555 7590 7589)
4(6891 6926 7591 7556)
4(6925 7590 7591 6926)
4(7555 7556 7591 7590)
4(6892 6927 7592 7557)
4(6926 7591 7592 6927)
4(7556 7557 7592 7591)
4(6893 6928 7593 7558)
4(6927 7592 7593 6928)
4(7557 7558 7593 7592)
4(6928 7593 7594 6929)
4(7558 7559 7594 7593)
4(6896 6931 7596 7561)
4(6930 7595 7596 6931)
4(7560 7561 7596 7595)
4(6897 6932 7597 7562)
4(6931 7596 7597 6932)
4(7561 7562 7597 7596)
4(6898 6933 7598 7563)
4(6932 7597 7598 6933)
4(7562 7563 7598 7597)
4(6899 6934 7599 7564)
4(6933 7598 7599 6934)
4(7563 7564 7599 7598)
4(6900 6935 7600 7565)
4(6934 7599 7600 6935)
4(7564 7565 7600 7599)
4(6901 6936 7601 7566)
4(6935 7600 7601 6936)
4(7565 7566 7601 7600)
4(6902 6937 7602 7567)
4(6936 7601 7602 6937)
4(7566 7567 7602 7601)
4(6903 6938 7603 7568)
4(6937 7602 7603 6938)
4(7567 7568 7603 7602)
4(6904 6939 7604 7569)
4(6938 7603 7604 6939)
4(7568 7569 7604 7603)
4(6905 6940 7605 7570)
4(6939 7604 7605 6940)
4(7569 7570 7605 7604)
4(6906 6941 7606 7571)
4(6940 7605 7606 6941)
4(7570 7571 7606 7605)
4(6907 6942 7607 7572)
4(6941 7606 7607 6942)
4(7571 7572 7607 7606)
4(6908 6943 7608 7573)
4(6942 7607 7608 6943)
4(7572 7573 7608 7607)
4(6909 6944 7609 7574)
4(6943 7608 7609 6944)
4(7573 7574 7609 7608)
4(6910 6945 7610 7575)
4(6944 7609 7610 6945)
4(7574 7575 7610 7609)
4(6911 6946 7611 7576)
4(6945 7610 7611 6946)
4(7575 7576 7611 7610)
4(6912 6947 7612 7577)
4(6946 7611 7612 6947)
4(7576 7577 7612 7611)
4(6913 6948 7613 7578)
4(6947 7612 7613 6948)
4(7577 7578 7613 7612)
4(6914 6949 7614 7579)
4(6948 7613 7614 6949)
4(7578 7579 7614 7613)
4(6915 6950 7615 7580)
4(6949 7614 7615 6950)
4(7579 7580 7615 7614)
4(6916 6951 7616 7581)
4(6950 7615 7616 6951)
4(7580 7581 7616 7615)
4(6917 6952 7617 7582)
4(6951 7616 7617 6952)
4(7581 7582 7617 7616)
4(6918 6953 7618 7583)
4(6952 7617 7618 6953)
4(7582 7583 7618 7617)
4(6919 6954 7619 7584)
4(6953 7618 7619 6954)
4(7583 7584 7619 7618)
4(6920 6955 7620 7585)
4(6954 7619 7620 6955)
4(7584 7585 7620 7619)
4(6921 6956 7621 7586)
4(6955 7620 7621 6956)
4(7585 7586 7621 7620)
4(6922 6957 7622 7587)
4(6956 7621 7622 6957)
4(7586 7587 7622 7621)
4(6923 6958 7623 7588)
4(6957 7622 7623 6958)
4(7587 7588 7623 7622)
4(6924 6959 7624 7589)
4(6958 7623 7624 6959)
4(7588 7589 7624 7623)
4(6925 6960 7625 7590)
4(6959 7624 7625 6960)
4(7589 7590 7625 7624)
4(6926 6961 7626 7591)
4(6960 7625 7626 6961)
4(7590 7591 7626 7625)
4(6927 6962 7627 7592)
4(6961 7626 7627 6962)
4(7591 7592 7627 7626)
4(6928 6963 7628 7593)
4(6962 7627 7628 6963)
4(7592 7593 7628 7627)
4(6963 7628 7629 6964)
4(7593 7594 7629 7628)
4(6931 6966 7631 7596)
4(6965 7630 7631 6966)
4(7595 7596 7631 7630)
4(6932 6967 7632 7597)
4(6966 7631 7632 6967)
4(7596 7597 7632 7631)
4(6933 6968 7633 7598)
4(6967 7632 7633 6968)
4(7597 7598 7633 7632)
4(6934 6969 7634 7599)
4(6968 7633 7634 6969)
4(7598 7599 7634 7633)
4(6935 6970 7635 7600)
4(6969 7634 7635 6970)
4(7599 7600 7635 7634)
4(6936 6971 7636 7601)
4(6970 7635 7636 6971)
4(7600 7601 7636 7635)
4(6937 6972 7637 7602)
4(6971 7636 7637 6972)
4(7601 7602 7637 7636)
4(6938 6973 7638 7603)
4(6972 7637 7638 6973)
4(7602 7603 7638 7637)
4(6939 6974 7639 7604)
4(6973 7638 7639 6974)
4(7603 7604 7639 7638)
4(6940 6975 7640 7605)
4(6974 7639 7640 6975)
4(7604 7605 7640 7639)
4(6941 6976 7641 7606)
4(6975 7640 7641 6976)
4(7605 7606 7641 7640)
4(6942 6977 7642 7607)
4(6976 7641 7642 6977)
4(7606 7607 7642 7641)
4(6943 6978 7643 7608)
4(6977 7642 7643 6978)
4(7607 7608 7643 7642)
4(6944 6979 7644 7609)
4(6978 7643 7644 6979)
4(7608 7609 7644 7643)
4(6945 6980 7645 7610)
4(6979 7644 7645 6980)
4(7609 7610 7645 7644)
4(6946 6981 7646 7611)
4(6980 7645 7646 6981)
4(7610 7611 7646 7645)
4(6947 6982 7647 7612)
4(6981 7646 7647 6982)
4(7611 7612 7647 7646)
4(6948 6983 7648 7613)
4(6982 7647 7648 6983)
4(7612 7613 7648 7647)
4(6949 6984 7649 7614)
4(6983 7648 7649 6984)
4(7613 7614 7649 7648)
4(6950 6985 7650 7615)
4(6984 7649 7650 6985)
4(7614 7615 7650 7649)
4(6951 6986 7651 7616)
4(6985 7650 7651 6986)
4(7615 7616 7651 7650)
4(6952 6987 7652 7617)
4(6986 7651 7652 6987)
4(7616 7617 7652 7651)
4(6953 6988 7653 7618)
4(6987 7652 7653 6988)
4(7617 7618 7653 7652)
4(6954 6989 7654 7619)
4(6988 7653 7654 6989)
4(7618 7619 7654 7653)
4(6955 6990 7655 7620)
4(6989 7654 7655 6990)
4(7619 7620 7655 7654)
4(6956 6991 7656 7621)
4(6990 7655 7656 6991)
4(7620 7621 7656 7655)
4(6957 6992 7657 7622)
4(6991 7656 7657 6992)
4(7621 7622 7657 7656)
4(6958 6993 7658 7623)
4(6992 7657 7658 6993)
4(7622 7623 7658 7657)
4(6959 6994 7659 7624)
4(6993 7658 7659 6994)
4(7623 7624 7659 7658)
4(6960 6995 7660 7625)
4(6994 7659 7660 6995)
4(7624 7625 7660 7659)
4(6961 6996 7661 7626)
4(6995 7660 7661 6996)
4(7625 7626 7661 7660)
4(6962 6997 7662 7627)
4(6996 7661 7662 6997)
4(7626 7627 7662 7661)
4(6963 6998 7663 7628)
4(6997 7662 7663 6998)
4(7627 7628 7663 7662)
4(6998 7663 7664 6999)
4(7628 7629 7664 7663)
4(6966 7001 7666 7631)
4(7000 7665 7666 7001)
4(7630 7631 7666 7665)
4(6967 7002 7667 7632)
4(7001 7666 7667 7002)
4(7631 7632 7667 7666)
4(6968 7003 7668 7633)
4(7002 7667 7668 7003)
4(7632 7633 7668 7667)
4(6969 7004 7669 7634)
4(7003 7668 7669 7004)
4(7633 7634 7669 7668)
4(6970 7005 7670 7635)
4(7004 7669 7670 7005)
4(7634 7635 7670 7669)
4(6971 7006 7671 7636)
4(7005 7670 7671 7006)
4(7635 7636 7671 7670)
4(6972 7007 7672 7637)
4(7006 7671 7672 7007)
4(7636 7637 7672 7671)
4(6973 7008 7673 7638)
4(7007 7672 7673 7008)
4(7637 7638 7673 7672)
4(6974 7009 7674 7639)
4(7008 7673 7674 7009)
4(7638 7639 7674 7673)
4(6975 7010 7675 7640)
4(7009 7674 7675 7010)
4(7639 7640 7675 7674)
4(6976 7011 7676 7641)
4(7010 7675 7676 7011)
4(7640 7641 7676 7675)
4(6977 7012 7677 7642)
4(7011 7676 7677 7012)
4(7641 7642 7677 7676)
4(6978 7013 7678 7643)
4(7012 7677 7678 7013)
4(7642 7643 7678 7677)
4(6979 7014 7679 7644)
4(7013 7678 7679 7014)
4(7643 7644 7679 7678)
4(6980 7015 7680 7645)
4(7014 7679 7680 7015)
4(7644 7645 7680 7679)
4(6981 7016 7681 7646)
4(7015 7680 7681 7016)
4(7645 7646 7681 7680)
4(6982 7017 7682 7647)
4(7016 7681 7682 7017)
4(7646 7647 7682 7681)
4(6983 7018 7683 7648)
4(7017 7682 7683 7018)
4(7647 7648 7683 7682)
4(6984 7019 7684 7649)
4(7018 7683 7684 7019)
4(7648 7649 7684 7683)
4(6985 7020 7685 7650)
4(7019 7684 7685 7020)
4(7649 7650 7685 7684)
4(6986 7021 7686 7651)
4(7020 7685 7686 7021)
4(7650 7651 7686 7685)
4(6987 7022 7687 7652)
4(7021 7686 7687 7022)
4(7651 7652 7687 7686)
4(6988 7023 7688 7653)
4(7022 7687 7688 7023)
4(7652 7653 7688 7687)
4(6989 7024 7689 7654)
4(7023 7688 7689 7024)
4(7653 7654 7689 7688)
4(6990 7025 7690 7655)
4(7024 7689 7690 7025)
4(7654 7655 7690 7689)
4(6991 7026 7691 7656)
4(7025 7690 7691 7026)
4(7655 7656 7691 7690)
4(6992 7027 7692 7657)
4(7026 7691 7692 7027)
4(7656 7657 7692 7691)
4(6993 7028 7693 7658)
4(7027 7692 7693 7028)
4(7657 7658 7693 7692)
4(6994 7029 7694 7659)
4(7028 7693 7694 7029)
4(7658 7659 7694 7693)
4(6995 7030 7695 7660)
4(7029 7694 7695 7030)
4(7659 7660 7695 7694)
4(6996 7031 7696 7661)
4(7030 7695 7696 7031)
4(7660 7661 7696 7695)
4(6997 7032 7697 7662)
4(7031 7696 7697 7032)
4(7661 7662 7697 7696)
4(6998 7033 7698 7663)
4(7032 7697 7698 7033)
4(7662 7663 7698 7697)
4(7033 7698 7699 7034)
4(7663 7664 7699 7698)
4(7001 7036 7701 7666)
4(7035 7700 7701 7036)
4(7665 7666 7701 7700)
4(7002 7037 7702 7667)
4(7036 7701 7702 7037)
4(7666 7667 7702 7701)
4(7003 7038 7703 7668)
4(7037 7702 7703 7038)
4(7667 7668 7703 7702)
4(7004 7039 7704 7669)
4(7038 7703 7704 7039)
4(7668 7669 7704 7703)
4(7005 7040 7705 7670)
4(7039 7704 7705 7040)
4(7669 7670 7705 7704)
4(7006 7041 7706 7671)
4(7040 7705 7706 7041)
4(7670 7671 7706 7705)
4(7007 7042 7707 7672)
4(7041 7706 7707 7042)
4(7671 7672 7707 7706)
4(7008 7043 7708 7673)
4(7042 7707 7708 7043)
4(7672 7673 7708 7707)
4(7009 7044 7709 7674)
4(7043 7708 7709 7044)
4(7673 7674 7709 7708)
4(7010 7045 7710 7675)
4(7044 7709 7710 7045)
4(7674 7675 7710 7709)
4(7011 7046 7711 7676)
4(7045 7710 7711 7046)
4(7675 7676 7711 7710)
4(7012 7047 7712 7677)
4(7046 7711 7712 7047)
4(7676 7677 7712 7711)
4(7013 7048 7713 7678)
4(7047 7712 7713 7048)
4(7677 7678 7713 7712)
4(7014 7049 7714 7679)
4(7048 7713 7714 7049)
4(7678 7679 7714 7713)
4(7015 7050 7715 7680)
4(7049 7714 7715 7050)
4(7679 7680 7715 7714)
4(7016 7051 7716 7681)
4(7050 7715 7716 7051)
4(7680 7681 7716 7715)
4(7017 7052 7717 7682)
4(7051 7716 7717 7052)
4(7681 7682 7717 7716)
4(7018 7053 7718 7683)
4(7052 7717 7718 7053)
4(7682 7683 7718 7717)
4(7019 7054 7719 7684)
4(7053 7718 7719 7054)
4(7683 7684 7719 7718)
4(7020 7055 7720 7685)
4(7054 7719 7720 7055)
4(7684 7685 7720 7719)
4(7021 7056 7721 7686)
4(7055 7720 7721 7056)
4(7685 7686 7721 7720)
4(7022 7057 7722 7687)
4(7056 7721 7722 7057)
4(7686 7687 7722 7721)
4(7023 7058 7723 7688)
4(7057 7722 7723 7058)
4(7687 7688 7723 7722)
4(7024 7059 7724 7689)
4(7058 7723 7724 7059)
4(7688 7689 7724 7723)
4(7025 7060 7725 7690)
4(7059 7724 7725 7060)
4(7689 7690 7725 7724)
4(7026 7061 7726 7691)
4(7060 7725 7726 7061)
4(7690 7691 7726 7725)
4(7027 7062 7727 7692)
4(7061 7726 7727 7062)
4(7691 7692 7727 7726)
4(7028 7063 7728 7693)
4(7062 7727 7728 7063)
4(7692 7693 7728 7727)
4(7029 7064 7729 7694)
4(7063 7728 7729 7064)
4(7693 7694 7729 7728)
4(7030 7065 7730 7695)
4(7064 7729 7730 7065)
4(7694 7695 7730 7729)
4(7031 7066 7731 7696)
4(7065 7730 7731 7066)
4(7695 7696 7731 7730)
4(7032 7067 7732 7697)
4(7066 7731 7732 7067)
4(7696 7697 7732 7731)
4(7033 7068 7733 7698)
4(7067 7732 7733 7068)
4(7697 7698 7733 7732)
4(7068 7733 7734 7069)
4(7698 7699 7734 7733)
4(7036 7071 7736 7701)
4(7070 7735 7736 7071)
4(7700 7701 7736 7735)
4(7037 7072 7737 7702)
4(7071 7736 7737 7072)
4(7701 7702 7737 7736)
4(7038 7073 7738 7703)
4(7072 7737 7738 7073)
4(7702 7703 7738 7737)
4(7039 7074 7739 7704)
4(7073 7738 7739 7074)
4(7703 7704 7739 7738)
4(7040 7075 7740 7705)
4(7074 7739 7740 7075)
4(7704 7705 7740 7739)
4(7041 7076 7741 7706)
4(7075 7740 7741 7076)
4(7705 7706 7741 7740)
4(7042 7077 7742 7707)
4(7076 7741 7742 7077)
4(7706 7707 7742 7741)
4(7043 7078 7743 7708)
4(7077 7742 7743 7078)
4(7707 7708 7743 7742)
4(7044 7079 7744 7709)
4(7078 7743 7744 7079)
4(7708 7709 7744 7743)
4(7045 7080 7745 7710)
4(7079 7744 7745 7080)
4(7709 7710 7745 7744)
4(7046 7081 7746 7711)
4(7080 7745 7746 7081)
4(7710 7711 7746 7745)
4(7047 7082 7747 7712)
4(7081 7746 7747 7082)
4(7711 7712 7747 7746)
4(7048 7083 7748 7713)
4(7082 7747 7748 7083)
4(7712 7713 7748 7747)
4(7049 7084 7749 7714)
4(7083 7748 7749 7084)
4(7713 7714 7749 7748)
4(7050 7085 7750 7715)
4(7084 7749 7750 7085)
4(7714 7715 7750 7749)
4(7051 7086 7751 7716)
4(7085 7750 7751 7086)
4(7715 7716 7751 7750)
4(7052 7087 7752 7717)
4(7086 7751 7752 7087)
4(7716 7717 7752 7751)
4(7053 7088 7753 7718)
4(7087 7752 7753 7088)
4(7717 7718 7753 7752)
4(7054 7089 7754 7719)
4(7088 7753 7754 7089)
4(7718 7719 7754 7753)
4(7055 7090 7755 7720)
4(7089 7754 7755 7090)
4(7719 7720 7755 7754)
4(7056 7091 7756 7721)
4(7090 7755 7756 7091)
4(7720 7721 7756 7755)
4(7057 7092 7757 7722)
4(7091 7756 7757 7092)
4(7721 7722 7757 7756)
4(7058 7093 7758 7723)
4(7092 7757 7758 7093)
4(7722 7723 7758 7757)
4(7059 7094 7759 7724)
4(7093 7758 7759 7094)
4(7723 7724 7759 7758)
4(7060 7095 7760 7725)
4(7094 7759 7760 7095)
4(7724 7725 7760 7759)
4(7061 7096 7761 7726)
4(7095 7760 7761 7096)
4(7725 7726 7761 7760)
4(7062 7097 7762 7727)
4(7096 7761 7762 7097)
4(7726 7727 7762 7761)
4(7063 7098 7763 7728)
4(7097 7762 7763 7098)
4(7727 7728 7763 7762)
4(7064 7099 7764 7729)
4(7098 7763 7764 7099)
4(7728 7729 7764 7763)
4(7065 7100 7765 7730)
4(7099 7764 7765 7100)
4(7729 7730 7765 7764)
4(7066 7101 7766 7731)
4(7100 7765 7766 7101)
4(7730 7731 7766 7765)
4(7067 7102 7767 7732)
4(7101 7766 7767 7102)
4(7731 7732 7767 7766)
4(7068 7103 7768 7733)
4(7102 7767 7768 7103)
4(7732 7733 7768 7767)
4(7103 7768 7769 7104)
4(7733 7734 7769 7768)
4(7071 7106 7771 7736)
4(7105 7770 7771 7106)
4(7735 7736 7771 7770)
4(7072 7107 7772 7737)
4(7106 7771 7772 7107)
4(7736 7737 7772 7771)
4(7073 7108 7773 7738)
4(7107 7772 7773 7108)
4(7737 7738 7773 7772)
4(7074 7109 7774 7739)
4(7108 7773 7774 7109)
4(7738 7739 7774 7773)
4(7075 7110 7775 7740)
4(7109 7774 7775 7110)
4(7739 7740 7775 7774)
4(7076 7111 7776 7741)
4(7110 7775 7776 7111)
4(7740 7741 7776 7775)
4(7077 7112 7777 7742)
4(7111 7776 7777 7112)
4(7741 7742 7777 7776)
4(7078 7113 7778 7743)
4(7112 7777 7778 7113)
4(7742 7743 7778 7777)
4(7079 7114 7779 7744)
4(7113 7778 7779 7114)
4(7743 7744 7779 7778)
4(7080 7115 7780 7745)
4(7114 7779 7780 7115)
4(7744 7745 7780 7779)
4(7081 7116 7781 7746)
4(7115 7780 7781 7116)
4(7745 7746 7781 7780)
4(7082 7117 7782 7747)
4(7116 7781 7782 7117)
4(7746 7747 7782 7781)
4(7083 7118 7783 7748)
4(7117 7782 7783 7118)
4(7747 7748 7783 7782)
4(7084 7119 7784 7749)
4(7118 7783 7784 7119)
4(7748 7749 7784 7783)
4(7085 7120 7785 7750)
4(7119 7784 7785 7120)
4(7749 7750 7785 7784)
4(7086 7121 7786 7751)
4(7120 7785 7786 7121)
4(7750 7751 7786 7785)
4(7087 7122 7787 7752)
4(7121 7786 7787 7122)
4(7751 7752 7787 7786)
4(7088 7123 7788 7753)
4(7122 7787 7788 7123)
4(7752 7753 7788 7787)
4(7089 7124 7789 7754)
4(7123 7788 7789 7124)
4(7753 7754 7789 7788)
4(7090 7125 7790 7755)
4(7124 7789 7790 7125)
4(7754 7755 7790 7789)
4(7091 7126 7791 7756)
4(7125 7790 7791 7126)
4(7755 7756 7791 7790)
4(7092 7127 7792 7757)
4(7126 7791 7792 7127)
4(7756 7757 7792 7791)
4(7093 7128 7793 7758)
4(7127 7792 7793 7128)
4(7757 7758 7793 7792)
4(7094 7129 7794 7759)
4(7128 7793 7794 7129)
4(7758 7759 7794 7793)
4(7095 7130 7795 7760)
4(7129 7794 7795 7130)
4(7759 7760 7795 7794)
4(7096 7131 7796 7761)
4(7130 7795 7796 7131)
4(7760 7761 7796 7795)
4(7097 7132 7797 7762)
4(7131 7796 7797 7132)
4(7761 7762 7797 7796)
4(7098 7133 7798 7763)
4(7132 7797 7798 7133)
4(7762 7763 7798 7797)
4(7099 7134 7799 7764)
4(7133 7798 7799 7134)
4(7763 7764 7799 7798)
4(7100 7135 7800 7765)
4(7134 7799 7800 7135)
4(7764 7765 7800 7799)
4(7101 7136 7801 7766)
4(7135 7800 7801 7136)
4(7765 7766 7801 7800)
4(7102 7137 7802 7767)
4(7136 7801 7802 7137)
4(7766 7767 7802 7801)
4(7103 7138 7803 7768)
4(7137 7802 7803 7138)
4(7767 7768 7803 7802)
4(7138 7803 7804 7139)
4(7768 7769 7804 7803)
4(7106 7141 7806 7771)
4(7140 7805 7806 7141)
4(7770 7771 7806 7805)
4(7107 7142 7807 7772)
4(7141 7806 7807 7142)
4(7771 7772 7807 7806)
4(7108 7143 7808 7773)
4(7142 7807 7808 7143)
4(7772 7773 7808 7807)
4(7109 7144 7809 7774)
4(7143 7808 7809 7144)
4(7773 7774 7809 7808)
4(7110 7145 7810 7775)
4(7144 7809 7810 7145)
4(7774 7775 7810 7809)
4(7111 7146 7811 7776)
4(7145 7810 7811 7146)
4(7775 7776 7811 7810)
4(7112 7147 7812 7777)
4(7146 7811 7812 7147)
4(7776 7777 7812 7811)
4(7113 7148 7813 7778)
4(7147 7812 7813 7148)
4(7777 7778 7813 7812)
4(7114 7149 7814 7779)
4(7148 7813 7814 7149)
4(7778 7779 7814 7813)
4(7115 7150 7815 7780)
4(7149 7814 7815 7150)
4(7779 7780 7815 7814)
4(7116 7151 7816 7781)
4(7150 7815 7816 7151)
4(7780 7781 7816 7815)
4(7117 7152 7817 7782)
4(7151 7816 7817 7152)
4(7781 7782 7817 7816)
4(7118 7153 7818 7783)
4(7152 7817 7818 7153)
4(7782 7783 7818 7817)
4(7119 7154 7819 7784)
4(7153 7818 7819 7154)
4(7783 7784 7819 7818)
4(7120 7155 7820 7785)
4(7154 7819 7820 7155)
4(7784 7785 7820 7819)
4(7121 7156 7821 7786)
4(7155 7820 7821 7156)
4(7785 7786 7821 7820)
4(7122 7157 7822 7787)
4(7156 7821 7822 7157)
4(7786 7787 7822 7821)
4(7123 7158 7823 7788)
4(7157 7822 7823 7158)
4(7787 7788 7823 7822)
4(7124 7159 7824 7789)
4(7158 7823 7824 7159)
4(7788 7789 7824 7823)
4(7125 7160 7825 7790)
4(7159 7824 7825 7160)
4(7789 7790 7825 7824)
4(7126 7161 7826 7791)
4(7160 7825 7826 7161)
4(7790 7791 7826 7825)
4(7127 7162 7827 7792)
4(7161 7826 7827 7162)
4(7791 7792 7827 7826)
4(7128 7163 7828 7793)
4(7162 7827 7828 7163)
4(7792 7793 7828 7827)
4(7129 7164 7829 7794)
4(7163 7828 7829 7164)
4(7793 7794 7829 7828)
4(7130 7165 7830 7795)
4(7164 7829 7830 7165)
4(7794 7795 7830 7829)
4(7131 7166 7831 7796)
4(7165 7830 7831 7166)
4(7795 7796 7831 7830)
4(7132 7167 7832 7797)
4(7166 7831 7832 7167)
4(7796 7797 7832 7831)
4(7133 7168 7833 7798)
4(7167 7832 7833 7168)
4(7797 7798 7833 7832)
4(7134 7169 7834 7799)
4(7168 7833 7834 7169)
4(7798 7799 7834 7833)
4(7135 7170 7835 7800)
4(7169 7834 7835 7170)
4(7799 7800 7835 7834)
4(7136 7171 7836 7801)
4(7170 7835 7836 7171)
4(7800 7801 7836 7835)
4(7137 7172 7837 7802)
4(7171 7836 7837 7172)
4(7801 7802 7837 7836)
4(7138 7173 7838 7803)
4(7172 7837 7838 7173)
4(7802 7803 7838 7837)
4(7173 7838 7839 7174)
4(7803 7804 7839 7838)
4(7141 7176 7841 7806)
4(7175 7840 7841 7176)
4(7805 7806 7841 7840)
4(7142 7177 7842 7807)
4(7176 7841 7842 7177)
4(7806 7807 7842 7841)
4(7143 7178 7843 7808)
4(7177 7842 7843 7178)
4(7807 7808 7843 7842)
4(7144 7179 7844 7809)
4(7178 7843 7844 7179)
4(7808 7809 7844 7843)
4(7145 7180 7845 7810)
4(7179 7844 7845 7180)
4(7809 7810 7845 7844)
4(7146 7181 7846 7811)
4(7180 7845 7846 7181)
4(7810 7811 7846 7845)
4(7147 7182 7847 7812)
4(7181 7846 7847 7182)
4(7811 7812 7847 7846)
4(7148 7183 7848 7813)
4(7182 7847 7848 7183)
4(7812 7813 7848 7847)
4(7149 7184 7849 7814)
4(7183 7848 7849 7184)
4(7813 7814 7849 7848)
4(7150 7185 7850 7815)
4(7184 7849 7850 7185)
4(7814 7815 7850 7849)
4(7151 7186 7851 7816)
4(7185 7850 7851 7186)
4(7815 7816 7851 7850)
4(7152 7187 7852 7817)
4(7186 7851 7852 7187)
4(7816 7817 7852 7851)
4(7153 7188 7853 7818)
4(7187 7852 7853 7188)
4(7817 7818 7853 7852)
4(7154 7189 7854 7819)
4(7188 7853 7854 7189)
4(7818 7819 7854 7853)
4(7155 7190 7855 7820)
4(7189 7854 7855 7190)
4(7819 7820 7855 7854)
4(7156 7191 7856 7821)
4(7190 7855 7856 7191)
4(7820 7821 7856 7855)
4(7157 7192 7857 7822)
4(7191 7856 7857 7192)
4(7821 7822 7857 7856)
4(7158 7193 7858 7823)
4(7192 7857 7858 7193)
4(7822 7823 7858 7857)
4(7159 7194 7859 7824)
4(7193 7858 7859 7194)
4(7823 7824 7859 7858)
4(7160 7195 7860 7825)
4(7194 7859 7860 7195)
4(7824 7825 7860 7859)
4(7161 7196 7861 7826)
4(7195 7860 7861 7196)
4(7825 7826 7861 7860)
4(7162 7197 7862 7827)
4(7196 7861 7862 7197)
4(7826 7827 7862 7861)
4(7163 7198 7863 7828)
4(7197 7862 7863 7198)
4(7827 7828 7863 7862)
4(7164 7199 7864 7829)
4(7198 7863 7864 7199)
4(7828 7829 7864 7863)
4(7165 7200 7865 7830)
4(7199 7864 7865 7200)
4(7829 7830 7865 7864)
4(7166 7201 7866 7831)
4(7200 7865 7866 7201)
4(7830 7831 7866 7865)
4(7167 7202 7867 7832)
4(7201 7866 7867 7202)
4(7831 7832 7867 7866)
4(7168 7203 7868 7833)
4(7202 7867 7868 7203)
4(7832 7833 7868 7867)
4(7169 7204 7869 7834)
4(7203 7868 7869 7204)
4(7833 7834 7869 7868)
4(7170 7205 7870 7835)
4(7204 7869 7870 7205)
4(7834 7835 7870 7869)
4(7171 7206 7871 7836)
4(7205 7870 7871 7206)
4(7835 7836 7871 7870)
4(7172 7207 7872 7837)
4(7206 7871 7872 7207)
4(7836 7837 7872 7871)
4(7173 7208 7873 7838)
4(7207 7872 7873 7208)
4(7837 7838 7873 7872)
4(7208 7873 7874 7209)
4(7838 7839 7874 7873)
4(7176 7211 7876 7841)
4(7210 7875 7876 7211)
4(7840 7841 7876 7875)
4(7177 7212 7877 7842)
4(7211 7876 7877 7212)
4(7841 7842 7877 7876)
4(7178 7213 7878 7843)
4(7212 7877 7878 7213)
4(7842 7843 7878 7877)
4(7179 7214 7879 7844)
4(7213 7878 7879 7214)
4(7843 7844 7879 7878)
4(7180 7215 7880 7845)
4(7214 7879 7880 7215)
4(7844 7845 7880 7879)
4(7181 7216 7881 7846)
4(7215 7880 7881 7216)
4(7845 7846 7881 7880)
4(7182 7217 7882 7847)
4(7216 7881 7882 7217)
4(7846 7847 7882 7881)
4(7183 7218 7883 7848)
4(7217 7882 7883 7218)
4(7847 7848 7883 7882)
4(7184 7219 7884 7849)
4(7218 7883 7884 7219)
4(7848 7849 7884 7883)
4(7185 7220 7885 7850)
4(7219 7884 7885 7220)
4(7849 7850 7885 7884)
4(7186 7221 7886 7851)
4(7220 7885 7886 7221)
4(7850 7851 7886 7885)
4(7187 7222 7887 7852)
4(7221 7886 7887 7222)
4(7851 7852 7887 7886)
4(7188 7223 7888 7853)
4(7222 7887 7888 7223)
4(7852 7853 7888 7887)
4(7189 7224 7889 7854)
4(7223 7888 7889 7224)
4(7853 7854 7889 7888)
4(7190 7225 7890 7855)
4(7224 7889 7890 7225)
4(7854 7855 7890 7889)
4(7191 7226 7891 7856)
4(7225 7890 7891 7226)
4(7855 7856 7891 7890)
4(7192 7227 7892 7857)
4(7226 7891 7892 7227)
4(7856 7857 7892 7891)
4(7193 7228 7893 7858)
4(7227 7892 7893 7228)
4(7857 7858 7893 7892)
4(7194 7229 7894 7859)
4(7228 7893 7894 7229)
4(7858 7859 7894 7893)
4(7195 7230 7895 7860)
4(7229 7894 7895 7230)
4(7859 7860 7895 7894)
4(7196 7231 7896 7861)
4(7230 7895 7896 7231)
4(7860 7861 7896 7895)
4(7197 7232 7897 7862)
4(7231 7896 7897 7232)
4(7861 7862 7897 7896)
4(7198 7233 7898 7863)
4(7232 7897 7898 7233)
4(7862 7863 7898 7897)
4(7199 7234 7899 7864)
4(7233 7898 7899 7234)
4(7863 7864 7899 7898)
4(7200 7235 7900 7865)
4(7234 7899 7900 7235)
4(7864 7865 7900 7899)
4(7201 7236 7901 7866)
4(7235 7900 7901 7236)
4(7865 7866 7901 7900)
4(7202 7237 7902 7867)
4(7236 7901 7902 7237)
4(7866 7867 7902 7901)
4(7203 7238 7903 7868)
4(7237 7902 7903 7238)
4(7867 7868 7903 7902)
4(7204 7239 7904 7869)
4(7238 7903 7904 7239)
4(7868 7869 7904 7903)
4(7205 7240 7905 7870)
4(7239 7904 7905 7240)
4(7869 7870 7905 7904)
4(7206 7241 7906 7871)
4(7240 7905 7906 7241)
4(7870 7871 7906 7905)
4(7207 7242 7907 7872)
4(7241 7906 7907 7242)
4(7871 7872 7907 7906)
4(7208 7243 7908 7873)
4(7242 7907 7908 7243)
4(7872 7873 7908 7907)
4(7243 7908 7909 7244)
4(7873 7874 7909 7908)
4(7211 7246 7911 7876)
4(7245 7910 7911 7246)
4(7875 7876 7911 7910)
4(7212 7247 7912 7877)
4(7246 7911 7912 7247)
4(7876 7877 7912 7911)
4(7213 7248 7913 7878)
4(7247 7912 7913 7248)
4(7877 7878 7913 7912)
4(7214 7249 7914 7879)
4(7248 7913 7914 7249)
4(7878 7879 7914 7913)
4(7215 7250 7915 7880)
4(7249 7914 7915 7250)
4(7879 7880 7915 7914)
4(7216 7251 7916 7881)
4(7250 7915 7916 7251)
4(7880 7881 7916 7915)
4(7217 7252 7917 7882)
4(7251 7916 7917 7252)
4(7881 7882 7917 7916)
4(7218 7253 7918 7883)
4(7252 7917 7918 7253)
4(7882 7883 7918 7917)
4(7219 7254 7919 7884)
4(7253 7918 7919 7254)
4(7883 7884 7919 7918)
4(7220 7255 7920 7885)
4(7254 7919 7920 7255)
4(7884 7885 7920 7919)
4(7221 7256 7921 7886)
4(7255 7920 7921 7256)
4(7885 7886 7921 7920)
4(7222 7257 7922 7887)
4(7256 7921 7922 7257)
4(7886 7887 7922 7921)
4(7223 7258 7923 7888)
4(7257 7922 7923 7258)
4(7887 7888 7923 7922)
4(7224 7259 7924 7889)
4(7258 7923 7924 7259)
4(7888 7889 7924 7923)
4(7225 7260 7925 7890)
4(7259 7924 7925 7260)
4(7889 7890 7925 7924)
4(7226 7261 7926 7891)
4(7260 7925 7926 7261)
4(7890 7891 7926 7925)
4(7227 7262 7927 7892)
4(7261 7926 7927 7262)
4(7891 7892 7927 7926)
4(7228 7263 7928 7893)
4(7262 7927 7928 7263)
4(7892 7893 7928 7927)
4(7229 7264 7929 7894)
4(7263 7928 7929 7264)
4(7893 7894 7929 7928)
4(7230 7265 7930 7895)
4(7264 7929 7930 7265)
4(7894 7895 7930 7929)
4(7231 7266 7931 7896)
4(7265 7930 7931 7266)
4(7895 7896 7931 7930)
4(7232 7267 7932 7897)
4(7266 7931 7932 7267)
4(7896 7897 7932 7931)
4(7233 7268 7933 7898)
4(7267 7932 7933 7268)
4(7897 7898 7933 7932)
4(7234 7269 7934 7899)
4(7268 7933 7934 7269)
4(7898 7899 7934 7933)
4(7235 7270 7935 7900)
4(7269 7934 7935 7270)
4(7899 7900 7935 7934)
4(7236 7271 7936 7901)
4(7270 7935 7936 7271)
4(7900 7901 7936 7935)
4(7237 7272 7937 7902)
4(7271 7936 7937 7272)
4(7901 7902 7937 7936)
4(7238 7273 7938 7903)
4(7272 7937 7938 7273)
4(7902 7903 7938 7937)
4(7239 7274 7939 7904)
4(7273 7938 7939 7274)
4(7903 7904 7939 7938)
4(7240 7275 7940 7905)
4(7274 7939 7940 7275)
4(7904 7905 7940 7939)
4(7241 7276 7941 7906)
4(7275 7940 7941 7276)
4(7905 7906 7941 7940)
4(7242 7277 7942 7907)
4(7276 7941 7942 7277)
4(7906 7907 7942 7941)
4(7243 7278 7943 7908)
4(7277 7942 7943 7278)
4(7907 7908 7943 7942)
4(7278 7943 7944 7279)
4(7908 7909 7944 7943)
4(7246 7281 7946 7911)
4(7910 7911 7946 7945)
4(7247 7282 7947 7912)
4(7911 7912 7947 7946)
4(7248 7283 7948 7913)
4(7912 7913 7948 7947)
4(7249 7284 7949 7914)
4(7913 7914 7949 7948)
4(7250 7285 7950 7915)
4(7914 7915 7950 7949)
4(7251 7286 7951 7916)
4(7915 7916 7951 7950)
4(7252 7287 7952 7917)
4(7916 7917 7952 7951)
4(7253 7288 7953 7918)
4(7917 7918 7953 7952)
4(7254 7289 7954 7919)
4(7918 7919 7954 7953)
4(7255 7290 7955 7920)
4(7919 7920 7955 7954)
4(7256 7291 7956 7921)
4(7920 7921 7956 7955)
4(7257 7292 7957 7922)
4(7921 7922 7957 7956)
4(7258 7293 7958 7923)
4(7922 7923 7958 7957)
4(7259 7294 7959 7924)
4(7923 7924 7959 7958)
4(7260 7295 7960 7925)
4(7924 7925 7960 7959)
4(7261 7296 7961 7926)
4(7925 7926 7961 7960)
4(7262 7297 7962 7927)
4(7926 7927 7962 7961)
4(7263 7298 7963 7928)
4(7927 7928 7963 7962)
4(7264 7299 7964 7929)
4(7928 7929 7964 7963)
4(7265 7300 7965 7930)
4(7929 7930 7965 7964)
4(7266 7301 7966 7931)
4(7930 7931 7966 7965)
4(7267 7302 7967 7932)
4(7931 7932 7967 7966)
4(7268 7303 7968 7933)
4(7932 7933 7968 7967)
4(7269 7304 7969 7934)
4(7933 7934 7969 7968)
4(7270 7305 7970 7935)
4(7934 7935 7970 7969)
4(7271 7306 7971 7936)
4(7935 7936 7971 7970)
4(7272 7307 7972 7937)
4(7936 7937 7972 7971)
4(7273 7308 7973 7938)
4(7937 7938 7973 7972)
4(7274 7309 7974 7939)
4(7938 7939 7974 7973)
4(7275 7310 7975 7940)
4(7939 7940 7975 7974)
4(7276 7311 7976 7941)
4(7940 7941 7976 7975)
4(7277 7312 7977 7942)
4(7941 7942 7977 7976)
4(7278 7313 7978 7943)
4(7942 7943 7978 7977)
4(7943 7944 7979 7978)
4(7316 7351 8016 7981)
4(7350 8015 8016 7351)
4(7980 7981 8016 8015)
4(7317 7352 8017 7982)
4(7351 8016 8017 7352)
4(7981 7982 8017 8016)
4(7318 7353 8018 7983)
4(7352 8017 8018 7353)
4(7982 7983 8018 8017)
4(7319 7354 8019 7984)
4(7353 8018 8019 7354)
4(7983 7984 8019 8018)
4(7320 7355 8020 7985)
4(7354 8019 8020 7355)
4(7984 7985 8020 8019)
4(7321 7356 8021 7986)
4(7355 8020 8021 7356)
4(7985 7986 8021 8020)
4(7322 7357 8022 7987)
4(7356 8021 8022 7357)
4(7986 7987 8022 8021)
4(7323 7358 8023 7988)
4(7357 8022 8023 7358)
4(7987 7988 8023 8022)
4(7324 7359 8024 7989)
4(7358 8023 8024 7359)
4(7988 7989 8024 8023)
4(7325 7360 8025 7990)
4(7359 8024 8025 7360)
4(7989 7990 8025 8024)
4(7326 7361 8026 7991)
4(7360 8025 8026 7361)
4(7990 7991 8026 8025)
4(7327 7362 8027 7992)
4(7361 8026 8027 7362)
4(7991 7992 8027 8026)
4(7328 7363 8028 7993)
4(7362 8027 8028 7363)
4(7992 7993 8028 8027)
4(7329 7364 8029 7994)
4(7363 8028 8029 7364)
4(7993 7994 8029 8028)
4(7330 7365 8030 7995)
4(7364 8029 8030 7365)
4(7994 7995 8030 8029)
4(7331 7366 8031 7996)
4(7365 8030 8031 7366)
4(7995 7996 8031 8030)
4(7332 7367 8032 7997)
4(7366 8031 8032 7367)
4(7996 7997 8032 8031)
4(7333 7368 8033 7998)
4(7367 8032 8033 7368)
4(7997 7998 8033 8032)
4(7334 7369 8034 7999)
4(7368 8033 8034 7369)
4(7998 7999 8034 8033)
4(7335 7370 8035 8000)
4(7369 8034 8035 7370)
4(7999 8000 8035 8034)
4(7336 7371 8036 8001)
4(7370 8035 8036 7371)
4(8000 8001 8036 8035)
4(7337 7372 8037 8002)
4(7371 8036 8037 7372)
4(8001 8002 8037 8036)
4(7338 7373 8038 8003)
4(7372 8037 8038 7373)
4(8002 8003 8038 8037)
4(7339 7374 8039 8004)
4(7373 8038 8039 7374)
4(8003 8004 8039 8038)
4(7340 7375 8040 8005)
4(7374 8039 8040 7375)
4(8004 8005 8040 8039)
4(7341 7376 8041 8006)
4(7375 8040 8041 7376)
4(8005 8006 8041 8040)
4(7342 7377 8042 8007)
4(7376 8041 8042 7377)
4(8006 8007 8042 8041)
4(7343 7378 8043 8008)
4(7377 8042 8043 7378)
4(8007 8008 8043 8042)
4(7344 7379 8044 8009)
4(7378 8043 8044 7379)
4(8008 8009 8044 8043)
4(7345 7380 8045 8010)
4(7379 8044 8045 7380)
4(8009 8010 8045 8044)
4(7346 7381 8046 8011)
4(7380 8045 8046 7381)
4(8010 8011 8046 8045)
4(7347 7382 8047 8012)
4(7381 8046 8047 7382)
4(8011 8012 8047 8046)
4(7348 7383 8048 8013)
4(7382 8047 8048 7383)
4(8012 8013 8048 8047)
4(7383 8048 8049 7384)
4(8013 8014 8049 8048)
4(7351 7386 8051 8016)
4(7385 8050 8051 7386)
4(8015 8016 8051 8050)
4(7352 7387 8052 8017)
4(7386 8051 8052 7387)
4(8016 8017 8052 8051)
4(7353 7388 8053 8018)
4(7387 8052 8053 7388)
4(8017 8018 8053 8052)
4(7354 7389 8054 8019)
4(7388 8053 8054 7389)
4(8018 8019 8054 8053)
4(7355 7390 8055 8020)
4(7389 8054 8055 7390)
4(8019 8020 8055 8054)
4(7356 7391 8056 8021)
4(7390 8055 8056 7391)
4(8020 8021 8056 8055)
4(7357 7392 8057 8022)
4(7391 8056 8057 7392)
4(8021 8022 8057 8056)
4(7358 7393 8058 8023)
4(7392 8057 8058 7393)
4(8022 8023 8058 8057)
4(7359 7394 8059 8024)
4(7393 8058 8059 7394)
4(8023 8024 8059 8058)
4(7360 7395 8060 8025)
4(7394 8059 8060 7395)
4(8024 8025 8060 8059)
4(7361 7396 8061 8026)
4(7395 8060 8061 7396)
4(8025 8026 8061 8060)
4(7362 7397 8062 8027)
4(7396 8061 8062 7397)
4(8026 8027 8062 8061)
4(7363 7398 8063 8028)
4(7397 8062 8063 7398)
4(8027 8028 8063 8062)
4(7364 7399 8064 8029)
4(7398 8063 8064 7399)
4(8028 8029 8064 8063)
4(7365 7400 8065 8030)
4(7399 8064 8065 7400)
4(8029 8030 8065 8064)
4(7366 7401 8066 8031)
4(7400 8065 8066 7401)
4(8030 8031 8066 8065)
4(7367 7402 8067 8032)
4(7401 8066 8067 7402)
4(8031 8032 8067 8066)
4(7368 7403 8068 8033)
4(7402 8067 8068 7403)
4(8032 8033 8068 8067)
4(7369 7404 8069 8034)
4(7403 8068 8069 7404)
4(8033 8034 8069 8068)
4(7370 7405 8070 8035)
4(7404 8069 8070 7405)
4(8034 8035 8070 8069)
4(7371 7406 8071 8036)
4(7405 8070 8071 7406)
4(8035 8036 8071 8070)
4(7372 7407 8072 8037)
4(7406 8071 8072 7407)
4(8036 8037 8072 8071)
4(7373 7408 8073 8038)
4(7407 8072 8073 7408)
4(8037 8038 8073 8072)
4(7374 7409 8074 8039)
4(7408 8073 8074 7409)
4(8038 8039 8074 8073)
4(7375 7410 8075 8040)
4(7409 8074 8075 7410)
4(8039 8040 8075 8074)
4(7376 7411 8076 8041)
4(7410 8075 8076 7411)
4(8040 8041 8076 8075)
4(7377 7412 8077 8042)
4(7411 8076 8077 7412)
4(8041 8042 8077 8076)
4(7378 7413 8078 8043)
4(7412 8077 8078 7413)
4(8042 8043 8078 8077)
4(7379 7414 8079 8044)
4(7413 8078 8079 7414)
4(8043 8044 8079 8078)
4(7380 7415 8080 8045)
4(7414 8079 8080 7415)
4(8044 8045 8080 8079)
4(7381 7416 8081 8046)
4(7415 8080 8081 7416)
4(8045 8046 8081 8080)
4(7382 7417 8082 8047)
4(7416 8081 8082 7417)
4(8046 8047 8082 8081)
4(7383 7418 8083 8048)
4(7417 8082 8083 7418)
4(8047 8048 8083 8082)
4(7418 8083 8084 7419)
4(8048 8049 8084 8083)
4(7386 7421 8086 8051)
4(7420 8085 8086 7421)
4(8050 8051 8086 8085)
4(7387 7422 8087 8052)
4(7421 8086 8087 7422)
4(8051 8052 8087 8086)
4(7388 7423 8088 8053)
4(7422 8087 8088 7423)
4(8052 8053 8088 8087)
4(7389 7424 8089 8054)
4(7423 8088 8089 7424)
4(8053 8054 8089 8088)
4(7390 7425 8090 8055)
4(7424 8089 8090 7425)
4(8054 8055 8090 8089)
4(7391 7426 8091 8056)
4(7425 8090 8091 7426)
4(8055 8056 8091 8090)
4(7392 7427 8092 8057)
4(7426 8091 8092 7427)
4(8056 8057 8092 8091)
4(7393 7428 8093 8058)
4(7427 8092 8093 7428)
4(8057 8058 8093 8092)
4(7394 7429 8094 8059)
4(7428 8093 8094 7429)
4(8058 8059 8094 8093)
4(7395 7430 8095 8060)
4(7429 8094 8095 7430)
4(8059 8060 8095 8094)
4(7396 7431 8096 8061)
4(7430 8095 8096 7431)
4(8060 8061 8096 8095)
4(7397 7432 8097 8062)
4(7431 8096 8097 7432)
4(8061 8062 8097 8096)
4(7398 7433 8098 8063)
4(7432 8097 8098 7433)
4(8062 8063 8098 8097)
4(7399 7434 8099 8064)
4(7433 8098 8099 7434)
4(8063 8064 8099 8098)
4(7400 7435 8100 8065)
4(7434 8099 8100 7435)
4(8064 8065 8100 8099)
4(7401 7436 8101 8066)
4(7435 8100 8101 7436)
4(8065 8066 8101 8100)
4(7402 7437 8102 8067)
4(7436 8101 8102 7437)
4(8066 8067 8102 8101)
4(7403 7438 8103 8068)
4(7437 8102 8103 7438)
4(8067 8068 8103 8102)
4(7404 7439 8104 8069)
4(7438 8103 8104 7439)
4(8068 8069 8104 8103)
4(7405 7440 8105 8070)
4(7439 8104 8105 7440)
4(8069 8070 8105 8104)
4(7406 7441 8106 8071)
4(7440 8105 8106 7441)
4(8070 8071 8106 8105)
4(7407 7442 8107 8072)
4(7441 8106 8107 7442)
4(8071 8072 8107 8106)
4(7408 7443 8108 8073)
4(7442 8107 8108 7443)
4(8072 8073 8108 8107)
4(7409 7444 8109 8074)
4(7443 8108 8109 7444)
4(8073 8074 8109 8108)
4(7410 7445 8110 8075)
4(7444 8109 8110 7445)
4(8074 8075 8110 8109)
4(7411 7446 8111 8076)
4(7445 8110 8111 7446)
4(8075 8076 8111 8110)
4(7412 7447 8112 8077)
4(7446 8111 8112 7447)
4(8076 8077 8112 8111)
4(7413 7448 8113 8078)
4(7447 8112 8113 7448)
4(8077 8078 8113 8112)
4(7414 7449 8114 8079)
4(7448 8113 8114 7449)
4(8078 8079 8114 8113)
4(7415 7450 8115 8080)
4(7449 8114 8115 7450)
4(8079 8080 8115 8114)
4(7416 7451 8116 8081)
4(7450 8115 8116 7451)
4(8080 8081 8116 8115)
4(7417 7452 8117 8082)
4(7451 8116 8117 7452)
4(8081 8082 8117 8116)
4(7418 7453 8118 8083)
4(7452 8117 8118 7453)
4(8082 8083 8118 8117)
4(7453 8118 8119 7454)
4(8083 8084 8119 8118)
4(7421 7456 8121 8086)
4(7455 8120 8121 7456)
4(8085 8086 8121 8120)
4(7422 7457 8122 8087)
4(7456 8121 8122 7457)
4(8086 8087 8122 8121)
4(7423 7458 8123 8088)
4(7457 8122 8123 7458)
4(8087 8088 8123 8122)
4(7424 7459 8124 8089)
4(7458 8123 8124 7459)
4(8088 8089 8124 8123)
4(7425 7460 8125 8090)
4(7459 8124 8125 7460)
4(8089 8090 8125 8124)
4(7426 7461 8126 8091)
4(7460 8125 8126 7461)
4(8090 8091 8126 8125)
4(7427 7462 8127 8092)
4(7461 8126 8127 7462)
4(8091 8092 8127 8126)
4(7428 7463 8128 8093)
4(7462 8127 8128 7463)
4(8092 8093 8128 8127)
4(7429 7464 8129 8094)
4(7463 8128 8129 7464)
4(8093 8094 8129 8128)
4(7430 7465 8130 8095)
4(7464 8129 8130 7465)
4(8094 8095 8130 8129)
4(7431 7466 8131 8096)
4(7465 8130 8131 7466)
4(8095 8096 8131 8130)
4(7432 7467 8132 8097)
4(7466 8131 8132 7467)
4(8096 8097 8132 8131)
4(7433 7468 8133 8098)
4(7467 8132 8133 7468)
4(8097 8098 8133 8132)
4(7434 7469 8134 8099)
4(7468 8133 8134 7469)
4(8098 8099 8134 8133)
4(7435 7470 8135 8100)
4(7469 8134 8135 7470)
4(8099 8100 8135 8134)
4(7436 7471 8136 8101)
4(7470 8135 8136 7471)
4(8100 8101 8136 8135)
4(7437 7472 8137 8102)
4(7471 8136 8137 7472)
4(8101 8102 8137 8136)
4(7438 7473 8138 8103)
4(7472 8137 8138 7473)
4(8102 8103 8138 8137)
4(7439 7474 8139 8104)
4(7473 8138 8139 7474)
4(8103 8104 8139 8138)
4(7440 7475 8140 8105)
4(7474 8139 8140 7475)
4(8104 8105 8140 8139)
4(7441 7476 8141 8106)
4(7475 8140 8141 7476)
4(8105 8106 8141 8140)
4(7442 7477 8142 8107)
4(7476 8141 8142 7477)
4(8106 8107 8142 8141)
4(7443 7478 8143 8108)
4(7477 8142 8143 7478)
4(8107 8108 8143 8142)
4(7444 7479 8144 8109)
4(7478 8143 8144 7479)
4(8108 8109 8144 8143)
4(7445 7480 8145 8110)
4(7479 8144 8145 7480)
4(8109 8110 8145 8144)
4(7446 7481 8146 8111)
4(7480 8145 8146 7481)
4(8110 8111 8146 8145)
4(7447 7482 8147 8112)
4(7481 8146 8147 7482)
4(8111 8112 8147 8146)
4(7448 7483 8148 8113)
4(7482 8147 8148 7483)
4(8112 8113 8148 8147)
4(7449 7484 8149 8114)
4(7483 8148 8149 7484)
4(8113 8114 8149 8148)
4(7450 7485 8150 8115)
4(7484 8149 8150 7485)
4(8114 8115 8150 8149)
4(7451 7486 8151 8116)
4(7485 8150 8151 7486)
4(8115 8116 8151 8150)
4(7452 7487 8152 8117)
4(7486 8151 8152 7487)
4(8116 8117 8152 8151)
4(7453 7488 8153 8118)
4(7487 8152 8153 7488)
4(8117 8118 8153 8152)
4(7488 8153 8154 7489)
4(8118 8119 8154 8153)
4(7456 7491 8156 8121)
4(7490 8155 8156 7491)
4(8120 8121 8156 8155)
4(7457 7492 8157 8122)
4(7491 8156 8157 7492)
4(8121 8122 8157 8156)
4(7458 7493 8158 8123)
4(7492 8157 8158 7493)
4(8122 8123 8158 8157)
4(7459 7494 8159 8124)
4(7493 8158 8159 7494)
4(8123 8124 8159 8158)
4(7460 7495 8160 8125)
4(7494 8159 8160 7495)
4(8124 8125 8160 8159)
4(7461 7496 8161 8126)
4(7495 8160 8161 7496)
4(8125 8126 8161 8160)
4(7462 7497 8162 8127)
4(7496 8161 8162 7497)
4(8126 8127 8162 8161)
4(7463 7498 8163 8128)
4(7497 8162 8163 7498)
4(8127 8128 8163 8162)
4(7464 7499 8164 8129)
4(7498 8163 8164 7499)
4(8128 8129 8164 8163)
4(7465 7500 8165 8130)
4(7499 8164 8165 7500)
4(8129 8130 8165 8164)
4(7466 7501 8166 8131)
4(7500 8165 8166 7501)
4(8130 8131 8166 8165)
4(7467 7502 8167 8132)
4(7501 8166 8167 7502)
4(8131 8132 8167 8166)
4(7468 7503 8168 8133)
4(7502 8167 8168 7503)
4(8132 8133 8168 8167)
4(7469 7504 8169 8134)
4(7503 8168 8169 7504)
4(8133 8134 8169 8168)
4(7470 7505 8170 8135)
4(7504 8169 8170 7505)
4(8134 8135 8170 8169)
4(7471 7506 8171 8136)
4(7505 8170 8171 7506)
4(8135 8136 8171 8170)
4(7472 7507 8172 8137)
4(7506 8171 8172 7507)
4(8136 8137 8172 8171)
4(7473 7508 8173 8138)
4(7507 8172 8173 7508)
4(8137 8138 8173 8172)
4(7474 7509 8174 8139)
4(7508 8173 8174 7509)
4(8138 8139 8174 8173)
4(7475 7510 8175 8140)
4(7509 8174 8175 7510)
4(8139 8140 8175 8174)
4(7476 7511 8176 8141)
4(7510 8175 8176 7511)
4(8140 8141 8176 8175)
4(7477 7512 8177 8142)
4(7511 8176 8177 7512)
4(8141 8142 8177 8176)
4(7478 7513 8178 8143)
4(7512 8177 8178 7513)
4(8142 8143 8178 8177)
4(7479 7514 8179 8144)
4(7513 8178 8179 7514)
4(8143 8144 8179 8178)
4(7480 7515 8180 8145)
4(7514 8179 8180 7515)
4(8144 8145 8180 8179)
4(7481 7516 8181 8146)
4(7515 8180 8181 7516)
4(8145 8146 8181 8180)
4(7482 7517 8182 8147)
4(7516 8181 8182 7517)
4(8146 8147 8182 8181)
4(7483 7518 8183 8148)
4(7517 8182 8183 7518)
4(8147 8148 8183 8182)
4(7484 7519 8184 8149)
4(7518 8183 8184 7519)
4(8148 8149 8184 8183)
4(7485 7520 8185 8150)
4(7519 8184 8185 7520)
4(8149 8150 8185 8184)
4(7486 7521 8186 8151)
4(7520 8185 8186 7521)
4(8150 8151 8186 8185)
4(7487 7522 8187 8152)
4(7521 8186 8187 7522)
4(8151 8152 8187 8186)
4(7488 7523 8188 8153)
4(7522 8187 8188 7523)
4(8152 8153 8188 8187)
4(7523 8188 8189 7524)
4(8153 8154 8189 8188)
4(7491 7526 8191 8156)
4(7525 8190 8191 7526)
4(8155 8156 8191 8190)
4(7492 7527 8192 8157)
4(7526 8191 8192 7527)
4(8156 8157 8192 8191)
4(7493 7528 8193 8158)
4(7527 8192 8193 7528)
4(8157 8158 8193 8192)
4(7494 7529 8194 8159)
4(7528 8193 8194 7529)
4(8158 8159 8194 8193)
4(7495 7530 8195 8160)
4(7529 8194 8195 7530)
4(8159 8160 8195 8194)
4(7496 7531 8196 8161)
4(7530 8195 8196 7531)
4(8160 8161 8196 8195)
4(7497 7532 8197 8162)
4(7531 8196 8197 7532)
4(8161 8162 8197 8196)
4(7498 7533 8198 8163)
4(7532 8197 8198 7533)
4(8162 8163 8198 8197)
4(7499 7534 8199 8164)
4(7533 8198 8199 7534)
4(8163 8164 8199 8198)
4(7500 7535 8200 8165)
4(7534 8199 8200 7535)
4(8164 8165 8200 8199)
4(7501 7536 8201 8166)
4(7535 8200 8201 7536)
4(8165 8166 8201 8200)
4(7502 7537 8202 8167)
4(7536 8201 8202 7537)
4(8166 8167 8202 8201)
4(7503 7538 8203 8168)
4(7537 8202 8203 7538)
4(8167 8168 8203 8202)
4(7504 7539 8204 8169)
4(7538 8203 8204 7539)
4(8168 8169 8204 8203)
4(7505 7540 8205 8170)
4(7539 8204 8205 7540)
4(8169 8170 8205 8204)
4(7506 7541 8206 8171)
4(7540 8205 8206 7541)
4(8170 8171 8206 8205)
4(7507 7542 8207 8172)
4(7541 8206 8207 7542)
4(8171 8172 8207 8206)
4(7508 7543 8208 8173)
4(7542 8207 8208 7543)
4(8172 8173 8208 8207)
4(7509 7544 8209 8174)
4(7543 8208 8209 7544)
4(8173 8174 8209 8208)
4(7510 7545 8210 8175)
4(7544 8209 8210 7545)
4(8174 8175 8210 8209)
4(7511 7546 8211 8176)
4(7545 8210 8211 7546)
4(8175 8176 8211 8210)
4(7512 7547 8212 8177)
4(7546 8211 8212 7547)
4(8176 8177 8212 8211)
4(7513 7548 8213 8178)
4(7547 8212 8213 7548)
4(8177 8178 8213 8212)
4(7514 7549 8214 8179)
4(7548 8213 8214 7549)
4(8178 8179 8214 8213)
4(7515 7550 8215 8180)
4(7549 8214 8215 7550)
4(8179 8180 8215 8214)
4(7516 7551 8216 8181)
4(7550 8215 8216 7551)
4(8180 8181 8216 8215)
4(7517 7552 8217 8182)
4(7551 8216 8217 7552)
4(8181 8182 8217 8216)
4(7518 7553 8218 8183)
4(7552 8217 8218 7553)
4(8182 8183 8218 8217)
4(7519 7554 8219 8184)
4(7553 8218 8219 7554)
4(8183 8184 8219 8218)
4(7520 7555 8220 8185)
4(7554 8219 8220 7555)
4(8184 8185 8220 8219)
4(7521 7556 8221 8186)
4(7555 8220 8221 7556)
4(8185 8186 8221 8220)
4(7522 7557 8222 8187)
4(7556 8221 8222 7557)
4(8186 8187 8222 8221)
4(7523 7558 8223 8188)
4(7557 8222 8223 7558)
4(8187 8188 8223 8222)
4(7558 8223 8224 7559)
4(8188 8189 8224 8223)
4(7526 7561 8226 8191)
4(7560 8225 8226 7561)
4(8190 8191 8226 8225)
4(7527 7562 8227 8192)
4(7561 8226 8227 7562)
4(8191 8192 8227 8226)
4(7528 7563 8228 8193)
4(7562 8227 8228 7563)
4(8192 8193 8228 8227)
4(7529 7564 8229 8194)
4(7563 8228 8229 7564)
4(8193 8194 8229 8228)
4(7530 7565 8230 8195)
4(7564 8229 8230 7565)
4(8194 8195 8230 8229)
4(7531 7566 8231 8196)
4(7565 8230 8231 7566)
4(8195 8196 8231 8230)
4(7532 7567 8232 8197)
4(7566 8231 8232 7567)
4(8196 8197 8232 8231)
4(7533 7568 8233 8198)
4(7567 8232 8233 7568)
4(8197 8198 8233 8232)
4(7534 7569 8234 8199)
4(7568 8233 8234 7569)
4(8198 8199 8234 8233)
4(7535 7570 8235 8200)
4(7569 8234 8235 7570)
4(8199 8200 8235 8234)
4(7536 7571 8236 8201)
4(7570 8235 8236 7571)
4(8200 8201 8236 8235)
4(7537 7572 8237 8202)
4(7571 8236 8237 7572)
4(8201 8202 8237 8236)
4(7538 7573 8238 8203)
4(7572 8237 8238 7573)
4(8202 8203 8238 8237)
4(7539 7574 8239 8204)
4(7573 8238 8239 7574)
4(8203 8204 8239 8238)
4(7540 7575 8240 8205)
4(7574 8239 8240 7575)
4(8204 8205 8240 8239)
4(7541 7576 8241 8206)
4(7575 8240 8241 7576)
4(8205 8206 8241 8240)
4(7542 7577 8242 8207)
4(7576 8241 8242 7577)
4(8206 8207 8242 8241)
4(7543 7578 8243 8208)
4(7577 8242 8243 7578)
4(8207 8208 8243 8242)
4(7544 7579 8244 8209)
4(7578 8243 8244 7579)
4(8208 8209 8244 8243)
4(7545 7580 8245 8210)
4(7579 8244 8245 7580)
4(8209 8210 8245 8244)
4(7546 7581 8246 8211)
4(7580 8245 8246 7581)
4(8210 8211 8246 8245)
4(7547 7582 8247 8212)
4(7581 8246 8247 7582)
4(8211 8212 8247 8246)
4(7548 7583 8248 8213)
4(7582 8247 8248 7583)
4(8212 8213 8248 8247)
4(7549 7584 8249 8214)
4(7583 8248 8249 7584)
4(8213 8214 8249 8248)
4(7550 7585 8250 8215)
4(7584 8249 8250 7585)
4(8214 8215 8250 8249)
4(7551 7586 8251 8216)
4(7585 8250 8251 7586)
4(8215 8216 8251 8250)
4(7552 7587 8252 8217)
4(7586 8251 8252 7587)
4(8216 8217 8252 8251)
4(7553 7588 8253 8218)
4(7587 8252 8253 7588)
4(8217 8218 8253 8252)
4(7554 7589 8254 8219)
4(7588 8253 8254 7589)
4(8218 8219 8254 8253)
4(7555 7590 8255 8220)
4(7589 8254 8255 7590)
4(8219 8220 8255 8254)
4(7556 7591 8256 8221)
4(7590 8255 8256 7591)
4(8220 8221 8256 8255)
4(7557 7592 8257 8222)
4(7591 8256 8257 7592)
4(8221 8222 8257 8256)
4(7558 7593 8258 8223)
4(7592 8257 8258 7593)
4(8222 8223 8258 8257)
4(7593 8258 8259 7594)
4(8223 8224 8259 8258)
4(7561 7596 8261 8226)
4(7595 8260 8261 7596)
4(8225 8226 8261 8260)
4(7562 7597 8262 8227)
4(7596 8261 8262 7597)
4(8226 8227 8262 8261)
4(7563 7598 8263 8228)
4(7597 8262 8263 7598)
4(8227 8228 8263 8262)
4(7564 7599 8264 8229)
4(7598 8263 8264 7599)
4(8228 8229 8264 8263)
4(7565 7600 8265 8230)
4(7599 8264 8265 7600)
4(8229 8230 8265 8264)
4(7566 7601 8266 8231)
4(7600 8265 8266 7601)
4(8230 8231 8266 8265)
4(7567 7602 8267 8232)
4(7601 8266 8267 7602)
4(8231 8232 8267 8266)
4(7568 7603 8268 8233)
4(7602 8267 8268 7603)
4(8232 8233 8268 8267)
4(7569 7604 8269 8234)
4(7603 8268 8269 7604)
4(8233 8234 8269 8268)
4(7570 7605 8270 8235)
4(7604 8269 8270 7605)
4(8234 8235 8270 8269)
4(7571 7606 8271 8236)
4(7605 8270 8271 7606)
4(8235 8236 8271 8270)
4(7572 7607 8272 8237)
4(7606 8271 8272 7607)
4(8236 8237 8272 8271)
4(7573 7608 8273 8238)
4(7607 8272 8273 7608)
4(8237 8238 8273 8272)
4(7574 7609 8274 8239)
4(7608 8273 8274 7609)
4(8238 8239 8274 8273)
4(7575 7610 8275 8240)
4(7609 8274 8275 7610)
4(8239 8240 8275 8274)
4(7576 7611 8276 8241)
4(7610 8275 8276 7611)
4(8240 8241 8276 8275)
4(7577 7612 8277 8242)
4(7611 8276 8277 7612)
4(8241 8242 8277 8276)
4(7578 7613 8278 8243)
4(7612 8277 8278 7613)
4(8242 8243 8278 8277)
4(7579 7614 8279 8244)
4(7613 8278 8279 7614)
4(8243 8244 8279 8278)
4(7580 7615 8280 8245)
4(7614 8279 8280 7615)
4(8244 8245 8280 8279)
4(7581 7616 8281 8246)
4(7615 8280 8281 7616)
4(8245 8246 8281 8280)
4(7582 7617 8282 8247)
4(7616 8281 8282 7617)
4(8246 8247 8282 8281)
4(7583 7618 8283 8248)
4(7617 8282 8283 7618)
4(8247 8248 8283 8282)
4(7584 7619 8284 8249)
4(7618 8283 8284 7619)
4(8248 8249 8284 8283)
4(7585 7620 8285 8250)
4(7619 8284 8285 7620)
4(8249 8250 8285 8284)
4(7586 7621 8286 8251)
4(7620 8285 8286 7621)
4(8250 8251 8286 8285)
4(7587 7622 8287 8252)
4(7621 8286 8287 7622)
4(8251 8252 8287 8286)
4(7588 7623 8288 8253)
4(7622 8287 8288 7623)
4(8252 8253 8288 8287)
4(7589 7624 8289 8254)
4(7623 8288 8289 7624)
4(8253 8254 8289 8288)
4(7590 7625 8290 8255)
4(7624 8289 8290 7625)
4(8254 8255 8290 8289)
4(7591 7626 8291 8256)
4(7625 8290 8291 7626)
4(8255 8256 8291 8290)
4(7592 7627 8292 8257)
4(7626 8291 8292 7627)
4(8256 8257 8292 8291)
4(7593 7628 8293 8258)
4(7627 8292 8293 7628)
4(8257 8258 8293 8292)
4(7628 8293 8294 7629)
4(8258 8259 8294 8293)
4(7596 7631 8296 8261)
4(7630 8295 8296 7631)
4(8260 8261 8296 8295)
4(7597 7632 8297 8262)
4(7631 8296 8297 7632)
4(8261 8262 8297 8296)
4(7598 7633 8298 8263)
4(7632 8297 8298 7633)
4(8262 8263 8298 8297)
4(7599 7634 8299 8264)
4(7633 8298 8299 7634)
4(8263 8264 8299 8298)
4(7600 7635 8300 8265)
4(7634 8299 8300 7635)
4(8264 8265 8300 8299)
4(7601 7636 8301 8266)
4(7635 8300 8301 7636)
4(8265 8266 8301 8300)
4(7602 7637 8302 8267)
4(7636 8301 8302 7637)
4(8266 8267 8302 8301)
4(7603 7638 8303 8268)
4(7637 8302 8303 7638)
4(8267 8268 8303 8302)
4(7604 7639 8304 8269)
4(7638 8303 8304 7639)
4(8268 8269 8304 8303)
4(7605 7640 8305 8270)
4(7639 8304 8305 7640)
4(8269 8270 8305 8304)
4(7606 7641 8306 8271)
4(7640 8305 8306 7641)
4(8270 8271 8306 8305)
4(7607 7642 8307 8272)
4(7641 8306 8307 7642)
4(8271 8272 8307 8306)
4(7608 7643 8308 8273)
4(7642 8307 8308 7643)
4(8272 8273 8308 8307)
4(7609 7644 8309 8274)
4(7643 8308 8309 7644)
4(8273 8274 8309 8308)
4(7610 7645 8310 8275)
4(7644 8309 8310 7645)
4(8274 8275 8310 8309)
4(7611 7646 8311 8276)
4(7645 8310 8311 7646)
4(8275 8276 8311 8310)
4(7612 7647 8312 8277)
4(7646 8311 8312 7647)
4(8276 8277 8312 8311)
4(7613 7648 8313 8278)
4(7647 8312 8313 7648)
4(8277 8278 8313 8312)
4(7614 7649 8314 8279)
4(7648 8313 8314 7649)
4(8278 8279 8314 8313)
4(7615 7650 8315 8280)
4(7649 8314 8315 7650)
4(8279 8280 8315 8314)
4(7616 7651 8316 8281)
4(7650 8315 8316 7651)
4(8280 8281 8316 8315)
4(7617 7652 8317 8282)
4(7651 8316 8317 7652)
4(8281 8282 8317 8316)
4(7618 7653 8318 8283)
4(7652 8317 8318 7653)
4(8282 8283 8318 8317)
4(7619 7654 8319 8284)
4(7653 8318 8319 7654)
4(8283 8284 8319 8318)
4(7620 7655 8320 8285)
4(7654 8319 8320 7655)
4(8284 8285 8320 8319)
4(7621 7656 8321 8286)
4(7655 8320 8321 7656)
4(8285 8286 8321 8320)
4(7622 7657 8322 8287)
4(7656 8321 8322 7657)
4(8286 8287 8322 8321)
4(7623 7658 8323 8288)
4(7657 8322 8323 7658)
4(8287 8288 8323 8322)
4(7624 7659 8324 8289)
4(7658 8323 8324 7659)
4(8288 8289 8324 8323)
4(7625 7660 8325 8290)
4(7659 8324 8325 7660)
4(8289 8290 8325 8324)
4(7626 7661 8326 8291)
4(7660 8325 8326 7661)
4(8290 8291 8326 8325)
4(7627 7662 8327 8292)
4(7661 8326 8327 7662)
4(8291 8292 8327 8326)
4(7628 7663 8328 8293)
4(7662 8327 8328 7663)
4(8292 8293 8328 8327)
4(7663 8328 8329 7664)
4(8293 8294 8329 8328)
4(7631 7666 8331 8296)
4(7665 8330 8331 7666)
4(8295 8296 8331 8330)
4(7632 7667 8332 8297)
4(7666 8331 8332 7667)
4(8296 8297 8332 8331)
4(7633 7668 8333 8298)
4(7667 8332 8333 7668)
4(8297 8298 8333 8332)
4(7634 7669 8334 8299)
4(7668 8333 8334 7669)
4(8298 8299 8334 8333)
4(7635 7670 8335 8300)
4(7669 8334 8335 7670)
4(8299 8300 8335 8334)
4(7636 7671 8336 8301)
4(7670 8335 8336 7671)
4(8300 8301 8336 8335)
4(7637 7672 8337 8302)
4(7671 8336 8337 7672)
4(8301 8302 8337 8336)
4(7638 7673 8338 8303)
4(7672 8337 8338 7673)
4(8302 8303 8338 8337)
4(7639 7674 8339 8304)
4(7673 8338 8339 7674)
4(8303 8304 8339 8338)
4(7640 7675 8340 8305)
4(7674 8339 8340 7675)
4(8304 8305 8340 8339)
4(7641 7676 8341 8306)
4(7675 8340 8341 7676)
4(8305 8306 8341 8340)
4(7642 7677 8342 8307)
4(7676 8341 8342 7677)
4(8306 8307 8342 8341)
4(7643 7678 8343 8308)
4(7677 8342 8343 7678)
4(8307 8308 8343 8342)
4(7644 7679 8344 8309)
4(7678 8343 8344 7679)
4(8308 8309 8344 8343)
4(7645 7680 8345 8310)
4(7679 8344 8345 7680)
4(8309 8310 8345 8344)
4(7646 7681 8346 8311)
4(7680 8345 8346 7681)
4(8310 8311 8346 8345)
4(7647 7682 8347 8312)
4(7681 8346 8347 7682)
4(8311 8312 8347 8346)
4(7648 7683 8348 8313)
4(7682 8347 8348 7683)
4(8312 8313 8348 8347)
4(7649 7684 8349 8314)
4(7683 8348 8349 7684)
4(8313 8314 8349 8348)
4(7650 7685 8350 8315)
4(7684 8349 8350 7685)
4(8314 8315 8350 8349)
4(7651 7686 8351 8316)
4(7685 8350 8351 7686)
4(8315 8316 8351 8350)
4(7652 7687 8352 8317)
4(7686 8351 8352 7687)
4(8316 8317 8352 8351)
4(7653 7688 8353 8318)
4(7687 8352 8353 7688)
4(8317 8318 8353 8352)
4(7654 7689 8354 8319)
4(7688 8353 8354 7689)
4(8318 8319 8354 8353)
4(7655 7690 8355 8320)
4(7689 8354 8355 7690)
4(8319 8320 8355 8354)
4(7656 7691 8356 8321)
4(7690 8355 8356 7691)
4(8320 8321 8356 8355)
4(7657 7692 8357 8322)
4(7691 8356 8357 7692)
4(8321 8322 8357 8356)
4(7658 7693 8358 8323)
4(7692 8357 8358 7693)
4(8322 8323 8358 8357)
4(7659 7694 8359 8324)
4(7693 8358 8359 7694)
4(8323 8324 8359 8358)
4(7660 7695 8360 8325)
4(7694 8359 8360 7695)
4(8324 8325 8360 8359)
4(7661 7696 8361 8326)
4(7695 8360 8361 7696)
4(8325 8326 8361 8360)
4(7662 7697 8362 8327)
4(7696 8361 8362 7697)
4(8326 8327 8362 8361)
4(7663 7698 8363 8328)
4(7697 8362 8363 7698)
4(8327 8328 8363 8362)
4(7698 8363 8364 7699)
4(8328 8329 8364 8363)
4(7666 7701 8366 8331)
4(7700 8365 8366 7701)
4(8330 8331 8366 8365)
4(7667 7702 8367 8332)
4(7701 8366 8367 7702)
4(8331 8332 8367 8366)
4(7668 7703 8368 8333)
4(7702 8367 8368 7703)
4(8332 8333 8368 8367)
4(7669 7704 8369 8334)
4(7703 8368 8369 7704)
4(8333 8334 8369 8368)
4(7670 7705 8370 8335)
4(7704 8369 8370 7705)
4(8334 8335 8370 8369)
4(7671 7706 8371 8336)
4(7705 8370 8371 7706)
4(8335 8336 8371 8370)
4(7672 7707 8372 8337)
4(7706 8371 8372 7707)
4(8336 8337 8372 8371)
4(7673 7708 8373 8338)
4(7707 8372 8373 7708)
4(8337 8338 8373 8372)
4(7674 7709 8374 8339)
4(7708 8373 8374 7709)
4(8338 8339 8374 8373)
4(7675 7710 8375 8340)
4(7709 8374 8375 7710)
4(8339 8340 8375 8374)
4(7676 7711 8376 8341)
4(7710 8375 8376 7711)
4(8340 8341 8376 8375)
4(7677 7712 8377 8342)
4(7711 8376 8377 7712)
4(8341 8342 8377 8376)
4(7678 7713 8378 8343)
4(7712 8377 8378 7713)
4(8342 8343 8378 8377)
4(7679 7714 8379 8344)
4(7713 8378 8379 7714)
4(8343 8344 8379 8378)
4(7680 7715 8380 8345)
4(7714 8379 8380 7715)
4(8344 8345 8380 8379)
4(7681 7716 8381 8346)
4(7715 8380 8381 7716)
4(8345 8346 8381 8380)
4(7682 7717 8382 8347)
4(7716 8381 8382 7717)
4(8346 8347 8382 8381)
4(7683 7718 8383 8348)
4(7717 8382 8383 7718)
4(8347 8348 8383 8382)
4(7684 7719 8384 8349)
4(7718 8383 8384 7719)
4(8348 8349 8384 8383)
4(7685 7720 8385 8350)
4(7719 8384 8385 7720)
4(8349 8350 8385 8384)
4(7686 7721 8386 8351)
4(7720 8385 8386 7721)
4(8350 8351 8386 8385)
4(7687 7722 8387 8352)
4(7721 8386 8387 7722)
4(8351 8352 8387 8386)
4(7688 7723 8388 8353)
4(7722 8387 8388 7723)
4(8352 8353 8388 8387)
4(7689 7724 8389 8354)
4(7723 8388 8389 7724)
4(8353 8354 8389 8388)
4(7690 7725 8390 8355)
4(7724 8389 8390 7725)
4(8354 8355 8390 8389)
4(7691 7726 8391 8356)
4(7725 8390 8391 7726)
4(8355 8356 8391 8390)
4(7692 7727 8392 8357)
4(7726 8391 8392 7727)
4(8356 8357 8392 8391)
4(7693 7728 8393 8358)
4(7727 8392 8393 7728)
4(8357 8358 8393 8392)
4(7694 7729 8394 8359)
4(7728 8393 8394 7729)
4(8358 8359 8394 8393)
4(7695 7730 8395 8360)
4(7729 8394 8395 7730)
4(8359 8360 8395 8394)
4(7696 7731 8396 8361)
4(7730 8395 8396 7731)
4(8360 8361 8396 8395)
4(7697 7732 8397 8362)
4(7731 8396 8397 7732)
4(8361 8362 8397 8396)
4(7698 7733 8398 8363)
4(7732 8397 8398 7733)
4(8362 8363 8398 8397)
4(7733 8398 8399 7734)
4(8363 8364 8399 8398)
4(7701 7736 8401 8366)
4(7735 8400 8401 7736)
4(8365 8366 8401 8400)
4(7702 7737 8402 8367)
4(7736 8401 8402 7737)
4(8366 8367 8402 8401)
4(7703 7738 8403 8368)
4(7737 8402 8403 7738)
4(8367 8368 8403 8402)
4(7704 7739 8404 8369)
4(7738 8403 8404 7739)
4(8368 8369 8404 8403)
4(7705 7740 8405 8370)
4(7739 8404 8405 7740)
4(8369 8370 8405 8404)
4(7706 7741 8406 8371)
4(7740 8405 8406 7741)
4(8370 8371 8406 8405)
4(7707 7742 8407 8372)
4(7741 8406 8407 7742)
4(8371 8372 8407 8406)
4(7708 7743 8408 8373)
4(7742 8407 8408 7743)
4(8372 8373 8408 8407)
4(7709 7744 8409 8374)
4(7743 8408 8409 7744)
4(8373 8374 8409 8408)
4(7710 7745 8410 8375)
4(7744 8409 8410 7745)
4(8374 8375 8410 8409)
4(7711 7746 8411 8376)
4(7745 8410 8411 7746)
4(8375 8376 8411 8410)
4(7712 7747 8412 8377)
4(7746 8411 8412 7747)
4(8376 8377 8412 8411)
4(7713 7748 8413 8378)
4(7747 8412 8413 7748)
4(8377 8378 8413 8412)
4(7714 7749 8414 8379)
4(7748 8413 8414 7749)
4(8378 8379 8414 8413)
4(7715 7750 8415 8380)
4(7749 8414 8415 7750)
4(8379 8380 8415 8414)
4(7716 7751 8416 8381)
4(7750 8415 8416 7751)
4(8380 8381 8416 8415)
4(7717 7752 8417 8382)
4(7751 8416 8417 7752)
4(8381 8382 8417 8416)
4(7718 7753 8418 8383)
4(7752 8417 8418 7753)
4(8382 8383 8418 8417)
4(7719 7754 8419 8384)
4(7753 8418 8419 7754)
4(8383 8384 8419 8418)
4(7720 7755 8420 8385)
4(7754 8419 8420 7755)
4(8384 8385 8420 8419)
4(7721 7756 8421 8386)
4(7755 8420 8421 7756)
4(8385 8386 8421 8420)
4(7722 7757 8422 8387)
4(7756 8421 8422 7757)
4(8386 8387 8422 8421)
4(7723 7758 8423 8388)
4(7757 8422 8423 7758)
4(8387 8388 8423 8422)
4(7724 7759 8424 8389)
4(7758 8423 8424 7759)
4(8388 8389 8424 8423)
4(7725 7760 8425 8390)
4(7759 8424 8425 7760)
4(8389 8390 8425 8424)
4(7726 7761 8426 8391)
4(7760 8425 8426 7761)
4(8390 8391 8426 8425)
4(7727 7762 8427 8392)
4(7761 8426 8427 7762)
4(8391 8392 8427 8426)
4(7728 7763 8428 8393)
4(7762 8427 8428 7763)
4(8392 8393 8428 8427)
4(7729 7764 8429 8394)
4(7763 8428 8429 7764)
4(8393 8394 8429 8428)
4(7730 7765 8430 8395)
4(7764 8429 8430 7765)
4(8394 8395 8430 8429)
4(7731 7766 8431 8396)
4(7765 8430 8431 7766)
4(8395 8396 8431 8430)
4(7732 7767 8432 8397)
4(7766 8431 8432 7767)
4(8396 8397 8432 8431)
4(7733 7768 8433 8398)
4(7767 8432 8433 7768)
4(8397 8398 8433 8432)
4(7768 8433 8434 7769)
4(8398 8399 8434 8433)
4(7736 7771 8436 8401)
4(7770 8435 8436 7771)
4(8400 8401 8436 8435)
4(7737 7772 8437 8402)
4(7771 8436 8437 7772)
4(8401 8402 8437 8436)
4(7738 7773 8438 8403)
4(7772 8437 8438 7773)
4(8402 8403 8438 8437)
4(7739 7774 8439 8404)
4(7773 8438 8439 7774)
4(8403 8404 8439 8438)
4(7740 7775 8440 8405)
4(7774 8439 8440 7775)
4(8404 8405 8440 8439)
4(7741 7776 8441 8406)
4(7775 8440 8441 7776)
4(8405 8406 8441 8440)
4(7742 7777 8442 8407)
4(7776 8441 8442 7777)
4(8406 8407 8442 8441)
4(7743 7778 8443 8408)
4(7777 8442 8443 7778)
4(8407 8408 8443 8442)
4(7744 7779 8444 8409)
4(7778 8443 8444 7779)
4(8408 8409 8444 8443)
4(7745 7780 8445 8410)
4(7779 8444 8445 7780)
4(8409 8410 8445 8444)
4(7746 7781 8446 8411)
4(7780 8445 8446 7781)
4(8410 8411 8446 8445)
4(7747 7782 8447 8412)
4(7781 8446 8447 7782)
4(8411 8412 8447 8446)
4(7748 7783 8448 8413)
4(7782 8447 8448 7783)
4(8412 8413 8448 8447)
4(7749 7784 8449 8414)
4(7783 8448 8449 7784)
4(8413 8414 8449 8448)
4(7750 7785 8450 8415)
4(7784 8449 8450 7785)
4(8414 8415 8450 8449)
4(7751 7786 8451 8416)
4(7785 8450 8451 7786)
4(8415 8416 8451 8450)
4(7752 7787 8452 8417)
4(7786 8451 8452 7787)
4(8416 8417 8452 8451)
4(7753 7788 8453 8418)
4(7787 8452 8453 7788)
4(8417 8418 8453 8452)
4(7754 7789 8454 8419)
4(7788 8453 8454 7789)
4(8418 8419 8454 8453)
4(7755 7790 8455 8420)
4(7789 8454 8455 7790)
4(8419 8420 8455 8454)
4(7756 7791 8456 8421)
4(7790 8455 8456 7791)
4(8420 8421 8456 8455)
4(7757 7792 8457 8422)
4(7791 8456 8457 7792)
4(8421 8422 8457 8456)
4(7758 7793 8458 8423)
4(7792 8457 8458 7793)
4(8422 8423 8458 8457)
4(7759 7794 8459 8424)
4(7793 8458 8459 7794)
4(8423 8424 8459 8458)
4(7760 7795 8460 8425)
4(7794 8459 8460 7795)
4(8424 8425 8460 8459)
4(7761 7796 8461 8426)
4(7795 8460 8461 7796)
4(8425 8426 8461 8460)
4(7762 7797 8462 8427)
4(7796 8461 8462 7797)
4(8426 8427 8462 8461)
4(7763 7798 8463 8428)
4(7797 8462 8463 7798)
4(8427 8428 8463 8462)
4(7764 7799 8464 8429)
4(7798 8463 8464 7799)
4(8428 8429 8464 8463)
4(7765 7800 8465 8430)
4(7799 8464 8465 7800)
4(8429 8430 8465 8464)
4(7766 7801 8466 8431)
4(7800 8465 8466 7801)
4(8430 8431 8466 8465)
4(7767 7802 8467 8432)
4(7801 8466 8467 7802)
4(8431 8432 8467 8466)
4(7768 7803 8468 8433)
4(7802 8467 8468 7803)
4(8432 8433 8468 8467)
4(7803 8468 8469 7804)
4(8433 8434 8469 8468)
4(7771 7806 8471 8436)
4(7805 8470 8471 7806)
4(8435 8436 8471 8470)
4(7772 7807 8472 8437)
4(7806 8471 8472 7807)
4(8436 8437 8472 8471)
4(7773 7808 8473 8438)
4(7807 8472 8473 7808)
4(8437 8438 8473 8472)
4(7774 7809 8474 8439)
4(7808 8473 8474 7809)
4(8438 8439 8474 8473)
4(7775 7810 8475 8440)
4(7809 8474 8475 7810)
4(8439 8440 8475 8474)
4(7776 7811 8476 8441)
4(7810 8475 8476 7811)
4(8440 8441 8476 8475)
4(7777 7812 8477 8442)
4(7811 8476 8477 7812)
4(8441 8442 8477 8476)
4(7778 7813 8478 8443)
4(7812 8477 8478 7813)
4(8442 8443 8478 8477)
4(7779 7814 8479 8444)
4(7813 8478 8479 7814)
4(8443 8444 8479 8478)
4(7780 7815 8480 8445)
4(7814 8479 8480 7815)
4(8444 8445 8480 8479)
4(7781 7816 8481 8446)
4(7815 8480 8481 7816)
4(8445 8446 8481 8480)
4(7782 7817 8482 8447)
4(7816 8481 8482 7817)
4(8446 8447 8482 8481)
4(7783 7818 8483 8448)
4(7817 8482 8483 7818)
4(8447 8448 8483 8482)
4(7784 7819 8484 8449)
4(7818 8483 8484 7819)
4(8448 8449 8484 8483)
4(7785 7820 8485 8450)
4(7819 8484 8485 7820)
4(8449 8450 8485 8484)
4(7786 7821 8486 8451)
4(7820 8485 8486 7821)
4(8450 8451 8486 8485)
4(7787 7822 8487 8452)
4(7821 8486 8487 7822)
4(8451 8452 8487 8486)
4(7788 7823 8488 8453)
4(7822 8487 8488 7823)
4(8452 8453 8488 8487)
4(7789 7824 8489 8454)
4(7823 8488 8489 7824)
4(8453 8454 8489 8488)
4(7790 7825 8490 8455)
4(7824 8489 8490 7825)
4(8454 8455 8490 8489)
4(7791 7826 8491 8456)
4(7825 8490 8491 7826)
4(8455 8456 8491 8490)
4(7792 7827 8492 8457)
4(7826 8491 8492 7827)
4(8456 8457 8492 8491)
4(7793 7828 8493 8458)
4(7827 8492 8493 7828)
4(8457 8458 8493 8492)
4(7794 7829 8494 8459)
4(7828 8493 8494 7829)
4(8458 8459 8494 8493)
4(7795 7830 8495 8460)
4(7829 8494 8495 7830)
4(8459 8460 8495 8494)
4(7796 7831 8496 8461)
4(7830 8495 8496 7831)
4(8460 8461 8496 8495)
4(7797 7832 8497 8462)
4(7831 8496 8497 7832)
4(8461 8462 8497 8496)
4(7798 7833 8498 8463)
4(7832 8497 8498 7833)
4(8462 8463 8498 8497)
4(7799 7834 8499 8464)
4(7833 8498 8499 7834)
4(8463 8464 8499 8498)
4(7800 7835 8500 8465)
4(7834 8499 8500 7835)
4(8464 8465 8500 8499)
4(7801 7836 8501 8466)
4(7835 8500 8501 7836)
4(8465 8466 8501 8500)
4(7802 7837 8502 8467)
4(7836 8501 8502 7837)
4(8466 8467 8502 8501)
4(7803 7838 8503 8468)
4(7837 8502 8503 7838)
4(8467 8468 8503 8502)
4(7838 8503 8504 7839)
4(8468 8469 8504 8503)
4(7806 7841 8506 8471)
4(7840 8505 8506 7841)
4(8470 8471 8506 8505)
4(7807 7842 8507 8472)
4(7841 8506 8507 7842)
4(8471 8472 8507 8506)
4(7808 7843 8508 8473)
4(7842 8507 8508 7843)
4(8472 8473 8508 8507)
4(7809 7844 8509 8474)
4(7843 8508 8509 7844)
4(8473 8474 8509 8508)
4(7810 7845 8510 8475)
4(7844 8509 8510 7845)
4(8474 8475 8510 8509)
4(7811 7846 8511 8476)
4(7845 8510 8511 7846)
4(8475 8476 8511 8510)
4(7812 7847 8512 8477)
4(7846 8511 8512 7847)
4(8476 8477 8512 8511)
4(7813 7848 8513 8478)
4(7847 8512 8513 7848)
4(8477 8478 8513 8512)
4(7814 7849 8514 8479)
4(7848 8513 8514 7849)
4(8478 8479 8514 8513)
4(7815 7850 8515 8480)
4(7849 8514 8515 7850)
4(8479 8480 8515 8514)
4(7816 7851 8516 8481)
4(7850 8515 8516 7851)
4(8480 8481 8516 8515)
4(7817 7852 8517 8482)
4(7851 8516 8517 7852)
4(8481 8482 8517 8516)
4(7818 7853 8518 8483)
4(7852 8517 8518 7853)
4(8482 8483 8518 8517)
4(7819 7854 8519 8484)
4(7853 8518 8519 7854)
4(8483 8484 8519 8518)
4(7820 7855 8520 8485)
4(7854 8519 8520 7855)
4(8484 8485 8520 8519)
4(7821 7856 8521 8486)
4(7855 8520 8521 7856)
4(8485 8486 8521 8520)
4(7822 7857 8522 8487)
4(7856 8521 8522 7857)
4(8486 8487 8522 8521)
4(7823 7858 8523 8488)
4(7857 8522 8523 7858)
4(8487 8488 8523 8522)
4(7824 7859 8524 8489)
4(7858 8523 8524 7859)
4(8488 8489 8524 8523)
4(7825 7860 8525 8490)
4(7859 8524 8525 7860)
4(8489 8490 8525 8524)
4(7826 7861 8526 8491)
4(7860 8525 8526 7861)
4(8490 8491 8526 8525)
4(7827 7862 8527 8492)
4(7861 8526 8527 7862)
4(8491 8492 8527 8526)
4(7828 7863 8528 8493)
4(7862 8527 8528 7863)
4(8492 8493 8528 8527)
4(7829 7864 8529 8494)
4(7863 8528 8529 7864)
4(8493 8494 8529 8528)
4(7830 7865 8530 8495)
4(7864 8529 8530 7865)
4(8494 8495 8530 8529)
4(7831 7866 8531 8496)
4(7865 8530 8531 7866)
4(8495 8496 8531 8530)
4(7832 7867 8532 8497)
4(7866 8531 8532 7867)
4(8496 8497 8532 8531)
4(7833 7868 8533 8498)
4(7867 8532 8533 7868)
4(8497 8498 8533 8532)
4(7834 7869 8534 8499)
4(7868 8533 8534 7869)
4(8498 8499 8534 8533)
4(7835 7870 8535 8500)
4(7869 8534 8535 7870)
4(8499 8500 8535 8534)
4(7836 7871 8536 8501)
4(7870 8535 8536 7871)
4(8500 8501 8536 8535)
4(7837 7872 8537 8502)
4(7871 8536 8537 7872)
4(8501 8502 8537 8536)
4(7838 7873 8538 8503)
4(7872 8537 8538 7873)
4(8502 8503 8538 8537)
4(7873 8538 8539 7874)
4(8503 8504 8539 8538)
4(7841 7876 8541 8506)
4(7875 8540 8541 7876)
4(8505 8506 8541 8540)
4(7842 7877 8542 8507)
4(7876 8541 8542 7877)
4(8506 8507 8542 8541)
4(7843 7878 8543 8508)
4(7877 8542 8543 7878)
4(8507 8508 8543 8542)
4(7844 7879 8544 8509)
4(7878 8543 8544 7879)
4(8508 8509 8544 8543)
4(7845 7880 8545 8510)
4(7879 8544 8545 7880)
4(8509 8510 8545 8544)
4(7846 7881 8546 8511)
4(7880 8545 8546 7881)
4(8510 8511 8546 8545)
4(7847 7882 8547 8512)
4(7881 8546 8547 7882)
4(8511 8512 8547 8546)
4(7848 7883 8548 8513)
4(7882 8547 8548 7883)
4(8512 8513 8548 8547)
4(7849 7884 8549 8514)
4(7883 8548 8549 7884)
4(8513 8514 8549 8548)
4(7850 7885 8550 8515)
4(7884 8549 8550 7885)
4(8514 8515 8550 8549)
4(7851 7886 8551 8516)
4(7885 8550 8551 7886)
4(8515 8516 8551 8550)
4(7852 7887 8552 8517)
4(7886 8551 8552 7887)
4(8516 8517 8552 8551)
4(7853 7888 8553 8518)
4(7887 8552 8553 7888)
4(8517 8518 8553 8552)
4(7854 7889 8554 8519)
4(7888 8553 8554 7889)
4(8518 8519 8554 8553)
4(7855 7890 8555 8520)
4(7889 8554 8555 7890)
4(8519 8520 8555 8554)
4(7856 7891 8556 8521)
4(7890 8555 8556 7891)
4(8520 8521 8556 8555)
4(7857 7892 8557 8522)
4(7891 8556 8557 7892)
4(8521 8522 8557 8556)
4(7858 7893 8558 8523)
4(7892 8557 8558 7893)
4(8522 8523 8558 8557)
4(7859 7894 8559 8524)
4(7893 8558 8559 7894)
4(8523 8524 8559 8558)
4(7860 7895 8560 8525)
4(7894 8559 8560 7895)
4(8524 8525 8560 8559)
4(7861 7896 8561 8526)
4(7895 8560 8561 7896)
4(8525 8526 8561 8560)
4(7862 7897 8562 8527)
4(7896 8561 8562 7897)
4(8526 8527 8562 8561)
4(7863 7898 8563 8528)
4(7897 8562 8563 7898)
4(8527 8528 8563 8562)
4(7864 7899 8564 8529)
4(7898 8563 8564 7899)
4(8528 8529 8564 8563)
4(7865 7900 8565 8530)
4(7899 8564 8565 7900)
4(8529 8530 8565 8564)
4(7866 7901 8566 8531)
4(7900 8565 8566 7901)
4(8530 8531 8566 8565)
4(7867 7902 8567 8532)
4(7901 8566 8567 7902)
4(8531 8532 8567 8566)
4(7868 7903 8568 8533)
4(7902 8567 8568 7903)
4(8532 8533 8568 8567)
4(7869 7904 8569 8534)
4(7903 8568 8569 7904)
4(8533 8534 8569 8568)
4(7870 7905 8570 8535)
4(7904 8569 8570 7905)
4(8534 8535 8570 8569)
4(7871 7906 8571 8536)
4(7905 8570 8571 7906)
4(8535 8536 8571 8570)
4(7872 7907 8572 8537)
4(7906 8571 8572 7907)
4(8536 8537 8572 8571)
4(7873 7908 8573 8538)
4(7907 8572 8573 7908)
4(8537 8538 8573 8572)
4(7908 8573 8574 7909)
4(8538 8539 8574 8573)
4(7876 7911 8576 8541)
4(7910 8575 8576 7911)
4(8540 8541 8576 8575)
4(7877 7912 8577 8542)
4(7911 8576 8577 7912)
4(8541 8542 8577 8576)
4(7878 7913 8578 8543)
4(7912 8577 8578 7913)
4(8542 8543 8578 8577)
4(7879 7914 8579 8544)
4(7913 8578 8579 7914)
4(8543 8544 8579 8578)
4(7880 7915 8580 8545)
4(7914 8579 8580 7915)
4(8544 8545 8580 8579)
4(7881 7916 8581 8546)
4(7915 8580 8581 7916)
4(8545 8546 8581 8580)
4(7882 7917 8582 8547)
4(7916 8581 8582 7917)
4(8546 8547 8582 8581)
4(7883 7918 8583 8548)
4(7917 8582 8583 7918)
4(8547 8548 8583 8582)
4(7884 7919 8584 8549)
4(7918 8583 8584 7919)
4(8548 8549 8584 8583)
4(7885 7920 8585 8550)
4(7919 8584 8585 7920)
4(8549 8550 8585 8584)
4(7886 7921 8586 8551)
4(7920 8585 8586 7921)
4(8550 8551 8586 8585)
4(7887 7922 8587 8552)
4(7921 8586 8587 7922)
4(8551 8552 8587 8586)
4(7888 7923 8588 8553)
4(7922 8587 8588 7923)
4(8552 8553 8588 8587)
4(7889 7924 8589 8554)
4(7923 8588 8589 7924)
4(8553 8554 8589 8588)
4(7890 7925 8590 8555)
4(7924 8589 8590 7925)
4(8554 8555 8590 8589)
4(7891 7926 8591 8556)
4(7925 8590 8591 7926)
4(8555 8556 8591 8590)
4(7892 7927 8592 8557)
4(7926 8591 8592 7927)
4(8556 8557 8592 8591)
4(7893 7928 8593 8558)
4(7927 8592 8593 7928)
4(8557 8558 8593 8592)
4(7894 7929 8594 8559)
4(7928 8593 8594 7929)
4(8558 8559 8594 8593)
4(7895 7930 8595 8560)
4(7929 8594 8595 7930)
4(8559 8560 8595 8594)
4(7896 7931 8596 8561)
4(7930 8595 8596 7931)
4(8560 8561 8596 8595)
4(7897 7932 8597 8562)
4(7931 8596 8597 7932)
4(8561 8562 8597 8596)
4(7898 7933 8598 8563)
4(7932 8597 8598 7933)
4(8562 8563 8598 8597)
4(7899 7934 8599 8564)
4(7933 8598 8599 7934)
4(8563 8564 8599 8598)
4(7900 7935 8600 8565)
4(7934 8599 8600 7935)
4(8564 8565 8600 8599)
4(7901 7936 8601 8566)
4(7935 8600 8601 7936)
4(8565 8566 8601 8600)
4(7902 7937 8602 8567)
4(7936 8601 8602 7937)
4(8566 8567 8602 8601)
4(7903 7938 8603 8568)
4(7937 8602 8603 7938)
4(8567 8568 8603 8602)
4(7904 7939 8604 8569)
4(7938 8603 8604 7939)
4(8568 8569 8604 8603)
4(7905 7940 8605 8570)
4(7939 8604 8605 7940)
4(8569 8570 8605 8604)
4(7906 7941 8606 8571)
4(7940 8605 8606 7941)
4(8570 8571 8606 8605)
4(7907 7942 8607 8572)
4(7941 8606 8607 7942)
4(8571 8572 8607 8606)
4(7908 7943 8608 8573)
4(7942 8607 8608 7943)
4(8572 8573 8608 8607)
4(7943 8608 8609 7944)
4(8573 8574 8609 8608)
4(7911 7946 8611 8576)
4(8575 8576 8611 8610)
4(7912 7947 8612 8577)
4(8576 8577 8612 8611)
4(7913 7948 8613 8578)
4(8577 8578 8613 8612)
4(7914 7949 8614 8579)
4(8578 8579 8614 8613)
4(7915 7950 8615 8580)
4(8579 8580 8615 8614)
4(7916 7951 8616 8581)
4(8580 8581 8616 8615)
4(7917 7952 8617 8582)
4(8581 8582 8617 8616)
4(7918 7953 8618 8583)
4(8582 8583 8618 8617)
4(7919 7954 8619 8584)
4(8583 8584 8619 8618)
4(7920 7955 8620 8585)
4(8584 8585 8620 8619)
4(7921 7956 8621 8586)
4(8585 8586 8621 8620)
4(7922 7957 8622 8587)
4(8586 8587 8622 8621)
4(7923 7958 8623 8588)
4(8587 8588 8623 8622)
4(7924 7959 8624 8589)
4(8588 8589 8624 8623)
4(7925 7960 8625 8590)
4(8589 8590 8625 8624)
4(7926 7961 8626 8591)
4(8590 8591 8626 8625)
4(7927 7962 8627 8592)
4(8591 8592 8627 8626)
4(7928 7963 8628 8593)
4(8592 8593 8628 8627)
4(7929 7964 8629 8594)
4(8593 8594 8629 8628)
4(7930 7965 8630 8595)
4(8594 8595 8630 8629)
4(7931 7966 8631 8596)
4(8595 8596 8631 8630)
4(7932 7967 8632 8597)
4(8596 8597 8632 8631)
4(7933 7968 8633 8598)
4(8597 8598 8633 8632)
4(7934 7969 8634 8599)
4(8598 8599 8634 8633)
4(7935 7970 8635 8600)
4(8599 8600 8635 8634)
4(7936 7971 8636 8601)
4(8600 8601 8636 8635)
4(7937 7972 8637 8602)
4(8601 8602 8637 8636)
4(7938 7973 8638 8603)
4(8602 8603 8638 8637)
4(7939 7974 8639 8604)
4(8603 8604 8639 8638)
4(7940 7975 8640 8605)
4(8604 8605 8640 8639)
4(7941 7976 8641 8606)
4(8605 8606 8641 8640)
4(7942 7977 8642 8607)
4(8606 8607 8642 8641)
4(7943 7978 8643 8608)
4(8607 8608 8643 8642)
4(8608 8609 8644 8643)
4(7981 8016 8681 8646)
4(8015 8680 8681 8016)
4(8645 8646 8681 8680)
4(7982 8017 8682 8647)
4(8016 8681 8682 8017)
4(8646 8647 8682 8681)
4(7983 8018 8683 8648)
4(8017 8682 8683 8018)
4(8647 8648 8683 8682)
4(7984 8019 8684 8649)
4(8018 8683 8684 8019)
4(8648 8649 8684 8683)
4(7985 8020 8685 8650)
4(8019 8684 8685 8020)
4(8649 8650 8685 8684)
4(7986 8021 8686 8651)
4(8020 8685 8686 8021)
4(8650 8651 8686 8685)
4(7987 8022 8687 8652)
4(8021 8686 8687 8022)
4(8651 8652 8687 8686)
4(7988 8023 8688 8653)
4(8022 8687 8688 8023)
4(8652 8653 8688 8687)
4(7989 8024 8689 8654)
4(8023 8688 8689 8024)
4(8653 8654 8689 8688)
4(7990 8025 8690 8655)
4(8024 8689 8690 8025)
4(8654 8655 8690 8689)
4(7991 8026 8691 8656)
4(8025 8690 8691 8026)
4(8655 8656 8691 8690)
4(7992 8027 8692 8657)
4(8026 8691 8692 8027)
4(8656 8657 8692 8691)
4(7993 8028 8693 8658)
4(8027 8692 8693 8028)
4(8657 8658 8693 8692)
4(7994 8029 8694 8659)
4(8028 8693 8694 8029)
4(8658 8659 8694 8693)
4(7995 8030 8695 8660)
4(8029 8694 8695 8030)
4(8659 8660 8695 8694)
4(7996 8031 8696 8661)
4(8030 8695 8696 8031)
4(8660 8661 8696 8695)
4(7997 8032 8697 8662)
4(8031 8696 8697 8032)
4(8661 8662 8697 8696)
4(7998 8033 8698 8663)
4(8032 8697 8698 8033)
4(8662 8663 8698 8697)
4(7999 8034 8699 8664)
4(8033 8698 8699 8034)
4(8663 8664 8699 8698)
4(8000 8035 8700 8665)
4(8034 8699 8700 8035)
4(8664 8665 8700 8699)
4(8001 8036 8701 8666)
4(8035 8700 8701 8036)
4(8665 8666 8701 8700)
4(8002 8037 8702 8667)
4(8036 8701 8702 8037)
4(8666 8667 8702 8701)
4(8003 8038 8703 8668)
4(8037 8702 8703 8038)
4(8667 8668 8703 8702)
4(8004 8039 8704 8669)
4(8038 8703 8704 8039)
4(8668 8669 8704 8703)
4(8005 8040 8705 8670)
4(8039 8704 8705 8040)
4(8669 8670 8705 8704)
4(8006 8041 8706 8671)
4(8040 8705 8706 8041)
4(8670 8671 8706 8705)
4(8007 8042 8707 8672)
4(8041 8706 8707 8042)
4(8671 8672 8707 8706)
4(8008 8043 8708 8673)
4(8042 8707 8708 8043)
4(8672 8673 8708 8707)
4(8009 8044 8709 8674)
4(8043 8708 8709 8044)
4(8673 8674 8709 8708)
4(8010 8045 8710 8675)
4(8044 8709 8710 8045)
4(8674 8675 8710 8709)
4(8011 8046 8711 8676)
4(8045 8710 8711 8046)
4(8675 8676 8711 8710)
4(8012 8047 8712 8677)
4(8046 8711 8712 8047)
4(8676 8677 8712 8711)
4(8013 8048 8713 8678)
4(8047 8712 8713 8048)
4(8677 8678 8713 8712)
4(8048 8713 8714 8049)
4(8678 8679 8714 8713)
4(8016 8051 8716 8681)
4(8050 8715 8716 8051)
4(8680 8681 8716 8715)
4(8017 8052 8717 8682)
4(8051 8716 8717 8052)
4(8681 8682 8717 8716)
4(8018 8053 8718 8683)
4(8052 8717 8718 8053)
4(8682 8683 8718 8717)
4(8019 8054 8719 8684)
4(8053 8718 8719 8054)
4(8683 8684 8719 8718)
4(8020 8055 8720 8685)
4(8054 8719 8720 8055)
4(8684 8685 8720 8719)
4(8021 8056 8721 8686)
4(8055 8720 8721 8056)
4(8685 8686 8721 8720)
4(8022 8057 8722 8687)
4(8056 8721 8722 8057)
4(8686 8687 8722 8721)
4(8023 8058 8723 8688)
4(8057 8722 8723 8058)
4(8687 8688 8723 8722)
4(8024 8059 8724 8689)
4(8058 8723 8724 8059)
4(8688 8689 8724 8723)
4(8025 8060 8725 8690)
4(8059 8724 8725 8060)
4(8689 8690 8725 8724)
4(8026 8061 8726 8691)
4(8060 8725 8726 8061)
4(8690 8691 8726 8725)
4(8027 8062 8727 8692)
4(8061 8726 8727 8062)
4(8691 8692 8727 8726)
4(8028 8063 8728 8693)
4(8062 8727 8728 8063)
4(8692 8693 8728 8727)
4(8029 8064 8729 8694)
4(8063 8728 8729 8064)
4(8693 8694 8729 8728)
4(8030 8065 8730 8695)
4(8064 8729 8730 8065)
4(8694 8695 8730 8729)
4(8031 8066 8731 8696)
4(8065 8730 8731 8066)
4(8695 8696 8731 8730)
4(8032 8067 8732 8697)
4(8066 8731 8732 8067)
4(8696 8697 8732 8731)
4(8033 8068 8733 8698)
4(8067 8732 8733 8068)
4(8697 8698 8733 8732)
4(8034 8069 8734 8699)
4(8068 8733 8734 8069)
4(8698 8699 8734 8733)
4(8035 8070 8735 8700)
4(8069 8734 8735 8070)
4(8699 8700 8735 8734)
4(8036 8071 8736 8701)
4(8070 8735 8736 8071)
4(8700 8701 8736 8735)
4(8037 8072 8737 8702)
4(8071 8736 8737 8072)
4(8701 8702 8737 8736)
4(8038 8073 8738 8703)
4(8072 8737 8738 8073)
4(8702 8703 8738 8737)
4(8039 8074 8739 8704)
4(8073 8738 8739 8074)
4(8703 8704 8739 8738)
4(8040 8075 8740 8705)
4(8074 8739 8740 8075)
4(8704 8705 8740 8739)
4(8041 8076 8741 8706)
4(8075 8740 8741 8076)
4(8705 8706 8741 8740)
4(8042 8077 8742 8707)
4(8076 8741 8742 8077)
4(8706 8707 8742 8741)
4(8043 8078 8743 8708)
4(8077 8742 8743 8078)
4(8707 8708 8743 8742)
4(8044 8079 8744 8709)
4(8078 8743 8744 8079)
4(8708 8709 8744 8743)
4(8045 8080 8745 8710)
4(8079 8744 8745 8080)
4(8709 8710 8745 8744)
4(8046 8081 8746 8711)
4(8080 8745 8746 8081)
4(8710 8711 8746 8745)
4(8047 8082 8747 8712)
4(8081 8746 8747 8082)
4(8711 8712 8747 8746)
4(8048 8083 8748 8713)
4(8082 8747 8748 8083)
4(8712 8713 8748 8747)
4(8083 8748 8749 8084)
4(8713 8714 8749 8748)
4(8051 8086 8751 8716)
4(8085 8750 8751 8086)
4(8715 8716 8751 8750)
4(8052 8087 8752 8717)
4(8086 8751 8752 8087)
4(8716 8717 8752 8751)
4(8053 8088 8753 8718)
4(8087 8752 8753 8088)
4(8717 8718 8753 8752)
4(8054 8089 8754 8719)
4(8088 8753 8754 8089)
4(8718 8719 8754 8753)
4(8055 8090 8755 8720)
4(8089 8754 8755 8090)
4(8719 8720 8755 8754)
4(8056 8091 8756 8721)
4(8090 8755 8756 8091)
4(8720 8721 8756 8755)
4(8057 8092 8757 8722)
4(8091 8756 8757 8092)
4(8721 8722 8757 8756)
4(8058 8093 8758 8723)
4(8092 8757 8758 8093)
4(8722 8723 8758 8757)
4(8059 8094 8759 8724)
4(8093 8758 8759 8094)
4(8723 8724 8759 8758)
4(8060 8095 8760 8725)
4(8094 8759 8760 8095)
4(8724 8725 8760 8759)
4(8061 8096 8761 8726)
4(8095 8760 8761 8096)
4(8725 8726 8761 8760)
4(8062 8097 8762 8727)
4(8096 8761 8762 8097)
4(8726 8727 8762 8761)
4(8063 8098 8763 8728)
4(8097 8762 8763 8098)
4(8727 8728 8763 8762)
4(8064 8099 8764 8729)
4(8098 8763 8764 8099)
4(8728 8729 8764 8763)
4(8065 8100 8765 8730)
4(8099 8764 8765 8100)
4(8729 8730 8765 8764)
4(8066 8101 8766 8731)
4(8100 8765 8766 8101)
4(8730 8731 8766 8765)
4(8067 8102 8767 8732)
4(8101 8766 8767 8102)
4(8731 8732 8767 8766)
4(8068 8103 8768 8733)
4(8102 8767 8768 8103)
4(8732 8733 8768 8767)
4(8069 8104 8769 8734)
4(8103 8768 8769 8104)
4(8733 8734 8769 8768)
4(8070 8105 8770 8735)
4(8104 8769 8770 8105)
4(8734 8735 8770 8769)
4(8071 8106 8771 8736)
4(8105 8770 8771 8106)
4(8735 8736 8771 8770)
4(8072 8107 8772 8737)
4(8106 8771 8772 8107)
4(8736 8737 8772 8771)
4(8073 8108 8773 8738)
4(8107 8772 8773 8108)
4(8737 8738 8773 8772)
4(8074 8109 8774 8739)
4(8108 8773 8774 8109)
4(8738 8739 8774 8773)
4(8075 8110 8775 8740)
4(8109 8774 8775 8110)
4(8739 8740 8775 8774)
4(8076 8111 8776 8741)
4(8110 8775 8776 8111)
4(8740 8741 8776 8775)
4(8077 8112 8777 8742)
4(8111 8776 8777 8112)
4(8741 8742 8777 8776)
4(8078 8113 8778 8743)
4(8112 8777 8778 8113)
4(8742 8743 8778 8777)
4(8079 8114 8779 8744)
4(8113 8778 8779 8114)
4(8743 8744 8779 8778)
4(8080 8115 8780 8745)
4(8114 8779 8780 8115)
4(8744 8745 8780 8779)
4(8081 8116 8781 8746)
4(8115 8780 8781 8116)
4(8745 8746 8781 8780)
4(8082 8117 8782 8747)
4(8116 8781 8782 8117)
4(8746 8747 8782 8781)
4(8083 8118 8783 8748)
4(8117 8782 8783 8118)
4(8747 8748 8783 8782)
4(8118 8783 8784 8119)
4(8748 8749 8784 8783)
4(8086 8121 8786 8751)
4(8120 8785 8786 8121)
4(8750 8751 8786 8785)
4(8087 8122 8787 8752)
4(8121 8786 8787 8122)
4(8751 8752 8787 8786)
4(8088 8123 8788 8753)
4(8122 8787 8788 8123)
4(8752 8753 8788 8787)
4(8089 8124 8789 8754)
4(8123 8788 8789 8124)
4(8753 8754 8789 8788)
4(8090 8125 8790 8755)
4(8124 8789 8790 8125)
4(8754 8755 8790 8789)
4(8091 8126 8791 8756)
4(8125 8790 8791 8126)
4(8755 8756 8791 8790)
4(8092 8127 8792 8757)
4(8126 8791 8792 8127)
4(8756 8757 8792 8791)
4(8093 8128 8793 8758)
4(8127 8792 8793 8128)
4(8757 8758 8793 8792)
4(8094 8129 8794 8759)
4(8128 8793 8794 8129)
4(8758 8759 8794 8793)
4(8095 8130 8795 8760)
4(8129 8794 8795 8130)
4(8759 8760 8795 8794)
4(8096 8131 8796 8761)
4(8130 8795 8796 8131)
4(8760 8761 8796 8795)
4(8097 8132 8797 8762)
4(8131 8796 8797 8132)
4(8761 8762 8797 8796)
4(8098 8133 8798 8763)
4(8132 8797 8798 8133)
4(8762 8763 8798 8797)
4(8099 8134 8799 8764)
4(8133 8798 8799 8134)
4(8763 8764 8799 8798)
4(8100 8135 8800 8765)
4(8134 8799 8800 8135)
4(8764 8765 8800 8799)
4(8101 8136 8801 8766)
4(8135 8800 8801 8136)
4(8765 8766 8801 8800)
4(8102 8137 8802 8767)
4(8136 8801 8802 8137)
4(8766 8767 8802 8801)
4(8103 8138 8803 8768)
4(8137 8802 8803 8138)
4(8767 8768 8803 8802)
4(8104 8139 8804 8769)
4(8138 8803 8804 8139)
4(8768 8769 8804 8803)
4(8105 8140 8805 8770)
4(8139 8804 8805 8140)
4(8769 8770 8805 8804)
4(8106 8141 8806 8771)
4(8140 8805 8806 8141)
4(8770 8771 8806 8805)
4(8107 8142 8807 8772)
4(8141 8806 8807 8142)
4(8771 8772 8807 8806)
4(8108 8143 8808 8773)
4(8142 8807 8808 8143)
4(8772 8773 8808 8807)
4(8109 8144 8809 8774)
4(8143 8808 8809 8144)
4(8773 8774 8809 8808)
4(8110 8145 8810 8775)
4(8144 8809 8810 8145)
4(8774 8775 8810 8809)
4(8111 8146 8811 8776)
4(8145 8810 8811 8146)
4(8775 8776 8811 8810)
4(8112 8147 8812 8777)
4(8146 8811 8812 8147)
4(8776 8777 8812 8811)
4(8113 8148 8813 8778)
4(8147 8812 8813 8148)
4(8777 8778 8813 8812)
4(8114 8149 8814 8779)
4(8148 8813 8814 8149)
4(8778 8779 8814 8813)
4(8115 8150 8815 8780)
4(8149 8814 8815 8150)
4(8779 8780 8815 8814)
4(8116 8151 8816 8781)
4(8150 8815 8816 8151)
4(8780 8781 8816 8815)
4(8117 8152 8817 8782)
4(8151 8816 8817 8152)
4(8781 8782 8817 8816)
4(8118 8153 8818 8783)
4(8152 8817 8818 8153)
4(8782 8783 8818 8817)
4(8153 8818 8819 8154)
4(8783 8784 8819 8818)
4(8121 8156 8821 8786)
4(8155 8820 8821 8156)
4(8785 8786 8821 8820)
4(8122 8157 8822 8787)
4(8156 8821 8822 8157)
4(8786 8787 8822 8821)
4(8123 8158 8823 8788)
4(8157 8822 8823 8158)
4(8787 8788 8823 8822)
4(8124 8159 8824 8789)
4(8158 8823 8824 8159)
4(8788 8789 8824 8823)
4(8125 8160 8825 8790)
4(8159 8824 8825 8160)
4(8789 8790 8825 8824)
4(8126 8161 8826 8791)
4(8160 8825 8826 8161)
4(8790 8791 8826 8825)
4(8127 8162 8827 8792)
4(8161 8826 8827 8162)
4(8791 8792 8827 8826)
4(8128 8163 8828 8793)
4(8162 8827 8828 8163)
4(8792 8793 8828 8827)
4(8129 8164 8829 8794)
4(8163 8828 8829 8164)
4(8793 8794 8829 8828)
4(8130 8165 8830 8795)
4(8164 8829 8830 8165)
4(8794 8795 8830 8829)
4(8131 8166 8831 8796)
4(8165 8830 8831 8166)
4(8795 8796 8831 8830)
4(8132 8167 8832 8797)
4(8166 8831 8832 8167)
4(8796 8797 8832 8831)
4(8133 8168 8833 8798)
4(8167 8832 8833 8168)
4(8797 8798 8833 8832)
4(8134 8169 8834 8799)
4(8168 8833 8834 8169)
4(8798 8799 8834 8833)
4(8135 8170 8835 8800)
4(8169 8834 8835 8170)
4(8799 8800 8835 8834)
4(8136 8171 8836 8801)
4(8170 8835 8836 8171)
4(8800 8801 8836 8835)
4(8137 8172 8837 8802)
4(8171 8836 8837 8172)
4(8801 8802 8837 8836)
4(8138 8173 8838 8803)
4(8172 8837 8838 8173)
4(8802 8803 8838 8837)
4(8139 8174 8839 8804)
4(8173 8838 8839 8174)
4(8803 8804 8839 8838)
4(8140 8175 8840 8805)
4(8174 8839 8840 8175)
4(8804 8805 8840 8839)
4(8141 8176 8841 8806)
4(8175 8840 8841 8176)
4(8805 8806 8841 8840)
4(8142 8177 8842 8807)
4(8176 8841 8842 8177)
4(8806 8807 8842 8841)
4(8143 8178 8843 8808)
4(8177 8842 8843 8178)
4(8807 8808 8843 8842)
4(8144 8179 8844 8809)
4(8178 8843 8844 8179)
4(8808 8809 8844 8843)
4(8145 8180 8845 8810)
4(8179 8844 8845 8180)
4(8809 8810 8845 8844)
4(8146 8181 8846 8811)
4(8180 8845 8846 8181)
4(8810 8811 8846 8845)
4(8147 8182 8847 8812)
4(8181 8846 8847 8182)
4(8811 8812 8847 8846)
4(8148 8183 8848 8813)
4(8182 8847 8848 8183)
4(8812 8813 8848 8847)
4(8149 8184 8849 8814)
4(8183 8848 8849 8184)
4(8813 8814 8849 8848)
4(8150 8185 8850 8815)
4(8184 8849 8850 8185)
4(8814 8815 8850 8849)
4(8151 8186 8851 8816)
4(8185 8850 8851 8186)
4(8815 8816 8851 8850)
4(8152 8187 8852 8817)
4(8186 8851 8852 8187)
4(8816 8817 8852 8851)
4(8153 8188 8853 8818)
4(8187 8852 8853 8188)
4(8817 8818 8853 8852)
4(8188 8853 8854 8189)
4(8818 8819 8854 8853)
4(8156 8191 8856 8821)
4(8190 8855 8856 8191)
4(8820 8821 8856 8855)
4(8157 8192 8857 8822)
4(8191 8856 8857 8192)
4(8821 8822 8857 8856)
4(8158 8193 8858 8823)
4(8192 8857 8858 8193)
4(8822 8823 8858 8857)
4(8159 8194 8859 8824)
4(8193 8858 8859 8194)
4(8823 8824 8859 8858)
4(8160 8195 8860 8825)
4(8194 8859 8860 8195)
4(8824 8825 8860 8859)
4(8161 8196 8861 8826)
4(8195 8860 8861 8196)
4(8825 8826 8861 8860)
4(8162 8197 8862 8827)
4(8196 8861 8862 8197)
4(8826 8827 8862 8861)
4(8163 8198 8863 8828)
4(8197 8862 8863 8198)
4(8827 8828 8863 8862)
4(8164 8199 8864 8829)
4(8198 8863 8864 8199)
4(8828 8829 8864 8863)
4(8165 8200 8865 8830)
4(8199 8864 8865 8200)
4(8829 8830 8865 8864)
4(8166 8201 8866 8831)
4(8200 8865 8866 8201)
4(8830 8831 8866 8865)
4(8167 8202 8867 8832)
4(8201 8866 8867 8202)
4(8831 8832 8867 8866)
4(8168 8203 8868 8833)
4(8202 8867 8868 8203)
4(8832 8833 8868 8867)
4(8169 8204 8869 8834)
4(8203 8868 8869 8204)
4(8833 8834 8869 8868)
4(8170 8205 8870 8835)
4(8204 8869 8870 8205)
4(8834 8835 8870 8869)
4(8171 8206 8871 8836)
4(8205 8870 8871 8206)
4(8835 8836 8871 8870)
4(8172 8207 8872 8837)
4(8206 8871 8872 8207)
4(8836 8837 8872 8871)
4(8173 8208 8873 8838)
4(8207 8872 8873 8208)
4(8837 8838 8873 8872)
4(8174 8209 8874 8839)
4(8208 8873 8874 8209)
4(8838 8839 8874 8873)
4(8175 8210 8875 8840)
4(8209 8874 8875 8210)
4(8839 8840 8875 8874)
4(8176 8211 8876 8841)
4(8210 8875 8876 8211)
4(8840 8841 8876 8875)
4(8177 8212 8877 8842)
4(8211 8876 8877 8212)
4(8841 8842 8877 8876)
4(8178 8213 8878 8843)
4(8212 8877 8878 8213)
4(8842 8843 8878 8877)
4(8179 8214 8879 8844)
4(8213 8878 8879 8214)
4(8843 8844 8879 8878)
4(8180 8215 8880 8845)
4(8214 8879 8880 8215)
4(8844 8845 8880 8879)
4(8181 8216 8881 8846)
4(8215 8880 8881 8216)
4(8845 8846 8881 8880)
4(8182 8217 8882 8847)
4(8216 8881 8882 8217)
4(8846 8847 8882 8881)
4(8183 8218 8883 8848)
4(8217 8882 8883 8218)
4(8847 8848 8883 8882)
4(8184 8219 8884 8849)
4(8218 8883 8884 8219)
4(8848 8849 8884 8883)
4(8185 8220 8885 8850)
4(8219 8884 8885 8220)
4(8849 8850 8885 8884)
4(8186 8221 8886 8851)
4(8220 8885 8886 8221)
4(8850 8851 8886 8885)
4(8187 8222 8887 8852)
4(8221 8886 8887 8222)
4(8851 8852 8887 8886)
4(8188 8223 8888 8853)
4(8222 8887 8888 8223)
4(8852 8853 8888 8887)
4(8223 8888 8889 8224)
4(8853 8854 8889 8888)
4(8191 8226 8891 8856)
4(8225 8890 8891 8226)
4(8855 8856 8891 8890)
4(8192 8227 8892 8857)
4(8226 8891 8892 8227)
4(8856 8857 8892 8891)
4(8193 8228 8893 8858)
4(8227 8892 8893 8228)
4(8857 8858 8893 8892)
4(8194 8229 8894 8859)
4(8228 8893 8894 8229)
4(8858 8859 8894 8893)
4(8195 8230 8895 8860)
4(8229 8894 8895 8230)
4(8859 8860 8895 8894)
4(8196 8231 8896 8861)
4(8230 8895 8896 8231)
4(8860 8861 8896 8895)
4(8197 8232 8897 8862)
4(8231 8896 8897 8232)
4(8861 8862 8897 8896)
4(8198 8233 8898 8863)
4(8232 8897 8898 8233)
4(8862 8863 8898 8897)
4(8199 8234 8899 8864)
4(8233 8898 8899 8234)
4(8863 8864 8899 8898)
4(8200 8235 8900 8865)
4(8234 8899 8900 8235)
4(8864 8865 8900 8899)
4(8201 8236 8901 8866)
4(8235 8900 8901 8236)
4(8865 8866 8901 8900)
4(8202 8237 8902 8867)
4(8236 8901 8902 8237)
4(8866 8867 8902 8901)
4(8203 8238 8903 8868)
4(8237 8902 8903 8238)
4(8867 8868 8903 8902)
4(8204 8239 8904 8869)
4(8238 8903 8904 8239)
4(8868 8869 8904 8903)
4(8205 8240 8905 8870)
4(8239 8904 8905 8240)
4(8869 8870 8905 8904)
4(8206 8241 8906 8871)
4(8240 8905 8906 8241)
4(8870 8871 8906 8905)
4(8207 8242 8907 8872)
4(8241 8906 8907 8242)
4(8871 8872 8907 8906)
4(8208 8243 8908 8873)
4(8242 8907 8908 8243)
4(8872 8873 8908 8907)
4(8209 8244 8909 8874)
4(8243 8908 8909 8244)
4(8873 8874 8909 8908)
4(8210 8245 8910 8875)
4(8244 8909 8910 8245)
4(8874 8875 8910 8909)
4(8211 8246 8911 8876)
4(8245 8910 8911 8246)
4(8875 8876 8911 8910)
4(8212 8247 8912 8877)
4(8246 8911 8912 8247)
4(8876 8877 8912 8911)
4(8213 8248 8913 8878)
4(8247 8912 8913 8248)
4(8877 8878 8913 8912)
4(8214 8249 8914 8879)
4(8248 8913 8914 8249)
4(8878 8879 8914 8913)
4(8215 8250 8915 8880)
4(8249 8914 8915 8250)
4(8879 8880 8915 8914)
4(8216 8251 8916 8881)
4(8250 8915 8916 8251)
4(8880 8881 8916 8915)
4(8217 8252 8917 8882)
4(8251 8916 8917 8252)
4(8881 8882 8917 8916)
4(8218 8253 8918 8883)
4(8252 8917 8918 8253)
4(8882 8883 8918 8917)
4(8219 8254 8919 8884)
4(8253 8918 8919 8254)
4(8883 8884 8919 8918)
4(8220 8255 8920 8885)
4(8254 8919 8920 8255)
4(8884 8885 8920 8919)
4(8221 8256 8921 8886)
4(8255 8920 8921 8256)
4(8885 8886 8921 8920)
4(8222 8257 8922 8887)
4(8256 8921 8922 8257)
4(8886 8887 8922 8921)
4(8223 8258 8923 8888)
4(8257 8922 8923 8258)
4(8887 8888 8923 8922)
4(8258 8923 8924 8259)
4(8888 8889 8924 8923)
4(8226 8261 8926 8891)
4(8260 8925 8926 8261)
4(8890 8891 8926 8925)
4(8227 8262 8927 8892)
4(8261 8926 8927 8262)
4(8891 8892 8927 8926)
4(8228 8263 8928 8893)
4(8262 8927 8928 8263)
4(8892 8893 8928 8927)
4(8229 8264 8929 8894)
4(8263 8928 8929 8264)
4(8893 8894 8929 8928)
4(8230 8265 8930 8895)
4(8264 8929 8930 8265)
4(8894 8895 8930 8929)
4(8231 8266 8931 8896)
4(8265 8930 8931 8266)
4(8895 8896 8931 8930)
4(8232 8267 8932 8897)
4(8266 8931 8932 8267)
4(8896 8897 8932 8931)
4(8233 8268 8933 8898)
4(8267 8932 8933 8268)
4(8897 8898 8933 8932)
4(8234 8269 8934 8899)
4(8268 8933 8934 8269)
4(8898 8899 8934 8933)
4(8235 8270 8935 8900)
4(8269 8934 8935 8270)
4(8899 8900 8935 8934)
4(8236 8271 8936 8901)
4(8270 8935 8936 8271)
4(8900 8901 8936 8935)
4(8237 8272 8937 8902)
4(8271 8936 8937 8272)
4(8901 8902 8937 8936)
4(8238 8273 8938 8903)
4(8272 8937 8938 8273)
4(8902 8903 8938 8937)
4(8239 8274 8939 8904)
4(8273 8938 8939 8274)
4(8903 8904 8939 8938)
4(8240 8275 8940 8905)
4(8274 8939 8940 8275)
4(8904 8905 8940 8939)
4(8241 8276 8941 8906)
4(8275 8940 8941 8276)
4(8905 8906 8941 8940)
4(8242 8277 8942 8907)
4(8276 8941 8942 8277)
4(8906 8907 8942 8941)
4(8243 8278 8943 8908)
4(8277 8942 8943 8278)
4(8907 8908 8943 8942)
4(8244 8279 8944 8909)
4(8278 8943 8944 8279)
4(8908 8909 8944 8943)
4(8245 8280 8945 8910)
4(8279 8944 8945 8280)
4(8909 8910 8945 8944)
4(8246 8281 8946 8911)
4(8280 8945 8946 8281)
4(8910 8911 8946 8945)
4(8247 8282 8947 8912)
4(8281 8946 8947 8282)
4(8911 8912 8947 8946)
4(8248 8283 8948 8913)
4(8282 8947 8948 8283)
4(8912 8913 8948 8947)
4(8249 8284 8949 8914)
4(8283 8948 8949 8284)
4(8913 8914 8949 8948)
4(8250 8285 8950 8915)
4(8284 8949 8950 8285)
4(8914 8915 8950 8949)
4(8251 8286 8951 8916)
4(8285 8950 8951 8286)
4(8915 8916 8951 8950)
4(8252 8287 8952 8917)
4(8286 8951 8952 8287)
4(8916 8917 8952 8951)
4(8253 8288 8953 8918)
4(8287 8952 8953 8288)
4(8917 8918 8953 8952)
4(8254 8289 8954 8919)
4(8288 8953 8954 8289)
4(8918 8919 8954 8953)
4(8255 8290 8955 8920)
4(8289 8954 8955 8290)
4(8919 8920 8955 8954)
4(8256 8291 8956 8921)
4(8290 8955 8956 8291)
4(8920 8921 8956 8955)
4(8257 8292 8957 8922)
4(8291 8956 8957 8292)
4(8921 8922 8957 8956)
4(8258 8293 8958 8923)
4(8292 8957 8958 8293)
4(8922 8923 8958 8957)
4(8293 8958 8959 8294)
4(8923 8924 8959 8958)
4(8261 8296 8961 8926)
4(8295 8960 8961 8296)
4(8925 8926 8961 8960)
4(8262 8297 8962 8927)
4(8296 8961 8962 8297)
4(8926 8927 8962 8961)
4(8263 8298 8963 8928)
4(8297 8962 8963 8298)
4(8927 8928 8963 8962)
4(8264 8299 8964 8929)
4(8298 8963 8964 8299)
4(8928 8929 8964 8963)
4(8265 8300 8965 8930)
4(8299 8964 8965 8300)
4(8929 8930 8965 8964)
4(8266 8301 8966 8931)
4(8300 8965 8966 8301)
4(8930 8931 8966 8965)
4(8267 8302 8967 8932)
4(8301 8966 8967 8302)
4(8931 8932 8967 8966)
4(8268 8303 8968 8933)
4(8302 8967 8968 8303)
4(8932 8933 8968 8967)
4(8269 8304 8969 8934)
4(8303 8968 8969 8304)
4(8933 8934 8969 8968)
4(8270 8305 8970 8935)
4(8304 8969 8970 8305)
4(8934 8935 8970 8969)
4(8271 8306 8971 8936)
4(8305 8970 8971 8306)
4(8935 8936 8971 8970)
4(8272 8307 8972 8937)
4(8306 8971 8972 8307)
4(8936 8937 8972 8971)
4(8273 8308 8973 8938)
4(8307 8972 8973 8308)
4(8937 8938 8973 8972)
4(8274 8309 8974 8939)
4(8308 8973 8974 8309)
4(8938 8939 8974 8973)
4(8275 8310 8975 8940)
4(8309 8974 8975 8310)
4(8939 8940 8975 8974)
4(8276 8311 8976 8941)
4(8310 8975 8976 8311)
4(8940 8941 8976 8975)
4(8277 8312 8977 8942)
4(8311 8976 8977 8312)
4(8941 8942 8977 8976)
4(8278 8313 8978 8943)
4(8312 8977 8978 8313)
4(8942 8943 8978 8977)
4(8279 8314 8979 8944)
4(8313 8978 8979 8314)
4(8943 8944 8979 8978)
4(8280 8315 8980 8945)
4(8314 8979 8980 8315)
4(8944 8945 8980 8979)
4(8281 8316 8981 8946)
4(8315 8980 8981 8316)
4(8945 8946 8981 8980)
4(8282 8317 8982 8947)
4(8316 8981 8982 8317)
4(8946 8947 8982 8981)
4(8283 8318 8983 8948)
4(8317 8982 8983 8318)
4(8947 8948 8983 8982)
4(8284 8319 8984 8949)
4(8318 8983 8984 8319)
4(8948 8949 8984 8983)
4(8285 8320 8985 8950)
4(8319 8984 8985 8320)
4(8949 8950 8985 8984)
4(8286 8321 8986 8951)
4(8320 8985 8986 8321)
4(8950 8951 8986 8985)
4(8287 8322 8987 8952)
4(8321 8986 8987 8322)
4(8951 8952 8987 8986)
4(8288 8323 8988 8953)
4(8322 8987 8988 8323)
4(8952 8953 8988 8987)
4(8289 8324 8989 8954)
4(8323 8988 8989 8324)
4(8953 8954 8989 8988)
4(8290 8325 8990 8955)
4(8324 8989 8990 8325)
4(8954 8955 8990 8989)
4(8291 8326 8991 8956)
4(8325 8990 8991 8326)
4(8955 8956 8991 8990)
4(8292 8327 8992 8957)
4(8326 8991 8992 8327)
4(8956 8957 8992 8991)
4(8293 8328 8993 8958)
4(8327 8992 8993 8328)
4(8957 8958 8993 8992)
4(8328 8993 8994 8329)
4(8958 8959 8994 8993)
4(8296 8331 8996 8961)
4(8330 8995 8996 8331)
4(8960 8961 8996 8995)
4(8297 8332 8997 8962)
4(8331 8996 8997 8332)
4(8961 8962 8997 8996)
4(8298 8333 8998 8963)
4(8332 8997 8998 8333)
4(8962 8963 8998 8997)
4(8299 8334 8999 8964)
4(8333 8998 8999 8334)
4(8963 8964 8999 8998)
4(8300 8335 9000 8965)
4(8334 8999 9000 8335)
4(8964 8965 9000 8999)
4(8301 8336 9001 8966)
4(8335 9000 9001 8336)
4(8965 8966 9001 9000)
4(8302 8337 9002 8967)
4(8336 9001 9002 8337)
4(8966 8967 9002 9001)
4(8303 8338 9003 8968)
4(8337 9002 9003 8338)
4(8967 8968 9003 9002)
4(8304 8339 9004 8969)
4(8338 9003 9004 8339)
4(8968 8969 9004 9003)
4(8305 8340 9005 8970)
4(8339 9004 9005 8340)
4(8969 8970 9005 9004)
4(8306 8341 9006 8971)
4(8340 9005 9006 8341)
4(8970 8971 9006 9005)
4(8307 8342 9007 8972)
4(8341 9006 9007 8342)
4(8971 8972 9007 9006)
4(8308 8343 9008 8973)
4(8342 9007 9008 8343)
4(8972 8973 9008 9007)
4(8309 8344 9009 8974)
4(8343 9008 9009 8344)
4(8973 8974 9009 9008)
4(8310 8345 9010 8975)
4(8344 9009 9010 8345)
4(8974 8975 9010 9009)
4(8311 8346 9011 8976)
4(8345 9010 9011 8346)
4(8975 8976 9011 9010)
4(8312 8347 9012 8977)
4(8346 9011 9012 8347)
4(8976 8977 9012 9011)
4(8313 8348 9013 8978)
4(8347 9012 9013 8348)
4(8977 8978 9013 9012)
4(8314 8349 9014 8979)
4(8348 9013 9014 8349)
4(8978 8979 9014 9013)
4(8315 8350 9015 8980)
4(8349 9014 9015 8350)
4(8979 8980 9015 9014)
4(8316 8351 9016 8981)
4(8350 9015 9016 8351)
4(8980 8981 9016 9015)
4(8317 8352 9017 8982)
4(8351 9016 9017 8352)
4(8981 8982 9017 9016)
4(8318 8353 9018 8983)
4(8352 9017 9018 8353)
4(8982 8983 9018 9017)
4(8319 8354 9019 8984)
4(8353 9018 9019 8354)
4(8983 8984 9019 9018)
4(8320 8355 9020 8985)
4(8354 9019 9020 8355)
4(8984 8985 9020 9019)
4(8321 8356 9021 8986)
4(8355 9020 9021 8356)
4(8985 8986 9021 9020)
4(8322 8357 9022 8987)
4(8356 9021 9022 8357)
4(8986 8987 9022 9021)
4(8323 8358 9023 8988)
4(8357 9022 9023 8358)
4(8987 8988 9023 9022)
4(8324 8359 9024 8989)
4(8358 9023 9024 8359)
4(8988 8989 9024 9023)
4(8325 8360 9025 8990)
4(8359 9024 9025 8360)
4(8989 8990 9025 9024)
4(8326 8361 9026 8991)
4(8360 9025 9026 8361)
4(8990 8991 9026 9025)
4(8327 8362 9027 8992)
4(8361 9026 9027 8362)
4(8991 8992 9027 9026)
4(8328 8363 9028 8993)
4(8362 9027 9028 8363)
4(8992 8993 9028 9027)
4(8363 9028 9029 8364)
4(8993 8994 9029 9028)
4(8331 8366 9031 8996)
4(8365 9030 9031 8366)
4(8995 8996 9031 9030)
4(8332 8367 9032 8997)
4(8366 9031 9032 8367)
4(8996 8997 9032 9031)
4(8333 8368 9033 8998)
4(8367 9032 9033 8368)
4(8997 8998 9033 9032)
4(8334 8369 9034 8999)
4(8368 9033 9034 8369)
4(8998 8999 9034 9033)
4(8335 8370 9035 9000)
4(8369 9034 9035 8370)
4(8999 9000 9035 9034)
4(8336 8371 9036 9001)
4(8370 9035 9036 8371)
4(9000 9001 9036 9035)
4(8337 8372 9037 9002)
4(8371 9036 9037 8372)
4(9001 9002 9037 9036)
4(8338 8373 9038 9003)
4(8372 9037 9038 8373)
4(9002 9003 9038 9037)
4(8339 8374 9039 9004)
4(8373 9038 9039 8374)
4(9003 9004 9039 9038)
4(8340 8375 9040 9005)
4(8374 9039 9040 8375)
4(9004 9005 9040 9039)
4(8341 8376 9041 9006)
4(8375 9040 9041 8376)
4(9005 9006 9041 9040)
4(8342 8377 9042 9007)
4(8376 9041 9042 8377)
4(9006 9007 9042 9041)
4(8343 8378 9043 9008)
4(8377 9042 9043 8378)
4(9007 9008 9043 9042)
4(8344 8379 9044 9009)
4(8378 9043 9044 8379)
4(9008 9009 9044 9043)
4(8345 8380 9045 9010)
4(8379 9044 9045 8380)
4(9009 9010 9045 9044)
4(8346 8381 9046 9011)
4(8380 9045 9046 8381)
4(9010 9011 9046 9045)
4(8347 8382 9047 9012)
4(8381 9046 9047 8382)
4(9011 9012 9047 9046)
4(8348 8383 9048 9013)
4(8382 9047 9048 8383)
4(9012 9013 9048 9047)
4(8349 8384 9049 9014)
4(8383 9048 9049 8384)
4(9013 9014 9049 9048)
4(8350 8385 9050 9015)
4(8384 9049 9050 8385)
4(9014 9015 9050 9049)
4(8351 8386 9051 9016)
4(8385 9050 9051 8386)
4(9015 9016 9051 9050)
4(8352 8387 9052 9017)
4(8386 9051 9052 8387)
4(9016 9017 9052 9051)
4(8353 8388 9053 9018)
4(8387 9052 9053 8388)
4(9017 9018 9053 9052)
4(8354 8389 9054 9019)
4(8388 9053 9054 8389)
4(9018 9019 9054 9053)
4(8355 8390 9055 9020)
4(8389 9054 9055 8390)
4(9019 9020 9055 9054)
4(8356 8391 9056 9021)
4(8390 9055 9056 8391)
4(9020 9021 9056 9055)
4(8357 8392 9057 9022)
4(8391 9056 9057 8392)
4(9021 9022 9057 9056)
4(8358 8393 9058 9023)
4(8392 9057 9058 8393)
4(9022 9023 9058 9057)
4(8359 8394 9059 9024)
4(8393 9058 9059 8394)
4(9023 9024 9059 9058)
4(8360 8395 9060 9025)
4(8394 9059 9060 8395)
4(9024 9025 9060 9059)
4(8361 8396 9061 9026)
4(8395 9060 9061 8396)
4(9025 9026 9061 9060)
4(8362 8397 9062 9027)
4(8396 9061 9062 8397)
4(9026 9027 9062 9061)
4(8363 8398 9063 9028)
4(8397 9062 9063 8398)
4(9027 9028 9063 9062)
4(8398 9063 9064 8399)
4(9028 9029 9064 9063)
4(8366 8401 9066 9031)
4(8400 9065 9066 8401)
4(9030 9031 9066 9065)
4(8367 8402 9067 9032)
4(8401 9066 9067 8402)
4(9031 9032 9067 9066)
4(8368 8403 9068 9033)
4(8402 9067 9068 8403)
4(9032 9033 9068 9067)
4(8369 8404 9069 9034)
4(8403 9068 9069 8404)
4(9033 9034 9069 9068)
4(8370 8405 9070 9035)
4(8404 9069 9070 8405)
4(9034 9035 9070 9069)
4(8371 8406 9071 9036)
4(8405 9070 9071 8406)
4(9035 9036 9071 9070)
4(8372 8407 9072 9037)
4(8406 9071 9072 8407)
4(9036 9037 9072 9071)
4(8373 8408 9073 9038)
4(8407 9072 9073 8408)
4(9037 9038 9073 9072)
4(8374 8409 9074 9039)
4(8408 9073 9074 8409)
4(9038 9039 9074 9073)
4(8375 8410 9075 9040)
4(8409 9074 9075 8410)
4(9039 9040 9075 9074)
4(8376 8411 9076 9041)
4(8410 9075 9076 8411)
4(9040 9041 9076 9075)
4(8377 8412 9077 9042)
4(8411 9076 9077 8412)
4(9041 9042 9077 9076)
4(8378 8413 9078 9043)
4(8412 9077 9078 8413)
4(9042 9043 9078 9077)
4(8379 8414 9079 9044)
4(8413 9078 9079 8414)
4(9043 9044 9079 9078)
4(8380 8415 9080 9045)
4(8414 9079 9080 8415)
4(9044 9045 9080 9079)
4(8381 8416 9081 9046)
4(8415 9080 9081 8416)
4(9045 9046 9081 9080)
4(8382 8417 9082 9047)
4(8416 9081 9082 8417)
4(9046 9047 9082 9081)
4(8383 8418 9083 9048)
4(8417 9082 9083 8418)
4(9047 9048 9083 9082)
4(8384 8419 9084 9049)
4(8418 9083 9084 8419)
4(9048 9049 9084 9083)
4(8385 8420 9085 9050)
4(8419 9084 9085 8420)
4(9049 9050 9085 9084)
4(8386 8421 9086 9051)
4(8420 9085 9086 8421)
4(9050 9051 9086 9085)
4(8387 8422 9087 9052)
4(8421 9086 9087 8422)
4(9051 9052 9087 9086)
4(8388 8423 9088 9053)
4(8422 9087 9088 8423)
4(9052 9053 9088 9087)
4(8389 8424 9089 9054)
4(8423 9088 9089 8424)
4(9053 9054 9089 9088)
4(8390 8425 9090 9055)
4(8424 9089 9090 8425)
4(9054 9055 9090 9089)
4(8391 8426 9091 9056)
4(8425 9090 9091 8426)
4(9055 9056 9091 9090)
4(8392 8427 9092 9057)
4(8426 9091 9092 8427)
4(9056 9057 9092 9091)
4(8393 8428 9093 9058)
4(8427 9092 9093 8428)
4(9057 9058 9093 9092)
4(8394 8429 9094 9059)
4(8428 9093 9094 8429)
4(9058 9059 9094 9093)
4(8395 8430 9095 9060)
4(8429 9094 9095 8430)
4(9059 9060 9095 9094)
4(8396 8431 9096 9061)
4(8430 9095 9096 8431)
4(9060 9061 9096 9095)
4(8397 8432 9097 9062)
4(8431 9096 9097 8432)
4(9061 9062 9097 9096)
4(8398 8433 9098 9063)
4(8432 9097 9098 8433)
4(9062 9063 9098 9097)
4(8433 9098 9099 8434)
4(9063 9064 9099 9098)
4(8401 8436 9101 9066)
4(8435 9100 9101 8436)
4(9065 9066 9101 9100)
4(8402 8437 9102 9067)
4(8436 9101 9102 8437)
4(9066 9067 9102 9101)
4(8403 8438 9103 9068)
4(8437 9102 9103 8438)
4(9067 9068 9103 9102)
4(8404 8439 9104 9069)
4(8438 9103 9104 8439)
4(9068 9069 9104 9103)
4(8405 8440 9105 9070)
4(8439 9104 9105 8440)
4(9069 9070 9105 9104)
4(8406 8441 9106 9071)
4(8440 9105 9106 8441)
4(9070 9071 9106 9105)
4(8407 8442 9107 9072)
4(8441 9106 9107 8442)
4(9071 9072 9107 9106)
4(8408 8443 9108 9073)
4(8442 9107 9108 8443)
4(9072 9073 9108 9107)
4(8409 8444 9109 9074)
4(8443 9108 9109 8444)
4(9073 9074 9109 9108)
4(8410 8445 9110 9075)
4(8444 9109 9110 8445)
4(9074 9075 9110 9109)
4(8411 8446 9111 9076)
4(8445 9110 9111 8446)
4(9075 9076 9111 9110)
4(8412 8447 9112 9077)
4(8446 9111 9112 8447)
4(9076 9077 9112 9111)
4(8413 8448 9113 9078)
4(8447 9112 9113 8448)
4(9077 9078 9113 9112)
4(8414 8449 9114 9079)
4(8448 9113 9114 8449)
4(9078 9079 9114 9113)
4(8415 8450 9115 9080)
4(8449 9114 9115 8450)
4(9079 9080 9115 9114)
4(8416 8451 9116 9081)
4(8450 9115 9116 8451)
4(9080 9081 9116 9115)
4(8417 8452 9117 9082)
4(8451 9116 9117 8452)
4(9081 9082 9117 9116)
4(8418 8453 9118 9083)
4(8452 9117 9118 8453)
4(9082 9083 9118 9117)
4(8419 8454 9119 9084)
4(8453 9118 9119 8454)
4(9083 9084 9119 9118)
4(8420 8455 9120 9085)
4(8454 9119 9120 8455)
4(9084 9085 9120 9119)
4(8421 8456 9121 9086)
4(8455 9120 9121 8456)
4(9085 9086 9121 9120)
4(8422 8457 9122 9087)
4(8456 9121 9122 8457)
4(9086 9087 9122 9121)
4(8423 8458 9123 9088)
4(8457 9122 9123 8458)
4(9087 9088 9123 9122)
4(8424 8459 9124 9089)
4(8458 9123 9124 8459)
4(9088 9089 9124 9123)
4(8425 8460 9125 9090)
4(8459 9124 9125 8460)
4(9089 9090 9125 9124)
4(8426 8461 9126 9091)
4(8460 9125 9126 8461)
4(9090 9091 9126 9125)
4(8427 8462 9127 9092)
4(8461 9126 9127 8462)
4(9091 9092 9127 9126)
4(8428 8463 9128 9093)
4(8462 9127 9128 8463)
4(9092 9093 9128 9127)
4(8429 8464 9129 9094)
4(8463 9128 9129 8464)
4(9093 9094 9129 9128)
4(8430 8465 9130 9095)
4(8464 9129 9130 8465)
4(9094 9095 9130 9129)
4(8431 8466 9131 9096)
4(8465 9130 9131 8466)
4(9095 9096 9131 9130)
4(8432 8467 9132 9097)
4(8466 9131 9132 8467)
4(9096 9097 9132 9131)
4(8433 8468 9133 9098)
4(8467 9132 9133 8468)
4(9097 9098 9133 9132)
4(8468 9133 9134 8469)
4(9098 9099 9134 9133)
4(8436 8471 9136 9101)
4(8470 9135 9136 8471)
4(9100 9101 9136 9135)
4(8437 8472 9137 9102)
4(8471 9136 9137 8472)
4(9101 9102 9137 9136)
4(8438 8473 9138 9103)
4(8472 9137 9138 8473)
4(9102 9103 9138 9137)
4(8439 8474 9139 9104)
4(8473 9138 9139 8474)
4(9103 9104 9139 9138)
4(8440 8475 9140 9105)
4(8474 9139 9140 8475)
4(9104 9105 9140 9139)
4(8441 8476 9141 9106)
4(8475 9140 9141 8476)
4(9105 9106 9141 9140)
4(8442 8477 9142 9107)
4(8476 9141 9142 8477)
4(9106 9107 9142 9141)
4(8443 8478 9143 9108)
4(8477 9142 9143 8478)
4(9107 9108 9143 9142)
4(8444 8479 9144 9109)
4(8478 9143 9144 8479)
4(9108 9109 9144 9143)
4(8445 8480 9145 9110)
4(8479 9144 9145 8480)
4(9109 9110 9145 9144)
4(8446 8481 9146 9111)
4(8480 9145 9146 8481)
4(9110 9111 9146 9145)
4(8447 8482 9147 9112)
4(8481 9146 9147 8482)
4(9111 9112 9147 9146)
4(8448 8483 9148 9113)
4(8482 9147 9148 8483)
4(9112 9113 9148 9147)
4(8449 8484 9149 9114)
4(8483 9148 9149 8484)
4(9113 9114 9149 9148)
4(8450 8485 9150 9115)
4(8484 9149 9150 8485)
4(9114 9115 9150 9149)
4(8451 8486 9151 9116)
4(8485 9150 9151 8486)
4(9115 9116 9151 9150)
4(8452 8487 9152 9117)
4(8486 9151 9152 8487)
4(9116 9117 9152 9151)
4(8453 8488 9153 9118)
4(8487 9152 9153 8488)
4(9117 9118 9153 9152)
4(8454 8489 9154 9119)
4(8488 9153 9154 8489)
4(9118 9119 9154 9153)
4(8455 8490 9155 9120)
4(8489 9154 9155 8490)
4(9119 9120 9155 9154)
4(8456 8491 9156 9121)
4(8490 9155 9156 8491)
4(9120 9121 9156 9155)
4(8457 8492 9157 9122)
4(8491 9156 9157 8492)
4(9121 9122 9157 9156)
4(8458 8493 9158 9123)
4(8492 9157 9158 8493)
4(9122 9123 9158 9157)
4(8459 8494 9159 9124)
4(8493 9158 9159 8494)
4(9123 9124 9159 9158)
4(8460 8495 9160 9125)
4(8494 9159 9160 8495)
4(9124 9125 9160 9159)
4(8461 8496 9161 9126)
4(8495 9160 9161 8496)
4(9125 9126 9161 9160)
4(8462 8497 9162 9127)
4(8496 9161 9162 8497)
4(9126 9127 9162 9161)
4(8463 8498 9163 9128)
4(8497 9162 9163 8498)
4(9127 9128 9163 9162)
4(8464 8499 9164 9129)
4(8498 9163 9164 8499)
4(9128 9129 9164 9163)
4(8465 8500 9165 9130)
4(8499 9164 9165 8500)
4(9129 9130 9165 9164)
4(8466 8501 9166 9131)
4(8500 9165 9166 8501)
4(9130 9131 9166 9165)
4(8467 8502 9167 9132)
4(8501 9166 9167 8502)
4(9131 9132 9167 9166)
4(8468 8503 9168 9133)
4(8502 9167 9168 8503)
4(9132 9133 9168 9167)
4(8503 9168 9169 8504)
4(9133 9134 9169 9168)
4(8471 8506 9171 9136)
4(8505 9170 9171 8506)
4(9135 9136 9171 9170)
4(8472 8507 9172 9137)
4(8506 9171 9172 8507)
4(9136 9137 9172 9171)
4(8473 8508 9173 9138)
4(8507 9172 9173 8508)
4(9137 9138 9173 9172)
4(8474 8509 9174 9139)
4(8508 9173 9174 8509)
4(9138 9139 9174 9173)
4(8475 8510 9175 9140)
4(8509 9174 9175 8510)
4(9139 9140 9175 9174)
4(8476 8511 9176 9141)
4(8510 9175 9176 8511)
4(9140 9141 9176 9175)
4(8477 8512 9177 9142)
4(8511 9176 9177 8512)
4(9141 9142 9177 9176)
4(8478 8513 9178 9143)
4(8512 9177 9178 8513)
4(9142 9143 9178 9177)
4(8479 8514 9179 9144)
4(8513 9178 9179 8514)
4(9143 9144 9179 9178)
4(8480 8515 9180 9145)
4(8514 9179 9180 8515)
4(9144 9145 9180 9179)
4(8481 8516 9181 9146)
4(8515 9180 9181 8516)
4(9145 9146 9181 9180)
4(8482 8517 9182 9147)
4(8516 9181 9182 8517)
4(9146 9147 9182 9181)
4(8483 8518 9183 9148)
4(8517 9182 9183 8518)
4(9147 9148 9183 9182)
4(8484 8519 9184 9149)
4(8518 9183 9184 8519)
4(9148 9149 9184 9183)
4(8485 8520 9185 9150)
4(8519 9184 9185 8520)
4(9149 9150 9185 9184)
4(8486 8521 9186 9151)
4(8520 9185 9186 8521)
4(9150 9151 9186 9185)
4(8487 8522 9187 9152)
4(8521 9186 9187 8522)
4(9151 9152 9187 9186)
4(8488 8523 9188 9153)
4(8522 9187 9188 8523)
4(9152 9153 9188 9187)
4(8489 8524 9189 9154)
4(8523 9188 9189 8524)
4(9153 9154 9189 9188)
4(8490 8525 9190 9155)
4(8524 9189 9190 8525)
4(9154 9155 9190 9189)
4(8491 8526 9191 9156)
4(8525 9190 9191 8526)
4(9155 9156 9191 9190)
4(8492 8527 9192 9157)
4(8526 9191 9192 8527)
4(9156 9157 9192 9191)
4(8493 8528 9193 9158)
4(8527 9192 9193 8528)
4(9157 9158 9193 9192)
4(8494 8529 9194 9159)
4(8528 9193 9194 8529)
4(9158 9159 9194 9193)
4(8495 8530 9195 9160)
4(8529 9194 9195 8530)
4(9159 9160 9195 9194)
4(8496 8531 9196 9161)
4(8530 9195 9196 8531)
4(9160 9161 9196 9195)
4(8497 8532 9197 9162)
4(8531 9196 9197 8532)
4(9161 9162 9197 9196)
4(8498 8533 9198 9163)
4(8532 9197 9198 8533)
4(9162 9163 9198 9197)
4(8499 8534 9199 9164)
4(8533 9198 9199 8534)
4(9163 9164 9199 9198)
4(8500 8535 9200 9165)
4(8534 9199 9200 8535)
4(9164 9165 9200 9199)
4(8501 8536 9201 9166)
4(8535 9200 9201 8536)
4(9165 9166 9201 9200)
4(8502 8537 9202 9167)
4(8536 9201 9202 8537)
4(9166 9167 9202 9201)
4(8503 8538 9203 9168)
4(8537 9202 9203 8538)
4(9167 9168 9203 9202)
4(8538 9203 9204 8539)
4(9168 9169 9204 9203)
4(8506 8541 9206 9171)
4(8540 9205 9206 8541)
4(9170 9171 9206 9205)
4(8507 8542 9207 9172)
4(8541 9206 9207 8542)
4(9171 9172 9207 9206)
4(8508 8543 9208 9173)
4(8542 9207 9208 8543)
4(9172 9173 9208 9207)
4(8509 8544 9209 9174)
4(8543 9208 9209 8544)
4(9173 9174 9209 9208)
4(8510 8545 9210 9175)
4(8544 9209 9210 8545)
4(9174 9175 9210 9209)
4(8511 8546 9211 9176)
4(8545 9210 9211 8546)
4(9175 9176 9211 9210)
4(8512 8547 9212 9177)
4(8546 9211 9212 8547)
4(9176 9177 9212 9211)
4(8513 8548 9213 9178)
4(8547 9212 9213 8548)
4(9177 9178 9213 9212)
4(8514 8549 9214 9179)
4(8548 9213 9214 8549)
4(9178 9179 9214 9213)
4(8515 8550 9215 9180)
4(8549 9214 9215 8550)
4(9179 9180 9215 9214)
4(8516 8551 9216 9181)
4(8550 9215 9216 8551)
4(9180 9181 9216 9215)
4(8517 8552 9217 9182)
4(8551 9216 9217 8552)
4(9181 9182 9217 9216)
4(8518 8553 9218 9183)
4(8552 9217 9218 8553)
4(9182 9183 9218 9217)
4(8519 8554 9219 9184)
4(8553 9218 9219 8554)
4(9183 9184 9219 9218)
4(8520 8555 9220 9185)
4(8554 9219 9220 8555)
4(9184 9185 9220 9219)
4(8521 8556 9221 9186)
4(8555 9220 9221 8556)
4(9185 9186 9221 9220)
4(8522 8557 9222 9187)
4(8556 9221 9222 8557)
4(9186 9187 9222 9221)
4(8523 8558 9223 9188)
4(8557 9222 9223 8558)
4(9187 9188 9223 9222)
4(8524 8559 9224 9189)
4(8558 9223 9224 8559)
4(9188 9189 9224 9223)
4(8525 8560 9225 9190)
4(8559 9224 9225 8560)
4(9189 9190 9225 9224)
4(8526 8561 9226 9191)
4(8560 9225 9226 8561)
4(9190 9191 9226 9225)
4(8527 8562 9227 9192)
4(8561 9226 9227 8562)
4(9191 9192 9227 9226)
4(8528 8563 9228 9193)
4(8562 9227 9228 8563)
4(9192 9193 9228 9227)
4(8529 8564 9229 9194)
4(8563 9228 9229 8564)
4(9193 9194 9229 9228)
4(8530 8565 9230 9195)
4(8564 9229 9230 8565)
4(9194 9195 9230 9229)
4(8531 8566 9231 9196)
4(8565 9230 9231 8566)
4(9195 9196 9231 9230)
4(8532 8567 9232 9197)
4(8566 9231 9232 8567)
4(9196 9197 9232 9231)
4(8533 8568 9233 9198)
4(8567 9232 9233 8568)
4(9197 9198 9233 9232)
4(8534 8569 9234 9199)
4(8568 9233 9234 8569)
4(9198 9199 9234 9233)
4(8535 8570 9235 9200)
4(8569 9234 9235 8570)
4(9199 9200 9235 9234)
4(8536 8571 9236 9201)
4(8570 9235 9236 8571)
4(9200 9201 9236 9235)
4(8537 8572 9237 9202)
4(8571 9236 9237 8572)
4(9201 9202 9237 9236)
4(8538 8573 9238 9203)
4(8572 9237 9238 8573)
4(9202 9203 9238 9237)
4(8573 9238 9239 8574)
4(9203 9204 9239 9238)
4(8541 8576 9241 9206)
4(8575 9240 9241 8576)
4(9205 9206 9241 9240)
4(8542 8577 9242 9207)
4(8576 9241 9242 8577)
4(9206 9207 9242 9241)
4(8543 8578 9243 9208)
4(8577 9242 9243 8578)
4(9207 9208 9243 9242)
4(8544 8579 9244 9209)
4(8578 9243 9244 8579)
4(9208 9209 9244 9243)
4(8545 8580 9245 9210)
4(8579 9244 9245 8580)
4(9209 9210 9245 9244)
4(8546 8581 9246 9211)
4(8580 9245 9246 8581)
4(9210 9211 9246 9245)
4(8547 8582 9247 9212)
4(8581 9246 9247 8582)
4(9211 9212 9247 9246)
4(8548 8583 9248 9213)
4(8582 9247 9248 8583)
4(9212 9213 9248 9247)
4(8549 8584 9249 9214)
4(8583 9248 9249 8584)
4(9213 9214 9249 9248)
4(8550 8585 9250 9215)
4(8584 9249 9250 8585)
4(9214 9215 9250 9249)
4(8551 8586 9251 9216)
4(8585 9250 9251 8586)
4(9215 9216 9251 9250)
4(8552 8587 9252 9217)
4(8586 9251 9252 8587)
4(9216 9217 9252 9251)
4(8553 8588 9253 9218)
4(8587 9252 9253 8588)
4(9217 9218 9253 9252)
4(8554 8589 9254 9219)
4(8588 9253 9254 8589)
4(9218 9219 9254 9253)
4(8555 8590 9255 9220)
4(8589 9254 9255 8590)
4(9219 9220 9255 9254)
4(8556 8591 9256 9221)
4(8590 9255 9256 8591)
4(9220 9221 9256 9255)
4(8557 8592 9257 9222)
4(8591 9256 9257 8592)
4(9221 9222 9257 9256)
4(8558 8593 9258 9223)
4(8592 9257 9258 8593)
4(9222 9223 9258 9257)
4(8559 8594 9259 9224)
4(8593 9258 9259 8594)
4(9223 9224 9259 9258)
4(8560 8595 9260 9225)
4(8594 9259 9260 8595)
4(9224 9225 9260 9259)
4(8561 8596 9261 9226)
4(8595 9260 9261 8596)
4(9225 9226 9261 9260)
4(8562 8597 9262 9227)
4(8596 9261 9262 8597)
4(9226 9227 9262 9261)
4(8563 8598 9263 9228)
4(8597 9262 9263 8598)
4(9227 9228 9263 9262)
4(8564 8599 9264 9229)
4(8598 9263 9264 8599)
4(9228 9229 9264 9263)
4(8565 8600 9265 9230)
4(8599 9264 9265 8600)
4(9229 9230 9265 9264)
4(8566 8601 9266 9231)
4(8600 9265 9266 8601)
4(9230 9231 9266 9265)
4(8567 8602 9267 9232)
4(8601 9266 9267 8602)
4(9231 9232 9267 9266)
4(8568 8603 9268 9233)
4(8602 9267 9268 8603)
4(9232 9233 9268 9267)
4(8569 8604 9269 9234)
4(8603 9268 9269 8604)
4(9233 9234 9269 9268)
4(8570 8605 9270 9235)
4(8604 9269 9270 8605)
4(9234 9235 9270 9269)
4(8571 8606 9271 9236)
4(8605 9270 9271 8606)
4(9235 9236 9271 9270)
4(8572 8607 9272 9237)
4(8606 9271 9272 8607)
4(9236 9237 9272 9271)
4(8573 8608 9273 9238)
4(8607 9272 9273 8608)
4(9237 9238 9273 9272)
4(8608 9273 9274 8609)
4(9238 9239 9274 9273)
4(8576 8611 9276 9241)
4(9240 9241 9276 9275)
4(8577 8612 9277 9242)
4(9241 9242 9277 9276)
4(8578 8613 9278 9243)
4(9242 9243 9278 9277)
4(8579 8614 9279 9244)
4(9243 9244 9279 9278)
4(8580 8615 9280 9245)
4(9244 9245 9280 9279)
4(8581 8616 9281 9246)
4(9245 9246 9281 9280)
4(8582 8617 9282 9247)
4(9246 9247 9282 9281)
4(8583 8618 9283 9248)
4(9247 9248 9283 9282)
4(8584 8619 9284 9249)
4(9248 9249 9284 9283)
4(8585 8620 9285 9250)
4(9249 9250 9285 9284)
4(8586 8621 9286 9251)
4(9250 9251 9286 9285)
4(8587 8622 9287 9252)
4(9251 9252 9287 9286)
4(8588 8623 9288 9253)
4(9252 9253 9288 9287)
4(8589 8624 9289 9254)
4(9253 9254 9289 9288)
4(8590 8625 9290 9255)
4(9254 9255 9290 9289)
4(8591 8626 9291 9256)
4(9255 9256 9291 9290)
4(8592 8627 9292 9257)
4(9256 9257 9292 9291)
4(8593 8628 9293 9258)
4(9257 9258 9293 9292)
4(8594 8629 9294 9259)
4(9258 9259 9294 9293)
4(8595 8630 9295 9260)
4(9259 9260 9295 9294)
4(8596 8631 9296 9261)
4(9260 9261 9296 9295)
4(8597 8632 9297 9262)
4(9261 9262 9297 9296)
4(8598 8633 9298 9263)
4(9262 9263 9298 9297)
4(8599 8634 9299 9264)
4(9263 9264 9299 9298)
4(8600 8635 9300 9265)
4(9264 9265 9300 9299)
4(8601 8636 9301 9266)
4(9265 9266 9301 9300)
4(8602 8637 9302 9267)
4(9266 9267 9302 9301)
4(8603 8638 9303 9268)
4(9267 9268 9303 9302)
4(8604 8639 9304 9269)
4(9268 9269 9304 9303)
4(8605 8640 9305 9270)
4(9269 9270 9305 9304)
4(8606 8641 9306 9271)
4(9270 9271 9306 9305)
4(8607 8642 9307 9272)
4(9271 9272 9307 9306)
4(8608 8643 9308 9273)
4(9272 9273 9308 9307)
4(9273 9274 9309 9308)
4(8646 8681 9346 9311)
4(8680 9345 9346 8681)
4(9310 9311 9346 9345)
4(8647 8682 9347 9312)
4(8681 9346 9347 8682)
4(9311 9312 9347 9346)
4(8648 8683 9348 9313)
4(8682 9347 9348 8683)
4(9312 9313 9348 9347)
4(8649 8684 9349 9314)
4(8683 9348 9349 8684)
4(9313 9314 9349 9348)
4(8650 8685 9350 9315)
4(8684 9349 9350 8685)
4(9314 9315 9350 9349)
4(8651 8686 9351 9316)
4(8685 9350 9351 8686)
4(9315 9316 9351 9350)
4(8652 8687 9352 9317)
4(8686 9351 9352 8687)
4(9316 9317 9352 9351)
4(8653 8688 9353 9318)
4(8687 9352 9353 8688)
4(9317 9318 9353 9352)
4(8654 8689 9354 9319)
4(8688 9353 9354 8689)
4(9318 9319 9354 9353)
4(8655 8690 9355 9320)
4(8689 9354 9355 8690)
4(9319 9320 9355 9354)
4(8656 8691 9356 9321)
4(8690 9355 9356 8691)
4(9320 9321 9356 9355)
4(8657 8692 9357 9322)
4(8691 9356 9357 8692)
4(9321 9322 9357 9356)
4(8658 8693 9358 9323)
4(8692 9357 9358 8693)
4(9322 9323 9358 9357)
4(8659 8694 9359 9324)
4(8693 9358 9359 8694)
4(9323 9324 9359 9358)
4(8660 8695 9360 9325)
4(8694 9359 9360 8695)
4(9324 9325 9360 9359)
4(8661 8696 9361 9326)
4(8695 9360 9361 8696)
4(9325 9326 9361 9360)
4(8662 8697 9362 9327)
4(8696 9361 9362 8697)
4(9326 9327 9362 9361)
4(8663 8698 9363 9328)
4(8697 9362 9363 8698)
4(9327 9328 9363 9362)
4(8664 8699 9364 9329)
4(8698 9363 9364 8699)
4(9328 9329 9364 9363)
4(8665 8700 9365 9330)
4(8699 9364 9365 8700)
4(9329 9330 9365 9364)
4(8666 8701 9366 9331)
4(8700 9365 9366 8701)
4(9330 9331 9366 9365)
4(8667 8702 9367 9332)
4(8701 9366 9367 8702)
4(9331 9332 9367 9366)
4(8668 8703 9368 9333)
4(8702 9367 9368 8703)
4(9332 9333 9368 9367)
4(8669 8704 9369 9334)
4(8703 9368 9369 8704)
4(9333 9334 9369 9368)
4(8670 8705 9370 9335)
4(8704 9369 9370 8705)
4(9334 9335 9370 9369)
4(8671 8706 9371 9336)
4(8705 9370 9371 8706)
4(9335 9336 9371 9370)
4(8672 8707 9372 9337)
4(8706 9371 9372 8707)
4(9336 9337 9372 9371)
4(8673 8708 9373 9338)
4(8707 9372 9373 8708)
4(9337 9338 9373 9372)
4(8674 8709 9374 9339)
4(8708 9373 9374 8709)
4(9338 9339 9374 9373)
4(8675 8710 9375 9340)
4(8709 9374 9375 8710)
4(9339 9340 9375 9374)
4(8676 8711 9376 9341)
4(8710 9375 9376 8711)
4(9340 9341 9376 9375)
4(8677 8712 9377 9342)
4(8711 9376 9377 8712)
4(9341 9342 9377 9376)
4(8678 8713 9378 9343)
4(8712 9377 9378 8713)
4(9342 9343 9378 9377)
4(8713 9378 9379 8714)
4(9343 9344 9379 9378)
4(8681 8716 9381 9346)
4(8715 9380 9381 8716)
4(9345 9346 9381 9380)
4(8682 8717 9382 9347)
4(8716 9381 9382 8717)
4(9346 9347 9382 9381)
4(8683 8718 9383 9348)
4(8717 9382 9383 8718)
4(9347 9348 9383 9382)
4(8684 8719 9384 9349)
4(8718 9383 9384 8719)
4(9348 9349 9384 9383)
4(8685 8720 9385 9350)
4(8719 9384 9385 8720)
4(9349 9350 9385 9384)
4(8686 8721 9386 9351)
4(8720 9385 9386 8721)
4(9350 9351 9386 9385)
4(8687 8722 9387 9352)
4(8721 9386 9387 8722)
4(9351 9352 9387 9386)
4(8688 8723 9388 9353)
4(8722 9387 9388 8723)
4(9352 9353 9388 9387)
4(8689 8724 9389 9354)
4(8723 9388 9389 8724)
4(9353 9354 9389 9388)
4(8690 8725 9390 9355)
4(8724 9389 9390 8725)
4(9354 9355 9390 9389)
4(8691 8726 9391 9356)
4(8725 9390 9391 8726)
4(9355 9356 9391 9390)
4(8692 8727 9392 9357)
4(8726 9391 9392 8727)
4(9356 9357 9392 9391)
4(8693 8728 9393 9358)
4(8727 9392 9393 8728)
4(9357 9358 9393 9392)
4(8694 8729 9394 9359)
4(8728 9393 9394 8729)
4(9358 9359 9394 9393)
4(8695 8730 9395 9360)
4(8729 9394 9395 8730)
4(9359 9360 9395 9394)
4(8696 8731 9396 9361)
4(8730 9395 9396 8731)
4(9360 9361 9396 9395)
4(8697 8732 9397 9362)
4(8731 9396 9397 8732)
4(9361 9362 9397 9396)
4(8698 8733 9398 9363)
4(8732 9397 9398 8733)
4(9362 9363 9398 9397)
4(8699 8734 9399 9364)
4(8733 9398 9399 8734)
4(9363 9364 9399 9398)
4(8700 8735 9400 9365)
4(8734 9399 9400 8735)
4(9364 9365 9400 9399)
4(8701 8736 9401 9366)
4(8735 9400 9401 8736)
4(9365 9366 9401 9400)
4(8702 8737 9402 9367)
4(8736 9401 9402 8737)
4(9366 9367 9402 9401)
4(8703 8738 9403 9368)
4(8737 9402 9403 8738)
4(9367 9368 9403 9402)
4(8704 8739 9404 9369)
4(8738 9403 9404 8739)
4(9368 9369 9404 9403)
4(8705 8740 9405 9370)
4(8739 9404 9405 8740)
4(9369 9370 9405 9404)
4(8706 8741 9406 9371)
4(8740 9405 9406 8741)
4(9370 9371 9406 9405)
4(8707 8742 9407 9372)
4(8741 9406 9407 8742)
4(9371 9372 9407 9406)
4(8708 8743 9408 9373)
4(8742 9407 9408 8743)
4(9372 9373 9408 9407)
4(8709 8744 9409 9374)
4(8743 9408 9409 8744)
4(9373 9374 9409 9408)
4(8710 8745 9410 9375)
4(8744 9409 9410 8745)
4(9374 9375 9410 9409)
4(8711 8746 9411 9376)
4(8745 9410 9411 8746)
4(9375 9376 9411 9410)
4(8712 8747 9412 9377)
4(8746 9411 9412 8747)
4(9376 9377 9412 9411)
4(8713 8748 9413 9378)
4(8747 9412 9413 8748)
4(9377 9378 9413 9412)
4(8748 9413 9414 8749)
4(9378 9379 9414 9413)
4(8716 8751 9416 9381)
4(8750 9415 9416 8751)
4(9380 9381 9416 9415)
4(8717 8752 9417 9382)
4(8751 9416 9417 8752)
4(9381 9382 9417 9416)
4(8718 8753 9418 9383)
4(8752 9417 9418 8753)
4(9382 9383 9418 9417)
4(8719 8754 9419 9384)
4(8753 9418 9419 8754)
4(9383 9384 9419 9418)
4(8720 8755 9420 9385)
4(8754 9419 9420 8755)
4(9384 9385 9420 9419)
4(8721 8756 9421 9386)
4(8755 9420 9421 8756)
4(9385 9386 9421 9420)
4(8722 8757 9422 9387)
4(8756 9421 9422 8757)
4(9386 9387 9422 9421)
4(8723 8758 9423 9388)
4(8757 9422 9423 8758)
4(9387 9388 9423 9422)
4(8724 8759 9424 9389)
4(8758 9423 9424 8759)
4(9388 9389 9424 9423)
4(8725 8760 9425 9390)
4(8759 9424 9425 8760)
4(9389 9390 9425 9424)
4(8726 8761 9426 9391)
4(8760 9425 9426 8761)
4(9390 9391 9426 9425)
4(8727 8762 9427 9392)
4(8761 9426 9427 8762)
4(9391 9392 9427 9426)
4(8728 8763 9428 9393)
4(8762 9427 9428 8763)
4(9392 9393 9428 9427)
4(8729 8764 9429 9394)
4(8763 9428 9429 8764)
4(9393 9394 9429 9428)
4(8730 8765 9430 9395)
4(8764 9429 9430 8765)
4(9394 9395 9430 9429)
4(8731 8766 9431 9396)
4(8765 9430 9431 8766)
4(9395 9396 9431 9430)
4(8732 8767 9432 9397)
4(8766 9431 9432 8767)
4(9396 9397 9432 9431)
4(8733 8768 9433 9398)
4(8767 9432 9433 8768)
4(9397 9398 9433 9432)
4(8734 8769 9434 9399)
4(8768 9433 9434 8769)
4(9398 9399 9434 9433)
4(8735 8770 9435 9400)
4(8769 9434 9435 8770)
4(9399 9400 9435 9434)
4(8736 8771 9436 9401)
4(8770 9435 9436 8771)
4(9400 9401 9436 9435)
4(8737 8772 9437 9402)
4(8771 9436 9437 8772)
4(9401 9402 9437 9436)
4(8738 8773 9438 9403)
4(8772 9437 9438 8773)
4(9402 9403 9438 9437)
4(8739 8774 9439 9404)
4(8773 9438 9439 8774)
4(9403 9404 9439 9438)
4(8740 8775 9440 9405)
4(8774 9439 9440 8775)
4(9404 9405 9440 9439)
4(8741 8776 9441 9406)
4(8775 9440 9441 8776)
4(9405 9406 9441 9440)
4(8742 8777 9442 9407)
4(8776 9441 9442 8777)
4(9406 9407 9442 9441)
4(8743 8778 9443 9408)
4(8777 9442 9443 8778)
4(9407 9408 9443 9442)
4(8744 8779 9444 9409)
4(8778 9443 9444 8779)
4(9408 9409 9444 9443)
4(8745 8780 9445 9410)
4(8779 9444 9445 8780)
4(9409 9410 9445 9444)
4(8746 8781 9446 9411)
4(8780 9445 9446 8781)
4(9410 9411 9446 9445)
4(8747 8782 9447 9412)
4(8781 9446 9447 8782)
4(9411 9412 9447 9446)
4(8748 8783 9448 9413)
4(8782 9447 9448 8783)
4(9412 9413 9448 9447)
4(8783 9448 9449 8784)
4(9413 9414 9449 9448)
4(8751 8786 9451 9416)
4(8785 9450 9451 8786)
4(9415 9416 9451 9450)
4(8752 8787 9452 9417)
4(8786 9451 9452 8787)
4(9416 9417 9452 9451)
4(8753 8788 9453 9418)
4(8787 9452 9453 8788)
4(9417 9418 9453 9452)
4(8754 8789 9454 9419)
4(8788 9453 9454 8789)
4(9418 9419 9454 9453)
4(8755 8790 9455 9420)
4(8789 9454 9455 8790)
4(9419 9420 9455 9454)
4(8756 8791 9456 9421)
4(8790 9455 9456 8791)
4(9420 9421 9456 9455)
4(8757 8792 9457 9422)
4(8791 9456 9457 8792)
4(9421 9422 9457 9456)
4(8758 8793 9458 9423)
4(8792 9457 9458 8793)
4(9422 9423 9458 9457)
4(8759 8794 9459 9424)
4(8793 9458 9459 8794)
4(9423 9424 9459 9458)
4(8760 8795 9460 9425)
4(8794 9459 9460 8795)
4(9424 9425 9460 9459)
4(8761 8796 9461 9426)
4(8795 9460 9461 8796)
4(9425 9426 9461 9460)
4(8762 8797 9462 9427)
4(8796 9461 9462 8797)
4(9426 9427 9462 9461)
4(8763 8798 9463 9428)
4(8797 9462 9463 8798)
4(9427 9428 9463 9462)
4(8764 8799 9464 9429)
4(8798 9463 9464 8799)
4(9428 9429 9464 9463)
4(8765 8800 9465 9430)
4(8799 9464 9465 8800)
4(9429 9430 9465 9464)
4(8766 8801 9466 9431)
4(8800 9465 9466 8801)
4(9430 9431 9466 9465)
4(8767 8802 9467 9432)
4(8801 9466 9467 8802)
4(9431 9432 9467 9466)
4(8768 8803 9468 9433)
4(8802 9467 9468 8803)
4(9432 9433 9468 9467)
4(8769 8804 9469 9434)
4(8803 9468 9469 8804)
4(9433 9434 9469 9468)
4(8770 8805 9470 9435)
4(8804 9469 9470 8805)
4(9434 9435 9470 9469)
4(8771 8806 9471 9436)
4(8805 9470 9471 8806)
4(9435 9436 9471 9470)
4(8772 8807 9472 9437)
4(8806 9471 9472 8807)
4(9436 9437 9472 9471)
4(8773 8808 9473 9438)
4(8807 9472 9473 8808)
4(9437 9438 9473 9472)
4(8774 8809 9474 9439)
4(8808 9473 9474 8809)
4(9438 9439 9474 9473)
4(8775 8810 9475 9440)
4(8809 9474 9475 8810)
4(9439 9440 9475 9474)
4(8776 8811 9476 9441)
4(8810 9475 9476 8811)
4(9440 9441 9476 9475)
4(8777 8812 9477 9442)
4(8811 9476 9477 8812)
4(9441 9442 9477 9476)
4(8778 8813 9478 9443)
4(8812 9477 9478 8813)
4(9442 9443 9478 9477)
4(8779 8814 9479 9444)
4(8813 9478 9479 8814)
4(9443 9444 9479 9478)
4(8780 8815 9480 9445)
4(8814 9479 9480 8815)
4(9444 9445 9480 9479)
4(8781 8816 9481 9446)
4(8815 9480 9481 8816)
4(9445 9446 9481 9480)
4(8782 8817 9482 9447)
4(8816 9481 9482 8817)
4(9446 9447 9482 9481)
4(8783 8818 9483 9448)
4(8817 9482 9483 8818)
4(9447 9448 9483 9482)
4(8818 9483 9484 8819)
4(9448 9449 9484 9483)
4(8786 8821 9486 9451)
4(8820 9485 9486 8821)
4(9450 9451 9486 9485)
4(8787 8822 9487 9452)
4(8821 9486 9487 8822)
4(9451 9452 9487 9486)
4(8788 8823 9488 9453)
4(8822 9487 9488 8823)
4(9452 9453 9488 9487)
4(8789 8824 9489 9454)
4(8823 9488 9489 8824)
4(9453 9454 9489 9488)
4(8790 8825 9490 9455)
4(8824 9489 9490 8825)
4(9454 9455 9490 9489)
4(8791 8826 9491 9456)
4(8825 9490 9491 8826)
4(9455 9456 9491 9490)
4(8792 8827 9492 9457)
4(8826 9491 9492 8827)
4(9456 9457 9492 9491)
4(8793 8828 9493 9458)
4(8827 9492 9493 8828)
4(9457 9458 9493 9492)
4(8794 8829 9494 9459)
4(8828 9493 9494 8829)
4(9458 9459 9494 9493)
4(8795 8830 9495 9460)
4(8829 9494 9495 8830)
4(9459 9460 9495 9494)
4(8796 8831 9496 9461)
4(8830 9495 9496 8831)
4(9460 9461 9496 9495)
4(8797 8832 9497 9462)
4(8831 9496 9497 8832)
4(9461 9462 9497 9496)
4(8798 8833 9498 9463)
4(8832 9497 9498 8833)
4(9462 9463 9498 9497)
4(8799 8834 9499 9464)
4(8833 9498 9499 8834)
4(9463 9464 9499 9498)
4(8800 8835 9500 9465)
4(8834 9499 9500 8835)
4(9464 9465 9500 9499)
4(8801 8836 9501 9466)
4(8835 9500 9501 8836)
4(9465 9466 9501 9500)
4(8802 8837 9502 9467)
4(8836 9501 9502 8837)
4(9466 9467 9502 9501)
4(8803 8838 9503 9468)
4(8837 9502 9503 8838)
4(9467 9468 9503 9502)
4(8804 8839 9504 9469)
4(8838 9503 9504 8839)
4(9468 9469 9504 9503)
4(8805 8840 9505 9470)
4(8839 9504 9505 8840)
4(9469 9470 9505 9504)
4(8806 8841 9506 9471)
4(8840 9505 9506 8841)
4(9470 9471 9506 9505)
4(8807 8842 9507 9472)
4(8841 9506 9507 8842)
4(9471 9472 9507 9506)
4(8808 8843 9508 9473)
4(8842 9507 9508 8843)
4(9472 9473 9508 9507)
4(8809 8844 9509 9474)
4(8843 9508 9509 8844)
4(9473 9474 9509 9508)
4(8810 8845 9510 9475)
4(8844 9509 9510 8845)
4(9474 9475 9510 9509)
4(8811 8846 9511 9476)
4(8845 9510 9511 8846)
4(9475 9476 9511 9510)
4(8812 8847 9512 9477)
4(8846 9511 9512 8847)
4(9476 9477 9512 9511)
4(8813 8848 9513 9478)
4(8847 9512 9513 8848)
4(9477 9478 9513 9512)
4(8814 8849 9514 9479)
4(8848 9513 9514 8849)
4(9478 9479 9514 9513)
4(8815 8850 9515 9480)
4(8849 9514 9515 8850)
4(9479 9480 9515 9514)
4(8816 8851 9516 9481)
4(8850 9515 9516 8851)
4(9480 9481 9516 9515)
4(8817 8852 9517 9482)
4(8851 9516 9517 8852)
4(9481 9482 9517 9516)
4(8818 8853 9518 9483)
4(8852 9517 9518 8853)
4(9482 9483 9518 9517)
4(8853 9518 9519 8854)
4(9483 9484 9519 9518)
4(8821 8856 9521 9486)
4(8855 9520 9521 8856)
4(9485 9486 9521 9520)
4(8822 8857 9522 9487)
4(8856 9521 9522 8857)
4(9486 9487 9522 9521)
4(8823 8858 9523 9488)
4(8857 9522 9523 8858)
4(9487 9488 9523 9522)
4(8824 8859 9524 9489)
4(8858 9523 9524 8859)
4(9488 9489 9524 9523)
4(8825 8860 9525 9490)
4(8859 9524 9525 8860)
4(9489 9490 9525 9524)
4(8826 8861 9526 9491)
4(8860 9525 9526 8861)
4(9490 9491 9526 9525)
4(8827 8862 9527 9492)
4(8861 9526 9527 8862)
4(9491 9492 9527 9526)
4(8828 8863 9528 9493)
4(8862 9527 9528 8863)
4(9492 9493 9528 9527)
4(8829 8864 9529 9494)
4(8863 9528 9529 8864)
4(9493 9494 9529 9528)
4(8830 8865 9530 9495)
4(8864 9529 9530 8865)
4(9494 9495 9530 9529)
4(8831 8866 9531 9496)
4(8865 9530 9531 8866)
4(9495 9496 9531 9530)
4(8832 8867 9532 9497)
4(8866 9531 9532 8867)
4(9496 9497 9532 9531)
4(8833 8868 9533 9498)
4(8867 9532 9533 8868)
4(9497 9498 9533 9532)
4(8834 8869 9534 9499)
4(8868 9533 9534 8869)
4(9498 9499 9534 9533)
4(8835 8870 9535 9500)
4(8869 9534 9535 8870)
4(9499 9500 9535 9534)
4(8836 8871 9536 9501)
4(8870 9535 9536 8871)
4(9500 9501 9536 9535)
4(8837 8872 9537 9502)
4(8871 9536 9537 8872)
4(9501 9502 9537 9536)
4(8838 8873 9538 9503)
4(8872 9537 9538 8873)
4(9502 9503 9538 9537)
4(8839 8874 9539 9504)
4(8873 9538 9539 8874)
4(9503 9504 9539 9538)
4(8840 8875 9540 9505)
4(8874 9539 9540 8875)
4(9504 9505 9540 9539)
4(8841 8876 9541 9506)
4(8875 9540 9541 8876)
4(9505 9506 9541 9540)
4(8842 8877 9542 9507)
4(8876 9541 9542 8877)
4(9506 9507 9542 9541)
4(8843 8878 9543 9508)
4(8877 9542 9543 8878)
4(9507 9508 9543 9542)
4(8844 8879 9544 9509)
4(8878 9543 9544 8879)
4(9508 9509 9544 9543)
4(8845 8880 9545 9510)
4(8879 9544 9545 8880)
4(9509 9510 9545 9544)
4(8846 8881 9546 9511)
4(8880 9545 9546 8881)
4(9510 9511 9546 9545)
4(8847 8882 9547 9512)
4(8881 9546 9547 8882)
4(9511 9512 9547 9546)
4(8848 8883 9548 9513)
4(8882 9547 9548 8883)
4(9512 9513 9548 9547)
4(8849 8884 9549 9514)
4(8883 9548 9549 8884)
4(9513 9514 9549 9548)
4(8850 8885 9550 9515)
4(8884 9549 9550 8885)
4(9514 9515 9550 9549)
4(8851 8886 9551 9516)
4(8885 9550 9551 8886)
4(9515 9516 9551 9550)
4(8852 8887 9552 9517)
4(8886 9551 9552 8887)
4(9516 9517 9552 9551)
4(8853 8888 9553 9518)
4(8887 9552 9553 8888)
4(9517 9518 9553 9552)
4(8888 9553 9554 8889)
4(9518 9519 9554 9553)
4(8856 8891 9556 9521)
4(8890 9555 9556 8891)
4(9520 9521 9556 9555)
4(8857 8892 9557 9522)
4(8891 9556 9557 8892)
4(9521 9522 9557 9556)
4(8858 8893 9558 9523)
4(8892 9557 9558 8893)
4(9522 9523 9558 9557)
4(8859 8894 9559 9524)
4(8893 9558 9559 8894)
4(9523 9524 9559 9558)
4(8860 8895 9560 9525)
4(8894 9559 9560 8895)
4(9524 9525 9560 9559)
4(8861 8896 9561 9526)
4(8895 9560 9561 8896)
4(9525 9526 9561 9560)
4(8862 8897 9562 9527)
4(8896 9561 9562 8897)
4(9526 9527 9562 9561)
4(8863 8898 9563 9528)
4(8897 9562 9563 8898)
4(9527 9528 9563 9562)
4(8864 8899 9564 9529)
4(8898 9563 9564 8899)
4(9528 9529 9564 9563)
4(8865 8900 9565 9530)
4(8899 9564 9565 8900)
4(9529 9530 9565 9564)
4(8866 8901 9566 9531)
4(8900 9565 9566 8901)
4(9530 9531 9566 9565)
4(8867 8902 9567 9532)
4(8901 9566 9567 8902)
4(9531 9532 9567 9566)
4(8868 8903 9568 9533)
4(8902 9567 9568 8903)
4(9532 9533 9568 9567)
4(8869 8904 9569 9534)
4(8903 9568 9569 8904)
4(9533 9534 9569 9568)
4(8870 8905 9570 9535)
4(8904 9569 9570 8905)
4(9534 9535 9570 9569)
4(8871 8906 9571 9536)
4(8905 9570 9571 8906)
4(9535 9536 9571 9570)
4(8872 8907 9572 9537)
4(8906 9571 9572 8907)
4(9536 9537 9572 9571)
4(8873 8908 9573 9538)
4(8907 9572 9573 8908)
4(9537 9538 9573 9572)
4(8874 8909 9574 9539)
4(8908 9573 9574 8909)
4(9538 9539 9574 9573)
4(8875 8910 9575 9540)
4(8909 9574 9575 8910)
4(9539 9540 9575 9574)
4(8876 8911 9576 9541)
4(8910 9575 9576 8911)
4(9540 9541 9576 9575)
4(8877 8912 9577 9542)
4(8911 9576 9577 8912)
4(9541 9542 9577 9576)
4(8878 8913 9578 9543)
4(8912 9577 9578 8913)
4(9542 9543 9578 9577)
4(8879 8914 9579 9544)
4(8913 9578 9579 8914)
4(9543 9544 9579 9578)
4(8880 8915 9580 9545)
4(8914 9579 9580 8915)
4(9544 9545 9580 9579)
4(8881 8916 9581 9546)
4(8915 9580 9581 8916)
4(9545 9546 9581 9580)
4(8882 8917 9582 9547)
4(8916 9581 9582 8917)
4(9546 9547 9582 9581)
4(8883 8918 9583 9548)
4(8917 9582 9583 8918)
4(9547 9548 9583 9582)
4(8884 8919 9584 9549)
4(8918 9583 9584 8919)
4(9548 9549 9584 9583)
4(8885 8920 9585 9550)
4(8919 9584 9585 8920)
4(9549 9550 9585 9584)
4(8886 8921 9586 9551)
4(8920 9585 9586 8921)
4(9550 9551 9586 9585)
4(8887 8922 9587 9552)
4(8921 9586 9587 8922)
4(9551 9552 9587 9586)
4(8888 8923 9588 9553)
4(8922 9587 9588 8923)
4(9552 9553 9588 9587)
4(8923 9588 9589 8924)
4(9553 9554 9589 9588)
4(8891 8926 9591 9556)
4(8925 9590 9591 8926)
4(9555 9556 9591 9590)
4(8892 8927 9592 9557)
4(8926 9591 9592 8927)
4(9556 9557 9592 9591)
4(8893 8928 9593 9558)
4(8927 9592 9593 8928)
4(9557 9558 9593 9592)
4(8894 8929 9594 9559)
4(8928 9593 9594 8929)
4(9558 9559 9594 9593)
4(8895 8930 9595 9560)
4(8929 9594 9595 8930)
4(9559 9560 9595 9594)
4(8896 8931 9596 9561)
4(8930 9595 9596 8931)
4(9560 9561 9596 9595)
4(8897 8932 9597 9562)
4(8931 9596 9597 8932)
4(9561 9562 9597 9596)
4(8898 8933 9598 9563)
4(8932 9597 9598 8933)
4(9562 9563 9598 9597)
4(8899 8934 9599 9564)
4(8933 9598 9599 8934)
4(9563 9564 9599 9598)
4(8900 8935 9600 9565)
4(8934 9599 9600 8935)
4(9564 9565 9600 9599)
4(8901 8936 9601 9566)
4(8935 9600 9601 8936)
4(9565 9566 9601 9600)
4(8902 8937 9602 9567)
4(8936 9601 9602 8937)
4(9566 9567 9602 9601)
4(8903 8938 9603 9568)
4(8937 9602 9603 8938)
4(9567 9568 9603 9602)
4(8904 8939 9604 9569)
4(8938 9603 9604 8939)
4(9568 9569 9604 9603)
4(8905 8940 9605 9570)
4(8939 9604 9605 8940)
4(9569 9570 9605 9604)
4(8906 8941 9606 9571)
4(8940 9605 9606 8941)
4(9570 9571 9606 9605)
4(8907 8942 9607 9572)
4(8941 9606 9607 8942)
4(9571 9572 9607 9606)
4(8908 8943 9608 9573)
4(8942 9607 9608 8943)
4(9572 9573 9608 9607)
4(8909 8944 9609 9574)
4(8943 9608 9609 8944)
4(9573 9574 9609 9608)
4(8910 8945 9610 9575)
4(8944 9609 9610 8945)
4(9574 9575 9610 9609)
4(8911 8946 9611 9576)
4(8945 9610 9611 8946)
4(9575 9576 9611 9610)
4(8912 8947 9612 9577)
4(8946 9611 9612 8947)
4(9576 9577 9612 9611)
4(8913 8948 9613 9578)
4(8947 9612 9613 8948)
4(9577 9578 9613 9612)
4(8914 8949 9614 9579)
4(8948 9613 9614 8949)
4(9578 9579 9614 9613)
4(8915 8950 9615 9580)
4(8949 9614 9615 8950)
4(9579 9580 9615 9614)
4(8916 8951 9616 9581)
4(8950 9615 9616 8951)
4(9580 9581 9616 9615)
4(8917 8952 9617 9582)
4(8951 9616 9617 8952)
4(9581 9582 9617 9616)
4(8918 8953 9618 9583)
4(8952 9617 9618 8953)
4(9582 9583 9618 9617)
4(8919 8954 9619 9584)
4(8953 9618 9619 8954)
4(9583 9584 9619 9618)
4(8920 8955 9620 9585)
4(8954 9619 9620 8955)
4(9584 9585 9620 9619)
4(8921 8956 9621 9586)
4(8955 9620 9621 8956)
4(9585 9586 9621 9620)
4(8922 8957 9622 9587)
4(8956 9621 9622 8957)
4(9586 9587 9622 9621)
4(8923 8958 9623 9588)
4(8957 9622 9623 8958)
4(9587 9588 9623 9622)
4(8958 9623 9624 8959)
4(9588 9589 9624 9623)
4(8926 8961 9626 9591)
4(8960 9625 9626 8961)
4(9590 9591 9626 9625)
4(8927 8962 9627 9592)
4(8961 9626 9627 8962)
4(9591 9592 9627 9626)
4(8928 8963 9628 9593)
4(8962 9627 9628 8963)
4(9592 9593 9628 9627)
4(8929 8964 9629 9594)
4(8963 9628 9629 8964)
4(9593 9594 9629 9628)
4(8930 8965 9630 9595)
4(8964 9629 9630 8965)
4(9594 9595 9630 9629)
4(8931 8966 9631 9596)
4(8965 9630 9631 8966)
4(9595 9596 9631 9630)
4(8932 8967 9632 9597)
4(8966 9631 9632 8967)
4(9596 9597 9632 9631)
4(8933 8968 9633 9598)
4(8967 9632 9633 8968)
4(9597 9598 9633 9632)
4(8934 8969 9634 9599)
4(8968 9633 9634 8969)
4(9598 9599 9634 9633)
4(8935 8970 9635 9600)
4(8969 9634 9635 8970)
4(9599 9600 9635 9634)
4(8936 8971 9636 9601)
4(8970 9635 9636 8971)
4(9600 9601 9636 9635)
4(8937 8972 9637 9602)
4(8971 9636 9637 8972)
4(9601 9602 9637 9636)
4(8938 8973 9638 9603)
4(8972 9637 9638 8973)
4(9602 9603 9638 9637)
4(8939 8974 9639 9604)
4(8973 9638 9639 8974)
4(9603 9604 9639 9638)
4(8940 8975 9640 9605)
4(8974 9639 9640 8975)
4(9604 9605 9640 9639)
4(8941 8976 9641 9606)
4(8975 9640 9641 8976)
4(9605 9606 9641 9640)
4(8942 8977 9642 9607)
4(8976 9641 9642 8977)
4(9606 9607 9642 9641)
4(8943 8978 9643 9608)
4(8977 9642 9643 8978)
4(9607 9608 9643 9642)
4(8944 8979 9644 9609)
4(8978 9643 9644 8979)
4(9608 9609 9644 9643)
4(8945 8980 9645 9610)
4(8979 9644 9645 8980)
4(9609 9610 9645 9644)
4(8946 8981 9646 9611)
4(8980 9645 9646 8981)
4(9610 9611 9646 9645)
4(8947 8982 9647 9612)
4(8981 9646 9647 8982)
4(9611 9612 9647 9646)
4(8948 8983 9648 9613)
4(8982 9647 9648 8983)
4(9612 9613 9648 9647)
4(8949 8984 9649 9614)
4(8983 9648 9649 8984)
4(9613 9614 9649 9648)
4(8950 8985 9650 9615)
4(8984 9649 9650 8985)
4(9614 9615 9650 9649)
4(8951 8986 9651 9616)
4(8985 9650 9651 8986)
4(9615 9616 9651 9650)
4(8952 8987 9652 9617)
4(8986 9651 9652 8987)
4(9616 9617 9652 9651)
4(8953 8988 9653 9618)
4(8987 9652 9653 8988)
4(9617 9618 9653 9652)
4(8954 8989 9654 9619)
4(8988 9653 9654 8989)
4(9618 9619 9654 9653)
4(8955 8990 9655 9620)
4(8989 9654 9655 8990)
4(9619 9620 9655 9654)
4(8956 8991 9656 9621)
4(8990 9655 9656 8991)
4(9620 9621 9656 9655)
4(8957 8992 9657 9622)
4(8991 9656 9657 8992)
4(9621 9622 9657 9656)
4(8958 8993 9658 9623)
4(8992 9657 9658 8993)
4(9622 9623 9658 9657)
4(8993 9658 9659 8994)
4(9623 9624 9659 9658)
4(8961 8996 9661 9626)
4(8995 9660 9661 8996)
4(9625 9626 9661 9660)
4(8962 8997 9662 9627)
4(8996 9661 9662 8997)
4(9626 9627 9662 9661)
4(8963 8998 9663 9628)
4(8997 9662 9663 8998)
4(9627 9628 9663 9662)
4(8964 8999 9664 9629)
4(8998 9663 9664 8999)
4(9628 9629 9664 9663)
4(8965 9000 9665 9630)
4(8999 9664 9665 9000)
4(9629 9630 9665 9664)
4(8966 9001 9666 9631)
4(9000 9665 9666 9001)
4(9630 9631 9666 9665)
4(8967 9002 9667 9632)
4(9001 9666 9667 9002)
4(9631 9632 9667 9666)
4(8968 9003 9668 9633)
4(9002 9667 9668 9003)
4(9632 9633 9668 9667)
4(8969 9004 9669 9634)
4(9003 9668 9669 9004)
4(9633 9634 9669 9668)
4(8970 9005 9670 9635)
4(9004 9669 9670 9005)
4(9634 9635 9670 9669)
4(8971 9006 9671 9636)
4(9005 9670 9671 9006)
4(9635 9636 9671 9670)
4(8972 9007 9672 9637)
4(9006 9671 9672 9007)
4(9636 9637 9672 9671)
4(8973 9008 9673 9638)
4(9007 9672 9673 9008)
4(9637 9638 9673 9672)
4(8974 9009 9674 9639)
4(9008 9673 9674 9009)
4(9638 9639 9674 9673)
4(8975 9010 9675 9640)
4(9009 9674 9675 9010)
4(9639 9640 9675 9674)
4(8976 9011 9676 9641)
4(9010 9675 9676 9011)
4(9640 9641 9676 9675)
4(8977 9012 9677 9642)
4(9011 9676 9677 9012)
4(9641 9642 9677 9676)
4(8978 9013 9678 9643)
4(9012 9677 9678 9013)
4(9642 9643 9678 9677)
4(8979 9014 9679 9644)
4(9013 9678 9679 9014)
4(9643 9644 9679 9678)
4(8980 9015 9680 9645)
4(9014 9679 9680 9015)
4(9644 9645 9680 9679)
4(8981 9016 9681 9646)
4(9015 9680 9681 9016)
4(9645 9646 9681 9680)
4(8982 9017 9682 9647)
4(9016 9681 9682 9017)
4(9646 9647 9682 9681)
4(8983 9018 9683 9648)
4(9017 9682 9683 9018)
4(9647 9648 9683 9682)
4(8984 9019 9684 9649)
4(9018 9683 9684 9019)
4(9648 9649 9684 9683)
4(8985 9020 9685 9650)
4(9019 9684 9685 9020)
4(9649 9650 9685 9684)
4(8986 9021 9686 9651)
4(9020 9685 9686 9021)
4(9650 9651 9686 9685)
4(8987 9022 9687 9652)
4(9021 9686 9687 9022)
4(9651 9652 9687 9686)
4(8988 9023 9688 9653)
4(9022 9687 9688 9023)
4(9652 9653 9688 9687)
4(8989 9024 9689 9654)
4(9023 9688 9689 9024)
4(9653 9654 9689 9688)
4(8990 9025 9690 9655)
4(9024 9689 9690 9025)
4(9654 9655 9690 9689)
4(8991 9026 9691 9656)
4(9025 9690 9691 9026)
4(9655 9656 9691 9690)
4(8992 9027 9692 9657)
4(9026 9691 9692 9027)
4(9656 9657 9692 9691)
4(8993 9028 9693 9658)
4(9027 9692 9693 9028)
4(9657 9658 9693 9692)
4(9028 9693 9694 9029)
4(9658 9659 9694 9693)
4(8996 9031 9696 9661)
4(9030 9695 9696 9031)
4(9660 9661 9696 9695)
4(8997 9032 9697 9662)
4(9031 9696 9697 9032)
4(9661 9662 9697 9696)
4(8998 9033 9698 9663)
4(9032 9697 9698 9033)
4(9662 9663 9698 9697)
4(8999 9034 9699 9664)
4(9033 9698 9699 9034)
4(9663 9664 9699 9698)
4(9000 9035 9700 9665)
4(9034 9699 9700 9035)
4(9664 9665 9700 9699)
4(9001 9036 9701 9666)
4(9035 9700 9701 9036)
4(9665 9666 9701 9700)
4(9002 9037 9702 9667)
4(9036 9701 9702 9037)
4(9666 9667 9702 9701)
4(9003 9038 9703 9668)
4(9037 9702 9703 9038)
4(9667 9668 9703 9702)
4(9004 9039 9704 9669)
4(9038 9703 9704 9039)
4(9668 9669 9704 9703)
4(9005 9040 9705 9670)
4(9039 9704 9705 9040)
4(9669 9670 9705 9704)
4(9006 9041 9706 9671)
4(9040 9705 9706 9041)
4(9670 9671 9706 9705)
4(9007 9042 9707 9672)
4(9041 9706 9707 9042)
4(9671 9672 9707 9706)
4(9008 9043 9708 9673)
4(9042 9707 9708 9043)
4(9672 9673 9708 9707)
4(9009 9044 9709 9674)
4(9043 9708 9709 9044)
4(9673 9674 9709 9708)
4(9010 9045 9710 9675)
4(9044 9709 9710 9045)
4(9674 9675 9710 9709)
4(9011 9046 9711 9676)
4(9045 9710 9711 9046)
4(9675 9676 9711 9710)
4(9012 9047 9712 9677)
4(9046 9711 9712 9047)
4(9676 9677 9712 9711)
4(9013 9048 9713 9678)
4(9047 9712 9713 9048)
4(9677 9678 9713 9712)
4(9014 9049 9714 9679)
4(9048 9713 9714 9049)
4(9678 9679 9714 9713)
4(9015 9050 9715 9680)
4(9049 9714 9715 9050)
4(9679 9680 9715 9714)
4(9016 9051 9716 9681)
4(9050 9715 9716 9051)
4(9680 9681 9716 9715)
4(9017 9052 9717 9682)
4(9051 9716 9717 9052)
4(9681 9682 9717 9716)
4(9018 9053 9718 9683)
4(9052 9717 9718 9053)
4(9682 9683 9718 9717)
4(9019 9054 9719 9684)
4(9053 9718 9719 9054)
4(9683 9684 9719 9718)
4(9020 9055 9720 9685)
4(9054 9719 9720 9055)
4(9684 9685 9720 9719)
4(9021 9056 9721 9686)
4(9055 9720 9721 9056)
4(9685 9686 9721 9720)
4(9022 9057 9722 9687)
4(9056 9721 9722 9057)
4(9686 9687 9722 9721)
4(9023 9058 9723 9688)
4(9057 9722 9723 9058)
4(9687 9688 9723 9722)
4(9024 9059 9724 9689)
4(9058 9723 9724 9059)
4(9688 9689 9724 9723)
4(9025 9060 9725 9690)
4(9059 9724 9725 9060)
4(9689 9690 9725 9724)
4(9026 9061 9726 9691)
4(9060 9725 9726 9061)
4(9690 9691 9726 9725)
4(9027 9062 9727 9692)
4(9061 9726 9727 9062)
4(9691 9692 9727 9726)
4(9028 9063 9728 9693)
4(9062 9727 9728 9063)
4(9692 9693 9728 9727)
4(9063 9728 9729 9064)
4(9693 9694 9729 9728)
4(9031 9066 9731 9696)
4(9065 9730 9731 9066)
4(9695 9696 9731 9730)
4(9032 9067 9732 9697)
4(9066 9731 9732 9067)
4(9696 9697 9732 9731)
4(9033 9068 9733 9698)
4(9067 9732 9733 9068)
4(9697 9698 9733 9732)
4(9034 9069 9734 9699)
4(9068 9733 9734 9069)
4(9698 9699 9734 9733)
4(9035 9070 9735 9700)
4(9069 9734 9735 9070)
4(9699 9700 9735 9734)
4(9036 9071 9736 9701)
4(9070 9735 9736 9071)
4(9700 9701 9736 9735)
4(9037 9072 9737 9702)
4(9071 9736 9737 9072)
4(9701 9702 9737 9736)
4(9038 9073 9738 9703)
4(9072 9737 9738 9073)
4(9702 9703 9738 9737)
4(9039 9074 9739 9704)
4(9073 9738 9739 9074)
4(9703 9704 9739 9738)
4(9040 9075 9740 9705)
4(9074 9739 9740 9075)
4(9704 9705 9740 9739)
4(9041 9076 9741 9706)
4(9075 9740 9741 9076)
4(9705 9706 9741 9740)
4(9042 9077 9742 9707)
4(9076 9741 9742 9077)
4(9706 9707 9742 9741)
4(9043 9078 9743 9708)
4(9077 9742 9743 9078)
4(9707 9708 9743 9742)
4(9044 9079 9744 9709)
4(9078 9743 9744 9079)
4(9708 9709 9744 9743)
4(9045 9080 9745 9710)
4(9079 9744 9745 9080)
4(9709 9710 9745 9744)
4(9046 9081 9746 9711)
4(9080 9745 9746 9081)
4(9710 9711 9746 9745)
4(9047 9082 9747 9712)
4(9081 9746 9747 9082)
4(9711 9712 9747 9746)
4(9048 9083 9748 9713)
4(9082 9747 9748 9083)
4(9712 9713 9748 9747)
4(9049 9084 9749 9714)
4(9083 9748 9749 9084)
4(9713 9714 9749 9748)
4(9050 9085 9750 9715)
4(9084 9749 9750 9085)
4(9714 9715 9750 9749)
4(9051 9086 9751 9716)
4(9085 9750 9751 9086)
4(9715 9716 9751 9750)
4(9052 9087 9752 9717)
4(9086 9751 9752 9087)
4(9716 9717 9752 9751)
4(9053 9088 9753 9718)
4(9087 9752 9753 9088)
4(9717 9718 9753 9752)
4(9054 9089 9754 9719)
4(9088 9753 9754 9089)
4(9718 9719 9754 9753)
4(9055 9090 9755 9720)
4(9089 9754 9755 9090)
4(9719 9720 9755 9754)
4(9056 9091 9756 9721)
4(9090 9755 9756 9091)
4(9720 9721 9756 9755)
4(9057 9092 9757 9722)
4(9091 9756 9757 9092)
4(9721 9722 9757 9756)
4(9058 9093 9758 9723)
4(9092 9757 9758 9093)
4(9722 9723 9758 9757)
4(9059 9094 9759 9724)
4(9093 9758 9759 9094)
4(9723 9724 9759 9758)
4(9060 9095 9760 9725)
4(9094 9759 9760 9095)
4(9724 9725 9760 9759)
4(9061 9096 9761 9726)
4(9095 9760 9761 9096)
4(9725 9726 9761 9760)
4(9062 9097 9762 9727)
4(9096 9761 9762 9097)
4(9726 9727 9762 9761)
4(9063 9098 9763 9728)
4(9097 9762 9763 9098)
4(9727 9728 9763 9762)
4(9098 9763 9764 9099)
4(9728 9729 9764 9763)
4(9066 9101 9766 9731)
4(9100 9765 9766 9101)
4(9730 9731 9766 9765)
4(9067 9102 9767 9732)
4(9101 9766 9767 9102)
4(9731 9732 9767 9766)
4(9068 9103 9768 9733)
4(9102 9767 9768 9103)
4(9732 9733 9768 9767)
4(9069 9104 9769 9734)
4(9103 9768 9769 9104)
4(9733 9734 9769 9768)
4(9070 9105 9770 9735)
4(9104 9769 9770 9105)
4(9734 9735 9770 9769)
4(9071 9106 9771 9736)
4(9105 9770 9771 9106)
4(9735 9736 9771 9770)
4(9072 9107 9772 9737)
4(9106 9771 9772 9107)
4(9736 9737 9772 9771)
4(9073 9108 9773 9738)
4(9107 9772 9773 9108)
4(9737 9738 9773 9772)
4(9074 9109 9774 9739)
4(9108 9773 9774 9109)
4(9738 9739 9774 9773)
4(9075 9110 9775 9740)
4(9109 9774 9775 9110)
4(9739 9740 9775 9774)
4(9076 9111 9776 9741)
4(9110 9775 9776 9111)
4(9740 9741 9776 9775)
4(9077 9112 9777 9742)
4(9111 9776 9777 9112)
4(9741 9742 9777 9776)
4(9078 9113 9778 9743)
4(9112 9777 9778 9113)
4(9742 9743 9778 9777)
4(9079 9114 9779 9744)
4(9113 9778 9779 9114)
4(9743 9744 9779 9778)
4(9080 9115 9780 9745)
4(9114 9779 9780 9115)
4(9744 9745 9780 9779)
4(9081 9116 9781 9746)
4(9115 9780 9781 9116)
4(9745 9746 9781 9780)
4(9082 9117 9782 9747)
4(9116 9781 9782 9117)
4(9746 9747 9782 9781)
4(9083 9118 9783 9748)
4(9117 9782 9783 9118)
4(9747 9748 9783 9782)
4(9084 9119 9784 9749)
4(9118 9783 9784 9119)
4(9748 9749 9784 9783)
4(9085 9120 9785 9750)
4(9119 9784 9785 9120)
4(9749 9750 9785 9784)
4(9086 9121 9786 9751)
4(9120 9785 9786 9121)
4(9750 9751 9786 9785)
4(9087 9122 9787 9752)
4(9121 9786 9787 9122)
4(9751 9752 9787 9786)
4(9088 9123 9788 9753)
4(9122 9787 9788 9123)
4(9752 9753 9788 9787)
4(9089 9124 9789 9754)
4(9123 9788 9789 9124)
4(9753 9754 9789 9788)
4(9090 9125 9790 9755)
4(9124 9789 9790 9125)
4(9754 9755 9790 9789)
4(9091 9126 9791 9756)
4(9125 9790 9791 9126)
4(9755 9756 9791 9790)
4(9092 9127 9792 9757)
4(9126 9791 9792 9127)
4(9756 9757 9792 9791)
4(9093 9128 9793 9758)
4(9127 9792 9793 9128)
4(9757 9758 9793 9792)
4(9094 9129 9794 9759)
4(9128 9793 9794 9129)
4(9758 9759 9794 9793)
4(9095 9130 9795 9760)
4(9129 9794 9795 9130)
4(9759 9760 9795 9794)
4(9096 9131 9796 9761)
4(9130 9795 9796 9131)
4(9760 9761 9796 9795)
4(9097 9132 9797 9762)
4(9131 9796 9797 9132)
4(9761 9762 9797 9796)
4(9098 9133 9798 9763)
4(9132 9797 9798 9133)
4(9762 9763 9798 9797)
4(9133 9798 9799 9134)
4(9763 9764 9799 9798)
4(9101 9136 9801 9766)
4(9135 9800 9801 9136)
4(9765 9766 9801 9800)
4(9102 9137 9802 9767)
4(9136 9801 9802 9137)
4(9766 9767 9802 9801)
4(9103 9138 9803 9768)
4(9137 9802 9803 9138)
4(9767 9768 9803 9802)
4(9104 9139 9804 9769)
4(9138 9803 9804 9139)
4(9768 9769 9804 9803)
4(9105 9140 9805 9770)
4(9139 9804 9805 9140)
4(9769 9770 9805 9804)
4(9106 9141 9806 9771)
4(9140 9805 9806 9141)
4(9770 9771 9806 9805)
4(9107 9142 9807 9772)
4(9141 9806 9807 9142)
4(9771 9772 9807 9806)
4(9108 9143 9808 9773)
4(9142 9807 9808 9143)
4(9772 9773 9808 9807)
4(9109 9144 9809 9774)
4(9143 9808 9809 9144)
4(9773 9774 9809 9808)
4(9110 9145 9810 9775)
4(9144 9809 9810 9145)
4(9774 9775 9810 9809)
4(9111 9146 9811 9776)
4(9145 9810 9811 9146)
4(9775 9776 9811 9810)
4(9112 9147 9812 9777)
4(9146 9811 9812 9147)
4(9776 9777 9812 9811)
4(9113 9148 9813 9778)
4(9147 9812 9813 9148)
4(9777 9778 9813 9812)
4(9114 9149 9814 9779)
4(9148 9813 9814 9149)
4(9778 9779 9814 9813)
4(9115 9150 9815 9780)
4(9149 9814 9815 9150)
4(9779 9780 9815 9814)
4(9116 9151 9816 9781)
4(9150 9815 9816 9151)
4(9780 9781 9816 9815)
4(9117 9152 9817 9782)
4(9151 9816 9817 9152)
4(9781 9782 9817 9816)
4(9118 9153 9818 9783)
4(9152 9817 9818 9153)
4(9782 9783 9818 9817)
4(9119 9154 9819 9784)
4(9153 9818 9819 9154)
4(9783 9784 9819 9818)
4(9120 9155 9820 9785)
4(9154 9819 9820 9155)
4(9784 9785 9820 9819)
4(9121 9156 9821 9786)
4(9155 9820 9821 9156)
4(9785 9786 9821 9820)
4(9122 9157 9822 9787)
4(9156 9821 9822 9157)
4(9786 9787 9822 9821)
4(9123 9158 9823 9788)
4(9157 9822 9823 9158)
4(9787 9788 9823 9822)
4(9124 9159 9824 9789)
4(9158 9823 9824 9159)
4(9788 9789 9824 9823)
4(9125 9160 9825 9790)
4(9159 9824 9825 9160)
4(9789 9790 9825 9824)
4(9126 9161 9826 9791)
4(9160 9825 9826 9161)
4(9790 9791 9826 9825)
4(9127 9162 9827 9792)
4(9161 9826 9827 9162)
4(9791 9792 9827 9826)
4(9128 9163 9828 9793)
4(9162 9827 9828 9163)
4(9792 9793 9828 9827)
4(9129 9164 9829 9794)
4(9163 9828 9829 9164)
4(9793 9794 9829 9828)
4(9130 9165 9830 9795)
4(9164 9829 9830 9165)
4(9794 9795 9830 9829)
4(9131 9166 9831 9796)
4(9165 9830 9831 9166)
4(9795 9796 9831 9830)
4(9132 9167 9832 9797)
4(9166 9831 9832 9167)
4(9796 9797 9832 9831)
4(9133 9168 9833 9798)
4(9167 9832 9833 9168)
4(9797 9798 9833 9832)
4(9168 9833 9834 9169)
4(9798 9799 9834 9833)
4(9136 9171 9836 9801)
4(9170 9835 9836 9171)
4(9800 9801 9836 9835)
4(9137 9172 9837 9802)
4(9171 9836 9837 9172)
4(9801 9802 9837 9836)
4(9138 9173 9838 9803)
4(9172 9837 9838 9173)
4(9802 9803 9838 9837)
4(9139 9174 9839 9804)
4(9173 9838 9839 9174)
4(9803 9804 9839 9838)
4(9140 9175 9840 9805)
4(9174 9839 9840 9175)
4(9804 9805 9840 9839)
4(9141 9176 9841 9806)
4(9175 9840 9841 9176)
4(9805 9806 9841 9840)
4(9142 9177 9842 9807)
4(9176 9841 9842 9177)
4(9806 9807 9842 9841)
4(9143 9178 9843 9808)
4(9177 9842 9843 9178)
4(9807 9808 9843 9842)
4(9144 9179 9844 9809)
4(9178 9843 9844 9179)
4(9808 9809 9844 9843)
4(9145 9180 9845 9810)
4(9179 9844 9845 9180)
4(9809 9810 9845 9844)
4(9146 9181 9846 9811)
4(9180 9845 9846 9181)
4(9810 9811 9846 9845)
4(9147 9182 9847 9812)
4(9181 9846 9847 9182)
4(9811 9812 9847 9846)
4(9148 9183 9848 9813)
4(9182 9847 9848 9183)
4(9812 9813 9848 9847)
4(9149 9184 9849 9814)
4(9183 9848 9849 9184)
4(9813 9814 9849 9848)
4(9150 9185 9850 9815)
4(9184 9849 9850 9185)
4(9814 9815 9850 9849)
4(9151 9186 9851 9816)
4(9185 9850 9851 9186)
4(9815 9816 9851 9850)
4(9152 9187 9852 9817)
4(9186 9851 9852 9187)
4(9816 9817 9852 9851)
4(9153 9188 9853 9818)
4(9187 9852 9853 9188)
4(9817 9818 9853 9852)
4(9154 9189 9854 9819)
4(9188 9853 9854 9189)
4(9818 9819 9854 9853)
4(9155 9190 9855 9820)
4(9189 9854 9855 9190)
4(9819 9820 9855 9854)
4(9156 9191 9856 9821)
4(9190 9855 9856 9191)
4(9820 9821 9856 9855)
4(9157 9192 9857 9822)
4(9191 9856 9857 9192)
4(9821 9822 9857 9856)
4(9158 9193 9858 9823)
4(9192 9857 9858 9193)
4(9822 9823 9858 9857)
4(9159 9194 9859 9824)
4(9193 9858 9859 9194)
4(9823 9824 9859 9858)
4(9160 9195 9860 9825)
4(9194 9859 9860 9195)
4(9824 9825 9860 9859)
4(9161 9196 9861 9826)
4(9195 9860 9861 9196)
4(9825 9826 9861 9860)
4(9162 9197 9862 9827)
4(9196 9861 9862 9197)
4(9826 9827 9862 9861)
4(9163 9198 9863 9828)
4(9197 9862 9863 9198)
4(9827 9828 9863 9862)
4(9164 9199 9864 9829)
4(9198 9863 9864 9199)
4(9828 9829 9864 9863)
4(9165 9200 9865 9830)
4(9199 9864 9865 9200)
4(9829 9830 9865 9864)
4(9166 9201 9866 9831)
4(9200 9865 9866 9201)
4(9830 9831 9866 9865)
4(9167 9202 9867 9832)
4(9201 9866 9867 9202)
4(9831 9832 9867 9866)
4(9168 9203 9868 9833)
4(9202 9867 9868 9203)
4(9832 9833 9868 9867)
4(9203 9868 9869 9204)
4(9833 9834 9869 9868)
4(9171 9206 9871 9836)
4(9205 9870 9871 9206)
4(9835 9836 9871 9870)
4(9172 9207 9872 9837)
4(9206 9871 9872 9207)
4(9836 9837 9872 9871)
4(9173 9208 9873 9838)
4(9207 9872 9873 9208)
4(9837 9838 9873 9872)
4(9174 9209 9874 9839)
4(9208 9873 9874 9209)
4(9838 9839 9874 9873)
4(9175 9210 9875 9840)
4(9209 9874 9875 9210)
4(9839 9840 9875 9874)
4(9176 9211 9876 9841)
4(9210 9875 9876 9211)
4(9840 9841 9876 9875)
4(9177 9212 9877 9842)
4(9211 9876 9877 9212)
4(9841 9842 9877 9876)
4(9178 9213 9878 9843)
4(9212 9877 9878 9213)
4(9842 9843 9878 9877)
4(9179 9214 9879 9844)
4(9213 9878 9879 9214)
4(9843 9844 9879 9878)
4(9180 9215 9880 9845)
4(9214 9879 9880 9215)
4(9844 9845 9880 9879)
4(9181 9216 9881 9846)
4(9215 9880 9881 9216)
4(9845 9846 9881 9880)
4(9182 9217 9882 9847)
4(9216 9881 9882 9217)
4(9846 9847 9882 9881)
4(9183 9218 9883 9848)
4(9217 9882 9883 9218)
4(9847 9848 9883 9882)
4(9184 9219 9884 9849)
4(9218 9883 9884 9219)
4(9848 9849 9884 9883)
4(9185 9220 9885 9850)
4(9219 9884 9885 9220)
4(9849 9850 9885 9884)
4(9186 9221 9886 9851)
4(9220 9885 9886 9221)
4(9850 9851 9886 9885)
4(9187 9222 9887 9852)
4(9221 9886 9887 9222)
4(9851 9852 9887 9886)
4(9188 9223 9888 9853)
4(9222 9887 9888 9223)
4(9852 9853 9888 9887)
4(9189 9224 9889 9854)
4(9223 9888 9889 9224)
4(9853 9854 9889 9888)
4(9190 9225 9890 9855)
4(9224 9889 9890 9225)
4(9854 9855 9890 9889)
4(9191 9226 9891 9856)
4(9225 9890 9891 9226)
4(9855 9856 9891 9890)
4(9192 9227 9892 9857)
4(9226 9891 9892 9227)
4(9856 9857 9892 9891)
4(9193 9228 9893 9858)
4(9227 9892 9893 9228)
4(9857 9858 9893 9892)
4(9194 9229 9894 9859)
4(9228 9893 9894 9229)
4(9858 9859 9894 9893)
4(9195 9230 9895 9860)
4(9229 9894 9895 9230)
4(9859 9860 9895 9894)
4(9196 9231 9896 9861)
4(9230 9895 9896 9231)
4(9860 9861 9896 9895)
4(9197 9232 9897 9862)
4(9231 9896 9897 9232)
4(9861 9862 9897 9896)
4(9198 9233 9898 9863)
4(9232 9897 9898 9233)
4(9862 9863 9898 9897)
4(9199 9234 9899 9864)
4(9233 9898 9899 9234)
4(9863 9864 9899 9898)
4(9200 9235 9900 9865)
4(9234 9899 9900 9235)
4(9864 9865 9900 9899)
4(9201 9236 9901 9866)
4(9235 9900 9901 9236)
4(9865 9866 9901 9900)
4(9202 9237 9902 9867)
4(9236 9901 9902 9237)
4(9866 9867 9902 9901)
4(9203 9238 9903 9868)
4(9237 9902 9903 9238)
4(9867 9868 9903 9902)
4(9238 9903 9904 9239)
4(9868 9869 9904 9903)
4(9206 9241 9906 9871)
4(9240 9905 9906 9241)
4(9870 9871 9906 9905)
4(9207 9242 9907 9872)
4(9241 9906 9907 9242)
4(9871 9872 9907 9906)
4(9208 9243 9908 9873)
4(9242 9907 9908 9243)
4(9872 9873 9908 9907)
4(9209 9244 9909 9874)
4(9243 9908 9909 9244)
4(9873 9874 9909 9908)
4(9210 9245 9910 9875)
4(9244 9909 9910 9245)
4(9874 9875 9910 9909)
4(9211 9246 9911 9876)
4(9245 9910 9911 9246)
4(9875 9876 9911 9910)
4(9212 9247 9912 9877)
4(9246 9911 9912 9247)
4(9876 9877 9912 9911)
4(9213 9248 9913 9878)
4(9247 9912 9913 9248)
4(9877 9878 9913 9912)
4(9214 9249 9914 9879)
4(9248 9913 9914 9249)
4(9878 9879 9914 9913)
4(9215 9250 9915 9880)
4(9249 9914 9915 9250)
4(9879 9880 9915 9914)
4(9216 9251 9916 9881)
4(9250 9915 9916 9251)
4(9880 9881 9916 9915)
4(9217 9252 9917 9882)
4(9251 9916 9917 9252)
4(9881 9882 9917 9916)
4(9218 9253 9918 9883)
4(9252 9917 9918 9253)
4(9882 9883 9918 9917)
4(9219 9254 9919 9884)
4(9253 9918 9919 9254)
4(9883 9884 9919 9918)
4(9220 9255 9920 9885)
4(9254 9919 9920 9255)
4(9884 9885 9920 9919)
4(9221 9256 9921 9886)
4(9255 9920 9921 9256)
4(9885 9886 9921 9920)
4(9222 9257 9922 9887)
4(9256 9921 9922 9257)
4(9886 9887 9922 9921)
4(9223 9258 9923 9888)
4(9257 9922 9923 9258)
4(9887 9888 9923 9922)
4(9224 9259 9924 9889)
4(9258 9923 9924 9259)
4(9888 9889 9924 9923)
4(9225 9260 9925 9890)
4(9259 9924 9925 9260)
4(9889 9890 9925 9924)
4(9226 9261 9926 9891)
4(9260 9925 9926 9261)
4(9890 9891 9926 9925)
4(9227 9262 9927 9892)
4(9261 9926 9927 9262)
4(9891 9892 9927 9926)
4(9228 9263 9928 9893)
4(9262 9927 9928 9263)
4(9892 9893 9928 9927)
4(9229 9264 9929 9894)
4(9263 9928 9929 9264)
4(9893 9894 9929 9928)
4(9230 9265 9930 9895)
4(9264 9929 9930 9265)
4(9894 9895 9930 9929)
4(9231 9266 9931 9896)
4(9265 9930 9931 9266)
4(9895 9896 9931 9930)
4(9232 9267 9932 9897)
4(9266 9931 9932 9267)
4(9896 9897 9932 9931)
4(9233 9268 9933 9898)
4(9267 9932 9933 9268)
4(9897 9898 9933 9932)
4(9234 9269 9934 9899)
4(9268 9933 9934 9269)
4(9898 9899 9934 9933)
4(9235 9270 9935 9900)
4(9269 9934 9935 9270)
4(9899 9900 9935 9934)
4(9236 9271 9936 9901)
4(9270 9935 9936 9271)
4(9900 9901 9936 9935)
4(9237 9272 9937 9902)
4(9271 9936 9937 9272)
4(9901 9902 9937 9936)
4(9238 9273 9938 9903)
4(9272 9937 9938 9273)
4(9902 9903 9938 9937)
4(9273 9938 9939 9274)
4(9903 9904 9939 9938)
4(9241 9276 9941 9906)
4(9905 9906 9941 9940)
4(9242 9277 9942 9907)
4(9906 9907 9942 9941)
4(9243 9278 9943 9908)
4(9907 9908 9943 9942)
4(9244 9279 9944 9909)
4(9908 9909 9944 9943)
4(9245 9280 9945 9910)
4(9909 9910 9945 9944)
4(9246 9281 9946 9911)
4(9910 9911 9946 9945)
4(9247 9282 9947 9912)
4(9911 9912 9947 9946)
4(9248 9283 9948 9913)
4(9912 9913 9948 9947)
4(9249 9284 9949 9914)
4(9913 9914 9949 9948)
4(9250 9285 9950 9915)
4(9914 9915 9950 9949)
4(9251 9286 9951 9916)
4(9915 9916 9951 9950)
4(9252 9287 9952 9917)
4(9916 9917 9952 9951)
4(9253 9288 9953 9918)
4(9917 9918 9953 9952)
4(9254 9289 9954 9919)
4(9918 9919 9954 9953)
4(9255 9290 9955 9920)
4(9919 9920 9955 9954)
4(9256 9291 9956 9921)
4(9920 9921 9956 9955)
4(9257 9292 9957 9922)
4(9921 9922 9957 9956)
4(9258 9293 9958 9923)
4(9922 9923 9958 9957)
4(9259 9294 9959 9924)
4(9923 9924 9959 9958)
4(9260 9295 9960 9925)
4(9924 9925 9960 9959)
4(9261 9296 9961 9926)
4(9925 9926 9961 9960)
4(9262 9297 9962 9927)
4(9926 9927 9962 9961)
4(9263 9298 9963 9928)
4(9927 9928 9963 9962)
4(9264 9299 9964 9929)
4(9928 9929 9964 9963)
4(9265 9300 9965 9930)
4(9929 9930 9965 9964)
4(9266 9301 9966 9931)
4(9930 9931 9966 9965)
4(9267 9302 9967 9932)
4(9931 9932 9967 9966)
4(9268 9303 9968 9933)
4(9932 9933 9968 9967)
4(9269 9304 9969 9934)
4(9933 9934 9969 9968)
4(9270 9305 9970 9935)
4(9934 9935 9970 9969)
4(9271 9306 9971 9936)
4(9935 9936 9971 9970)
4(9272 9307 9972 9937)
4(9936 9937 9972 9971)
4(9273 9308 9973 9938)
4(9937 9938 9973 9972)
4(9938 9939 9974 9973)
4(9311 9346 10011 9976)
4(9345 10010 10011 9346)
4(9975 9976 10011 10010)
4(9312 9347 10012 9977)
4(9346 10011 10012 9347)
4(9976 9977 10012 10011)
4(9313 9348 10013 9978)
4(9347 10012 10013 9348)
4(9977 9978 10013 10012)
4(9314 9349 10014 9979)
4(9348 10013 10014 9349)
4(9978 9979 10014 10013)
4(9315 9350 10015 9980)
4(9349 10014 10015 9350)
4(9979 9980 10015 10014)
4(9316 9351 10016 9981)
4(9350 10015 10016 9351)
4(9980 9981 10016 10015)
4(9317 9352 10017 9982)
4(9351 10016 10017 9352)
4(9981 9982 10017 10016)
4(9318 9353 10018 9983)
4(9352 10017 10018 9353)
4(9982 9983 10018 10017)
4(9319 9354 10019 9984)
4(9353 10018 10019 9354)
4(9983 9984 10019 10018)
4(9320 9355 10020 9985)
4(9354 10019 10020 9355)
4(9984 9985 10020 10019)
4(9321 9356 10021 9986)
4(9355 10020 10021 9356)
4(9985 9986 10021 10020)
4(9322 9357 10022 9987)
4(9356 10021 10022 9357)
4(9986 9987 10022 10021)
4(9323 9358 10023 9988)
4(9357 10022 10023 9358)
4(9987 9988 10023 10022)
4(9324 9359 10024 9989)
4(9358 10023 10024 9359)
4(9988 9989 10024 10023)
4(9325 9360 10025 9990)
4(9359 10024 10025 9360)
4(9989 9990 10025 10024)
4(9326 9361 10026 9991)
4(9360 10025 10026 9361)
4(9990 9991 10026 10025)
4(9327 9362 10027 9992)
4(9361 10026 10027 9362)
4(9991 9992 10027 10026)
4(9328 9363 10028 9993)
4(9362 10027 10028 9363)
4(9992 9993 10028 10027)
4(9329 9364 10029 9994)
4(9363 10028 10029 9364)
4(9993 9994 10029 10028)
4(9330 9365 10030 9995)
4(9364 10029 10030 9365)
4(9994 9995 10030 10029)
4(9331 9366 10031 9996)
4(9365 10030 10031 9366)
4(9995 9996 10031 10030)
4(9332 9367 10032 9997)
4(9366 10031 10032 9367)
4(9996 9997 10032 10031)
4(9333 9368 10033 9998)
4(9367 10032 10033 9368)
4(9997 9998 10033 10032)
4(9334 9369 10034 9999)
4(9368 10033 10034 9369)
4(9998 9999 10034 10033)
4(9335 9370 10035 10000)
4(9369 10034 10035 9370)
4(9999 10000 10035 10034)
4(9336 9371 10036 10001)
4(9370 10035 10036 9371)
4(10000 10001 10036 10035)
4(9337 9372 10037 10002)
4(9371 10036 10037 9372)
4(10001 10002 10037 10036)
4(9338 9373 10038 10003)
4(9372 10037 10038 9373)
4(10002 10003 10038 10037)
4(9339 9374 10039 10004)
4(9373 10038 10039 9374)
4(10003 10004 10039 10038)
4(9340 9375 10040 10005)
4(9374 10039 10040 9375)
4(10004 10005 10040 10039)
4(9341 9376 10041 10006)
4(9375 10040 10041 9376)
4(10005 10006 10041 10040)
4(9342 9377 10042 10007)
4(9376 10041 10042 9377)
4(10006 10007 10042 10041)
4(9343 9378 10043 10008)
4(9377 10042 10043 9378)
4(10007 10008 10043 10042)
4(9378 10043 10044 9379)
4(10008 10009 10044 10043)
4(9346 9381 10046 10011)
4(9380 10045 10046 9381)
4(10010 10011 10046 10045)
4(9347 9382 10047 10012)
4(9381 10046 10047 9382)
4(10011 10012 10047 10046)
4(9348 9383 10048 10013)
4(9382 10047 10048 9383)
4(10012 10013 10048 10047)
4(9349 9384 10049 10014)
4(9383 10048 10049 9384)
4(10013 10014 10049 10048)
4(9350 9385 10050 10015)
4(9384 10049 10050 9385)
4(10014 10015 10050 10049)
4(9351 9386 10051 10016)
4(9385 10050 10051 9386)
4(10015 10016 10051 10050)
4(9352 9387 10052 10017)
4(9386 10051 10052 9387)
4(10016 10017 10052 10051)
4(9353 9388 10053 10018)
4(9387 10052 10053 9388)
4(10017 10018 10053 10052)
4(9354 9389 10054 10019)
4(9388 10053 10054 9389)
4(10018 10019 10054 10053)
4(9355 9390 10055 10020)
4(9389 10054 10055 9390)
4(10019 10020 10055 10054)
4(9356 9391 10056 10021)
4(9390 10055 10056 9391)
4(10020 10021 10056 10055)
4(9357 9392 10057 10022)
4(9391 10056 10057 9392)
4(10021 10022 10057 10056)
4(9358 9393 10058 10023)
4(9392 10057 10058 9393)
4(10022 10023 10058 10057)
4(9359 9394 10059 10024)
4(9393 10058 10059 9394)
4(10023 10024 10059 10058)
4(9360 9395 10060 10025)
4(9394 10059 10060 9395)
4(10024 10025 10060 10059)
4(9361 9396 10061 10026)
4(9395 10060 10061 9396)
4(10025 10026 10061 10060)
4(9362 9397 10062 10027)
4(9396 10061 10062 9397)
4(10026 10027 10062 10061)
4(9363 9398 10063 10028)
4(9397 10062 10063 9398)
4(10027 10028 10063 10062)
4(9364 9399 10064 10029)
4(9398 10063 10064 9399)
4(10028 10029 10064 10063)
4(9365 9400 10065 10030)
4(9399 10064 10065 9400)
4(10029 10030 10065 10064)
4(9366 9401 10066 10031)
4(9400 10065 10066 9401)
4(10030 10031 10066 10065)
4(9367 9402 10067 10032)
4(9401 10066 10067 9402)
4(10031 10032 10067 10066)
4(9368 9403 10068 10033)
4(9402 10067 10068 9403)
4(10032 10033 10068 10067)
4(9369 9404 10069 10034)
4(9403 10068 10069 9404)
4(10033 10034 10069 10068)
4(9370 9405 10070 10035)
4(9404 10069 10070 9405)
4(10034 10035 10070 10069)
4(9371 9406 10071 10036)
4(9405 10070 10071 9406)
4(10035 10036 10071 10070)
4(9372 9407 10072 10037)
4(9406 10071 10072 9407)
4(10036 10037 10072 10071)
4(9373 9408 10073 10038)
4(9407 10072 10073 9408)
4(10037 10038 10073 10072)
4(9374 9409 10074 10039)
4(9408 10073 10074 9409)
4(10038 10039 10074 10073)
4(9375 9410 10075 10040)
4(9409 10074 10075 9410)
4(10039 10040 10075 10074)
4(9376 9411 10076 10041)
4(9410 10075 10076 9411)
4(10040 10041 10076 10075)
4(9377 9412 10077 10042)
4(9411 10076 10077 9412)
4(10041 10042 10077 10076)
4(9378 9413 10078 10043)
4(9412 10077 10078 9413)
4(10042 10043 10078 10077)
4(9413 10078 10079 9414)
4(10043 10044 10079 10078)
4(9381 9416 10081 10046)
4(9415 10080 10081 9416)
4(10045 10046 10081 10080)
4(9382 9417 10082 10047)
4(9416 10081 10082 9417)
4(10046 10047 10082 10081)
4(9383 9418 10083 10048)
4(9417 10082 10083 9418)
4(10047 10048 10083 10082)
4(9384 9419 10084 10049)
4(9418 10083 10084 9419)
4(10048 10049 10084 10083)
4(9385 9420 10085 10050)
4(9419 10084 10085 9420)
4(10049 10050 10085 10084)
4(9386 9421 10086 10051)
4(9420 10085 10086 9421)
4(10050 10051 10086 10085)
4(9387 9422 10087 10052)
4(9421 10086 10087 9422)
4(10051 10052 10087 10086)
4(9388 9423 10088 10053)
4(9422 10087 10088 9423)
4(10052 10053 10088 10087)
4(9389 9424 10089 10054)
4(9423 10088 10089 9424)
4(10053 10054 10089 10088)
4(9390 9425 10090 10055)
4(9424 10089 10090 9425)
4(10054 10055 10090 10089)
4(9391 9426 10091 10056)
4(9425 10090 10091 9426)
4(10055 10056 10091 10090)
4(9392 9427 10092 10057)
4(9426 10091 10092 9427)
4(10056 10057 10092 10091)
4(9393 9428 10093 10058)
4(9427 10092 10093 9428)
4(10057 10058 10093 10092)
4(9394 9429 10094 10059)
4(9428 10093 10094 9429)
4(10058 10059 10094 10093)
4(9395 9430 10095 10060)
4(9429 10094 10095 9430)
4(10059 10060 10095 10094)
4(9396 9431 10096 10061)
4(9430 10095 10096 9431)
4(10060 10061 10096 10095)
4(9397 9432 10097 10062)
4(9431 10096 10097 9432)
4(10061 10062 10097 10096)
4(9398 9433 10098 10063)
4(9432 10097 10098 9433)
4(10062 10063 10098 10097)
4(9399 9434 10099 10064)
4(9433 10098 10099 9434)
4(10063 10064 10099 10098)
4(9400 9435 10100 10065)
4(9434 10099 10100 9435)
4(10064 10065 10100 10099)
4(9401 9436 10101 10066)
4(9435 10100 10101 9436)
4(10065 10066 10101 10100)
4(9402 9437 10102 10067)
4(9436 10101 10102 9437)
4(10066 10067 10102 10101)
4(9403 9438 10103 10068)
4(9437 10102 10103 9438)
4(10067 10068 10103 10102)
4(9404 9439 10104 10069)
4(9438 10103 10104 9439)
4(10068 10069 10104 10103)
4(9405 9440 10105 10070)
4(9439 10104 10105 9440)
4(10069 10070 10105 10104)
4(9406 9441 10106 10071)
4(9440 10105 10106 9441)
4(10070 10071 10106 10105)
4(9407 9442 10107 10072)
4(9441 10106 10107 9442)
4(10071 10072 10107 10106)
4(9408 9443 10108 10073)
4(9442 10107 10108 9443)
4(10072 10073 10108 10107)
4(9409 9444 10109 10074)
4(9443 10108 10109 9444)
4(10073 10074 10109 10108)
4(9410 9445 10110 10075)
4(9444 10109 10110 9445)
4(10074 10075 10110 10109)
4(9411 9446 10111 10076)
4(9445 10110 10111 9446)
4(10075 10076 10111 10110)
4(9412 9447 10112 10077)
4(9446 10111 10112 9447)
4(10076 10077 10112 10111)
4(9413 9448 10113 10078)
4(9447 10112 10113 9448)
4(10077 10078 10113 10112)
4(9448 10113 10114 9449)
4(10078 10079 10114 10113)
4(9416 9451 10116 10081)
4(9450 10115 10116 9451)
4(10080 10081 10116 10115)
4(9417 9452 10117 10082)
4(9451 10116 10117 9452)
4(10081 10082 10117 10116)
4(9418 9453 10118 10083)
4(9452 10117 10118 9453)
4(10082 10083 10118 10117)
4(9419 9454 10119 10084)
4(9453 10118 10119 9454)
4(10083 10084 10119 10118)
4(9420 9455 10120 10085)
4(9454 10119 10120 9455)
4(10084 10085 10120 10119)
4(9421 9456 10121 10086)
4(9455 10120 10121 9456)
4(10085 10086 10121 10120)
4(9422 9457 10122 10087)
4(9456 10121 10122 9457)
4(10086 10087 10122 10121)
4(9423 9458 10123 10088)
4(9457 10122 10123 9458)
4(10087 10088 10123 10122)
4(9424 9459 10124 10089)
4(9458 10123 10124 9459)
4(10088 10089 10124 10123)
4(9425 9460 10125 10090)
4(9459 10124 10125 9460)
4(10089 10090 10125 10124)
4(9426 9461 10126 10091)
4(9460 10125 10126 9461)
4(10090 10091 10126 10125)
4(9427 9462 10127 10092)
4(9461 10126 10127 9462)
4(10091 10092 10127 10126)
4(9428 9463 10128 10093)
4(9462 10127 10128 9463)
4(10092 10093 10128 10127)
4(9429 9464 10129 10094)
4(9463 10128 10129 9464)
4(10093 10094 10129 10128)
4(9430 9465 10130 10095)
4(9464 10129 10130 9465)
4(10094 10095 10130 10129)
4(9431 9466 10131 10096)
4(9465 10130 10131 9466)
4(10095 10096 10131 10130)
4(9432 9467 10132 10097)
4(9466 10131 10132 9467)
4(10096 10097 10132 10131)
4(9433 9468 10133 10098)
4(9467 10132 10133 9468)
4(10097 10098 10133 10132)
4(9434 9469 10134 10099)
4(9468 10133 10134 9469)
4(10098 10099 10134 10133)
4(9435 9470 10135 10100)
4(9469 10134 10135 9470)
4(10099 10100 10135 10134)
4(9436 9471 10136 10101)
4(9470 10135 10136 9471)
4(10100 10101 10136 10135)
4(9437 9472 10137 10102)
4(9471 10136 10137 9472)
4(10101 10102 10137 10136)
4(9438 9473 10138 10103)
4(9472 10137 10138 9473)
4(10102 10103 10138 10137)
4(9439 9474 10139 10104)
4(9473 10138 10139 9474)
4(10103 10104 10139 10138)
4(9440 9475 10140 10105)
4(9474 10139 10140 9475)
4(10104 10105 10140 10139)
4(9441 9476 10141 10106)
4(9475 10140 10141 9476)
4(10105 10106 10141 10140)
4(9442 9477 10142 10107)
4(9476 10141 10142 9477)
4(10106 10107 10142 10141)
4(9443 9478 10143 10108)
4(9477 10142 10143 9478)
4(10107 10108 10143 10142)
4(9444 9479 10144 10109)
4(9478 10143 10144 9479)
4(10108 10109 10144 10143)
4(9445 9480 10145 10110)
4(9479 10144 10145 9480)
4(10109 10110 10145 10144)
4(9446 9481 10146 10111)
4(9480 10145 10146 9481)
4(10110 10111 10146 10145)
4(9447 9482 10147 10112)
4(9481 10146 10147 9482)
4(10111 10112 10147 10146)
4(9448 9483 10148 10113)
4(9482 10147 10148 9483)
4(10112 10113 10148 10147)
4(9483 10148 10149 9484)
4(10113 10114 10149 10148)
4(9451 9486 10151 10116)
4(9485 10150 10151 9486)
4(10115 10116 10151 10150)
4(9452 9487 10152 10117)
4(9486 10151 10152 9487)
4(10116 10117 10152 10151)
4(9453 9488 10153 10118)
4(9487 10152 10153 9488)
4(10117 10118 10153 10152)
4(9454 9489 10154 10119)
4(9488 10153 10154 9489)
4(10118 10119 10154 10153)
4(9455 9490 10155 10120)
4(9489 10154 10155 9490)
4(10119 10120 10155 10154)
4(9456 9491 10156 10121)
4(9490 10155 10156 9491)
4(10120 10121 10156 10155)
4(9457 9492 10157 10122)
4(9491 10156 10157 9492)
4(10121 10122 10157 10156)
4(9458 9493 10158 10123)
4(9492 10157 10158 9493)
4(10122 10123 10158 10157)
4(9459 9494 10159 10124)
4(9493 10158 10159 9494)
4(10123 10124 10159 10158)
4(9460 9495 10160 10125)
4(9494 10159 10160 9495)
4(10124 10125 10160 10159)
4(9461 9496 10161 10126)
4(9495 10160 10161 9496)
4(10125 10126 10161 10160)
4(9462 9497 10162 10127)
4(9496 10161 10162 9497)
4(10126 10127 10162 10161)
4(9463 9498 10163 10128)
4(9497 10162 10163 9498)
4(10127 10128 10163 10162)
4(9464 9499 10164 10129)
4(9498 10163 10164 9499)
4(10128 10129 10164 10163)
4(9465 9500 10165 10130)
4(9499 10164 10165 9500)
4(10129 10130 10165 10164)
4(9466 9501 10166 10131)
4(9500 10165 10166 9501)
4(10130 10131 10166 10165)
4(9467 9502 10167 10132)
4(9501 10166 10167 9502)
4(10131 10132 10167 10166)
4(9468 9503 10168 10133)
4(9502 10167 10168 9503)
4(10132 10133 10168 10167)
4(9469 9504 10169 10134)
4(9503 10168 10169 9504)
4(10133 10134 10169 10168)
4(9470 9505 10170 10135)
4(9504 10169 10170 9505)
4(10134 10135 10170 10169)
4(9471 9506 10171 10136)
4(9505 10170 10171 9506)
4(10135 10136 10171 10170)
4(9472 9507 10172 10137)
4(9506 10171 10172 9507)
4(10136 10137 10172 10171)
4(9473 9508 10173 10138)
4(9507 10172 10173 9508)
4(10137 10138 10173 10172)
4(9474 9509 10174 10139)
4(9508 10173 10174 9509)
4(10138 10139 10174 10173)
4(9475 9510 10175 10140)
4(9509 10174 10175 9510)
4(10139 10140 10175 10174)
4(9476 9511 10176 10141)
4(9510 10175 10176 9511)
4(10140 10141 10176 10175)
4(9477 9512 10177 10142)
4(9511 10176 10177 9512)
4(10141 10142 10177 10176)
4(9478 9513 10178 10143)
4(9512 10177 10178 9513)
4(10142 10143 10178 10177)
4(9479 9514 10179 10144)
4(9513 10178 10179 9514)
4(10143 10144 10179 10178)
4(9480 9515 10180 10145)
4(9514 10179 10180 9515)
4(10144 10145 10180 10179)
4(9481 9516 10181 10146)
4(9515 10180 10181 9516)
4(10145 10146 10181 10180)
4(9482 9517 10182 10147)
4(9516 10181 10182 9517)
4(10146 10147 10182 10181)
4(9483 9518 10183 10148)
4(9517 10182 10183 9518)
4(10147 10148 10183 10182)
4(9518 10183 10184 9519)
4(10148 10149 10184 10183)
4(9486 9521 10186 10151)
4(9520 10185 10186 9521)
4(10150 10151 10186 10185)
4(9487 9522 10187 10152)
4(9521 10186 10187 9522)
4(10151 10152 10187 10186)
4(9488 9523 10188 10153)
4(9522 10187 10188 9523)
4(10152 10153 10188 10187)
4(9489 9524 10189 10154)
4(9523 10188 10189 9524)
4(10153 10154 10189 10188)
4(9490 9525 10190 10155)
4(9524 10189 10190 9525)
4(10154 10155 10190 10189)
4(9491 9526 10191 10156)
4(9525 10190 10191 9526)
4(10155 10156 10191 10190)
4(9492 9527 10192 10157)
4(9526 10191 10192 9527)
4(10156 10157 10192 10191)
4(9493 9528 10193 10158)
4(9527 10192 10193 9528)
4(10157 10158 10193 10192)
4(9494 9529 10194 10159)
4(9528 10193 10194 9529)
4(10158 10159 10194 10193)
4(9495 9530 10195 10160)
4(9529 10194 10195 9530)
4(10159 10160 10195 10194)
4(9496 9531 10196 10161)
4(9530 10195 10196 9531)
4(10160 10161 10196 10195)
4(9497 9532 10197 10162)
4(9531 10196 10197 9532)
4(10161 10162 10197 10196)
4(9498 9533 10198 10163)
4(9532 10197 10198 9533)
4(10162 10163 10198 10197)
4(9499 9534 10199 10164)
4(9533 10198 10199 9534)
4(10163 10164 10199 10198)
4(9500 9535 10200 10165)
4(9534 10199 10200 9535)
4(10164 10165 10200 10199)
4(9501 9536 10201 10166)
4(9535 10200 10201 9536)
4(10165 10166 10201 10200)
4(9502 9537 10202 10167)
4(9536 10201 10202 9537)
4(10166 10167 10202 10201)
4(9503 9538 10203 10168)
4(9537 10202 10203 9538)
4(10167 10168 10203 10202)
4(9504 9539 10204 10169)
4(9538 10203 10204 9539)
4(10168 10169 10204 10203)
4(9505 9540 10205 10170)
4(9539 10204 10205 9540)
4(10169 10170 10205 10204)
4(9506 9541 10206 10171)
4(9540 10205 10206 9541)
4(10170 10171 10206 10205)
4(9507 9542 10207 10172)
4(9541 10206 10207 9542)
4(10171 10172 10207 10206)
4(9508 9543 10208 10173)
4(9542 10207 10208 9543)
4(10172 10173 10208 10207)
4(9509 9544 10209 10174)
4(9543 10208 10209 9544)
4(10173 10174 10209 10208)
4(9510 9545 10210 10175)
4(9544 10209 10210 9545)
4(10174 10175 10210 10209)
4(9511 9546 10211 10176)
4(9545 10210 10211 9546)
4(10175 10176 10211 10210)
4(9512 9547 10212 10177)
4(9546 10211 10212 9547)
4(10176 10177 10212 10211)
4(9513 9548 10213 10178)
4(9547 10212 10213 9548)
4(10177 10178 10213 10212)
4(9514 9549 10214 10179)
4(9548 10213 10214 9549)
4(10178 10179 10214 10213)
4(9515 9550 10215 10180)
4(9549 10214 10215 9550)
4(10179 10180 10215 10214)
4(9516 9551 10216 10181)
4(9550 10215 10216 9551)
4(10180 10181 10216 10215)
4(9517 9552 10217 10182)
4(9551 10216 10217 9552)
4(10181 10182 10217 10216)
4(9518 9553 10218 10183)
4(9552 10217 10218 9553)
4(10182 10183 10218 10217)
4(9553 10218 10219 9554)
4(10183 10184 10219 10218)
4(9521 9556 10221 10186)
4(9555 10220 10221 9556)
4(10185 10186 10221 10220)
4(9522 9557 10222 10187)
4(9556 10221 10222 9557)
4(10186 10187 10222 10221)
4(9523 9558 10223 10188)
4(9557 10222 10223 9558)
4(10187 10188 10223 10222)
4(9524 9559 10224 10189)
4(9558 10223 10224 9559)
4(10188 10189 10224 10223)
4(9525 9560 10225 10190)
4(9559 10224 10225 9560)
4(10189 10190 10225 10224)
4(9526 9561 10226 10191)
4(9560 10225 10226 9561)
4(10190 10191 10226 10225)
4(9527 9562 10227 10192)
4(9561 10226 10227 9562)
4(10191 10192 10227 10226)
4(9528 9563 10228 10193)
4(9562 10227 10228 9563)
4(10192 10193 10228 10227)
4(9529 9564 10229 10194)
4(9563 10228 10229 9564)
4(10193 10194 10229 10228)
4(9530 9565 10230 10195)
4(9564 10229 10230 9565)
4(10194 10195 10230 10229)
4(9531 9566 10231 10196)
4(9565 10230 10231 9566)
4(10195 10196 10231 10230)
4(9532 9567 10232 10197)
4(9566 10231 10232 9567)
4(10196 10197 10232 10231)
4(9533 9568 10233 10198)
4(9567 10232 10233 9568)
4(10197 10198 10233 10232)
4(9534 9569 10234 10199)
4(9568 10233 10234 9569)
4(10198 10199 10234 10233)
4(9535 9570 10235 10200)
4(9569 10234 10235 9570)
4(10199 10200 10235 10234)
4(9536 9571 10236 10201)
4(9570 10235 10236 9571)
4(10200 10201 10236 10235)
4(9537 9572 10237 10202)
4(9571 10236 10237 9572)
4(10201 10202 10237 10236)
4(9538 9573 10238 10203)
4(9572 10237 10238 9573)
4(10202 10203 10238 10237)
4(9539 9574 10239 10204)
4(9573 10238 10239 9574)
4(10203 10204 10239 10238)
4(9540 9575 10240 10205)
4(9574 10239 10240 9575)
4(10204 10205 10240 10239)
4(9541 9576 10241 10206)
4(9575 10240 10241 9576)
4(10205 10206 10241 10240)
4(9542 9577 10242 10207)
4(9576 10241 10242 9577)
4(10206 10207 10242 10241)
4(9543 9578 10243 10208)
4(9577 10242 10243 9578)
4(10207 10208 10243 10242)
4(9544 9579 10244 10209)
4(9578 10243 10244 9579)
4(10208 10209 10244 10243)
4(9545 9580 10245 10210)
4(9579 10244 10245 9580)
4(10209 10210 10245 10244)
4(9546 9581 10246 10211)
4(9580 10245 10246 9581)
4(10210 10211 10246 10245)
4(9547 9582 10247 10212)
4(9581 10246 10247 9582)
4(10211 10212 10247 10246)
4(9548 9583 10248 10213)
4(9582 10247 10248 9583)
4(10212 10213 10248 10247)
4(9549 9584 10249 10214)
4(9583 10248 10249 9584)
4(10213 10214 10249 10248)
4(9550 9585 10250 10215)
4(9584 10249 10250 9585)
4(10214 10215 10250 10249)
4(9551 9586 10251 10216)
4(9585 10250 10251 9586)
4(10215 10216 10251 10250)
4(9552 9587 10252 10217)
4(9586 10251 10252 9587)
4(10216 10217 10252 10251)
4(9553 9588 10253 10218)
4(9587 10252 10253 9588)
4(10217 10218 10253 10252)
4(9588 10253 10254 9589)
4(10218 10219 10254 10253)
4(9556 9591 10256 10221)
4(9590 10255 10256 9591)
4(10220 10221 10256 10255)
4(9557 9592 10257 10222)
4(9591 10256 10257 9592)
4(10221 10222 10257 10256)
4(9558 9593 10258 10223)
4(9592 10257 10258 9593)
4(10222 10223 10258 10257)
4(9559 9594 10259 10224)
4(9593 10258 10259 9594)
4(10223 10224 10259 10258)
4(9560 9595 10260 10225)
4(9594 10259 10260 9595)
4(10224 10225 10260 10259)
4(9561 9596 10261 10226)
4(9595 10260 10261 9596)
4(10225 10226 10261 10260)
4(9562 9597 10262 10227)
4(9596 10261 10262 9597)
4(10226 10227 10262 10261)
4(9563 9598 10263 10228)
4(9597 10262 10263 9598)
4(10227 10228 10263 10262)
4(9564 9599 10264 10229)
4(9598 10263 10264 9599)
4(10228 10229 10264 10263)
4(9565 9600 10265 10230)
4(9599 10264 10265 9600)
4(10229 10230 10265 10264)
4(9566 9601 10266 10231)
4(9600 10265 10266 9601)
4(10230 10231 10266 10265)
4(9567 9602 10267 10232)
4(9601 10266 10267 9602)
4(10231 10232 10267 10266)
4(9568 9603 10268 10233)
4(9602 10267 10268 9603)
4(10232 10233 10268 10267)
4(9569 9604 10269 10234)
4(9603 10268 10269 9604)
4(10233 10234 10269 10268)
4(9570 9605 10270 10235)
4(9604 10269 10270 9605)
4(10234 10235 10270 10269)
4(9571 9606 10271 10236)
4(9605 10270 10271 9606)
4(10235 10236 10271 10270)
4(9572 9607 10272 10237)
4(9606 10271 10272 9607)
4(10236 10237 10272 10271)
4(9573 9608 10273 10238)
4(9607 10272 10273 9608)
4(10237 10238 10273 10272)
4(9574 9609 10274 10239)
4(9608 10273 10274 9609)
4(10238 10239 10274 10273)
4(9575 9610 10275 10240)
4(9609 10274 10275 9610)
4(10239 10240 10275 10274)
4(9576 9611 10276 10241)
4(9610 10275 10276 9611)
4(10240 10241 10276 10275)
4(9577 9612 10277 10242)
4(9611 10276 10277 9612)
4(10241 10242 10277 10276)
4(9578 9613 10278 10243)
4(9612 10277 10278 9613)
4(10242 10243 10278 10277)
4(9579 9614 10279 10244)
4(9613 10278 10279 9614)
4(10243 10244 10279 10278)
4(9580 9615 10280 10245)
4(9614 10279 10280 9615)
4(10244 10245 10280 10279)
4(9581 9616 10281 10246)
4(9615 10280 10281 9616)
4(10245 10246 10281 10280)
4(9582 9617 10282 10247)
4(9616 10281 10282 9617)
4(10246 10247 10282 10281)
4(9583 9618 10283 10248)
4(9617 10282 10283 9618)
4(10247 10248 10283 10282)
4(9584 9619 10284 10249)
4(9618 10283 10284 9619)
4(10248 10249 10284 10283)
4(9585 9620 10285 10250)
4(9619 10284 10285 9620)
4(10249 10250 10285 10284)
4(9586 9621 10286 10251)
4(9620 10285 10286 9621)
4(10250 10251 10286 10285)
4(9587 9622 10287 10252)
4(9621 10286 10287 9622)
4(10251 10252 10287 10286)
4(9588 9623 10288 10253)
4(9622 10287 10288 9623)
4(10252 10253 10288 10287)
4(9623 10288 10289 9624)
4(10253 10254 10289 10288)
4(9591 9626 10291 10256)
4(9625 10290 10291 9626)
4(10255 10256 10291 10290)
4(9592 9627 10292 10257)
4(9626 10291 10292 9627)
4(10256 10257 10292 10291)
4(9593 9628 10293 10258)
4(9627 10292 10293 9628)
4(10257 10258 10293 10292)
4(9594 9629 10294 10259)
4(9628 10293 10294 9629)
4(10258 10259 10294 10293)
4(9595 9630 10295 10260)
4(9629 10294 10295 9630)
4(10259 10260 10295 10294)
4(9596 9631 10296 10261)
4(9630 10295 10296 9631)
4(10260 10261 10296 10295)
4(9597 9632 10297 10262)
4(9631 10296 10297 9632)
4(10261 10262 10297 10296)
4(9598 9633 10298 10263)
4(9632 10297 10298 9633)
4(10262 10263 10298 10297)
4(9599 9634 10299 10264)
4(9633 10298 10299 9634)
4(10263 10264 10299 10298)
4(9600 9635 10300 10265)
4(9634 10299 10300 9635)
4(10264 10265 10300 10299)
4(9601 9636 10301 10266)
4(9635 10300 10301 9636)
4(10265 10266 10301 10300)
4(9602 9637 10302 10267)
4(9636 10301 10302 9637)
4(10266 10267 10302 10301)
4(9603 9638 10303 10268)
4(9637 10302 10303 9638)
4(10267 10268 10303 10302)
4(9604 9639 10304 10269)
4(9638 10303 10304 9639)
4(10268 10269 10304 10303)
4(9605 9640 10305 10270)
4(9639 10304 10305 9640)
4(10269 10270 10305 10304)
4(9606 9641 10306 10271)
4(9640 10305 10306 9641)
4(10270 10271 10306 10305)
4(9607 9642 10307 10272)
4(9641 10306 10307 9642)
4(10271 10272 10307 10306)
4(9608 9643 10308 10273)
4(9642 10307 10308 9643)
4(10272 10273 10308 10307)
4(9609 9644 10309 10274)
4(9643 10308 10309 9644)
4(10273 10274 10309 10308)
4(9610 9645 10310 10275)
4(9644 10309 10310 9645)
4(10274 10275 10310 10309)
4(9611 9646 10311 10276)
4(9645 10310 10311 9646)
4(10275 10276 10311 10310)
4(9612 9647 10312 10277)
4(9646 10311 10312 9647)
4(10276 10277 10312 10311)
4(9613 9648 10313 10278)
4(9647 10312 10313 9648)
4(10277 10278 10313 10312)
4(9614 9649 10314 10279)
4(9648 10313 10314 9649)
4(10278 10279 10314 10313)
4(9615 9650 10315 10280)
4(9649 10314 10315 9650)
4(10279 10280 10315 10314)
4(9616 9651 10316 10281)
4(9650 10315 10316 9651)
4(10280 10281 10316 10315)
4(9617 9652 10317 10282)
4(9651 10316 10317 9652)
4(10281 10282 10317 10316)
4(9618 9653 10318 10283)
4(9652 10317 10318 9653)
4(10282 10283 10318 10317)
4(9619 9654 10319 10284)
4(9653 10318 10319 9654)
4(10283 10284 10319 10318)
4(9620 9655 10320 10285)
4(9654 10319 10320 9655)
4(10284 10285 10320 10319)
4(9621 9656 10321 10286)
4(9655 10320 10321 9656)
4(10285 10286 10321 10320)
4(9622 9657 10322 10287)
4(9656 10321 10322 9657)
4(10286 10287 10322 10321)
4(9623 9658 10323 10288)
4(9657 10322 10323 9658)
4(10287 10288 10323 10322)
4(9658 10323 10324 9659)
4(10288 10289 10324 10323)
4(9626 9661 10326 10291)
4(9660 10325 10326 9661)
4(10290 10291 10326 10325)
4(9627 9662 10327 10292)
4(9661 10326 10327 9662)
4(10291 10292 10327 10326)
4(9628 9663 10328 10293)
4(9662 10327 10328 9663)
4(10292 10293 10328 10327)
4(9629 9664 10329 10294)
4(9663 10328 10329 9664)
4(10293 10294 10329 10328)
4(9630 9665 10330 10295)
4(9664 10329 10330 9665)
4(10294 10295 10330 10329)
4(9631 9666 10331 10296)
4(9665 10330 10331 9666)
4(10295 10296 10331 10330)
4(9632 9667 10332 10297)
4(9666 10331 10332 9667)
4(10296 10297 10332 10331)
4(9633 9668 10333 10298)
4(9667 10332 10333 9668)
4(10297 10298 10333 10332)
4(9634 9669 10334 10299)
4(9668 10333 10334 9669)
4(10298 10299 10334 10333)
4(9635 9670 10335 10300)
4(9669 10334 10335 9670)
4(10299 10300 10335 10334)
4(9636 9671 10336 10301)
4(9670 10335 10336 9671)
4(10300 10301 10336 10335)
4(9637 9672 10337 10302)
4(9671 10336 10337 9672)
4(10301 10302 10337 10336)
4(9638 9673 10338 10303)
4(9672 10337 10338 9673)
4(10302 10303 10338 10337)
4(9639 9674 10339 10304)
4(9673 10338 10339 9674)
4(10303 10304 10339 10338)
4(9640 9675 10340 10305)
4(9674 10339 10340 9675)
4(10304 10305 10340 10339)
4(9641 9676 10341 10306)
4(9675 10340 10341 9676)
4(10305 10306 10341 10340)
4(9642 9677 10342 10307)
4(9676 10341 10342 9677)
4(10306 10307 10342 10341)
4(9643 9678 10343 10308)
4(9677 10342 10343 9678)
4(10307 10308 10343 10342)
4(9644 9679 10344 10309)
4(9678 10343 10344 9679)
4(10308 10309 10344 10343)
4(9645 9680 10345 10310)
4(9679 10344 10345 9680)
4(10309 10310 10345 10344)
4(9646 9681 10346 10311)
4(9680 10345 10346 9681)
4(10310 10311 10346 10345)
4(9647 9682 10347 10312)
4(9681 10346 10347 9682)
4(10311 10312 10347 10346)
4(9648 9683 10348 10313)
4(9682 10347 10348 9683)
4(10312 10313 10348 10347)
4(9649 9684 10349 10314)
4(9683 10348 10349 9684)
4(10313 10314 10349 10348)
4(9650 9685 10350 10315)
4(9684 10349 10350 9685)
4(10314 10315 10350 10349)
4(9651 9686 10351 10316)
4(9685 10350 10351 9686)
4(10315 10316 10351 10350)
4(9652 9687 10352 10317)
4(9686 10351 10352 9687)
4(10316 10317 10352 10351)
4(9653 9688 10353 10318)
4(9687 10352 10353 9688)
4(10317 10318 10353 10352)
4(9654 9689 10354 10319)
4(9688 10353 10354 9689)
4(10318 10319 10354 10353)
4(9655 9690 10355 10320)
4(9689 10354 10355 9690)
4(10319 10320 10355 10354)
4(9656 9691 10356 10321)
4(9690 10355 10356 9691)
4(10320 10321 10356 10355)
4(9657 9692 10357 10322)
4(9691 10356 10357 9692)
4(10321 10322 10357 10356)
4(9658 9693 10358 10323)
4(9692 10357 10358 9693)
4(10322 10323 10358 10357)
4(9693 10358 10359 9694)
4(10323 10324 10359 10358)
4(9661 9696 10361 10326)
4(9695 10360 10361 9696)
4(10325 10326 10361 10360)
4(9662 9697 10362 10327)
4(9696 10361 10362 9697)
4(10326 10327 10362 10361)
4(9663 9698 10363 10328)
4(9697 10362 10363 9698)
4(10327 10328 10363 10362)
4(9664 9699 10364 10329)
4(9698 10363 10364 9699)
4(10328 10329 10364 10363)
4(9665 9700 10365 10330)
4(9699 10364 10365 9700)
4(10329 10330 10365 10364)
4(9666 9701 10366 10331)
4(9700 10365 10366 9701)
4(10330 10331 10366 10365)
4(9667 9702 10367 10332)
4(9701 10366 10367 9702)
4(10331 10332 10367 10366)
4(9668 9703 10368 10333)
4(9702 10367 10368 9703)
4(10332 10333 10368 10367)
4(9669 9704 10369 10334)
4(9703 10368 10369 9704)
4(10333 10334 10369 10368)
4(9670 9705 10370 10335)
4(9704 10369 10370 9705)
4(10334 10335 10370 10369)
4(9671 9706 10371 10336)
4(9705 10370 10371 9706)
4(10335 10336 10371 10370)
4(9672 9707 10372 10337)
4(9706 10371 10372 9707)
4(10336 10337 10372 10371)
4(9673 9708 10373 10338)
4(9707 10372 10373 9708)
4(10337 10338 10373 10372)
4(9674 9709 10374 10339)
4(9708 10373 10374 9709)
4(10338 10339 10374 10373)
4(9675 9710 10375 10340)
4(9709 10374 10375 9710)
4(10339 10340 10375 10374)
4(9676 9711 10376 10341)
4(9710 10375 10376 9711)
4(10340 10341 10376 10375)
4(9677 9712 10377 10342)
4(9711 10376 10377 9712)
4(10341 10342 10377 10376)
4(9678 9713 10378 10343)
4(9712 10377 10378 9713)
4(10342 10343 10378 10377)
4(9679 9714 10379 10344)
4(9713 10378 10379 9714)
4(10343 10344 10379 10378)
4(9680 9715 10380 10345)
4(9714 10379 10380 9715)
4(10344 10345 10380 10379)
4(9681 9716 10381 10346)
4(9715 10380 10381 9716)
4(10345 10346 10381 10380)
4(9682 9717 10382 10347)
4(9716 10381 10382 9717)
4(10346 10347 10382 10381)
4(9683 9718 10383 10348)
4(9717 10382 10383 9718)
4(10347 10348 10383 10382)
4(9684 9719 10384 10349)
4(9718 10383 10384 9719)
4(10348 10349 10384 10383)
4(9685 9720 10385 10350)
4(9719 10384 10385 9720)
4(10349 10350 10385 10384)
4(9686 9721 10386 10351)
4(9720 10385 10386 9721)
4(10350 10351 10386 10385)
4(9687 9722 10387 10352)
4(9721 10386 10387 9722)
4(10351 10352 10387 10386)
4(9688 9723 10388 10353)
4(9722 10387 10388 9723)
4(10352 10353 10388 10387)
4(9689 9724 10389 10354)
4(9723 10388 10389 9724)
4(10353 10354 10389 10388)
4(9690 9725 10390 10355)
4(9724 10389 10390 9725)
4(10354 10355 10390 10389)
4(9691 9726 10391 10356)
4(9725 10390 10391 9726)
4(10355 10356 10391 10390)
4(9692 9727 10392 10357)
4(9726 10391 10392 9727)
4(10356 10357 10392 10391)
4(9693 9728 10393 10358)
4(9727 10392 10393 9728)
4(10357 10358 10393 10392)
4(9728 10393 10394 9729)
4(10358 10359 10394 10393)
4(9696 9731 10396 10361)
4(9730 10395 10396 9731)
4(10360 10361 10396 10395)
4(9697 9732 10397 10362)
4(9731 10396 10397 9732)
4(10361 10362 10397 10396)
4(9698 9733 10398 10363)
4(9732 10397 10398 9733)
4(10362 10363 10398 10397)
4(9699 9734 10399 10364)
4(9733 10398 10399 9734)
4(10363 10364 10399 10398)
4(9700 9735 10400 10365)
4(9734 10399 10400 9735)
4(10364 10365 10400 10399)
4(9701 9736 10401 10366)
4(9735 10400 10401 9736)
4(10365 10366 10401 10400)
4(9702 9737 10402 10367)
4(9736 10401 10402 9737)
4(10366 10367 10402 10401)
4(9703 9738 10403 10368)
4(9737 10402 10403 9738)
4(10367 10368 10403 10402)
4(9704 9739 10404 10369)
4(9738 10403 10404 9739)
4(10368 10369 10404 10403)
4(9705 9740 10405 10370)
4(9739 10404 10405 9740)
4(10369 10370 10405 10404)
4(9706 9741 10406 10371)
4(9740 10405 10406 9741)
4(10370 10371 10406 10405)
4(9707 9742 10407 10372)
4(9741 10406 10407 9742)
4(10371 10372 10407 10406)
4(9708 9743 10408 10373)
4(9742 10407 10408 9743)
4(10372 10373 10408 10407)
4(9709 9744 10409 10374)
4(9743 10408 10409 9744)
4(10373 10374 10409 10408)
4(9710 9745 10410 10375)
4(9744 10409 10410 9745)
4(10374 10375 10410 10409)
4(9711 9746 10411 10376)
4(9745 10410 10411 9746)
4(10375 10376 10411 10410)
4(9712 9747 10412 10377)
4(9746 10411 10412 9747)
4(10376 10377 10412 10411)
4(9713 9748 10413 10378)
4(9747 10412 10413 9748)
4(10377 10378 10413 10412)
4(9714 9749 10414 10379)
4(9748 10413 10414 9749)
4(10378 10379 10414 10413)
4(9715 9750 10415 10380)
4(9749 10414 10415 9750)
4(10379 10380 10415 10414)
4(9716 9751 10416 10381)
4(9750 10415 10416 9751)
4(10380 10381 10416 10415)
4(9717 9752 10417 10382)
4(9751 10416 10417 9752)
4(10381 10382 10417 10416)
4(9718 9753 10418 10383)
4(9752 10417 10418 9753)
4(10382 10383 10418 10417)
4(9719 9754 10419 10384)
4(9753 10418 10419 9754)
4(10383 10384 10419 10418)
4(9720 9755 10420 10385)
4(9754 10419 10420 9755)
4(10384 10385 10420 10419)
4(9721 9756 10421 10386)
4(9755 10420 10421 9756)
4(10385 10386 10421 10420)
4(9722 9757 10422 10387)
4(9756 10421 10422 9757)
4(10386 10387 10422 10421)
4(9723 9758 10423 10388)
4(9757 10422 10423 9758)
4(10387 10388 10423 10422)
4(9724 9759 10424 10389)
4(9758 10423 10424 9759)
4(10388 10389 10424 10423)
4(9725 9760 10425 10390)
4(9759 10424 10425 9760)
4(10389 10390 10425 10424)
4(9726 9761 10426 10391)
4(9760 10425 10426 9761)
4(10390 10391 10426 10425)
4(9727 9762 10427 10392)
4(9761 10426 10427 9762)
4(10391 10392 10427 10426)
4(9728 9763 10428 10393)
4(9762 10427 10428 9763)
4(10392 10393 10428 10427)
4(9763 10428 10429 9764)
4(10393 10394 10429 10428)
4(9731 9766 10431 10396)
4(9765 10430 10431 9766)
4(10395 10396 10431 10430)
4(9732 9767 10432 10397)
4(9766 10431 10432 9767)
4(10396 10397 10432 10431)
4(9733 9768 10433 10398)
4(9767 10432 10433 9768)
4(10397 10398 10433 10432)
4(9734 9769 10434 10399)
4(9768 10433 10434 9769)
4(10398 10399 10434 10433)
4(9735 9770 10435 10400)
4(9769 10434 10435 9770)
4(10399 10400 10435 10434)
4(9736 9771 10436 10401)
4(9770 10435 10436 9771)
4(10400 10401 10436 10435)
4(9737 9772 10437 10402)
4(9771 10436 10437 9772)
4(10401 10402 10437 10436)
4(9738 9773 10438 10403)
4(9772 10437 10438 9773)
4(10402 10403 10438 10437)
4(9739 9774 10439 10404)
4(9773 10438 10439 9774)
4(10403 10404 10439 10438)
4(9740 9775 10440 10405)
4(9774 10439 10440 9775)
4(10404 10405 10440 10439)
4(9741 9776 10441 10406)
4(9775 10440 10441 9776)
4(10405 10406 10441 10440)
4(9742 9777 10442 10407)
4(9776 10441 10442 9777)
4(10406 10407 10442 10441)
4(9743 9778 10443 10408)
4(9777 10442 10443 9778)
4(10407 10408 10443 10442)
4(9744 9779 10444 10409)
4(9778 10443 10444 9779)
4(10408 10409 10444 10443)
4(9745 9780 10445 10410)
4(9779 10444 10445 9780)
4(10409 10410 10445 10444)
4(9746 9781 10446 10411)
4(9780 10445 10446 9781)
4(10410 10411 10446 10445)
4(9747 9782 10447 10412)
4(9781 10446 10447 9782)
4(10411 10412 10447 10446)
4(9748 9783 10448 10413)
4(9782 10447 10448 9783)
4(10412 10413 10448 10447)
4(9749 9784 10449 10414)
4(9783 10448 10449 9784)
4(10413 10414 10449 10448)
4(9750 9785 10450 10415)
4(9784 10449 10450 9785)
4(10414 10415 10450 10449)
4(9751 9786 10451 10416)
4(9785 10450 10451 9786)
4(10415 10416 10451 10450)
4(9752 9787 10452 10417)
4(9786 10451 10452 9787)
4(10416 10417 10452 10451)
4(9753 9788 10453 10418)
4(9787 10452 10453 9788)
4(10417 10418 10453 10452)
4(9754 9789 10454 10419)
4(9788 10453 10454 9789)
4(10418 10419 10454 10453)
4(9755 9790 10455 10420)
4(9789 10454 10455 9790)
4(10419 10420 10455 10454)
4(9756 9791 10456 10421)
4(9790 10455 10456 9791)
4(10420 10421 10456 10455)
4(9757 9792 10457 10422)
4(9791 10456 10457 9792)
4(10421 10422 10457 10456)
4(9758 9793 10458 10423)
4(9792 10457 10458 9793)
4(10422 10423 10458 10457)
4(9759 9794 10459 10424)
4(9793 10458 10459 9794)
4(10423 10424 10459 10458)
4(9760 9795 10460 10425)
4(9794 10459 10460 9795)
4(10424 10425 10460 10459)
4(9761 9796 10461 10426)
4(9795 10460 10461 9796)
4(10425 10426 10461 10460)
4(9762 9797 10462 10427)
4(9796 10461 10462 9797)
4(10426 10427 10462 10461)
4(9763 9798 10463 10428)
4(9797 10462 10463 9798)
4(10427 10428 10463 10462)
4(9798 10463 10464 9799)
4(10428 10429 10464 10463)
4(9766 9801 10466 10431)
4(9800 10465 10466 9801)
4(10430 10431 10466 10465)
4(9767 9802 10467 10432)
4(9801 10466 10467 9802)
4(10431 10432 10467 10466)
4(9768 9803 10468 10433)
4(9802 10467 10468 9803)
4(10432 10433 10468 10467)
4(9769 9804 10469 10434)
4(9803 10468 10469 9804)
4(10433 10434 10469 10468)
4(9770 9805 10470 10435)
4(9804 10469 10470 9805)
4(10434 10435 10470 10469)
4(9771 9806 10471 10436)
4(9805 10470 10471 9806)
4(10435 10436 10471 10470)
4(9772 9807 10472 10437)
4(9806 10471 10472 9807)
4(10436 10437 10472 10471)
4(9773 9808 10473 10438)
4(9807 10472 10473 9808)
4(10437 10438 10473 10472)
4(9774 9809 10474 10439)
4(9808 10473 10474 9809)
4(10438 10439 10474 10473)
4(9775 9810 10475 10440)
4(9809 10474 10475 9810)
4(10439 10440 10475 10474)
4(9776 9811 10476 10441)
4(9810 10475 10476 9811)
4(10440 10441 10476 10475)
4(9777 9812 10477 10442)
4(9811 10476 10477 9812)
4(10441 10442 10477 10476)
4(9778 9813 10478 10443)
4(9812 10477 10478 9813)
4(10442 10443 10478 10477)
4(9779 9814 10479 10444)
4(9813 10478 10479 9814)
4(10443 10444 10479 10478)
4(9780 9815 10480 10445)
4(9814 10479 10480 9815)
4(10444 10445 10480 10479)
4(9781 9816 10481 10446)
4(9815 10480 10481 9816)
4(10445 10446 10481 10480)
4(9782 9817 10482 10447)
4(9816 10481 10482 9817)
4(10446 10447 10482 10481)
4(9783 9818 10483 10448)
4(9817 10482 10483 9818)
4(10447 10448 10483 10482)
4(9784 9819 10484 10449)
4(9818 10483 10484 9819)
4(10448 10449 10484 10483)
4(9785 9820 10485 10450)
4(9819 10484 10485 9820)
4(10449 10450 10485 10484)
4(9786 9821 10486 10451)
4(9820 10485 10486 9821)
4(10450 10451 10486 10485)
4(9787 9822 10487 10452)
4(9821 10486 10487 9822)
4(10451 10452 10487 10486)
4(9788 9823 10488 10453)
4(9822 10487 10488 9823)
4(10452 10453 10488 10487)
4(9789 9824 10489 10454)
4(9823 10488 10489 9824)
4(10453 10454 10489 10488)
4(9790 9825 10490 10455)
4(9824 10489 10490 9825)
4(10454 10455 10490 10489)
4(9791 9826 10491 10456)
4(9825 10490 10491 9826)
4(10455 10456 10491 10490)
4(9792 9827 10492 10457)
4(9826 10491 10492 9827)
4(10456 10457 10492 10491)
4(9793 9828 10493 10458)
4(9827 10492 10493 9828)
4(10457 10458 10493 10492)
4(9794 9829 10494 10459)
4(9828 10493 10494 9829)
4(10458 10459 10494 10493)
4(9795 9830 10495 10460)
4(9829 10494 10495 9830)
4(10459 10460 10495 10494)
4(9796 9831 10496 10461)
4(9830 10495 10496 9831)
4(10460 10461 10496 10495)
4(9797 9832 10497 10462)
4(9831 10496 10497 9832)
4(10461 10462 10497 10496)
4(9798 9833 10498 10463)
4(9832 10497 10498 9833)
4(10462 10463 10498 10497)
4(9833 10498 10499 9834)
4(10463 10464 10499 10498)
4(9801 9836 10501 10466)
4(9835 10500 10501 9836)
4(10465 10466 10501 10500)
4(9802 9837 10502 10467)
4(9836 10501 10502 9837)
4(10466 10467 10502 10501)
4(9803 9838 10503 10468)
4(9837 10502 10503 9838)
4(10467 10468 10503 10502)
4(9804 9839 10504 10469)
4(9838 10503 10504 9839)
4(10468 10469 10504 10503)
4(9805 9840 10505 10470)
4(9839 10504 10505 9840)
4(10469 10470 10505 10504)
4(9806 9841 10506 10471)
4(9840 10505 10506 9841)
4(10470 10471 10506 10505)
4(9807 9842 10507 10472)
4(9841 10506 10507 9842)
4(10471 10472 10507 10506)
4(9808 9843 10508 10473)
4(9842 10507 10508 9843)
4(10472 10473 10508 10507)
4(9809 9844 10509 10474)
4(9843 10508 10509 9844)
4(10473 10474 10509 10508)
4(9810 9845 10510 10475)
4(9844 10509 10510 9845)
4(10474 10475 10510 10509)
4(9811 9846 10511 10476)
4(9845 10510 10511 9846)
4(10475 10476 10511 10510)
4(9812 9847 10512 10477)
4(9846 10511 10512 9847)
4(10476 10477 10512 10511)
4(9813 9848 10513 10478)
4(9847 10512 10513 9848)
4(10477 10478 10513 10512)
4(9814 9849 10514 10479)
4(9848 10513 10514 9849)
4(10478 10479 10514 10513)
4(9815 9850 10515 10480)
4(9849 10514 10515 9850)
4(10479 10480 10515 10514)
4(9816 9851 10516 10481)
4(9850 10515 10516 9851)
4(10480 10481 10516 10515)
4(9817 9852 10517 10482)
4(9851 10516 10517 9852)
4(10481 10482 10517 10516)
4(9818 9853 10518 10483)
4(9852 10517 10518 9853)
4(10482 10483 10518 10517)
4(9819 9854 10519 10484)
4(9853 10518 10519 9854)
4(10483 10484 10519 10518)
4(9820 9855 10520 10485)
4(9854 10519 10520 9855)
4(10484 10485 10520 10519)
4(9821 9856 10521 10486)
4(9855 10520 10521 9856)
4(10485 10486 10521 10520)
4(9822 9857 10522 10487)
4(9856 10521 10522 9857)
4(10486 10487 10522 10521)
4(9823 9858 10523 10488)
4(9857 10522 10523 9858)
4(10487 10488 10523 10522)
4(9824 9859 10524 10489)
4(9858 10523 10524 9859)
4(10488 10489 10524 10523)
4(9825 9860 10525 10490)
4(9859 10524 10525 9860)
4(10489 10490 10525 10524)
4(9826 9861 10526 10491)
4(9860 10525 10526 9861)
4(10490 10491 10526 10525)
4(9827 9862 10527 10492)
4(9861 10526 10527 9862)
4(10491 10492 10527 10526)
4(9828 9863 10528 10493)
4(9862 10527 10528 9863)
4(10492 10493 10528 10527)
4(9829 9864 10529 10494)
4(9863 10528 10529 9864)
4(10493 10494 10529 10528)
4(9830 9865 10530 10495)
4(9864 10529 10530 9865)
4(10494 10495 10530 10529)
4(9831 9866 10531 10496)
4(9865 10530 10531 9866)
4(10495 10496 10531 10530)
4(9832 9867 10532 10497)
4(9866 10531 10532 9867)
4(10496 10497 10532 10531)
4(9833 9868 10533 10498)
4(9867 10532 10533 9868)
4(10497 10498 10533 10532)
4(9868 10533 10534 9869)
4(10498 10499 10534 10533)
4(9836 9871 10536 10501)
4(9870 10535 10536 9871)
4(10500 10501 10536 10535)
4(9837 9872 10537 10502)
4(9871 10536 10537 9872)
4(10501 10502 10537 10536)
4(9838 9873 10538 10503)
4(9872 10537 10538 9873)
4(10502 10503 10538 10537)
4(9839 9874 10539 10504)
4(9873 10538 10539 9874)
4(10503 10504 10539 10538)
4(9840 9875 10540 10505)
4(9874 10539 10540 9875)
4(10504 10505 10540 10539)
4(9841 9876 10541 10506)
4(9875 10540 10541 9876)
4(10505 10506 10541 10540)
4(9842 9877 10542 10507)
4(9876 10541 10542 9877)
4(10506 10507 10542 10541)
4(9843 9878 10543 10508)
4(9877 10542 10543 9878)
4(10507 10508 10543 10542)
4(9844 9879 10544 10509)
4(9878 10543 10544 9879)
4(10508 10509 10544 10543)
4(9845 9880 10545 10510)
4(9879 10544 10545 9880)
4(10509 10510 10545 10544)
4(9846 9881 10546 10511)
4(9880 10545 10546 9881)
4(10510 10511 10546 10545)
4(9847 9882 10547 10512)
4(9881 10546 10547 9882)
4(10511 10512 10547 10546)
4(9848 9883 10548 10513)
4(9882 10547 10548 9883)
4(10512 10513 10548 10547)
4(9849 9884 10549 10514)
4(9883 10548 10549 9884)
4(10513 10514 10549 10548)
4(9850 9885 10550 10515)
4(9884 10549 10550 9885)
4(10514 10515 10550 10549)
4(9851 9886 10551 10516)
4(9885 10550 10551 9886)
4(10515 10516 10551 10550)
4(9852 9887 10552 10517)
4(9886 10551 10552 9887)
4(10516 10517 10552 10551)
4(9853 9888 10553 10518)
4(9887 10552 10553 9888)
4(10517 10518 10553 10552)
4(9854 9889 10554 10519)
4(9888 10553 10554 9889)
4(10518 10519 10554 10553)
4(9855 9890 10555 10520)
4(9889 10554 10555 9890)
4(10519 10520 10555 10554)
4(9856 9891 10556 10521)
4(9890 10555 10556 9891)
4(10520 10521 10556 10555)
4(9857 9892 10557 10522)
4(9891 10556 10557 9892)
4(10521 10522 10557 10556)
4(9858 9893 10558 10523)
4(9892 10557 10558 9893)
4(10522 10523 10558 10557)
4(9859 9894 10559 10524)
4(9893 10558 10559 9894)
4(10523 10524 10559 10558)
4(9860 9895 10560 10525)
4(9894 10559 10560 9895)
4(10524 10525 10560 10559)
4(9861 9896 10561 10526)
4(9895 10560 10561 9896)
4(10525 10526 10561 10560)
4(9862 9897 10562 10527)
4(9896 10561 10562 9897)
4(10526 10527 10562 10561)
4(9863 9898 10563 10528)
4(9897 10562 10563 9898)
4(10527 10528 10563 10562)
4(9864 9899 10564 10529)
4(9898 10563 10564 9899)
4(10528 10529 10564 10563)
4(9865 9900 10565 10530)
4(9899 10564 10565 9900)
4(10529 10530 10565 10564)
4(9866 9901 10566 10531)
4(9900 10565 10566 9901)
4(10530 10531 10566 10565)
4(9867 9902 10567 10532)
4(9901 10566 10567 9902)
4(10531 10532 10567 10566)
4(9868 9903 10568 10533)
4(9902 10567 10568 9903)
4(10532 10533 10568 10567)
4(9903 10568 10569 9904)
4(10533 10534 10569 10568)
4(9871 9906 10571 10536)
4(9905 10570 10571 9906)
4(10535 10536 10571 10570)
4(9872 9907 10572 10537)
4(9906 10571 10572 9907)
4(10536 10537 10572 10571)
4(9873 9908 10573 10538)
4(9907 10572 10573 9908)
4(10537 10538 10573 10572)
4(9874 9909 10574 10539)
4(9908 10573 10574 9909)
4(10538 10539 10574 10573)
4(9875 9910 10575 10540)
4(9909 10574 10575 9910)
4(10539 10540 10575 10574)
4(9876 9911 10576 10541)
4(9910 10575 10576 9911)
4(10540 10541 10576 10575)
4(9877 9912 10577 10542)
4(9911 10576 10577 9912)
4(10541 10542 10577 10576)
4(9878 9913 10578 10543)
4(9912 10577 10578 9913)
4(10542 10543 10578 10577)
4(9879 9914 10579 10544)
4(9913 10578 10579 9914)
4(10543 10544 10579 10578)
4(9880 9915 10580 10545)
4(9914 10579 10580 9915)
4(10544 10545 10580 10579)
4(9881 9916 10581 10546)
4(9915 10580 10581 9916)
4(10545 10546 10581 10580)
4(9882 9917 10582 10547)
4(9916 10581 10582 9917)
4(10546 10547 10582 10581)
4(9883 9918 10583 10548)
4(9917 10582 10583 9918)
4(10547 10548 10583 10582)
4(9884 9919 10584 10549)
4(9918 10583 10584 9919)
4(10548 10549 10584 10583)
4(9885 9920 10585 10550)
4(9919 10584 10585 9920)
4(10549 10550 10585 10584)
4(9886 9921 10586 10551)
4(9920 10585 10586 9921)
4(10550 10551 10586 10585)
4(9887 9922 10587 10552)
4(9921 10586 10587 9922)
4(10551 10552 10587 10586)
4(9888 9923 10588 10553)
4(9922 10587 10588 9923)
4(10552 10553 10588 10587)
4(9889 9924 10589 10554)
4(9923 10588 10589 9924)
4(10553 10554 10589 10588)
4(9890 9925 10590 10555)
4(9924 10589 10590 9925)
4(10554 10555 10590 10589)
4(9891 9926 10591 10556)
4(9925 10590 10591 9926)
4(10555 10556 10591 10590)
4(9892 9927 10592 10557)
4(9926 10591 10592 9927)
4(10556 10557 10592 10591)
4(9893 9928 10593 10558)
4(9927 10592 10593 9928)
4(10557 10558 10593 10592)
4(9894 9929 10594 10559)
4(9928 10593 10594 9929)
4(10558 10559 10594 10593)
4(9895 9930 10595 10560)
4(9929 10594 10595 9930)
4(10559 10560 10595 10594)
4(9896 9931 10596 10561)
4(9930 10595 10596 9931)
4(10560 10561 10596 10595)
4(9897 9932 10597 10562)
4(9931 10596 10597 9932)
4(10561 10562 10597 10596)
4(9898 9933 10598 10563)
4(9932 10597 10598 9933)
4(10562 10563 10598 10597)
4(9899 9934 10599 10564)
4(9933 10598 10599 9934)
4(10563 10564 10599 10598)
4(9900 9935 10600 10565)
4(9934 10599 10600 9935)
4(10564 10565 10600 10599)
4(9901 9936 10601 10566)
4(9935 10600 10601 9936)
4(10565 10566 10601 10600)
4(9902 9937 10602 10567)
4(9936 10601 10602 9937)
4(10566 10567 10602 10601)
4(9903 9938 10603 10568)
4(9937 10602 10603 9938)
4(10567 10568 10603 10602)
4(9938 10603 10604 9939)
4(10568 10569 10604 10603)
4(9906 9941 10606 10571)
4(10570 10571 10606 10605)
4(9907 9942 10607 10572)
4(10571 10572 10607 10606)
4(9908 9943 10608 10573)
4(10572 10573 10608 10607)
4(9909 9944 10609 10574)
4(10573 10574 10609 10608)
4(9910 9945 10610 10575)
4(10574 10575 10610 10609)
4(9911 9946 10611 10576)
4(10575 10576 10611 10610)
4(9912 9947 10612 10577)
4(10576 10577 10612 10611)
4(9913 9948 10613 10578)
4(10577 10578 10613 10612)
4(9914 9949 10614 10579)
4(10578 10579 10614 10613)
4(9915 9950 10615 10580)
4(10579 10580 10615 10614)
4(9916 9951 10616 10581)
4(10580 10581 10616 10615)
4(9917 9952 10617 10582)
4(10581 10582 10617 10616)
4(9918 9953 10618 10583)
4(10582 10583 10618 10617)
4(9919 9954 10619 10584)
4(10583 10584 10619 10618)
4(9920 9955 10620 10585)
4(10584 10585 10620 10619)
4(9921 9956 10621 10586)
4(10585 10586 10621 10620)
4(9922 9957 10622 10587)
4(10586 10587 10622 10621)
4(9923 9958 10623 10588)
4(10587 10588 10623 10622)
4(9924 9959 10624 10589)
4(10588 10589 10624 10623)
4(9925 9960 10625 10590)
4(10589 10590 10625 10624)
4(9926 9961 10626 10591)
4(10590 10591 10626 10625)
4(9927 9962 10627 10592)
4(10591 10592 10627 10626)
4(9928 9963 10628 10593)
4(10592 10593 10628 10627)
4(9929 9964 10629 10594)
4(10593 10594 10629 10628)
4(9930 9965 10630 10595)
4(10594 10595 10630 10629)
4(9931 9966 10631 10596)
4(10595 10596 10631 10630)
4(9932 9967 10632 10597)
4(10596 10597 10632 10631)
4(9933 9968 10633 10598)
4(10597 10598 10633 10632)
4(9934 9969 10634 10599)
4(10598 10599 10634 10633)
4(9935 9970 10635 10600)
4(10599 10600 10635 10634)
4(9936 9971 10636 10601)
4(10600 10601 10636 10635)
4(9937 9972 10637 10602)
4(10601 10602 10637 10636)
4(9938 9973 10638 10603)
4(10602 10603 10638 10637)
4(10603 10604 10639 10638)
4(9976 10011 10676 10641)
4(10010 10675 10676 10011)
4(10640 10641 10676 10675)
4(9977 10012 10677 10642)
4(10011 10676 10677 10012)
4(10641 10642 10677 10676)
4(9978 10013 10678 10643)
4(10012 10677 10678 10013)
4(10642 10643 10678 10677)
4(9979 10014 10679 10644)
4(10013 10678 10679 10014)
4(10643 10644 10679 10678)
4(9980 10015 10680 10645)
4(10014 10679 10680 10015)
4(10644 10645 10680 10679)
4(9981 10016 10681 10646)
4(10015 10680 10681 10016)
4(10645 10646 10681 10680)
4(9982 10017 10682 10647)
4(10016 10681 10682 10017)
4(10646 10647 10682 10681)
4(9983 10018 10683 10648)
4(10017 10682 10683 10018)
4(10647 10648 10683 10682)
4(9984 10019 10684 10649)
4(10018 10683 10684 10019)
4(10648 10649 10684 10683)
4(9985 10020 10685 10650)
4(10019 10684 10685 10020)
4(10649 10650 10685 10684)
4(9986 10021 10686 10651)
4(10020 10685 10686 10021)
4(10650 10651 10686 10685)
4(9987 10022 10687 10652)
4(10021 10686 10687 10022)
4(10651 10652 10687 10686)
4(9988 10023 10688 10653)
4(10022 10687 10688 10023)
4(10652 10653 10688 10687)
4(9989 10024 10689 10654)
4(10023 10688 10689 10024)
4(10653 10654 10689 10688)
4(9990 10025 10690 10655)
4(10024 10689 10690 10025)
4(10654 10655 10690 10689)
4(9991 10026 10691 10656)
4(10025 10690 10691 10026)
4(10655 10656 10691 10690)
4(9992 10027 10692 10657)
4(10026 10691 10692 10027)
4(10656 10657 10692 10691)
4(9993 10028 10693 10658)
4(10027 10692 10693 10028)
4(10657 10658 10693 10692)
4(9994 10029 10694 10659)
4(10028 10693 10694 10029)
4(10658 10659 10694 10693)
4(9995 10030 10695 10660)
4(10029 10694 10695 10030)
4(10659 10660 10695 10694)
4(9996 10031 10696 10661)
4(10030 10695 10696 10031)
4(10660 10661 10696 10695)
4(9997 10032 10697 10662)
4(10031 10696 10697 10032)
4(10661 10662 10697 10696)
4(9998 10033 10698 10663)
4(10032 10697 10698 10033)
4(10662 10663 10698 10697)
4(9999 10034 10699 10664)
4(10033 10698 10699 10034)
4(10663 10664 10699 10698)
4(10000 10035 10700 10665)
4(10034 10699 10700 10035)
4(10664 10665 10700 10699)
4(10001 10036 10701 10666)
4(10035 10700 10701 10036)
4(10665 10666 10701 10700)
4(10002 10037 10702 10667)
4(10036 10701 10702 10037)
4(10666 10667 10702 10701)
4(10003 10038 10703 10668)
4(10037 10702 10703 10038)
4(10667 10668 10703 10702)
4(10004 10039 10704 10669)
4(10038 10703 10704 10039)
4(10668 10669 10704 10703)
4(10005 10040 10705 10670)
4(10039 10704 10705 10040)
4(10669 10670 10705 10704)
4(10006 10041 10706 10671)
4(10040 10705 10706 10041)
4(10670 10671 10706 10705)
4(10007 10042 10707 10672)
4(10041 10706 10707 10042)
4(10671 10672 10707 10706)
4(10008 10043 10708 10673)
4(10042 10707 10708 10043)
4(10672 10673 10708 10707)
4(10043 10708 10709 10044)
4(10673 10674 10709 10708)
4(10011 10046 10711 10676)
4(10045 10710 10711 10046)
4(10675 10676 10711 10710)
4(10012 10047 10712 10677)
4(10046 10711 10712 10047)
4(10676 10677 10712 10711)
4(10013 10048 10713 10678)
4(10047 10712 10713 10048)
4(10677 10678 10713 10712)
4(10014 10049 10714 10679)
4(10048 10713 10714 10049)
4(10678 10679 10714 10713)
4(10015 10050 10715 10680)
4(10049 10714 10715 10050)
4(10679 10680 10715 10714)
4(10016 10051 10716 10681)
4(10050 10715 10716 10051)
4(10680 10681 10716 10715)
4(10017 10052 10717 10682)
4(10051 10716 10717 10052)
4(10681 10682 10717 10716)
4(10018 10053 10718 10683)
4(10052 10717 10718 10053)
4(10682 10683 10718 10717)
4(10019 10054 10719 10684)
4(10053 10718 10719 10054)
4(10683 10684 10719 10718)
4(10020 10055 10720 10685)
4(10054 10719 10720 10055)
4(10684 10685 10720 10719)
4(10021 10056 10721 10686)
4(10055 10720 10721 10056)
4(10685 10686 10721 10720)
4(10022 10057 10722 10687)
4(10056 10721 10722 10057)
4(10686 10687 10722 10721)
4(10023 10058 10723 10688)
4(10057 10722 10723 10058)
4(10687 10688 10723 10722)
4(10024 10059 10724 10689)
4(10058 10723 10724 10059)
4(10688 10689 10724 10723)
4(10025 10060 10725 10690)
4(10059 10724 10725 10060)
4(10689 10690 10725 10724)
4(10026 10061 10726 10691)
4(10060 10725 10726 10061)
4(10690 10691 10726 10725)
4(10027 10062 10727 10692)
4(10061 10726 10727 10062)
4(10691 10692 10727 10726)
4(10028 10063 10728 10693)
4(10062 10727 10728 10063)
4(10692 10693 10728 10727)
4(10029 10064 10729 10694)
4(10063 10728 10729 10064)
4(10693 10694 10729 10728)
4(10030 10065 10730 10695)
4(10064 10729 10730 10065)
4(10694 10695 10730 10729)
4(10031 10066 10731 10696)
4(10065 10730 10731 10066)
4(10695 10696 10731 10730)
4(10032 10067 10732 10697)
4(10066 10731 10732 10067)
4(10696 10697 10732 10731)
4(10033 10068 10733 10698)
4(10067 10732 10733 10068)
4(10697 10698 10733 10732)
4(10034 10069 10734 10699)
4(10068 10733 10734 10069)
4(10698 10699 10734 10733)
4(10035 10070 10735 10700)
4(10069 10734 10735 10070)
4(10699 10700 10735 10734)
4(10036 10071 10736 10701)
4(10070 10735 10736 10071)
4(10700 10701 10736 10735)
4(10037 10072 10737 10702)
4(10071 10736 10737 10072)
4(10701 10702 10737 10736)
4(10038 10073 10738 10703)
4(10072 10737 10738 10073)
4(10702 10703 10738 10737)
4(10039 10074 10739 10704)
4(10073 10738 10739 10074)
4(10703 10704 10739 10738)
4(10040 10075 10740 10705)
4(10074 10739 10740 10075)
4(10704 10705 10740 10739)
4(10041 10076 10741 10706)
4(10075 10740 10741 10076)
4(10705 10706 10741 10740)
4(10042 10077 10742 10707)
4(10076 10741 10742 10077)
4(10706 10707 10742 10741)
4(10043 10078 10743 10708)
4(10077 10742 10743 10078)
4(10707 10708 10743 10742)
4(10078 10743 10744 10079)
4(10708 10709 10744 10743)
4(10046 10081 10746 10711)
4(10080 10745 10746 10081)
4(10710 10711 10746 10745)
4(10047 10082 10747 10712)
4(10081 10746 10747 10082)
4(10711 10712 10747 10746)
4(10048 10083 10748 10713)
4(10082 10747 10748 10083)
4(10712 10713 10748 10747)
4(10049 10084 10749 10714)
4(10083 10748 10749 10084)
4(10713 10714 10749 10748)
4(10050 10085 10750 10715)
4(10084 10749 10750 10085)
4(10714 10715 10750 10749)
4(10051 10086 10751 10716)
4(10085 10750 10751 10086)
4(10715 10716 10751 10750)
4(10052 10087 10752 10717)
4(10086 10751 10752 10087)
4(10716 10717 10752 10751)
4(10053 10088 10753 10718)
4(10087 10752 10753 10088)
4(10717 10718 10753 10752)
4(10054 10089 10754 10719)
4(10088 10753 10754 10089)
4(10718 10719 10754 10753)
4(10055 10090 10755 10720)
4(10089 10754 10755 10090)
4(10719 10720 10755 10754)
4(10056 10091 10756 10721)
4(10090 10755 10756 10091)
4(10720 10721 10756 10755)
4(10057 10092 10757 10722)
4(10091 10756 10757 10092)
4(10721 10722 10757 10756)
4(10058 10093 10758 10723)
4(10092 10757 10758 10093)
4(10722 10723 10758 10757)
4(10059 10094 10759 10724)
4(10093 10758 10759 10094)
4(10723 10724 10759 10758)
4(10060 10095 10760 10725)
4(10094 10759 10760 10095)
4(10724 10725 10760 10759)
4(10061 10096 10761 10726)
4(10095 10760 10761 10096)
4(10725 10726 10761 10760)
4(10062 10097 10762 10727)
4(10096 10761 10762 10097)
4(10726 10727 10762 10761)
4(10063 10098 10763 10728)
4(10097 10762 10763 10098)
4(10727 10728 10763 10762)
4(10064 10099 10764 10729)
4(10098 10763 10764 10099)
4(10728 10729 10764 10763)
4(10065 10100 10765 10730)
4(10099 10764 10765 10100)
4(10729 10730 10765 10764)
4(10066 10101 10766 10731)
4(10100 10765 10766 10101)
4(10730 10731 10766 10765)
4(10067 10102 10767 10732)
4(10101 10766 10767 10102)
4(10731 10732 10767 10766)
4(10068 10103 10768 10733)
4(10102 10767 10768 10103)
4(10732 10733 10768 10767)
4(10069 10104 10769 10734)
4(10103 10768 10769 10104)
4(10733 10734 10769 10768)
4(10070 10105 10770 10735)
4(10104 10769 10770 10105)
4(10734 10735 10770 10769)
4(10071 10106 10771 10736)
4(10105 10770 10771 10106)
4(10735 10736 10771 10770)
4(10072 10107 10772 10737)
4(10106 10771 10772 10107)
4(10736 10737 10772 10771)
4(10073 10108 10773 10738)
4(10107 10772 10773 10108)
4(10737 10738 10773 10772)
4(10074 10109 10774 10739)
4(10108 10773 10774 10109)
4(10738 10739 10774 10773)
4(10075 10110 10775 10740)
4(10109 10774 10775 10110)
4(10739 10740 10775 10774)
4(10076 10111 10776 10741)
4(10110 10775 10776 10111)
4(10740 10741 10776 10775)
4(10077 10112 10777 10742)
4(10111 10776 10777 10112)
4(10741 10742 10777 10776)
4(10078 10113 10778 10743)
4(10112 10777 10778 10113)
4(10742 10743 10778 10777)
4(10113 10778 10779 10114)
4(10743 10744 10779 10778)
4(10081 10116 10781 10746)
4(10115 10780 10781 10116)
4(10745 10746 10781 10780)
4(10082 10117 10782 10747)
4(10116 10781 10782 10117)
4(10746 10747 10782 10781)
4(10083 10118 10783 10748)
4(10117 10782 10783 10118)
4(10747 10748 10783 10782)
4(10084 10119 10784 10749)
4(10118 10783 10784 10119)
4(10748 10749 10784 10783)
4(10085 10120 10785 10750)
4(10119 10784 10785 10120)
4(10749 10750 10785 10784)
4(10086 10121 10786 10751)
4(10120 10785 10786 10121)
4(10750 10751 10786 10785)
4(10087 10122 10787 10752)
4(10121 10786 10787 10122)
4(10751 10752 10787 10786)
4(10088 10123 10788 10753)
4(10122 10787 10788 10123)
4(10752 10753 10788 10787)
4(10089 10124 10789 10754)
4(10123 10788 10789 10124)
4(10753 10754 10789 10788)
4(10090 10125 10790 10755)
4(10124 10789 10790 10125)
4(10754 10755 10790 10789)
4(10091 10126 10791 10756)
4(10125 10790 10791 10126)
4(10755 10756 10791 10790)
4(10092 10127 10792 10757)
4(10126 10791 10792 10127)
4(10756 10757 10792 10791)
4(10093 10128 10793 10758)
4(10127 10792 10793 10128)
4(10757 10758 10793 10792)
4(10094 10129 10794 10759)
4(10128 10793 10794 10129)
4(10758 10759 10794 10793)
4(10095 10130 10795 10760)
4(10129 10794 10795 10130)
4(10759 10760 10795 10794)
4(10096 10131 10796 10761)
4(10130 10795 10796 10131)
4(10760 10761 10796 10795)
4(10097 10132 10797 10762)
4(10131 10796 10797 10132)
4(10761 10762 10797 10796)
4(10098 10133 10798 10763)
4(10132 10797 10798 10133)
4(10762 10763 10798 10797)
4(10099 10134 10799 10764)
4(10133 10798 10799 10134)
4(10763 10764 10799 10798)
4(10100 10135 10800 10765)
4(10134 10799 10800 10135)
4(10764 10765 10800 10799)
4(10101 10136 10801 10766)
4(10135 10800 10801 10136)
4(10765 10766 10801 10800)
4(10102 10137 10802 10767)
4(10136 10801 10802 10137)
4(10766 10767 10802 10801)
4(10103 10138 10803 10768)
4(10137 10802 10803 10138)
4(10767 10768 10803 10802)
4(10104 10139 10804 10769)
4(10138 10803 10804 10139)
4(10768 10769 10804 10803)
4(10105 10140 10805 10770)
4(10139 10804 10805 10140)
4(10769 10770 10805 10804)
4(10106 10141 10806 10771)
4(10140 10805 10806 10141)
4(10770 10771 10806 10805)
4(10107 10142 10807 10772)
4(10141 10806 10807 10142)
4(10771 10772 10807 10806)
4(10108 10143 10808 10773)
4(10142 10807 10808 10143)
4(10772 10773 10808 10807)
4(10109 10144 10809 10774)
4(10143 10808 10809 10144)
4(10773 10774 10809 10808)
4(10110 10145 10810 10775)
4(10144 10809 10810 10145)
4(10774 10775 10810 10809)
4(10111 10146 10811 10776)
4(10145 10810 10811 10146)
4(10775 10776 10811 10810)
4(10112 10147 10812 10777)
4(10146 10811 10812 10147)
4(10776 10777 10812 10811)
4(10113 10148 10813 10778)
4(10147 10812 10813 10148)
4(10777 10778 10813 10812)
4(10148 10813 10814 10149)
4(10778 10779 10814 10813)
4(10116 10151 10816 10781)
4(10150 10815 10816 10151)
4(10780 10781 10816 10815)
4(10117 10152 10817 10782)
4(10151 10816 10817 10152)
4(10781 10782 10817 10816)
4(10118 10153 10818 10783)
4(10152 10817 10818 10153)
4(10782 10783 10818 10817)
4(10119 10154 10819 10784)
4(10153 10818 10819 10154)
4(10783 10784 10819 10818)
4(10120 10155 10820 10785)
4(10154 10819 10820 10155)
4(10784 10785 10820 10819)
4(10121 10156 10821 10786)
4(10155 10820 10821 10156)
4(10785 10786 10821 10820)
4(10122 10157 10822 10787)
4(10156 10821 10822 10157)
4(10786 10787 10822 10821)
4(10123 10158 10823 10788)
4(10157 10822 10823 10158)
4(10787 10788 10823 10822)
4(10124 10159 10824 10789)
4(10158 10823 10824 10159)
4(10788 10789 10824 10823)
4(10125 10160 10825 10790)
4(10159 10824 10825 10160)
4(10789 10790 10825 10824)
4(10126 10161 10826 10791)
4(10160 10825 10826 10161)
4(10790 10791 10826 10825)
4(10127 10162 10827 10792)
4(10161 10826 10827 10162)
4(10791 10792 10827 10826)
4(10128 10163 10828 10793)
4(10162 10827 10828 10163)
4(10792 10793 10828 10827)
4(10129 10164 10829 10794)
4(10163 10828 10829 10164)
4(10793 10794 10829 10828)
4(10130 10165 10830 10795)
4(10164 10829 10830 10165)
4(10794 10795 10830 10829)
4(10131 10166 10831 10796)
4(10165 10830 10831 10166)
4(10795 10796 10831 10830)
4(10132 10167 10832 10797)
4(10166 10831 10832 10167)
4(10796 10797 10832 10831)
4(10133 10168 10833 10798)
4(10167 10832 10833 10168)
4(10797 10798 10833 10832)
4(10134 10169 10834 10799)
4(10168 10833 10834 10169)
4(10798 10799 10834 10833)
4(10135 10170 10835 10800)
4(10169 10834 10835 10170)
4(10799 10800 10835 10834)
4(10136 10171 10836 10801)
4(10170 10835 10836 10171)
4(10800 10801 10836 10835)
4(10137 10172 10837 10802)
4(10171 10836 10837 10172)
4(10801 10802 10837 10836)
4(10138 10173 10838 10803)
4(10172 10837 10838 10173)
4(10802 10803 10838 10837)
4(10139 10174 10839 10804)
4(10173 10838 10839 10174)
4(10803 10804 10839 10838)
4(10140 10175 10840 10805)
4(10174 10839 10840 10175)
4(10804 10805 10840 10839)
4(10141 10176 10841 10806)
4(10175 10840 10841 10176)
4(10805 10806 10841 10840)
4(10142 10177 10842 10807)
4(10176 10841 10842 10177)
4(10806 10807 10842 10841)
4(10143 10178 10843 10808)
4(10177 10842 10843 10178)
4(10807 10808 10843 10842)
4(10144 10179 10844 10809)
4(10178 10843 10844 10179)
4(10808 10809 10844 10843)
4(10145 10180 10845 10810)
4(10179 10844 10845 10180)
4(10809 10810 10845 10844)
4(10146 10181 10846 10811)
4(10180 10845 10846 10181)
4(10810 10811 10846 10845)
4(10147 10182 10847 10812)
4(10181 10846 10847 10182)
4(10811 10812 10847 10846)
4(10148 10183 10848 10813)
4(10182 10847 10848 10183)
4(10812 10813 10848 10847)
4(10183 10848 10849 10184)
4(10813 10814 10849 10848)
4(10151 10186 10851 10816)
4(10185 10850 10851 10186)
4(10815 10816 10851 10850)
4(10152 10187 10852 10817)
4(10186 10851 10852 10187)
4(10816 10817 10852 10851)
4(10153 10188 10853 10818)
4(10187 10852 10853 10188)
4(10817 10818 10853 10852)
4(10154 10189 10854 10819)
4(10188 10853 10854 10189)
4(10818 10819 10854 10853)
4(10155 10190 10855 10820)
4(10189 10854 10855 10190)
4(10819 10820 10855 10854)
4(10156 10191 10856 10821)
4(10190 10855 10856 10191)
4(10820 10821 10856 10855)
4(10157 10192 10857 10822)
4(10191 10856 10857 10192)
4(10821 10822 10857 10856)
4(10158 10193 10858 10823)
4(10192 10857 10858 10193)
4(10822 10823 10858 10857)
4(10159 10194 10859 10824)
4(10193 10858 10859 10194)
4(10823 10824 10859 10858)
4(10160 10195 10860 10825)
4(10194 10859 10860 10195)
4(10824 10825 10860 10859)
4(10161 10196 10861 10826)
4(10195 10860 10861 10196)
4(10825 10826 10861 10860)
4(10162 10197 10862 10827)
4(10196 10861 10862 10197)
4(10826 10827 10862 10861)
4(10163 10198 10863 10828)
4(10197 10862 10863 10198)
4(10827 10828 10863 10862)
4(10164 10199 10864 10829)
4(10198 10863 10864 10199)
4(10828 10829 10864 10863)
4(10165 10200 10865 10830)
4(10199 10864 10865 10200)
4(10829 10830 10865 10864)
4(10166 10201 10866 10831)
4(10200 10865 10866 10201)
4(10830 10831 10866 10865)
4(10167 10202 10867 10832)
4(10201 10866 10867 10202)
4(10831 10832 10867 10866)
4(10168 10203 10868 10833)
4(10202 10867 10868 10203)
4(10832 10833 10868 10867)
4(10169 10204 10869 10834)
4(10203 10868 10869 10204)
4(10833 10834 10869 10868)
4(10170 10205 10870 10835)
4(10204 10869 10870 10205)
4(10834 10835 10870 10869)
4(10171 10206 10871 10836)
4(10205 10870 10871 10206)
4(10835 10836 10871 10870)
4(10172 10207 10872 10837)
4(10206 10871 10872 10207)
4(10836 10837 10872 10871)
4(10173 10208 10873 10838)
4(10207 10872 10873 10208)
4(10837 10838 10873 10872)
4(10174 10209 10874 10839)
4(10208 10873 10874 10209)
4(10838 10839 10874 10873)
4(10175 10210 10875 10840)
4(10209 10874 10875 10210)
4(10839 10840 10875 10874)
4(10176 10211 10876 10841)
4(10210 10875 10876 10211)
4(10840 10841 10876 10875)
4(10177 10212 10877 10842)
4(10211 10876 10877 10212)
4(10841 10842 10877 10876)
4(10178 10213 10878 10843)
4(10212 10877 10878 10213)
4(10842 10843 10878 10877)
4(10179 10214 10879 10844)
4(10213 10878 10879 10214)
4(10843 10844 10879 10878)
4(10180 10215 10880 10845)
4(10214 10879 10880 10215)
4(10844 10845 10880 10879)
4(10181 10216 10881 10846)
4(10215 10880 10881 10216)
4(10845 10846 10881 10880)
4(10182 10217 10882 10847)
4(10216 10881 10882 10217)
4(10846 10847 10882 10881)
4(10183 10218 10883 10848)
4(10217 10882 10883 10218)
4(10847 10848 10883 10882)
4(10218 10883 10884 10219)
4(10848 10849 10884 10883)
4(10186 10221 10886 10851)
4(10220 10885 10886 10221)
4(10850 10851 10886 10885)
4(10187 10222 10887 10852)
4(10221 10886 10887 10222)
4(10851 10852 10887 10886)
4(10188 10223 10888 10853)
4(10222 10887 10888 10223)
4(10852 10853 10888 10887)
4(10189 10224 10889 10854)
4(10223 10888 10889 10224)
4(10853 10854 10889 10888)
4(10190 10225 10890 10855)
4(10224 10889 10890 10225)
4(10854 10855 10890 10889)
4(10191 10226 10891 10856)
4(10225 10890 10891 10226)
4(10855 10856 10891 10890)
4(10192 10227 10892 10857)
4(10226 10891 10892 10227)
4(10856 10857 10892 10891)
4(10193 10228 10893 10858)
4(10227 10892 10893 10228)
4(10857 10858 10893 10892)
4(10194 10229 10894 10859)
4(10228 10893 10894 10229)
4(10858 10859 10894 10893)
4(10195 10230 10895 10860)
4(10229 10894 10895 10230)
4(10859 10860 10895 10894)
4(10196 10231 10896 10861)
4(10230 10895 10896 10231)
4(10860 10861 10896 10895)
4(10197 10232 10897 10862)
4(10231 10896 10897 10232)
4(10861 10862 10897 10896)
4(10198 10233 10898 10863)
4(10232 10897 10898 10233)
4(10862 10863 10898 10897)
4(10199 10234 10899 10864)
4(10233 10898 10899 10234)
4(10863 10864 10899 10898)
4(10200 10235 10900 10865)
4(10234 10899 10900 10235)
4(10864 10865 10900 10899)
4(10201 10236 10901 10866)
4(10235 10900 10901 10236)
4(10865 10866 10901 10900)
4(10202 10237 10902 10867)
4(10236 10901 10902 10237)
4(10866 10867 10902 10901)
4(10203 10238 10903 10868)
4(10237 10902 10903 10238)
4(10867 10868 10903 10902)
4(10204 10239 10904 10869)
4(10238 10903 10904 10239)
4(10868 10869 10904 10903)
4(10205 10240 10905 10870)
4(10239 10904 10905 10240)
4(10869 10870 10905 10904)
4(10206 10241 10906 10871)
4(10240 10905 10906 10241)
4(10870 10871 10906 10905)
4(10207 10242 10907 10872)
4(10241 10906 10907 10242)
4(10871 10872 10907 10906)
4(10208 10243 10908 10873)
4(10242 10907 10908 10243)
4(10872 10873 10908 10907)
4(10209 10244 10909 10874)
4(10243 10908 10909 10244)
4(10873 10874 10909 10908)
4(10210 10245 10910 10875)
4(10244 10909 10910 10245)
4(10874 10875 10910 10909)
4(10211 10246 10911 10876)
4(10245 10910 10911 10246)
4(10875 10876 10911 10910)
4(10212 10247 10912 10877)
4(10246 10911 10912 10247)
4(10876 10877 10912 10911)
4(10213 10248 10913 10878)
4(10247 10912 10913 10248)
4(10877 10878 10913 10912)
4(10214 10249 10914 10879)
4(10248 10913 10914 10249)
4(10878 10879 10914 10913)
4(10215 10250 10915 10880)
4(10249 10914 10915 10250)
4(10879 10880 10915 10914)
4(10216 10251 10916 10881)
4(10250 10915 10916 10251)
4(10880 10881 10916 10915)
4(10217 10252 10917 10882)
4(10251 10916 10917 10252)
4(10881 10882 10917 10916)
4(10218 10253 10918 10883)
4(10252 10917 10918 10253)
4(10882 10883 10918 10917)
4(10253 10918 10919 10254)
4(10883 10884 10919 10918)
4(10221 10256 10921 10886)
4(10255 10920 10921 10256)
4(10885 10886 10921 10920)
4(10222 10257 10922 10887)
4(10256 10921 10922 10257)
4(10886 10887 10922 10921)
4(10223 10258 10923 10888)
4(10257 10922 10923 10258)
4(10887 10888 10923 10922)
4(10224 10259 10924 10889)
4(10258 10923 10924 10259)
4(10888 10889 10924 10923)
4(10225 10260 10925 10890)
4(10259 10924 10925 10260)
4(10889 10890 10925 10924)
4(10226 10261 10926 10891)
4(10260 10925 10926 10261)
4(10890 10891 10926 10925)
4(10227 10262 10927 10892)
4(10261 10926 10927 10262)
4(10891 10892 10927 10926)
4(10228 10263 10928 10893)
4(10262 10927 10928 10263)
4(10892 10893 10928 10927)
4(10229 10264 10929 10894)
4(10263 10928 10929 10264)
4(10893 10894 10929 10928)
4(10230 10265 10930 10895)
4(10264 10929 10930 10265)
4(10894 10895 10930 10929)
4(10231 10266 10931 10896)
4(10265 10930 10931 10266)
4(10895 10896 10931 10930)
4(10232 10267 10932 10897)
4(10266 10931 10932 10267)
4(10896 10897 10932 10931)
4(10233 10268 10933 10898)
4(10267 10932 10933 10268)
4(10897 10898 10933 10932)
4(10234 10269 10934 10899)
4(10268 10933 10934 10269)
4(10898 10899 10934 10933)
4(10235 10270 10935 10900)
4(10269 10934 10935 10270)
4(10899 10900 10935 10934)
4(10236 10271 10936 10901)
4(10270 10935 10936 10271)
4(10900 10901 10936 10935)
4(10237 10272 10937 10902)
4(10271 10936 10937 10272)
4(10901 10902 10937 10936)
4(10238 10273 10938 10903)
4(10272 10937 10938 10273)
4(10902 10903 10938 10937)
4(10239 10274 10939 10904)
4(10273 10938 10939 10274)
4(10903 10904 10939 10938)
4(10240 10275 10940 10905)
4(10274 10939 10940 10275)
4(10904 10905 10940 10939)
4(10241 10276 10941 10906)
4(10275 10940 10941 10276)
4(10905 10906 10941 10940)
4(10242 10277 10942 10907)
4(10276 10941 10942 10277)
4(10906 10907 10942 10941)
4(10243 10278 10943 10908)
4(10277 10942 10943 10278)
4(10907 10908 10943 10942)
4(10244 10279 10944 10909)
4(10278 10943 10944 10279)
4(10908 10909 10944 10943)
4(10245 10280 10945 10910)
4(10279 10944 10945 10280)
4(10909 10910 10945 10944)
4(10246 10281 10946 10911)
4(10280 10945 10946 10281)
4(10910 10911 10946 10945)
4(10247 10282 10947 10912)
4(10281 10946 10947 10282)
4(10911 10912 10947 10946)
4(10248 10283 10948 10913)
4(10282 10947 10948 10283)
4(10912 10913 10948 10947)
4(10249 10284 10949 10914)
4(10283 10948 10949 10284)
4(10913 10914 10949 10948)
4(10250 10285 10950 10915)
4(10284 10949 10950 10285)
4(10914 10915 10950 10949)
4(10251 10286 10951 10916)
4(10285 10950 10951 10286)
4(10915 10916 10951 10950)
4(10252 10287 10952 10917)
4(10286 10951 10952 10287)
4(10916 10917 10952 10951)
4(10253 10288 10953 10918)
4(10287 10952 10953 10288)
4(10917 10918 10953 10952)
4(10288 10953 10954 10289)
4(10918 10919 10954 10953)
4(10256 10291 10956 10921)
4(10290 10955 10956 10291)
4(10920 10921 10956 10955)
4(10257 10292 10957 10922)
4(10291 10956 10957 10292)
4(10921 10922 10957 10956)
4(10258 10293 10958 10923)
4(10292 10957 10958 10293)
4(10922 10923 10958 10957)
4(10259 10294 10959 10924)
4(10293 10958 10959 10294)
4(10923 10924 10959 10958)
4(10260 10295 10960 10925)
4(10294 10959 10960 10295)
4(10924 10925 10960 10959)
4(10261 10296 10961 10926)
4(10295 10960 10961 10296)
4(10925 10926 10961 10960)
4(10262 10297 10962 10927)
4(10296 10961 10962 10297)
4(10926 10927 10962 10961)
4(10263 10298 10963 10928)
4(10297 10962 10963 10298)
4(10927 10928 10963 10962)
4(10264 10299 10964 10929)
4(10298 10963 10964 10299)
4(10928 10929 10964 10963)
4(10265 10300 10965 10930)
4(10299 10964 10965 10300)
4(10929 10930 10965 10964)
4(10266 10301 10966 10931)
4(10300 10965 10966 10301)
4(10930 10931 10966 10965)
4(10267 10302 10967 10932)
4(10301 10966 10967 10302)
4(10931 10932 10967 10966)
4(10268 10303 10968 10933)
4(10302 10967 10968 10303)
4(10932 10933 10968 10967)
4(10269 10304 10969 10934)
4(10303 10968 10969 10304)
4(10933 10934 10969 10968)
4(10270 10305 10970 10935)
4(10304 10969 10970 10305)
4(10934 10935 10970 10969)
4(10271 10306 10971 10936)
4(10305 10970 10971 10306)
4(10935 10936 10971 10970)
4(10272 10307 10972 10937)
4(10306 10971 10972 10307)
4(10936 10937 10972 10971)
4(10273 10308 10973 10938)
4(10307 10972 10973 10308)
4(10937 10938 10973 10972)
4(10274 10309 10974 10939)
4(10308 10973 10974 10309)
4(10938 10939 10974 10973)
4(10275 10310 10975 10940)
4(10309 10974 10975 10310)
4(10939 10940 10975 10974)
4(10276 10311 10976 10941)
4(10310 10975 10976 10311)
4(10940 10941 10976 10975)
4(10277 10312 10977 10942)
4(10311 10976 10977 10312)
4(10941 10942 10977 10976)
4(10278 10313 10978 10943)
4(10312 10977 10978 10313)
4(10942 10943 10978 10977)
4(10279 10314 10979 10944)
4(10313 10978 10979 10314)
4(10943 10944 10979 10978)
4(10280 10315 10980 10945)
4(10314 10979 10980 10315)
4(10944 10945 10980 10979)
4(10281 10316 10981 10946)
4(10315 10980 10981 10316)
4(10945 10946 10981 10980)
4(10282 10317 10982 10947)
4(10316 10981 10982 10317)
4(10946 10947 10982 10981)
4(10283 10318 10983 10948)
4(10317 10982 10983 10318)
4(10947 10948 10983 10982)
4(10284 10319 10984 10949)
4(10318 10983 10984 10319)
4(10948 10949 10984 10983)
4(10285 10320 10985 10950)
4(10319 10984 10985 10320)
4(10949 10950 10985 10984)
4(10286 10321 10986 10951)
4(10320 10985 10986 10321)
4(10950 10951 10986 10985)
4(10287 10322 10987 10952)
4(10321 10986 10987 10322)
4(10951 10952 10987 10986)
4(10288 10323 10988 10953)
4(10322 10987 10988 10323)
4(10952 10953 10988 10987)
4(10323 10988 10989 10324)
4(10953 10954 10989 10988)
4(10291 10326 10991 10956)
4(10325 10990 10991 10326)
4(10955 10956 10991 10990)
4(10292 10327 10992 10957)
4(10326 10991 10992 10327)
4(10956 10957 10992 10991)
4(10293 10328 10993 10958)
4(10327 10992 10993 10328)
4(10957 10958 10993 10992)
4(10294 10329 10994 10959)
4(10328 10993 10994 10329)
4(10958 10959 10994 10993)
4(10295 10330 10995 10960)
4(10329 10994 10995 10330)
4(10959 10960 10995 10994)
4(10296 10331 10996 10961)
4(10330 10995 10996 10331)
4(10960 10961 10996 10995)
4(10297 10332 10997 10962)
4(10331 10996 10997 10332)
4(10961 10962 10997 10996)
4(10298 10333 10998 10963)
4(10332 10997 10998 10333)
4(10962 10963 10998 10997)
4(10299 10334 10999 10964)
4(10333 10998 10999 10334)
4(10963 10964 10999 10998)
4(10300 10335 11000 10965)
4(10334 10999 11000 10335)
4(10964 10965 11000 10999)
4(10301 10336 11001 10966)
4(10335 11000 11001 10336)
4(10965 10966 11001 11000)
4(10302 10337 11002 10967)
4(10336 11001 11002 10337)
4(10966 10967 11002 11001)
4(10303 10338 11003 10968)
4(10337 11002 11003 10338)
4(10967 10968 11003 11002)
4(10304 10339 11004 10969)
4(10338 11003 11004 10339)
4(10968 10969 11004 11003)
4(10305 10340 11005 10970)
4(10339 11004 11005 10340)
4(10969 10970 11005 11004)
4(10306 10341 11006 10971)
4(10340 11005 11006 10341)
4(10970 10971 11006 11005)
4(10307 10342 11007 10972)
4(10341 11006 11007 10342)
4(10971 10972 11007 11006)
4(10308 10343 11008 10973)
4(10342 11007 11008 10343)
4(10972 10973 11008 11007)
4(10309 10344 11009 10974)
4(10343 11008 11009 10344)
4(10973 10974 11009 11008)
4(10310 10345 11010 10975)
4(10344 11009 11010 10345)
4(10974 10975 11010 11009)
4(10311 10346 11011 10976)
4(10345 11010 11011 10346)
4(10975 10976 11011 11010)
4(10312 10347 11012 10977)
4(10346 11011 11012 10347)
4(10976 10977 11012 11011)
4(10313 10348 11013 10978)
4(10347 11012 11013 10348)
4(10977 10978 11013 11012)
4(10314 10349 11014 10979)
4(10348 11013 11014 10349)
4(10978 10979 11014 11013)
4(10315 10350 11015 10980)
4(10349 11014 11015 10350)
4(10979 10980 11015 11014)
4(10316 10351 11016 10981)
4(10350 11015 11016 10351)
4(10980 10981 11016 11015)
4(10317 10352 11017 10982)
4(10351 11016 11017 10352)
4(10981 10982 11017 11016)
4(10318 10353 11018 10983)
4(10352 11017 11018 10353)
4(10982 10983 11018 11017)
4(10319 10354 11019 10984)
4(10353 11018 11019 10354)
4(10983 10984 11019 11018)
4(10320 10355 11020 10985)
4(10354 11019 11020 10355)
4(10984 10985 11020 11019)
4(10321 10356 11021 10986)
4(10355 11020 11021 10356)
4(10985 10986 11021 11020)
4(10322 10357 11022 10987)
4(10356 11021 11022 10357)
4(10986 10987 11022 11021)
4(10323 10358 11023 10988)
4(10357 11022 11023 10358)
4(10987 10988 11023 11022)
4(10358 11023 11024 10359)
4(10988 10989 11024 11023)
4(10326 10361 11026 10991)
4(10360 11025 11026 10361)
4(10990 10991 11026 11025)
4(10327 10362 11027 10992)
4(10361 11026 11027 10362)
4(10991 10992 11027 11026)
4(10328 10363 11028 10993)
4(10362 11027 11028 10363)
4(10992 10993 11028 11027)
4(10329 10364 11029 10994)
4(10363 11028 11029 10364)
4(10993 10994 11029 11028)
4(10330 10365 11030 10995)
4(10364 11029 11030 10365)
4(10994 10995 11030 11029)
4(10331 10366 11031 10996)
4(10365 11030 11031 10366)
4(10995 10996 11031 11030)
4(10332 10367 11032 10997)
4(10366 11031 11032 10367)
4(10996 10997 11032 11031)
4(10333 10368 11033 10998)
4(10367 11032 11033 10368)
4(10997 10998 11033 11032)
4(10334 10369 11034 10999)
4(10368 11033 11034 10369)
4(10998 10999 11034 11033)
4(10335 10370 11035 11000)
4(10369 11034 11035 10370)
4(10999 11000 11035 11034)
4(10336 10371 11036 11001)
4(10370 11035 11036 10371)
4(11000 11001 11036 11035)
4(10337 10372 11037 11002)
4(10371 11036 11037 10372)
4(11001 11002 11037 11036)
4(10338 10373 11038 11003)
4(10372 11037 11038 10373)
4(11002 11003 11038 11037)
4(10339 10374 11039 11004)
4(10373 11038 11039 10374)
4(11003 11004 11039 11038)
4(10340 10375 11040 11005)
4(10374 11039 11040 10375)
4(11004 11005 11040 11039)
4(10341 10376 11041 11006)
4(10375 11040 11041 10376)
4(11005 11006 11041 11040)
4(10342 10377 11042 11007)
4(10376 11041 11042 10377)
4(11006 11007 11042 11041)
4(10343 10378 11043 11008)
4(10377 11042 11043 10378)
4(11007 11008 11043 11042)
4(10344 10379 11044 11009)
4(10378 11043 11044 10379)
4(11008 11009 11044 11043)
4(10345 10380 11045 11010)
4(10379 11044 11045 10380)
4(11009 11010 11045 11044)
4(10346 10381 11046 11011)
4(10380 11045 11046 10381)
4(11010 11011 11046 11045)
4(10347 10382 11047 11012)
4(10381 11046 11047 10382)
4(11011 11012 11047 11046)
4(10348 10383 11048 11013)
4(10382 11047 11048 10383)
4(11012 11013 11048 11047)
4(10349 10384 11049 11014)
4(10383 11048 11049 10384)
4(11013 11014 11049 11048)
4(10350 10385 11050 11015)
4(10384 11049 11050 10385)
4(11014 11015 11050 11049)
4(10351 10386 11051 11016)
4(10385 11050 11051 10386)
4(11015 11016 11051 11050)
4(10352 10387 11052 11017)
4(10386 11051 11052 10387)
4(11016 11017 11052 11051)
4(10353 10388 11053 11018)
4(10387 11052 11053 10388)
4(11017 11018 11053 11052)
4(10354 10389 11054 11019)
4(10388 11053 11054 10389)
4(11018 11019 11054 11053)
4(10355 10390 11055 11020)
4(10389 11054 11055 10390)
4(11019 11020 11055 11054)
4(10356 10391 11056 11021)
4(10390 11055 11056 10391)
4(11020 11021 11056 11055)
4(10357 10392 11057 11022)
4(10391 11056 11057 10392)
4(11021 11022 11057 11056)
4(10358 10393 11058 11023)
4(10392 11057 11058 10393)
4(11022 11023 11058 11057)
4(10393 11058 11059 10394)
4(11023 11024 11059 11058)
4(10361 10396 11061 11026)
4(10395 11060 11061 10396)
4(11025 11026 11061 11060)
4(10362 10397 11062 11027)
4(10396 11061 11062 10397)
4(11026 11027 11062 11061)
4(10363 10398 11063 11028)
4(10397 11062 11063 10398)
4(11027 11028 11063 11062)
4(10364 10399 11064 11029)
4(10398 11063 11064 10399)
4(11028 11029 11064 11063)
4(10365 10400 11065 11030)
4(10399 11064 11065 10400)
4(11029 11030 11065 11064)
4(10366 10401 11066 11031)
4(10400 11065 11066 10401)
4(11030 11031 11066 11065)
4(10367 10402 11067 11032)
4(10401 11066 11067 10402)
4(11031 11032 11067 11066)
4(10368 10403 11068 11033)
4(10402 11067 11068 10403)
4(11032 11033 11068 11067)
4(10369 10404 11069 11034)
4(10403 11068 11069 10404)
4(11033 11034 11069 11068)
4(10370 10405 11070 11035)
4(10404 11069 11070 10405)
4(11034 11035 11070 11069)
4(10371 10406 11071 11036)
4(10405 11070 11071 10406)
4(11035 11036 11071 11070)
4(10372 10407 11072 11037)
4(10406 11071 11072 10407)
4(11036 11037 11072 11071)
4(10373 10408 11073 11038)
4(10407 11072 11073 10408)
4(11037 11038 11073 11072)
4(10374 10409 11074 11039)
4(10408 11073 11074 10409)
4(11038 11039 11074 11073)
4(10375 10410 11075 11040)
4(10409 11074 11075 10410)
4(11039 11040 11075 11074)
4(10376 10411 11076 11041)
4(10410 11075 11076 10411)
4(11040 11041 11076 11075)
4(10377 10412 11077 11042)
4(10411 11076 11077 10412)
4(11041 11042 11077 11076)
4(10378 10413 11078 11043)
4(10412 11077 11078 10413)
4(11042 11043 11078 11077)
4(10379 10414 11079 11044)
4(10413 11078 11079 10414)
4(11043 11044 11079 11078)
4(10380 10415 11080 11045)
4(10414 11079 11080 10415)
4(11044 11045 11080 11079)
4(10381 10416 11081 11046)
4(10415 11080 11081 10416)
4(11045 11046 11081 11080)
4(10382 10417 11082 11047)
4(10416 11081 11082 10417)
4(11046 11047 11082 11081)
4(10383 10418 11083 11048)
4(10417 11082 11083 10418)
4(11047 11048 11083 11082)
4(10384 10419 11084 11049)
4(10418 11083 11084 10419)
4(11048 11049 11084 11083)
4(10385 10420 11085 11050)
4(10419 11084 11085 10420)
4(11049 11050 11085 11084)
4(10386 10421 11086 11051)
4(10420 11085 11086 10421)
4(11050 11051 11086 11085)
4(10387 10422 11087 11052)
4(10421 11086 11087 10422)
4(11051 11052 11087 11086)
4(10388 10423 11088 11053)
4(10422 11087 11088 10423)
4(11052 11053 11088 11087)
4(10389 10424 11089 11054)
4(10423 11088 11089 10424)
4(11053 11054 11089 11088)
4(10390 10425 11090 11055)
4(10424 11089 11090 10425)
4(11054 11055 11090 11089)
4(10391 10426 11091 11056)
4(10425 11090 11091 10426)
4(11055 11056 11091 11090)
4(10392 10427 11092 11057)
4(10426 11091 11092 10427)
4(11056 11057 11092 11091)
4(10393 10428 11093 11058)
4(10427 11092 11093 10428)
4(11057 11058 11093 11092)
4(10428 11093 11094 10429)
4(11058 11059 11094 11093)
4(10396 10431 11096 11061)
4(10430 11095 11096 10431)
4(11060 11061 11096 11095)
4(10397 10432 11097 11062)
4(10431 11096 11097 10432)
4(11061 11062 11097 11096)
4(10398 10433 11098 11063)
4(10432 11097 11098 10433)
4(11062 11063 11098 11097)
4(10399 10434 11099 11064)
4(10433 11098 11099 10434)
4(11063 11064 11099 11098)
4(10400 10435 11100 11065)
4(10434 11099 11100 10435)
4(11064 11065 11100 11099)
4(10401 10436 11101 11066)
4(10435 11100 11101 10436)
4(11065 11066 11101 11100)
4(10402 10437 11102 11067)
4(10436 11101 11102 10437)
4(11066 11067 11102 11101)
4(10403 10438 11103 11068)
4(10437 11102 11103 10438)
4(11067 11068 11103 11102)
4(10404 10439 11104 11069)
4(10438 11103 11104 10439)
4(11068 11069 11104 11103)
4(10405 10440 11105 11070)
4(10439 11104 11105 10440)
4(11069 11070 11105 11104)
4(10406 10441 11106 11071)
4(10440 11105 11106 10441)
4(11070 11071 11106 11105)
4(10407 10442 11107 11072)
4(10441 11106 11107 10442)
4(11071 11072 11107 11106)
4(10408 10443 11108 11073)
4(10442 11107 11108 10443)
4(11072 11073 11108 11107)
4(10409 10444 11109 11074)
4(10443 11108 11109 10444)
4(11073 11074 11109 11108)
4(10410 10445 11110 11075)
4(10444 11109 11110 10445)
4(11074 11075 11110 11109)
4(10411 10446 11111 11076)
4(10445 11110 11111 10446)
4(11075 11076 11111 11110)
4(10412 10447 11112 11077)
4(10446 11111 11112 10447)
4(11076 11077 11112 11111)
4(10413 10448 11113 11078)
4(10447 11112 11113 10448)
4(11077 11078 11113 11112)
4(10414 10449 11114 11079)
4(10448 11113 11114 10449)
4(11078 11079 11114 11113)
4(10415 10450 11115 11080)
4(10449 11114 11115 10450)
4(11079 11080 11115 11114)
4(10416 10451 11116 11081)
4(10450 11115 11116 10451)
4(11080 11081 11116 11115)
4(10417 10452 11117 11082)
4(10451 11116 11117 10452)
4(11081 11082 11117 11116)
4(10418 10453 11118 11083)
4(10452 11117 11118 10453)
4(11082 11083 11118 11117)
4(10419 10454 11119 11084)
4(10453 11118 11119 10454)
4(11083 11084 11119 11118)
4(10420 10455 11120 11085)
4(10454 11119 11120 10455)
4(11084 11085 11120 11119)
4(10421 10456 11121 11086)
4(10455 11120 11121 10456)
4(11085 11086 11121 11120)
4(10422 10457 11122 11087)
4(10456 11121 11122 10457)
4(11086 11087 11122 11121)
4(10423 10458 11123 11088)
4(10457 11122 11123 10458)
4(11087 11088 11123 11122)
4(10424 10459 11124 11089)
4(10458 11123 11124 10459)
4(11088 11089 11124 11123)
4(10425 10460 11125 11090)
4(10459 11124 11125 10460)
4(11089 11090 11125 11124)
4(10426 10461 11126 11091)
4(10460 11125 11126 10461)
4(11090 11091 11126 11125)
4(10427 10462 11127 11092)
4(10461 11126 11127 10462)
4(11091 11092 11127 11126)
4(10428 10463 11128 11093)
4(10462 11127 11128 10463)
4(11092 11093 11128 11127)
4(10463 11128 11129 10464)
4(11093 11094 11129 11128)
4(10431 10466 11131 11096)
4(10465 11130 11131 10466)
4(11095 11096 11131 11130)
4(10432 10467 11132 11097)
4(10466 11131 11132 10467)
4(11096 11097 11132 11131)
4(10433 10468 11133 11098)
4(10467 11132 11133 10468)
4(11097 11098 11133 11132)
4(10434 10469 11134 11099)
4(10468 11133 11134 10469)
4(11098 11099 11134 11133)
4(10435 10470 11135 11100)
4(10469 11134 11135 10470)
4(11099 11100 11135 11134)
4(10436 10471 11136 11101)
4(10470 11135 11136 10471)
4(11100 11101 11136 11135)
4(10437 10472 11137 11102)
4(10471 11136 11137 10472)
4(11101 11102 11137 11136)
4(10438 10473 11138 11103)
4(10472 11137 11138 10473)
4(11102 11103 11138 11137)
4(10439 10474 11139 11104)
4(10473 11138 11139 10474)
4(11103 11104 11139 11138)
4(10440 10475 11140 11105)
4(10474 11139 11140 10475)
4(11104 11105 11140 11139)
4(10441 10476 11141 11106)
4(10475 11140 11141 10476)
4(11105 11106 11141 11140)
4(10442 10477 11142 11107)
4(10476 11141 11142 10477)
4(11106 11107 11142 11141)
4(10443 10478 11143 11108)
4(10477 11142 11143 10478)
4(11107 11108 11143 11142)
4(10444 10479 11144 11109)
4(10478 11143 11144 10479)
4(11108 11109 11144 11143)
4(10445 10480 11145 11110)
4(10479 11144 11145 10480)
4(11109 11110 11145 11144)
4(10446 10481 11146 11111)
4(10480 11145 11146 10481)
4(11110 11111 11146 11145)
4(10447 10482 11147 11112)
4(10481 11146 11147 10482)
4(11111 11112 11147 11146)
4(10448 10483 11148 11113)
4(10482 11147 11148 10483)
4(11112 11113 11148 11147)
4(10449 10484 11149 11114)
4(10483 11148 11149 10484)
4(11113 11114 11149 11148)
4(10450 10485 11150 11115)
4(10484 11149 11150 10485)
4(11114 11115 11150 11149)
4(10451 10486 11151 11116)
4(10485 11150 11151 10486)
4(11115 11116 11151 11150)
4(10452 10487 11152 11117)
4(10486 11151 11152 10487)
4(11116 11117 11152 11151)
4(10453 10488 11153 11118)
4(10487 11152 11153 10488)
4(11117 11118 11153 11152)
4(10454 10489 11154 11119)
4(10488 11153 11154 10489)
4(11118 11119 11154 11153)
4(10455 10490 11155 11120)
4(10489 11154 11155 10490)
4(11119 11120 11155 11154)
4(10456 10491 11156 11121)
4(10490 11155 11156 10491)
4(11120 11121 11156 11155)
4(10457 10492 11157 11122)
4(10491 11156 11157 10492)
4(11121 11122 11157 11156)
4(10458 10493 11158 11123)
4(10492 11157 11158 10493)
4(11122 11123 11158 11157)
4(10459 10494 11159 11124)
4(10493 11158 11159 10494)
4(11123 11124 11159 11158)
4(10460 10495 11160 11125)
4(10494 11159 11160 10495)
4(11124 11125 11160 11159)
4(10461 10496 11161 11126)
4(10495 11160 11161 10496)
4(11125 11126 11161 11160)
4(10462 10497 11162 11127)
4(10496 11161 11162 10497)
4(11126 11127 11162 11161)
4(10463 10498 11163 11128)
4(10497 11162 11163 10498)
4(11127 11128 11163 11162)
4(10498 11163 11164 10499)
4(11128 11129 11164 11163)
4(10466 10501 11166 11131)
4(10500 11165 11166 10501)
4(11130 11131 11166 11165)
4(10467 10502 11167 11132)
4(10501 11166 11167 10502)
4(11131 11132 11167 11166)
4(10468 10503 11168 11133)
4(10502 11167 11168 10503)
4(11132 11133 11168 11167)
4(10469 10504 11169 11134)
4(10503 11168 11169 10504)
4(11133 11134 11169 11168)
4(10470 10505 11170 11135)
4(10504 11169 11170 10505)
4(11134 11135 11170 11169)
4(10471 10506 11171 11136)
4(10505 11170 11171 10506)
4(11135 11136 11171 11170)
4(10472 10507 11172 11137)
4(10506 11171 11172 10507)
4(11136 11137 11172 11171)
4(10473 10508 11173 11138)
4(10507 11172 11173 10508)
4(11137 11138 11173 11172)
4(10474 10509 11174 11139)
4(10508 11173 11174 10509)
4(11138 11139 11174 11173)
4(10475 10510 11175 11140)
4(10509 11174 11175 10510)
4(11139 11140 11175 11174)
4(10476 10511 11176 11141)
4(10510 11175 11176 10511)
4(11140 11141 11176 11175)
4(10477 10512 11177 11142)
4(10511 11176 11177 10512)
4(11141 11142 11177 11176)
4(10478 10513 11178 11143)
4(10512 11177 11178 10513)
4(11142 11143 11178 11177)
4(10479 10514 11179 11144)
4(10513 11178 11179 10514)
4(11143 11144 11179 11178)
4(10480 10515 11180 11145)
4(10514 11179 11180 10515)
4(11144 11145 11180 11179)
4(10481 10516 11181 11146)
4(10515 11180 11181 10516)
4(11145 11146 11181 11180)
4(10482 10517 11182 11147)
4(10516 11181 11182 10517)
4(11146 11147 11182 11181)
4(10483 10518 11183 11148)
4(10517 11182 11183 10518)
4(11147 11148 11183 11182)
4(10484 10519 11184 11149)
4(10518 11183 11184 10519)
4(11148 11149 11184 11183)
4(10485 10520 11185 11150)
4(10519 11184 11185 10520)
4(11149 11150 11185 11184)
4(10486 10521 11186 11151)
4(10520 11185 11186 10521)
4(11150 11151 11186 11185)
4(10487 10522 11187 11152)
4(10521 11186 11187 10522)
4(11151 11152 11187 11186)
4(10488 10523 11188 11153)
4(10522 11187 11188 10523)
4(11152 11153 11188 11187)
4(10489 10524 11189 11154)
4(10523 11188 11189 10524)
4(11153 11154 11189 11188)
4(10490 10525 11190 11155)
4(10524 11189 11190 10525)
4(11154 11155 11190 11189)
4(10491 10526 11191 11156)
4(10525 11190 11191 10526)
4(11155 11156 11191 11190)
4(10492 10527 11192 11157)
4(10526 11191 11192 10527)
4(11156 11157 11192 11191)
4(10493 10528 11193 11158)
4(10527 11192 11193 10528)
4(11157 11158 11193 11192)
4(10494 10529 11194 11159)
4(10528 11193 11194 10529)
4(11158 11159 11194 11193)
4(10495 10530 11195 11160)
4(10529 11194 11195 10530)
4(11159 11160 11195 11194)
4(10496 10531 11196 11161)
4(10530 11195 11196 10531)
4(11160 11161 11196 11195)
4(10497 10532 11197 11162)
4(10531 11196 11197 10532)
4(11161 11162 11197 11196)
4(10498 10533 11198 11163)
4(10532 11197 11198 10533)
4(11162 11163 11198 11197)
4(10533 11198 11199 10534)
4(11163 11164 11199 11198)
4(10501 10536 11201 11166)
4(10535 11200 11201 10536)
4(11165 11166 11201 11200)
4(10502 10537 11202 11167)
4(10536 11201 11202 10537)
4(11166 11167 11202 11201)
4(10503 10538 11203 11168)
4(10537 11202 11203 10538)
4(11167 11168 11203 11202)
4(10504 10539 11204 11169)
4(10538 11203 11204 10539)
4(11168 11169 11204 11203)
4(10505 10540 11205 11170)
4(10539 11204 11205 10540)
4(11169 11170 11205 11204)
4(10506 10541 11206 11171)
4(10540 11205 11206 10541)
4(11170 11171 11206 11205)
4(10507 10542 11207 11172)
4(10541 11206 11207 10542)
4(11171 11172 11207 11206)
4(10508 10543 11208 11173)
4(10542 11207 11208 10543)
4(11172 11173 11208 11207)
4(10509 10544 11209 11174)
4(10543 11208 11209 10544)
4(11173 11174 11209 11208)
4(10510 10545 11210 11175)
4(10544 11209 11210 10545)
4(11174 11175 11210 11209)
4(10511 10546 11211 11176)
4(10545 11210 11211 10546)
4(11175 11176 11211 11210)
4(10512 10547 11212 11177)
4(10546 11211 11212 10547)
4(11176 11177 11212 11211)
4(10513 10548 11213 11178)
4(10547 11212 11213 10548)
4(11177 11178 11213 11212)
4(10514 10549 11214 11179)
4(10548 11213 11214 10549)
4(11178 11179 11214 11213)
4(10515 10550 11215 11180)
4(10549 11214 11215 10550)
4(11179 11180 11215 11214)
4(10516 10551 11216 11181)
4(10550 11215 11216 10551)
4(11180 11181 11216 11215)
4(10517 10552 11217 11182)
4(10551 11216 11217 10552)
4(11181 11182 11217 11216)
4(10518 10553 11218 11183)
4(10552 11217 11218 10553)
4(11182 11183 11218 11217)
4(10519 10554 11219 11184)
4(10553 11218 11219 10554)
4(11183 11184 11219 11218)
4(10520 10555 11220 11185)
4(10554 11219 11220 10555)
4(11184 11185 11220 11219)
4(10521 10556 11221 11186)
4(10555 11220 11221 10556)
4(11185 11186 11221 11220)
4(10522 10557 11222 11187)
4(10556 11221 11222 10557)
4(11186 11187 11222 11221)
4(10523 10558 11223 11188)
4(10557 11222 11223 10558)
4(11187 11188 11223 11222)
4(10524 10559 11224 11189)
4(10558 11223 11224 10559)
4(11188 11189 11224 11223)
4(10525 10560 11225 11190)
4(10559 11224 11225 10560)
4(11189 11190 11225 11224)
4(10526 10561 11226 11191)
4(10560 11225 11226 10561)
4(11190 11191 11226 11225)
4(10527 10562 11227 11192)
4(10561 11226 11227 10562)
4(11191 11192 11227 11226)
4(10528 10563 11228 11193)
4(10562 11227 11228 10563)
4(11192 11193 11228 11227)
4(10529 10564 11229 11194)
4(10563 11228 11229 10564)
4(11193 11194 11229 11228)
4(10530 10565 11230 11195)
4(10564 11229 11230 10565)
4(11194 11195 11230 11229)
4(10531 10566 11231 11196)
4(10565 11230 11231 10566)
4(11195 11196 11231 11230)
4(10532 10567 11232 11197)
4(10566 11231 11232 10567)
4(11196 11197 11232 11231)
4(10533 10568 11233 11198)
4(10567 11232 11233 10568)
4(11197 11198 11233 11232)
4(10568 11233 11234 10569)
4(11198 11199 11234 11233)
4(10536 10571 11236 11201)
4(10570 11235 11236 10571)
4(11200 11201 11236 11235)
4(10537 10572 11237 11202)
4(10571 11236 11237 10572)
4(11201 11202 11237 11236)
4(10538 10573 11238 11203)
4(10572 11237 11238 10573)
4(11202 11203 11238 11237)
4(10539 10574 11239 11204)
4(10573 11238 11239 10574)
4(11203 11204 11239 11238)
4(10540 10575 11240 11205)
4(10574 11239 11240 10575)
4(11204 11205 11240 11239)
4(10541 10576 11241 11206)
4(10575 11240 11241 10576)
4(11205 11206 11241 11240)
4(10542 10577 11242 11207)
4(10576 11241 11242 10577)
4(11206 11207 11242 11241)
4(10543 10578 11243 11208)
4(10577 11242 11243 10578)
4(11207 11208 11243 11242)
4(10544 10579 11244 11209)
4(10578 11243 11244 10579)
4(11208 11209 11244 11243)
4(10545 10580 11245 11210)
4(10579 11244 11245 10580)
4(11209 11210 11245 11244)
4(10546 10581 11246 11211)
4(10580 11245 11246 10581)
4(11210 11211 11246 11245)
4(10547 10582 11247 11212)
4(10581 11246 11247 10582)
4(11211 11212 11247 11246)
4(10548 10583 11248 11213)
4(10582 11247 11248 10583)
4(11212 11213 11248 11247)
4(10549 10584 11249 11214)
4(10583 11248 11249 10584)
4(11213 11214 11249 11248)
4(10550 10585 11250 11215)
4(10584 11249 11250 10585)
4(11214 11215 11250 11249)
4(10551 10586 11251 11216)
4(10585 11250 11251 10586)
4(11215 11216 11251 11250)
4(10552 10587 11252 11217)
4(10586 11251 11252 10587)
4(11216 11217 11252 11251)
4(10553 10588 11253 11218)
4(10587 11252 11253 10588)
4(11217 11218 11253 11252)
4(10554 10589 11254 11219)
4(10588 11253 11254 10589)
4(11218 11219 11254 11253)
4(10555 10590 11255 11220)
4(10589 11254 11255 10590)
4(11219 11220 11255 11254)
4(10556 10591 11256 11221)
4(10590 11255 11256 10591)
4(11220 11221 11256 11255)
4(10557 10592 11257 11222)
4(10591 11256 11257 10592)
4(11221 11222 11257 11256)
4(10558 10593 11258 11223)
4(10592 11257 11258 10593)
4(11222 11223 11258 11257)
4(10559 10594 11259 11224)
4(10593 11258 11259 10594)
4(11223 11224 11259 11258)
4(10560 10595 11260 11225)
4(10594 11259 11260 10595)
4(11224 11225 11260 11259)
4(10561 10596 11261 11226)
4(10595 11260 11261 10596)
4(11225 11226 11261 11260)
4(10562 10597 11262 11227)
4(10596 11261 11262 10597)
4(11226 11227 11262 11261)
4(10563 10598 11263 11228)
4(10597 11262 11263 10598)
4(11227 11228 11263 11262)
4(10564 10599 11264 11229)
4(10598 11263 11264 10599)
4(11228 11229 11264 11263)
4(10565 10600 11265 11230)
4(10599 11264 11265 10600)
4(11229 11230 11265 11264)
4(10566 10601 11266 11231)
4(10600 11265 11266 10601)
4(11230 11231 11266 11265)
4(10567 10602 11267 11232)
4(10601 11266 11267 10602)
4(11231 11232 11267 11266)
4(10568 10603 11268 11233)
4(10602 11267 11268 10603)
4(11232 11233 11268 11267)
4(10603 11268 11269 10604)
4(11233 11234 11269 11268)
4(10571 10606 11271 11236)
4(11235 11236 11271 11270)
4(10572 10607 11272 11237)
4(11236 11237 11272 11271)
4(10573 10608 11273 11238)
4(11237 11238 11273 11272)
4(10574 10609 11274 11239)
4(11238 11239 11274 11273)
4(10575 10610 11275 11240)
4(11239 11240 11275 11274)
4(10576 10611 11276 11241)
4(11240 11241 11276 11275)
4(10577 10612 11277 11242)
4(11241 11242 11277 11276)
4(10578 10613 11278 11243)
4(11242 11243 11278 11277)
4(10579 10614 11279 11244)
4(11243 11244 11279 11278)
4(10580 10615 11280 11245)
4(11244 11245 11280 11279)
4(10581 10616 11281 11246)
4(11245 11246 11281 11280)
4(10582 10617 11282 11247)
4(11246 11247 11282 11281)
4(10583 10618 11283 11248)
4(11247 11248 11283 11282)
4(10584 10619 11284 11249)
4(11248 11249 11284 11283)
4(10585 10620 11285 11250)
4(11249 11250 11285 11284)
4(10586 10621 11286 11251)
4(11250 11251 11286 11285)
4(10587 10622 11287 11252)
4(11251 11252 11287 11286)
4(10588 10623 11288 11253)
4(11252 11253 11288 11287)
4(10589 10624 11289 11254)
4(11253 11254 11289 11288)
4(10590 10625 11290 11255)
4(11254 11255 11290 11289)
4(10591 10626 11291 11256)
4(11255 11256 11291 11290)
4(10592 10627 11292 11257)
4(11256 11257 11292 11291)
4(10593 10628 11293 11258)
4(11257 11258 11293 11292)
4(10594 10629 11294 11259)
4(11258 11259 11294 11293)
4(10595 10630 11295 11260)
4(11259 11260 11295 11294)
4(10596 10631 11296 11261)
4(11260 11261 11296 11295)
4(10597 10632 11297 11262)
4(11261 11262 11297 11296)
4(10598 10633 11298 11263)
4(11262 11263 11298 11297)
4(10599 10634 11299 11264)
4(11263 11264 11299 11298)
4(10600 10635 11300 11265)
4(11264 11265 11300 11299)
4(10601 10636 11301 11266)
4(11265 11266 11301 11300)
4(10602 10637 11302 11267)
4(11266 11267 11302 11301)
4(10603 10638 11303 11268)
4(11267 11268 11303 11302)
4(11268 11269 11304 11303)
4(10641 10676 11341 11306)
4(10675 11340 11341 10676)
4(11305 11306 11341 11340)
4(10642 10677 11342 11307)
4(10676 11341 11342 10677)
4(11306 11307 11342 11341)
4(10643 10678 11343 11308)
4(10677 11342 11343 10678)
4(11307 11308 11343 11342)
4(10644 10679 11344 11309)
4(10678 11343 11344 10679)
4(11308 11309 11344 11343)
4(10645 10680 11345 11310)
4(10679 11344 11345 10680)
4(11309 11310 11345 11344)
4(10646 10681 11346 11311)
4(10680 11345 11346 10681)
4(11310 11311 11346 11345)
4(10647 10682 11347 11312)
4(10681 11346 11347 10682)
4(11311 11312 11347 11346)
4(10648 10683 11348 11313)
4(10682 11347 11348 10683)
4(11312 11313 11348 11347)
4(10649 10684 11349 11314)
4(10683 11348 11349 10684)
4(11313 11314 11349 11348)
4(10650 10685 11350 11315)
4(10684 11349 11350 10685)
4(11314 11315 11350 11349)
4(10651 10686 11351 11316)
4(10685 11350 11351 10686)
4(11315 11316 11351 11350)
4(10652 10687 11352 11317)
4(10686 11351 11352 10687)
4(11316 11317 11352 11351)
4(10653 10688 11353 11318)
4(10687 11352 11353 10688)
4(11317 11318 11353 11352)
4(10654 10689 11354 11319)
4(10688 11353 11354 10689)
4(11318 11319 11354 11353)
4(10655 10690 11355 11320)
4(10689 11354 11355 10690)
4(11319 11320 11355 11354)
4(10656 10691 11356 11321)
4(10690 11355 11356 10691)
4(11320 11321 11356 11355)
4(10657 10692 11357 11322)
4(10691 11356 11357 10692)
4(11321 11322 11357 11356)
4(10658 10693 11358 11323)
4(10692 11357 11358 10693)
4(11322 11323 11358 11357)
4(10659 10694 11359 11324)
4(10693 11358 11359 10694)
4(11323 11324 11359 11358)
4(10660 10695 11360 11325)
4(10694 11359 11360 10695)
4(11324 11325 11360 11359)
4(10661 10696 11361 11326)
4(10695 11360 11361 10696)
4(11325 11326 11361 11360)
4(10662 10697 11362 11327)
4(10696 11361 11362 10697)
4(11326 11327 11362 11361)
4(10663 10698 11363 11328)
4(10697 11362 11363 10698)
4(11327 11328 11363 11362)
4(10664 10699 11364 11329)
4(10698 11363 11364 10699)
4(11328 11329 11364 11363)
4(10665 10700 11365 11330)
4(10699 11364 11365 10700)
4(11329 11330 11365 11364)
4(10666 10701 11366 11331)
4(10700 11365 11366 10701)
4(11330 11331 11366 11365)
4(10667 10702 11367 11332)
4(10701 11366 11367 10702)
4(11331 11332 11367 11366)
4(10668 10703 11368 11333)
4(10702 11367 11368 10703)
4(11332 11333 11368 11367)
4(10669 10704 11369 11334)
4(10703 11368 11369 10704)
4(11333 11334 11369 11368)
4(10670 10705 11370 11335)
4(10704 11369 11370 10705)
4(11334 11335 11370 11369)
4(10671 10706 11371 11336)
4(10705 11370 11371 10706)
4(11335 11336 11371 11370)
4(10672 10707 11372 11337)
4(10706 11371 11372 10707)
4(11336 11337 11372 11371)
4(10673 10708 11373 11338)
4(10707 11372 11373 10708)
4(11337 11338 11373 11372)
4(10708 11373 11374 10709)
4(11338 11339 11374 11373)
4(10676 10711 11376 11341)
4(10710 11375 11376 10711)
4(11340 11341 11376 11375)
4(10677 10712 11377 11342)
4(10711 11376 11377 10712)
4(11341 11342 11377 11376)
4(10678 10713 11378 11343)
4(10712 11377 11378 10713)
4(11342 11343 11378 11377)
4(10679 10714 11379 11344)
4(10713 11378 11379 10714)
4(11343 11344 11379 11378)
4(10680 10715 11380 11345)
4(10714 11379 11380 10715)
4(11344 11345 11380 11379)
4(10681 10716 11381 11346)
4(10715 11380 11381 10716)
4(11345 11346 11381 11380)
4(10682 10717 11382 11347)
4(10716 11381 11382 10717)
4(11346 11347 11382 11381)
4(10683 10718 11383 11348)
4(10717 11382 11383 10718)
4(11347 11348 11383 11382)
4(10684 10719 11384 11349)
4(10718 11383 11384 10719)
4(11348 11349 11384 11383)
4(10685 10720 11385 11350)
4(10719 11384 11385 10720)
4(11349 11350 11385 11384)
4(10686 10721 11386 11351)
4(10720 11385 11386 10721)
4(11350 11351 11386 11385)
4(10687 10722 11387 11352)
4(10721 11386 11387 10722)
4(11351 11352 11387 11386)
4(10688 10723 11388 11353)
4(10722 11387 11388 10723)
4(11352 11353 11388 11387)
4(10689 10724 11389 11354)
4(10723 11388 11389 10724)
4(11353 11354 11389 11388)
4(10690 10725 11390 11355)
4(10724 11389 11390 10725)
4(11354 11355 11390 11389)
4(10691 10726 11391 11356)
4(10725 11390 11391 10726)
4(11355 11356 11391 11390)
4(10692 10727 11392 11357)
4(10726 11391 11392 10727)
4(11356 11357 11392 11391)
4(10693 10728 11393 11358)
4(10727 11392 11393 10728)
4(11357 11358 11393 11392)
4(10694 10729 11394 11359)
4(10728 11393 11394 10729)
4(11358 11359 11394 11393)
4(10695 10730 11395 11360)
4(10729 11394 11395 10730)
4(11359 11360 11395 11394)
4(10696 10731 11396 11361)
4(10730 11395 11396 10731)
4(11360 11361 11396 11395)
4(10697 10732 11397 11362)
4(10731 11396 11397 10732)
4(11361 11362 11397 11396)
4(10698 10733 11398 11363)
4(10732 11397 11398 10733)
4(11362 11363 11398 11397)
4(10699 10734 11399 11364)
4(10733 11398 11399 10734)
4(11363 11364 11399 11398)
4(10700 10735 11400 11365)
4(10734 11399 11400 10735)
4(11364 11365 11400 11399)
4(10701 10736 11401 11366)
4(10735 11400 11401 10736)
4(11365 11366 11401 11400)
4(10702 10737 11402 11367)
4(10736 11401 11402 10737)
4(11366 11367 11402 11401)
4(10703 10738 11403 11368)
4(10737 11402 11403 10738)
4(11367 11368 11403 11402)
4(10704 10739 11404 11369)
4(10738 11403 11404 10739)
4(11368 11369 11404 11403)
4(10705 10740 11405 11370)
4(10739 11404 11405 10740)
4(11369 11370 11405 11404)
4(10706 10741 11406 11371)
4(10740 11405 11406 10741)
4(11370 11371 11406 11405)
4(10707 10742 11407 11372)
4(10741 11406 11407 10742)
4(11371 11372 11407 11406)
4(10708 10743 11408 11373)
4(10742 11407 11408 10743)
4(11372 11373 11408 11407)
4(10743 11408 11409 10744)
4(11373 11374 11409 11408)
4(10711 10746 11411 11376)
4(10745 11410 11411 10746)
4(11375 11376 11411 11410)
4(10712 10747 11412 11377)
4(10746 11411 11412 10747)
4(11376 11377 11412 11411)
4(10713 10748 11413 11378)
4(10747 11412 11413 10748)
4(11377 11378 11413 11412)
4(10714 10749 11414 11379)
4(10748 11413 11414 10749)
4(11378 11379 11414 11413)
4(10715 10750 11415 11380)
4(10749 11414 11415 10750)
4(11379 11380 11415 11414)
4(10716 10751 11416 11381)
4(10750 11415 11416 10751)
4(11380 11381 11416 11415)
4(10717 10752 11417 11382)
4(10751 11416 11417 10752)
4(11381 11382 11417 11416)
4(10718 10753 11418 11383)
4(10752 11417 11418 10753)
4(11382 11383 11418 11417)
4(10719 10754 11419 11384)
4(10753 11418 11419 10754)
4(11383 11384 11419 11418)
4(10720 10755 11420 11385)
4(10754 11419 11420 10755)
4(11384 11385 11420 11419)
4(10721 10756 11421 11386)
4(10755 11420 11421 10756)
4(11385 11386 11421 11420)
4(10722 10757 11422 11387)
4(10756 11421 11422 10757)
4(11386 11387 11422 11421)
4(10723 10758 11423 11388)
4(10757 11422 11423 10758)
4(11387 11388 11423 11422)
4(10724 10759 11424 11389)
4(10758 11423 11424 10759)
4(11388 11389 11424 11423)
4(10725 10760 11425 11390)
4(10759 11424 11425 10760)
4(11389 11390 11425 11424)
4(10726 10761 11426 11391)
4(10760 11425 11426 10761)
4(11390 11391 11426 11425)
4(10727 10762 11427 11392)
4(10761 11426 11427 10762)
4(11391 11392 11427 11426)
4(10728 10763 11428 11393)
4(10762 11427 11428 10763)
4(11392 11393 11428 11427)
4(10729 10764 11429 11394)
4(10763 11428 11429 10764)
4(11393 11394 11429 11428)
4(10730 10765 11430 11395)
4(10764 11429 11430 10765)
4(11394 11395 11430 11429)
4(10731 10766 11431 11396)
4(10765 11430 11431 10766)
4(11395 11396 11431 11430)
4(10732 10767 11432 11397)
4(10766 11431 11432 10767)
4(11396 11397 11432 11431)
4(10733 10768 11433 11398)
4(10767 11432 11433 10768)
4(11397 11398 11433 11432)
4(10734 10769 11434 11399)
4(10768 11433 11434 10769)
4(11398 11399 11434 11433)
4(10735 10770 11435 11400)
4(10769 11434 11435 10770)
4(11399 11400 11435 11434)
4(10736 10771 11436 11401)
4(10770 11435 11436 10771)
4(11400 11401 11436 11435)
4(10737 10772 11437 11402)
4(10771 11436 11437 10772)
4(11401 11402 11437 11436)
4(10738 10773 11438 11403)
4(10772 11437 11438 10773)
4(11402 11403 11438 11437)
4(10739 10774 11439 11404)
4(10773 11438 11439 10774)
4(11403 11404 11439 11438)
4(10740 10775 11440 11405)
4(10774 11439 11440 10775)
4(11404 11405 11440 11439)
4(10741 10776 11441 11406)
4(10775 11440 11441 10776)
4(11405 11406 11441 11440)
4(10742 10777 11442 11407)
4(10776 11441 11442 10777)
4(11406 11407 11442 11441)
4(10743 10778 11443 11408)
4(10777 11442 11443 10778)
4(11407 11408 11443 11442)
4(10778 11443 11444 10779)
4(11408 11409 11444 11443)
4(10746 10781 11446 11411)
4(10780 11445 11446 10781)
4(11410 11411 11446 11445)
4(10747 10782 11447 11412)
4(10781 11446 11447 10782)
4(11411 11412 11447 11446)
4(10748 10783 11448 11413)
4(10782 11447 11448 10783)
4(11412 11413 11448 11447)
4(10749 10784 11449 11414)
4(10783 11448 11449 10784)
4(11413 11414 11449 11448)
4(10750 10785 11450 11415)
4(10784 11449 11450 10785)
4(11414 11415 11450 11449)
4(10751 10786 11451 11416)
4(10785 11450 11451 10786)
4(11415 11416 11451 11450)
4(10752 10787 11452 11417)
4(10786 11451 11452 10787)
4(11416 11417 11452 11451)
4(10753 10788 11453 11418)
4(10787 11452 11453 10788)
4(11417 11418 11453 11452)
4(10754 10789 11454 11419)
4(10788 11453 11454 10789)
4(11418 11419 11454 11453)
4(10755 10790 11455 11420)
4(10789 11454 11455 10790)
4(11419 11420 11455 11454)
4(10756 10791 11456 11421)
4(10790 11455 11456 10791)
4(11420 11421 11456 11455)
4(10757 10792 11457 11422)
4(10791 11456 11457 10792)
4(11421 11422 11457 11456)
4(10758 10793 11458 11423)
4(10792 11457 11458 10793)
4(11422 11423 11458 11457)
4(10759 10794 11459 11424)
4(10793 11458 11459 10794)
4(11423 11424 11459 11458)
4(10760 10795 11460 11425)
4(10794 11459 11460 10795)
4(11424 11425 11460 11459)
4(10761 10796 11461 11426)
4(10795 11460 11461 10796)
4(11425 11426 11461 11460)
4(10762 10797 11462 11427)
4(10796 11461 11462 10797)
4(11426 11427 11462 11461)
4(10763 10798 11463 11428)
4(10797 11462 11463 10798)
4(11427 11428 11463 11462)
4(10764 10799 11464 11429)
4(10798 11463 11464 10799)
4(11428 11429 11464 11463)
4(10765 10800 11465 11430)
4(10799 11464 11465 10800)
4(11429 11430 11465 11464)
4(10766 10801 11466 11431)
4(10800 11465 11466 10801)
4(11430 11431 11466 11465)
4(10767 10802 11467 11432)
4(10801 11466 11467 10802)
4(11431 11432 11467 11466)
4(10768 10803 11468 11433)
4(10802 11467 11468 10803)
4(11432 11433 11468 11467)
4(10769 10804 11469 11434)
4(10803 11468 11469 10804)
4(11433 11434 11469 11468)
4(10770 10805 11470 11435)
4(10804 11469 11470 10805)
4(11434 11435 11470 11469)
4(10771 10806 11471 11436)
4(10805 11470 11471 10806)
4(11435 11436 11471 11470)
4(10772 10807 11472 11437)
4(10806 11471 11472 10807)
4(11436 11437 11472 11471)
4(10773 10808 11473 11438)
4(10807 11472 11473 10808)
4(11437 11438 11473 11472)
4(10774 10809 11474 11439)
4(10808 11473 11474 10809)
4(11438 11439 11474 11473)
4(10775 10810 11475 11440)
4(10809 11474 11475 10810)
4(11439 11440 11475 11474)
4(10776 10811 11476 11441)
4(10810 11475 11476 10811)
4(11440 11441 11476 11475)
4(10777 10812 11477 11442)
4(10811 11476 11477 10812)
4(11441 11442 11477 11476)
4(10778 10813 11478 11443)
4(10812 11477 11478 10813)
4(11442 11443 11478 11477)
4(10813 11478 11479 10814)
4(11443 11444 11479 11478)
4(10781 10816 11481 11446)
4(10815 11480 11481 10816)
4(11445 11446 11481 11480)
4(10782 10817 11482 11447)
4(10816 11481 11482 10817)
4(11446 11447 11482 11481)
4(10783 10818 11483 11448)
4(10817 11482 11483 10818)
4(11447 11448 11483 11482)
4(10784 10819 11484 11449)
4(10818 11483 11484 10819)
4(11448 11449 11484 11483)
4(10785 10820 11485 11450)
4(10819 11484 11485 10820)
4(11449 11450 11485 11484)
4(10786 10821 11486 11451)
4(10820 11485 11486 10821)
4(11450 11451 11486 11485)
4(10787 10822 11487 11452)
4(10821 11486 11487 10822)
4(11451 11452 11487 11486)
4(10788 10823 11488 11453)
4(10822 11487 11488 10823)
4(11452 11453 11488 11487)
4(10789 10824 11489 11454)
4(10823 11488 11489 10824)
4(11453 11454 11489 11488)
4(10790 10825 11490 11455)
4(10824 11489 11490 10825)
4(11454 11455 11490 11489)
4(10791 10826 11491 11456)
4(10825 11490 11491 10826)
4(11455 11456 11491 11490)
4(10792 10827 11492 11457)
4(10826 11491 11492 10827)
4(11456 11457 11492 11491)
4(10793 10828 11493 11458)
4(10827 11492 11493 10828)
4(11457 11458 11493 11492)
4(10794 10829 11494 11459)
4(10828 11493 11494 10829)
4(11458 11459 11494 11493)
4(10795 10830 11495 11460)
4(10829 11494 11495 10830)
4(11459 11460 11495 11494)
4(10796 10831 11496 11461)
4(10830 11495 11496 10831)
4(11460 11461 11496 11495)
4(10797 10832 11497 11462)
4(10831 11496 11497 10832)
4(11461 11462 11497 11496)
4(10798 10833 11498 11463)
4(10832 11497 11498 10833)
4(11462 11463 11498 11497)
4(10799 10834 11499 11464)
4(10833 11498 11499 10834)
4(11463 11464 11499 11498)
4(10800 10835 11500 11465)
4(10834 11499 11500 10835)
4(11464 11465 11500 11499)
4(10801 10836 11501 11466)
4(10835 11500 11501 10836)
4(11465 11466 11501 11500)
4(10802 10837 11502 11467)
4(10836 11501 11502 10837)
4(11466 11467 11502 11501)
4(10803 10838 11503 11468)
4(10837 11502 11503 10838)
4(11467 11468 11503 11502)
4(10804 10839 11504 11469)
4(10838 11503 11504 10839)
4(11468 11469 11504 11503)
4(10805 10840 11505 11470)
4(10839 11504 11505 10840)
4(11469 11470 11505 11504)
4(10806 10841 11506 11471)
4(10840 11505 11506 10841)
4(11470 11471 11506 11505)
4(10807 10842 11507 11472)
4(10841 11506 11507 10842)
4(11471 11472 11507 11506)
4(10808 10843 11508 11473)
4(10842 11507 11508 10843)
4(11472 11473 11508 11507)
4(10809 10844 11509 11474)
4(10843 11508 11509 10844)
4(11473 11474 11509 11508)
4(10810 10845 11510 11475)
4(10844 11509 11510 10845)
4(11474 11475 11510 11509)
4(10811 10846 11511 11476)
4(10845 11510 11511 10846)
4(11475 11476 11511 11510)
4(10812 10847 11512 11477)
4(10846 11511 11512 10847)
4(11476 11477 11512 11511)
4(10813 10848 11513 11478)
4(10847 11512 11513 10848)
4(11477 11478 11513 11512)
4(10848 11513 11514 10849)
4(11478 11479 11514 11513)
4(10816 10851 11516 11481)
4(10850 11515 11516 10851)
4(11480 11481 11516 11515)
4(10817 10852 11517 11482)
4(10851 11516 11517 10852)
4(11481 11482 11517 11516)
4(10818 10853 11518 11483)
4(10852 11517 11518 10853)
4(11482 11483 11518 11517)
4(10819 10854 11519 11484)
4(10853 11518 11519 10854)
4(11483 11484 11519 11518)
4(10820 10855 11520 11485)
4(10854 11519 11520 10855)
4(11484 11485 11520 11519)
4(10821 10856 11521 11486)
4(10855 11520 11521 10856)
4(11485 11486 11521 11520)
4(10822 10857 11522 11487)
4(10856 11521 11522 10857)
4(11486 11487 11522 11521)
4(10823 10858 11523 11488)
4(10857 11522 11523 10858)
4(11487 11488 11523 11522)
4(10824 10859 11524 11489)
4(10858 11523 11524 10859)
4(11488 11489 11524 11523)
4(10825 10860 11525 11490)
4(10859 11524 11525 10860)
4(11489 11490 11525 11524)
4(10826 10861 11526 11491)
4(10860 11525 11526 10861)
4(11490 11491 11526 11525)
4(10827 10862 11527 11492)
4(10861 11526 11527 10862)
4(11491 11492 11527 11526)
4(10828 10863 11528 11493)
4(10862 11527 11528 10863)
4(11492 11493 11528 11527)
4(10829 10864 11529 11494)
4(10863 11528 11529 10864)
4(11493 11494 11529 11528)
4(10830 10865 11530 11495)
4(10864 11529 11530 10865)
4(11494 11495 11530 11529)
4(10831 10866 11531 11496)
4(10865 11530 11531 10866)
4(11495 11496 11531 11530)
4(10832 10867 11532 11497)
4(10866 11531 11532 10867)
4(11496 11497 11532 11531)
4(10833 10868 11533 11498)
4(10867 11532 11533 10868)
4(11497 11498 11533 11532)
4(10834 10869 11534 11499)
4(10868 11533 11534 10869)
4(11498 11499 11534 11533)
4(10835 10870 11535 11500)
4(10869 11534 11535 10870)
4(11499 11500 11535 11534)
4(10836 10871 11536 11501)
4(10870 11535 11536 10871)
4(11500 11501 11536 11535)
4(10837 10872 11537 11502)
4(10871 11536 11537 10872)
4(11501 11502 11537 11536)
4(10838 10873 11538 11503)
4(10872 11537 11538 10873)
4(11502 11503 11538 11537)
4(10839 10874 11539 11504)
4(10873 11538 11539 10874)
4(11503 11504 11539 11538)
4(10840 10875 11540 11505)
4(10874 11539 11540 10875)
4(11504 11505 11540 11539)
4(10841 10876 11541 11506)
4(10875 11540 11541 10876)
4(11505 11506 11541 11540)
4(10842 10877 11542 11507)
4(10876 11541 11542 10877)
4(11506 11507 11542 11541)
4(10843 10878 11543 11508)
4(10877 11542 11543 10878)
4(11507 11508 11543 11542)
4(10844 10879 11544 11509)
4(10878 11543 11544 10879)
4(11508 11509 11544 11543)
4(10845 10880 11545 11510)
4(10879 11544 11545 10880)
4(11509 11510 11545 11544)
4(10846 10881 11546 11511)
4(10880 11545 11546 10881)
4(11510 11511 11546 11545)
4(10847 10882 11547 11512)
4(10881 11546 11547 10882)
4(11511 11512 11547 11546)
4(10848 10883 11548 11513)
4(10882 11547 11548 10883)
4(11512 11513 11548 11547)
4(10883 11548 11549 10884)
4(11513 11514 11549 11548)
4(10851 10886 11551 11516)
4(10885 11550 11551 10886)
4(11515 11516 11551 11550)
4(10852 10887 11552 11517)
4(10886 11551 11552 10887)
4(11516 11517 11552 11551)
4(10853 10888 11553 11518)
4(10887 11552 11553 10888)
4(11517 11518 11553 11552)
4(10854 10889 11554 11519)
4(10888 11553 11554 10889)
4(11518 11519 11554 11553)
4(10855 10890 11555 11520)
4(10889 11554 11555 10890)
4(11519 11520 11555 11554)
4(10856 10891 11556 11521)
4(10890 11555 11556 10891)
4(11520 11521 11556 11555)
4(10857 10892 11557 11522)
4(10891 11556 11557 10892)
4(11521 11522 11557 11556)
4(10858 10893 11558 11523)
4(10892 11557 11558 10893)
4(11522 11523 11558 11557)
4(10859 10894 11559 11524)
4(10893 11558 11559 10894)
4(11523 11524 11559 11558)
4(10860 10895 11560 11525)
4(10894 11559 11560 10895)
4(11524 11525 11560 11559)
4(10861 10896 11561 11526)
4(10895 11560 11561 10896)
4(11525 11526 11561 11560)
4(10862 10897 11562 11527)
4(10896 11561 11562 10897)
4(11526 11527 11562 11561)
4(10863 10898 11563 11528)
4(10897 11562 11563 10898)
4(11527 11528 11563 11562)
4(10864 10899 11564 11529)
4(10898 11563 11564 10899)
4(11528 11529 11564 11563)
4(10865 10900 11565 11530)
4(10899 11564 11565 10900)
4(11529 11530 11565 11564)
4(10866 10901 11566 11531)
4(10900 11565 11566 10901)
4(11530 11531 11566 11565)
4(10867 10902 11567 11532)
4(10901 11566 11567 10902)
4(11531 11532 11567 11566)
4(10868 10903 11568 11533)
4(10902 11567 11568 10903)
4(11532 11533 11568 11567)
4(10869 10904 11569 11534)
4(10903 11568 11569 10904)
4(11533 11534 11569 11568)
4(10870 10905 11570 11535)
4(10904 11569 11570 10905)
4(11534 11535 11570 11569)
4(10871 10906 11571 11536)
4(10905 11570 11571 10906)
4(11535 11536 11571 11570)
4(10872 10907 11572 11537)
4(10906 11571 11572 10907)
4(11536 11537 11572 11571)
4(10873 10908 11573 11538)
4(10907 11572 11573 10908)
4(11537 11538 11573 11572)
4(10874 10909 11574 11539)
4(10908 11573 11574 10909)
4(11538 11539 11574 11573)
4(10875 10910 11575 11540)
4(10909 11574 11575 10910)
4(11539 11540 11575 11574)
4(10876 10911 11576 11541)
4(10910 11575 11576 10911)
4(11540 11541 11576 11575)
4(10877 10912 11577 11542)
4(10911 11576 11577 10912)
4(11541 11542 11577 11576)
4(10878 10913 11578 11543)
4(10912 11577 11578 10913)
4(11542 11543 11578 11577)
4(10879 10914 11579 11544)
4(10913 11578 11579 10914)
4(11543 11544 11579 11578)
4(10880 10915 11580 11545)
4(10914 11579 11580 10915)
4(11544 11545 11580 11579)
4(10881 10916 11581 11546)
4(10915 11580 11581 10916)
4(11545 11546 11581 11580)
4(10882 10917 11582 11547)
4(10916 11581 11582 10917)
4(11546 11547 11582 11581)
4(10883 10918 11583 11548)
4(10917 11582 11583 10918)
4(11547 11548 11583 11582)
4(10918 11583 11584 10919)
4(11548 11549 11584 11583)
4(10886 10921 11586 11551)
4(10920 11585 11586 10921)
4(11550 11551 11586 11585)
4(10887 10922 11587 11552)
4(10921 11586 11587 10922)
4(11551 11552 11587 11586)
4(10888 10923 11588 11553)
4(10922 11587 11588 10923)
4(11552 11553 11588 11587)
4(10889 10924 11589 11554)
4(10923 11588 11589 10924)
4(11553 11554 11589 11588)
4(10890 10925 11590 11555)
4(10924 11589 11590 10925)
4(11554 11555 11590 11589)
4(10891 10926 11591 11556)
4(10925 11590 11591 10926)
4(11555 11556 11591 11590)
4(10892 10927 11592 11557)
4(10926 11591 11592 10927)
4(11556 11557 11592 11591)
4(10893 10928 11593 11558)
4(10927 11592 11593 10928)
4(11557 11558 11593 11592)
4(10894 10929 11594 11559)
4(10928 11593 11594 10929)
4(11558 11559 11594 11593)
4(10895 10930 11595 11560)
4(10929 11594 11595 10930)
4(11559 11560 11595 11594)
4(10896 10931 11596 11561)
4(10930 11595 11596 10931)
4(11560 11561 11596 11595)
4(10897 10932 11597 11562)
4(10931 11596 11597 10932)
4(11561 11562 11597 11596)
4(10898 10933 11598 11563)
4(10932 11597 11598 10933)
4(11562 11563 11598 11597)
4(10899 10934 11599 11564)
4(10933 11598 11599 10934)
4(11563 11564 11599 11598)
4(10900 10935 11600 11565)
4(10934 11599 11600 10935)
4(11564 11565 11600 11599)
4(10901 10936 11601 11566)
4(10935 11600 11601 10936)
4(11565 11566 11601 11600)
4(10902 10937 11602 11567)
4(10936 11601 11602 10937)
4(11566 11567 11602 11601)
4(10903 10938 11603 11568)
4(10937 11602 11603 10938)
4(11567 11568 11603 11602)
4(10904 10939 11604 11569)
4(10938 11603 11604 10939)
4(11568 11569 11604 11603)
4(10905 10940 11605 11570)
4(10939 11604 11605 10940)
4(11569 11570 11605 11604)
4(10906 10941 11606 11571)
4(10940 11605 11606 10941)
4(11570 11571 11606 11605)
4(10907 10942 11607 11572)
4(10941 11606 11607 10942)
4(11571 11572 11607 11606)
4(10908 10943 11608 11573)
4(10942 11607 11608 10943)
4(11572 11573 11608 11607)
4(10909 10944 11609 11574)
4(10943 11608 11609 10944)
4(11573 11574 11609 11608)
4(10910 10945 11610 11575)
4(10944 11609 11610 10945)
4(11574 11575 11610 11609)
4(10911 10946 11611 11576)
4(10945 11610 11611 10946)
4(11575 11576 11611 11610)
4(10912 10947 11612 11577)
4(10946 11611 11612 10947)
4(11576 11577 11612 11611)
4(10913 10948 11613 11578)
4(10947 11612 11613 10948)
4(11577 11578 11613 11612)
4(10914 10949 11614 11579)
4(10948 11613 11614 10949)
4(11578 11579 11614 11613)
4(10915 10950 11615 11580)
4(10949 11614 11615 10950)
4(11579 11580 11615 11614)
4(10916 10951 11616 11581)
4(10950 11615 11616 10951)
4(11580 11581 11616 11615)
4(10917 10952 11617 11582)
4(10951 11616 11617 10952)
4(11581 11582 11617 11616)
4(10918 10953 11618 11583)
4(10952 11617 11618 10953)
4(11582 11583 11618 11617)
4(10953 11618 11619 10954)
4(11583 11584 11619 11618)
4(10921 10956 11621 11586)
4(10955 11620 11621 10956)
4(11585 11586 11621 11620)
4(10922 10957 11622 11587)
4(10956 11621 11622 10957)
4(11586 11587 11622 11621)
4(10923 10958 11623 11588)
4(10957 11622 11623 10958)
4(11587 11588 11623 11622)
4(10924 10959 11624 11589)
4(10958 11623 11624 10959)
4(11588 11589 11624 11623)
4(10925 10960 11625 11590)
4(10959 11624 11625 10960)
4(11589 11590 11625 11624)
4(10926 10961 11626 11591)
4(10960 11625 11626 10961)
4(11590 11591 11626 11625)
4(10927 10962 11627 11592)
4(10961 11626 11627 10962)
4(11591 11592 11627 11626)
4(10928 10963 11628 11593)
4(10962 11627 11628 10963)
4(11592 11593 11628 11627)
4(10929 10964 11629 11594)
4(10963 11628 11629 10964)
4(11593 11594 11629 11628)
4(10930 10965 11630 11595)
4(10964 11629 11630 10965)
4(11594 11595 11630 11629)
4(10931 10966 11631 11596)
4(10965 11630 11631 10966)
4(11595 11596 11631 11630)
4(10932 10967 11632 11597)
4(10966 11631 11632 10967)
4(11596 11597 11632 11631)
4(10933 10968 11633 11598)
4(10967 11632 11633 10968)
4(11597 11598 11633 11632)
4(10934 10969 11634 11599)
4(10968 11633 11634 10969)
4(11598 11599 11634 11633)
4(10935 10970 11635 11600)
4(10969 11634 11635 10970)
4(11599 11600 11635 11634)
4(10936 10971 11636 11601)
4(10970 11635 11636 10971)
4(11600 11601 11636 11635)
4(10937 10972 11637 11602)
4(10971 11636 11637 10972)
4(11601 11602 11637 11636)
4(10938 10973 11638 11603)
4(10972 11637 11638 10973)
4(11602 11603 11638 11637)
4(10939 10974 11639 11604)
4(10973 11638 11639 10974)
4(11603 11604 11639 11638)
4(10940 10975 11640 11605)
4(10974 11639 11640 10975)
4(11604 11605 11640 11639)
4(10941 10976 11641 11606)
4(10975 11640 11641 10976)
4(11605 11606 11641 11640)
4(10942 10977 11642 11607)
4(10976 11641 11642 10977)
4(11606 11607 11642 11641)
4(10943 10978 11643 11608)
4(10977 11642 11643 10978)
4(11607 11608 11643 11642)
4(10944 10979 11644 11609)
4(10978 11643 11644 10979)
4(11608 11609 11644 11643)
4(10945 10980 11645 11610)
4(10979 11644 11645 10980)
4(11609 11610 11645 11644)
4(10946 10981 11646 11611)
4(10980 11645 11646 10981)
4(11610 11611 11646 11645)
4(10947 10982 11647 11612)
4(10981 11646 11647 10982)
4(11611 11612 11647 11646)
4(10948 10983 11648 11613)
4(10982 11647 11648 10983)
4(11612 11613 11648 11647)
4(10949 10984 11649 11614)
4(10983 11648 11649 10984)
4(11613 11614 11649 11648)
4(10950 10985 11650 11615)
4(10984 11649 11650 10985)
4(11614 11615 11650 11649)
4(10951 10986 11651 11616)
4(10985 11650 11651 10986)
4(11615 11616 11651 11650)
4(10952 10987 11652 11617)
4(10986 11651 11652 10987)
4(11616 11617 11652 11651)
4(10953 10988 11653 11618)
4(10987 11652 11653 10988)
4(11617 11618 11653 11652)
4(10988 11653 11654 10989)
4(11618 11619 11654 11653)
4(10956 10991 11656 11621)
4(10990 11655 11656 10991)
4(11620 11621 11656 11655)
4(10957 10992 11657 11622)
4(10991 11656 11657 10992)
4(11621 11622 11657 11656)
4(10958 10993 11658 11623)
4(10992 11657 11658 10993)
4(11622 11623 11658 11657)
4(10959 10994 11659 11624)
4(10993 11658 11659 10994)
4(11623 11624 11659 11658)
4(10960 10995 11660 11625)
4(10994 11659 11660 10995)
4(11624 11625 11660 11659)
4(10961 10996 11661 11626)
4(10995 11660 11661 10996)
4(11625 11626 11661 11660)
4(10962 10997 11662 11627)
4(10996 11661 11662 10997)
4(11626 11627 11662 11661)
4(10963 10998 11663 11628)
4(10997 11662 11663 10998)
4(11627 11628 11663 11662)
4(10964 10999 11664 11629)
4(10998 11663 11664 10999)
4(11628 11629 11664 11663)
4(10965 11000 11665 11630)
4(10999 11664 11665 11000)
4(11629 11630 11665 11664)
4(10966 11001 11666 11631)
4(11000 11665 11666 11001)
4(11630 11631 11666 11665)
4(10967 11002 11667 11632)
4(11001 11666 11667 11002)
4(11631 11632 11667 11666)
4(10968 11003 11668 11633)
4(11002 11667 11668 11003)
4(11632 11633 11668 11667)
4(10969 11004 11669 11634)
4(11003 11668 11669 11004)
4(11633 11634 11669 11668)
4(10970 11005 11670 11635)
4(11004 11669 11670 11005)
4(11634 11635 11670 11669)
4(10971 11006 11671 11636)
4(11005 11670 11671 11006)
4(11635 11636 11671 11670)
4(10972 11007 11672 11637)
4(11006 11671 11672 11007)
4(11636 11637 11672 11671)
4(10973 11008 11673 11638)
4(11007 11672 11673 11008)
4(11637 11638 11673 11672)
4(10974 11009 11674 11639)
4(11008 11673 11674 11009)
4(11638 11639 11674 11673)
4(10975 11010 11675 11640)
4(11009 11674 11675 11010)
4(11639 11640 11675 11674)
4(10976 11011 11676 11641)
4(11010 11675 11676 11011)
4(11640 11641 11676 11675)
4(10977 11012 11677 11642)
4(11011 11676 11677 11012)
4(11641 11642 11677 11676)
4(10978 11013 11678 11643)
4(11012 11677 11678 11013)
4(11642 11643 11678 11677)
4(10979 11014 11679 11644)
4(11013 11678 11679 11014)
4(11643 11644 11679 11678)
4(10980 11015 11680 11645)
4(11014 11679 11680 11015)
4(11644 11645 11680 11679)
4(10981 11016 11681 11646)
4(11015 11680 11681 11016)
4(11645 11646 11681 11680)
4(10982 11017 11682 11647)
4(11016 11681 11682 11017)
4(11646 11647 11682 11681)
4(10983 11018 11683 11648)
4(11017 11682 11683 11018)
4(11647 11648 11683 11682)
4(10984 11019 11684 11649)
4(11018 11683 11684 11019)
4(11648 11649 11684 11683)
4(10985 11020 11685 11650)
4(11019 11684 11685 11020)
4(11649 11650 11685 11684)
4(10986 11021 11686 11651)
4(11020 11685 11686 11021)
4(11650 11651 11686 11685)
4(10987 11022 11687 11652)
4(11021 11686 11687 11022)
4(11651 11652 11687 11686)
4(10988 11023 11688 11653)
4(11022 11687 11688 11023)
4(11652 11653 11688 11687)
4(11023 11688 11689 11024)
4(11653 11654 11689 11688)
4(10991 11026 11691 11656)
4(11025 11690 11691 11026)
4(11655 11656 11691 11690)
4(10992 11027 11692 11657)
4(11026 11691 11692 11027)
4(11656 11657 11692 11691)
4(10993 11028 11693 11658)
4(11027 11692 11693 11028)
4(11657 11658 11693 11692)
4(10994 11029 11694 11659)
4(11028 11693 11694 11029)
4(11658 11659 11694 11693)
4(10995 11030 11695 11660)
4(11029 11694 11695 11030)
4(11659 11660 11695 11694)
4(10996 11031 11696 11661)
4(11030 11695 11696 11031)
4(11660 11661 11696 11695)
4(10997 11032 11697 11662)
4(11031 11696 11697 11032)
4(11661 11662 11697 11696)
4(10998 11033 11698 11663)
4(11032 11697 11698 11033)
4(11662 11663 11698 11697)
4(10999 11034 11699 11664)
4(11033 11698 11699 11034)
4(11663 11664 11699 11698)
4(11000 11035 11700 11665)
4(11034 11699 11700 11035)
4(11664 11665 11700 11699)
4(11001 11036 11701 11666)
4(11035 11700 11701 11036)
4(11665 11666 11701 11700)
4(11002 11037 11702 11667)
4(11036 11701 11702 11037)
4(11666 11667 11702 11701)
4(11003 11038 11703 11668)
4(11037 11702 11703 11038)
4(11667 11668 11703 11702)
4(11004 11039 11704 11669)
4(11038 11703 11704 11039)
4(11668 11669 11704 11703)
4(11005 11040 11705 11670)
4(11039 11704 11705 11040)
4(11669 11670 11705 11704)
4(11006 11041 11706 11671)
4(11040 11705 11706 11041)
4(11670 11671 11706 11705)
4(11007 11042 11707 11672)
4(11041 11706 11707 11042)
4(11671 11672 11707 11706)
4(11008 11043 11708 11673)
4(11042 11707 11708 11043)
4(11672 11673 11708 11707)
4(11009 11044 11709 11674)
4(11043 11708 11709 11044)
4(11673 11674 11709 11708)
4(11010 11045 11710 11675)
4(11044 11709 11710 11045)
4(11674 11675 11710 11709)
4(11011 11046 11711 11676)
4(11045 11710 11711 11046)
4(11675 11676 11711 11710)
4(11012 11047 11712 11677)
4(11046 11711 11712 11047)
4(11676 11677 11712 11711)
4(11013 11048 11713 11678)
4(11047 11712 11713 11048)
4(11677 11678 11713 11712)
4(11014 11049 11714 11679)
4(11048 11713 11714 11049)
4(11678 11679 11714 11713)
4(11015 11050 11715 11680)
4(11049 11714 11715 11050)
4(11679 11680 11715 11714)
4(11016 11051 11716 11681)
4(11050 11715 11716 11051)
4(11680 11681 11716 11715)
4(11017 11052 11717 11682)
4(11051 11716 11717 11052)
4(11681 11682 11717 11716)
4(11018 11053 11718 11683)
4(11052 11717 11718 11053)
4(11682 11683 11718 11717)
4(11019 11054 11719 11684)
4(11053 11718 11719 11054)
4(11683 11684 11719 11718)
4(11020 11055 11720 11685)
4(11054 11719 11720 11055)
4(11684 11685 11720 11719)
4(11021 11056 11721 11686)
4(11055 11720 11721 11056)
4(11685 11686 11721 11720)
4(11022 11057 11722 11687)
4(11056 11721 11722 11057)
4(11686 11687 11722 11721)
4(11023 11058 11723 11688)
4(11057 11722 11723 11058)
4(11687 11688 11723 11722)
4(11058 11723 11724 11059)
4(11688 11689 11724 11723)
4(11026 11061 11726 11691)
4(11060 11725 11726 11061)
4(11690 11691 11726 11725)
4(11027 11062 11727 11692)
4(11061 11726 11727 11062)
4(11691 11692 11727 11726)
4(11028 11063 11728 11693)
4(11062 11727 11728 11063)
4(11692 11693 11728 11727)
4(11029 11064 11729 11694)
4(11063 11728 11729 11064)
4(11693 11694 11729 11728)
4(11030 11065 11730 11695)
4(11064 11729 11730 11065)
4(11694 11695 11730 11729)
4(11031 11066 11731 11696)
4(11065 11730 11731 11066)
4(11695 11696 11731 11730)
4(11032 11067 11732 11697)
4(11066 11731 11732 11067)
4(11696 11697 11732 11731)
4(11033 11068 11733 11698)
4(11067 11732 11733 11068)
4(11697 11698 11733 11732)
4(11034 11069 11734 11699)
4(11068 11733 11734 11069)
4(11698 11699 11734 11733)
4(11035 11070 11735 11700)
4(11069 11734 11735 11070)
4(11699 11700 11735 11734)
4(11036 11071 11736 11701)
4(11070 11735 11736 11071)
4(11700 11701 11736 11735)
4(11037 11072 11737 11702)
4(11071 11736 11737 11072)
4(11701 11702 11737 11736)
4(11038 11073 11738 11703)
4(11072 11737 11738 11073)
4(11702 11703 11738 11737)
4(11039 11074 11739 11704)
4(11073 11738 11739 11074)
4(11703 11704 11739 11738)
4(11040 11075 11740 11705)
4(11074 11739 11740 11075)
4(11704 11705 11740 11739)
4(11041 11076 11741 11706)
4(11075 11740 11741 11076)
4(11705 11706 11741 11740)
4(11042 11077 11742 11707)
4(11076 11741 11742 11077)
4(11706 11707 11742 11741)
4(11043 11078 11743 11708)
4(11077 11742 11743 11078)
4(11707 11708 11743 11742)
4(11044 11079 11744 11709)
4(11078 11743 11744 11079)
4(11708 11709 11744 11743)
4(11045 11080 11745 11710)
4(11079 11744 11745 11080)
4(11709 11710 11745 11744)
4(11046 11081 11746 11711)
4(11080 11745 11746 11081)
4(11710 11711 11746 11745)
4(11047 11082 11747 11712)
4(11081 11746 11747 11082)
4(11711 11712 11747 11746)
4(11048 11083 11748 11713)
4(11082 11747 11748 11083)
4(11712 11713 11748 11747)
4(11049 11084 11749 11714)
4(11083 11748 11749 11084)
4(11713 11714 11749 11748)
4(11050 11085 11750 11715)
4(11084 11749 11750 11085)
4(11714 11715 11750 11749)
4(11051 11086 11751 11716)
4(11085 11750 11751 11086)
4(11715 11716 11751 11750)
4(11052 11087 11752 11717)
4(11086 11751 11752 11087)
4(11716 11717 11752 11751)
4(11053 11088 11753 11718)
4(11087 11752 11753 11088)
4(11717 11718 11753 11752)
4(11054 11089 11754 11719)
4(11088 11753 11754 11089)
4(11718 11719 11754 11753)
4(11055 11090 11755 11720)
4(11089 11754 11755 11090)
4(11719 11720 11755 11754)
4(11056 11091 11756 11721)
4(11090 11755 11756 11091)
4(11720 11721 11756 11755)
4(11057 11092 11757 11722)
4(11091 11756 11757 11092)
4(11721 11722 11757 11756)
4(11058 11093 11758 11723)
4(11092 11757 11758 11093)
4(11722 11723 11758 11757)
4(11093 11758 11759 11094)
4(11723 11724 11759 11758)
4(11061 11096 11761 11726)
4(11095 11760 11761 11096)
4(11725 11726 11761 11760)
4(11062 11097 11762 11727)
4(11096 11761 11762 11097)
4(11726 11727 11762 11761)
4(11063 11098 11763 11728)
4(11097 11762 11763 11098)
4(11727 11728 11763 11762)
4(11064 11099 11764 11729)
4(11098 11763 11764 11099)
4(11728 11729 11764 11763)
4(11065 11100 11765 11730)
4(11099 11764 11765 11100)
4(11729 11730 11765 11764)
4(11066 11101 11766 11731)
4(11100 11765 11766 11101)
4(11730 11731 11766 11765)
4(11067 11102 11767 11732)
4(11101 11766 11767 11102)
4(11731 11732 11767 11766)
4(11068 11103 11768 11733)
4(11102 11767 11768 11103)
4(11732 11733 11768 11767)
4(11069 11104 11769 11734)
4(11103 11768 11769 11104)
4(11733 11734 11769 11768)
4(11070 11105 11770 11735)
4(11104 11769 11770 11105)
4(11734 11735 11770 11769)
4(11071 11106 11771 11736)
4(11105 11770 11771 11106)
4(11735 11736 11771 11770)
4(11072 11107 11772 11737)
4(11106 11771 11772 11107)
4(11736 11737 11772 11771)
4(11073 11108 11773 11738)
4(11107 11772 11773 11108)
4(11737 11738 11773 11772)
4(11074 11109 11774 11739)
4(11108 11773 11774 11109)
4(11738 11739 11774 11773)
4(11075 11110 11775 11740)
4(11109 11774 11775 11110)
4(11739 11740 11775 11774)
4(11076 11111 11776 11741)
4(11110 11775 11776 11111)
4(11740 11741 11776 11775)
4(11077 11112 11777 11742)
4(11111 11776 11777 11112)
4(11741 11742 11777 11776)
4(11078 11113 11778 11743)
4(11112 11777 11778 11113)
4(11742 11743 11778 11777)
4(11079 11114 11779 11744)
4(11113 11778 11779 11114)
4(11743 11744 11779 11778)
4(11080 11115 11780 11745)
4(11114 11779 11780 11115)
4(11744 11745 11780 11779)
4(11081 11116 11781 11746)
4(11115 11780 11781 11116)
4(11745 11746 11781 11780)
4(11082 11117 11782 11747)
4(11116 11781 11782 11117)
4(11746 11747 11782 11781)
4(11083 11118 11783 11748)
4(11117 11782 11783 11118)
4(11747 11748 11783 11782)
4(11084 11119 11784 11749)
4(11118 11783 11784 11119)
4(11748 11749 11784 11783)
4(11085 11120 11785 11750)
4(11119 11784 11785 11120)
4(11749 11750 11785 11784)
4(11086 11121 11786 11751)
4(11120 11785 11786 11121)
4(11750 11751 11786 11785)
4(11087 11122 11787 11752)
4(11121 11786 11787 11122)
4(11751 11752 11787 11786)
4(11088 11123 11788 11753)
4(11122 11787 11788 11123)
4(11752 11753 11788 11787)
4(11089 11124 11789 11754)
4(11123 11788 11789 11124)
4(11753 11754 11789 11788)
4(11090 11125 11790 11755)
4(11124 11789 11790 11125)
4(11754 11755 11790 11789)
4(11091 11126 11791 11756)
4(11125 11790 11791 11126)
4(11755 11756 11791 11790)
4(11092 11127 11792 11757)
4(11126 11791 11792 11127)
4(11756 11757 11792 11791)
4(11093 11128 11793 11758)
4(11127 11792 11793 11128)
4(11757 11758 11793 11792)
4(11128 11793 11794 11129)
4(11758 11759 11794 11793)
4(11096 11131 11796 11761)
4(11130 11795 11796 11131)
4(11760 11761 11796 11795)
4(11097 11132 11797 11762)
4(11131 11796 11797 11132)
4(11761 11762 11797 11796)
4(11098 11133 11798 11763)
4(11132 11797 11798 11133)
4(11762 11763 11798 11797)
4(11099 11134 11799 11764)
4(11133 11798 11799 11134)
4(11763 11764 11799 11798)
4(11100 11135 11800 11765)
4(11134 11799 11800 11135)
4(11764 11765 11800 11799)
4(11101 11136 11801 11766)
4(11135 11800 11801 11136)
4(11765 11766 11801 11800)
4(11102 11137 11802 11767)
4(11136 11801 11802 11137)
4(11766 11767 11802 11801)
4(11103 11138 11803 11768)
4(11137 11802 11803 11138)
4(11767 11768 11803 11802)
4(11104 11139 11804 11769)
4(11138 11803 11804 11139)
4(11768 11769 11804 11803)
4(11105 11140 11805 11770)
4(11139 11804 11805 11140)
4(11769 11770 11805 11804)
4(11106 11141 11806 11771)
4(11140 11805 11806 11141)
4(11770 11771 11806 11805)
4(11107 11142 11807 11772)
4(11141 11806 11807 11142)
4(11771 11772 11807 11806)
4(11108 11143 11808 11773)
4(11142 11807 11808 11143)
4(11772 11773 11808 11807)
4(11109 11144 11809 11774)
4(11143 11808 11809 11144)
4(11773 11774 11809 11808)
4(11110 11145 11810 11775)
4(11144 11809 11810 11145)
4(11774 11775 11810 11809)
4(11111 11146 11811 11776)
4(11145 11810 11811 11146)
4(11775 11776 11811 11810)
4(11112 11147 11812 11777)
4(11146 11811 11812 11147)
4(11776 11777 11812 11811)
4(11113 11148 11813 11778)
4(11147 11812 11813 11148)
4(11777 11778 11813 11812)
4(11114 11149 11814 11779)
4(11148 11813 11814 11149)
4(11778 11779 11814 11813)
4(11115 11150 11815 11780)
4(11149 11814 11815 11150)
4(11779 11780 11815 11814)
4(11116 11151 11816 11781)
4(11150 11815 11816 11151)
4(11780 11781 11816 11815)
4(11117 11152 11817 11782)
4(11151 11816 11817 11152)
4(11781 11782 11817 11816)
4(11118 11153 11818 11783)
4(11152 11817 11818 11153)
4(11782 11783 11818 11817)
4(11119 11154 11819 11784)
4(11153 11818 11819 11154)
4(11783 11784 11819 11818)
4(11120 11155 11820 11785)
4(11154 11819 11820 11155)
4(11784 11785 11820 11819)
4(11121 11156 11821 11786)
4(11155 11820 11821 11156)
4(11785 11786 11821 11820)
4(11122 11157 11822 11787)
4(11156 11821 11822 11157)
4(11786 11787 11822 11821)
4(11123 11158 11823 11788)
4(11157 11822 11823 11158)
4(11787 11788 11823 11822)
4(11124 11159 11824 11789)
4(11158 11823 11824 11159)
4(11788 11789 11824 11823)
4(11125 11160 11825 11790)
4(11159 11824 11825 11160)
4(11789 11790 11825 11824)
4(11126 11161 11826 11791)
4(11160 11825 11826 11161)
4(11790 11791 11826 11825)
4(11127 11162 11827 11792)
4(11161 11826 11827 11162)
4(11791 11792 11827 11826)
4(11128 11163 11828 11793)
4(11162 11827 11828 11163)
4(11792 11793 11828 11827)
4(11163 11828 11829 11164)
4(11793 11794 11829 11828)
4(11131 11166 11831 11796)
4(11165 11830 11831 11166)
4(11795 11796 11831 11830)
4(11132 11167 11832 11797)
4(11166 11831 11832 11167)
4(11796 11797 11832 11831)
4(11133 11168 11833 11798)
4(11167 11832 11833 11168)
4(11797 11798 11833 11832)
4(11134 11169 11834 11799)
4(11168 11833 11834 11169)
4(11798 11799 11834 11833)
4(11135 11170 11835 11800)
4(11169 11834 11835 11170)
4(11799 11800 11835 11834)
4(11136 11171 11836 11801)
4(11170 11835 11836 11171)
4(11800 11801 11836 11835)
4(11137 11172 11837 11802)
4(11171 11836 11837 11172)
4(11801 11802 11837 11836)
4(11138 11173 11838 11803)
4(11172 11837 11838 11173)
4(11802 11803 11838 11837)
4(11139 11174 11839 11804)
4(11173 11838 11839 11174)
4(11803 11804 11839 11838)
4(11140 11175 11840 11805)
4(11174 11839 11840 11175)
4(11804 11805 11840 11839)
4(11141 11176 11841 11806)
4(11175 11840 11841 11176)
4(11805 11806 11841 11840)
4(11142 11177 11842 11807)
4(11176 11841 11842 11177)
4(11806 11807 11842 11841)
4(11143 11178 11843 11808)
4(11177 11842 11843 11178)
4(11807 11808 11843 11842)
4(11144 11179 11844 11809)
4(11178 11843 11844 11179)
4(11808 11809 11844 11843)
4(11145 11180 11845 11810)
4(11179 11844 11845 11180)
4(11809 11810 11845 11844)
4(11146 11181 11846 11811)
4(11180 11845 11846 11181)
4(11810 11811 11846 11845)
4(11147 11182 11847 11812)
4(11181 11846 11847 11182)
4(11811 11812 11847 11846)
4(11148 11183 11848 11813)
4(11182 11847 11848 11183)
4(11812 11813 11848 11847)
4(11149 11184 11849 11814)
4(11183 11848 11849 11184)
4(11813 11814 11849 11848)
4(11150 11185 11850 11815)
4(11184 11849 11850 11185)
4(11814 11815 11850 11849)
4(11151 11186 11851 11816)
4(11185 11850 11851 11186)
4(11815 11816 11851 11850)
4(11152 11187 11852 11817)
4(11186 11851 11852 11187)
4(11816 11817 11852 11851)
4(11153 11188 11853 11818)
4(11187 11852 11853 11188)
4(11817 11818 11853 11852)
4(11154 11189 11854 11819)
4(11188 11853 11854 11189)
4(11818 11819 11854 11853)
4(11155 11190 11855 11820)
4(11189 11854 11855 11190)
4(11819 11820 11855 11854)
4(11156 11191 11856 11821)
4(11190 11855 11856 11191)
4(11820 11821 11856 11855)
4(11157 11192 11857 11822)
4(11191 11856 11857 11192)
4(11821 11822 11857 11856)
4(11158 11193 11858 11823)
4(11192 11857 11858 11193)
4(11822 11823 11858 11857)
4(11159 11194 11859 11824)
4(11193 11858 11859 11194)
4(11823 11824 11859 11858)
4(11160 11195 11860 11825)
4(11194 11859 11860 11195)
4(11824 11825 11860 11859)
4(11161 11196 11861 11826)
4(11195 11860 11861 11196)
4(11825 11826 11861 11860)
4(11162 11197 11862 11827)
4(11196 11861 11862 11197)
4(11826 11827 11862 11861)
4(11163 11198 11863 11828)
4(11197 11862 11863 11198)
4(11827 11828 11863 11862)
4(11198 11863 11864 11199)
4(11828 11829 11864 11863)
4(11166 11201 11866 11831)
4(11200 11865 11866 11201)
4(11830 11831 11866 11865)
4(11167 11202 11867 11832)
4(11201 11866 11867 11202)
4(11831 11832 11867 11866)
4(11168 11203 11868 11833)
4(11202 11867 11868 11203)
4(11832 11833 11868 11867)
4(11169 11204 11869 11834)
4(11203 11868 11869 11204)
4(11833 11834 11869 11868)
4(11170 11205 11870 11835)
4(11204 11869 11870 11205)
4(11834 11835 11870 11869)
4(11171 11206 11871 11836)
4(11205 11870 11871 11206)
4(11835 11836 11871 11870)
4(11172 11207 11872 11837)
4(11206 11871 11872 11207)
4(11836 11837 11872 11871)
4(11173 11208 11873 11838)
4(11207 11872 11873 11208)
4(11837 11838 11873 11872)
4(11174 11209 11874 11839)
4(11208 11873 11874 11209)
4(11838 11839 11874 11873)
4(11175 11210 11875 11840)
4(11209 11874 11875 11210)
4(11839 11840 11875 11874)
4(11176 11211 11876 11841)
4(11210 11875 11876 11211)
4(11840 11841 11876 11875)
4(11177 11212 11877 11842)
4(11211 11876 11877 11212)
4(11841 11842 11877 11876)
4(11178 11213 11878 11843)
4(11212 11877 11878 11213)
4(11842 11843 11878 11877)
4(11179 11214 11879 11844)
4(11213 11878 11879 11214)
4(11843 11844 11879 11878)
4(11180 11215 11880 11845)
4(11214 11879 11880 11215)
4(11844 11845 11880 11879)
4(11181 11216 11881 11846)
4(11215 11880 11881 11216)
4(11845 11846 11881 11880)
4(11182 11217 11882 11847)
4(11216 11881 11882 11217)
4(11846 11847 11882 11881)
4(11183 11218 11883 11848)
4(11217 11882 11883 11218)
4(11847 11848 11883 11882)
4(11184 11219 11884 11849)
4(11218 11883 11884 11219)
4(11848 11849 11884 11883)
4(11185 11220 11885 11850)
4(11219 11884 11885 11220)
4(11849 11850 11885 11884)
4(11186 11221 11886 11851)
4(11220 11885 11886 11221)
4(11850 11851 11886 11885)
4(11187 11222 11887 11852)
4(11221 11886 11887 11222)
4(11851 11852 11887 11886)
4(11188 11223 11888 11853)
4(11222 11887 11888 11223)
4(11852 11853 11888 11887)
4(11189 11224 11889 11854)
4(11223 11888 11889 11224)
4(11853 11854 11889 11888)
4(11190 11225 11890 11855)
4(11224 11889 11890 11225)
4(11854 11855 11890 11889)
4(11191 11226 11891 11856)
4(11225 11890 11891 11226)
4(11855 11856 11891 11890)
4(11192 11227 11892 11857)
4(11226 11891 11892 11227)
4(11856 11857 11892 11891)
4(11193 11228 11893 11858)
4(11227 11892 11893 11228)
4(11857 11858 11893 11892)
4(11194 11229 11894 11859)
4(11228 11893 11894 11229)
4(11858 11859 11894 11893)
4(11195 11230 11895 11860)
4(11229 11894 11895 11230)
4(11859 11860 11895 11894)
4(11196 11231 11896 11861)
4(11230 11895 11896 11231)
4(11860 11861 11896 11895)
4(11197 11232 11897 11862)
4(11231 11896 11897 11232)
4(11861 11862 11897 11896)
4(11198 11233 11898 11863)
4(11232 11897 11898 11233)
4(11862 11863 11898 11897)
4(11233 11898 11899 11234)
4(11863 11864 11899 11898)
4(11201 11236 11901 11866)
4(11235 11900 11901 11236)
4(11865 11866 11901 11900)
4(11202 11237 11902 11867)
4(11236 11901 11902 11237)
4(11866 11867 11902 11901)
4(11203 11238 11903 11868)
4(11237 11902 11903 11238)
4(11867 11868 11903 11902)
4(11204 11239 11904 11869)
4(11238 11903 11904 11239)
4(11868 11869 11904 11903)
4(11205 11240 11905 11870)
4(11239 11904 11905 11240)
4(11869 11870 11905 11904)
4(11206 11241 11906 11871)
4(11240 11905 11906 11241)
4(11870 11871 11906 11905)
4(11207 11242 11907 11872)
4(11241 11906 11907 11242)
4(11871 11872 11907 11906)
4(11208 11243 11908 11873)
4(11242 11907 11908 11243)
4(11872 11873 11908 11907)
4(11209 11244 11909 11874)
4(11243 11908 11909 11244)
4(11873 11874 11909 11908)
4(11210 11245 11910 11875)
4(11244 11909 11910 11245)
4(11874 11875 11910 11909)
4(11211 11246 11911 11876)
4(11245 11910 11911 11246)
4(11875 11876 11911 11910)
4(11212 11247 11912 11877)
4(11246 11911 11912 11247)
4(11876 11877 11912 11911)
4(11213 11248 11913 11878)
4(11247 11912 11913 11248)
4(11877 11878 11913 11912)
4(11214 11249 11914 11879)
4(11248 11913 11914 11249)
4(11878 11879 11914 11913)
4(11215 11250 11915 11880)
4(11249 11914 11915 11250)
4(11879 11880 11915 11914)
4(11216 11251 11916 11881)
4(11250 11915 11916 11251)
4(11880 11881 11916 11915)
4(11217 11252 11917 11882)
4(11251 11916 11917 11252)
4(11881 11882 11917 11916)
4(11218 11253 11918 11883)
4(11252 11917 11918 11253)
4(11882 11883 11918 11917)
4(11219 11254 11919 11884)
4(11253 11918 11919 11254)
4(11883 11884 11919 11918)
4(11220 11255 11920 11885)
4(11254 11919 11920 11255)
4(11884 11885 11920 11919)
4(11221 11256 11921 11886)
4(11255 11920 11921 11256)
4(11885 11886 11921 11920)
4(11222 11257 11922 11887)
4(11256 11921 11922 11257)
4(11886 11887 11922 11921)
4(11223 11258 11923 11888)
4(11257 11922 11923 11258)
4(11887 11888 11923 11922)
4(11224 11259 11924 11889)
4(11258 11923 11924 11259)
4(11888 11889 11924 11923)
4(11225 11260 11925 11890)
4(11259 11924 11925 11260)
4(11889 11890 11925 11924)
4(11226 11261 11926 11891)
4(11260 11925 11926 11261)
4(11890 11891 11926 11925)
4(11227 11262 11927 11892)
4(11261 11926 11927 11262)
4(11891 11892 11927 11926)
4(11228 11263 11928 11893)
4(11262 11927 11928 11263)
4(11892 11893 11928 11927)
4(11229 11264 11929 11894)
4(11263 11928 11929 11264)
4(11893 11894 11929 11928)
4(11230 11265 11930 11895)
4(11264 11929 11930 11265)
4(11894 11895 11930 11929)
4(11231 11266 11931 11896)
4(11265 11930 11931 11266)
4(11895 11896 11931 11930)
4(11232 11267 11932 11897)
4(11266 11931 11932 11267)
4(11896 11897 11932 11931)
4(11233 11268 11933 11898)
4(11267 11932 11933 11268)
4(11897 11898 11933 11932)
4(11268 11933 11934 11269)
4(11898 11899 11934 11933)
4(11236 11271 11936 11901)
4(11900 11901 11936 11935)
4(11237 11272 11937 11902)
4(11901 11902 11937 11936)
4(11238 11273 11938 11903)
4(11902 11903 11938 11937)
4(11239 11274 11939 11904)
4(11903 11904 11939 11938)
4(11240 11275 11940 11905)
4(11904 11905 11940 11939)
4(11241 11276 11941 11906)
4(11905 11906 11941 11940)
4(11242 11277 11942 11907)
4(11906 11907 11942 11941)
4(11243 11278 11943 11908)
4(11907 11908 11943 11942)
4(11244 11279 11944 11909)
4(11908 11909 11944 11943)
4(11245 11280 11945 11910)
4(11909 11910 11945 11944)
4(11246 11281 11946 11911)
4(11910 11911 11946 11945)
4(11247 11282 11947 11912)
4(11911 11912 11947 11946)
4(11248 11283 11948 11913)
4(11912 11913 11948 11947)
4(11249 11284 11949 11914)
4(11913 11914 11949 11948)
4(11250 11285 11950 11915)
4(11914 11915 11950 11949)
4(11251 11286 11951 11916)
4(11915 11916 11951 11950)
4(11252 11287 11952 11917)
4(11916 11917 11952 11951)
4(11253 11288 11953 11918)
4(11917 11918 11953 11952)
4(11254 11289 11954 11919)
4(11918 11919 11954 11953)
4(11255 11290 11955 11920)
4(11919 11920 11955 11954)
4(11256 11291 11956 11921)
4(11920 11921 11956 11955)
4(11257 11292 11957 11922)
4(11921 11922 11957 11956)
4(11258 11293 11958 11923)
4(11922 11923 11958 11957)
4(11259 11294 11959 11924)
4(11923 11924 11959 11958)
4(11260 11295 11960 11925)
4(11924 11925 11960 11959)
4(11261 11296 11961 11926)
4(11925 11926 11961 11960)
4(11262 11297 11962 11927)
4(11926 11927 11962 11961)
4(11263 11298 11963 11928)
4(11927 11928 11963 11962)
4(11264 11299 11964 11929)
4(11928 11929 11964 11963)
4(11265 11300 11965 11930)
4(11929 11930 11965 11964)
4(11266 11301 11966 11931)
4(11930 11931 11966 11965)
4(11267 11302 11967 11932)
4(11931 11932 11967 11966)
4(11268 11303 11968 11933)
4(11932 11933 11968 11967)
4(11933 11934 11969 11968)
4(11306 11341 12006 11971)
4(11340 12005 12006 11341)
4(11307 11342 12007 11972)
4(11341 12006 12007 11342)
4(11308 11343 12008 11973)
4(11342 12007 12008 11343)
4(11309 11344 12009 11974)
4(11343 12008 12009 11344)
4(11310 11345 12010 11975)
4(11344 12009 12010 11345)
4(11311 11346 12011 11976)
4(11345 12010 12011 11346)
4(11312 11347 12012 11977)
4(11346 12011 12012 11347)
4(11313 11348 12013 11978)
4(11347 12012 12013 11348)
4(11314 11349 12014 11979)
4(11348 12013 12014 11349)
4(11315 11350 12015 11980)
4(11349 12014 12015 11350)
4(11316 11351 12016 11981)
4(11350 12015 12016 11351)
4(11317 11352 12017 11982)
4(11351 12016 12017 11352)
4(11318 11353 12018 11983)
4(11352 12017 12018 11353)
4(11319 11354 12019 11984)
4(11353 12018 12019 11354)
4(11320 11355 12020 11985)
4(11354 12019 12020 11355)
4(11321 11356 12021 11986)
4(11355 12020 12021 11356)
4(11322 11357 12022 11987)
4(11356 12021 12022 11357)
4(11323 11358 12023 11988)
4(11357 12022 12023 11358)
4(11324 11359 12024 11989)
4(11358 12023 12024 11359)
4(11325 11360 12025 11990)
4(11359 12024 12025 11360)
4(11326 11361 12026 11991)
4(11360 12025 12026 11361)
4(11327 11362 12027 11992)
4(11361 12026 12027 11362)
4(11328 11363 12028 11993)
4(11362 12027 12028 11363)
4(11329 11364 12029 11994)
4(11363 12028 12029 11364)
4(11330 11365 12030 11995)
4(11364 12029 12030 11365)
4(11331 11366 12031 11996)
4(11365 12030 12031 11366)
4(11332 11367 12032 11997)
4(11366 12031 12032 11367)
4(11333 11368 12033 11998)
4(11367 12032 12033 11368)
4(11334 11369 12034 11999)
4(11368 12033 12034 11369)
4(11335 11370 12035 12000)
4(11369 12034 12035 11370)
4(11336 11371 12036 12001)
4(11370 12035 12036 11371)
4(11337 11372 12037 12002)
4(11371 12036 12037 11372)
4(11338 11373 12038 12003)
4(11372 12037 12038 11373)
4(11373 12038 12039 11374)
4(11341 11376 12041 12006)
4(11375 12040 12041 11376)
4(11342 11377 12042 12007)
4(11376 12041 12042 11377)
4(11343 11378 12043 12008)
4(11377 12042 12043 11378)
4(11344 11379 12044 12009)
4(11378 12043 12044 11379)
4(11345 11380 12045 12010)
4(11379 12044 12045 11380)
4(11346 11381 12046 12011)
4(11380 12045 12046 11381)
4(11347 11382 12047 12012)
4(11381 12046 12047 11382)
4(11348 11383 12048 12013)
4(11382 12047 12048 11383)
4(11349 11384 12049 12014)
4(11383 12048 12049 11384)
4(11350 11385 12050 12015)
4(11384 12049 12050 11385)
4(11351 11386 12051 12016)
4(11385 12050 12051 11386)
4(11352 11387 12052 12017)
4(11386 12051 12052 11387)
4(11353 11388 12053 12018)
4(11387 12052 12053 11388)
4(11354 11389 12054 12019)
4(11388 12053 12054 11389)
4(11355 11390 12055 12020)
4(11389 12054 12055 11390)
4(11356 11391 12056 12021)
4(11390 12055 12056 11391)
4(11357 11392 12057 12022)
4(11391 12056 12057 11392)
4(11358 11393 12058 12023)
4(11392 12057 12058 11393)
4(11359 11394 12059 12024)
4(11393 12058 12059 11394)
4(11360 11395 12060 12025)
4(11394 12059 12060 11395)
4(11361 11396 12061 12026)
4(11395 12060 12061 11396)
4(11362 11397 12062 12027)
4(11396 12061 12062 11397)
4(11363 11398 12063 12028)
4(11397 12062 12063 11398)
4(11364 11399 12064 12029)
4(11398 12063 12064 11399)
4(11365 11400 12065 12030)
4(11399 12064 12065 11400)
4(11366 11401 12066 12031)
4(11400 12065 12066 11401)
4(11367 11402 12067 12032)
4(11401 12066 12067 11402)
4(11368 11403 12068 12033)
4(11402 12067 12068 11403)
4(11369 11404 12069 12034)
4(11403 12068 12069 11404)
4(11370 11405 12070 12035)
4(11404 12069 12070 11405)
4(11371 11406 12071 12036)
4(11405 12070 12071 11406)
4(11372 11407 12072 12037)
4(11406 12071 12072 11407)
4(11373 11408 12073 12038)
4(11407 12072 12073 11408)
4(11408 12073 12074 11409)
4(11376 11411 12076 12041)
4(11410 12075 12076 11411)
4(11377 11412 12077 12042)
4(11411 12076 12077 11412)
4(11378 11413 12078 12043)
4(11412 12077 12078 11413)
4(11379 11414 12079 12044)
4(11413 12078 12079 11414)
4(11380 11415 12080 12045)
4(11414 12079 12080 11415)
4(11381 11416 12081 12046)
4(11415 12080 12081 11416)
4(11382 11417 12082 12047)
4(11416 12081 12082 11417)
4(11383 11418 12083 12048)
4(11417 12082 12083 11418)
4(11384 11419 12084 12049)
4(11418 12083 12084 11419)
4(11385 11420 12085 12050)
4(11419 12084 12085 11420)
4(11386 11421 12086 12051)
4(11420 12085 12086 11421)
4(11387 11422 12087 12052)
4(11421 12086 12087 11422)
4(11388 11423 12088 12053)
4(11422 12087 12088 11423)
4(11389 11424 12089 12054)
4(11423 12088 12089 11424)
4(11390 11425 12090 12055)
4(11424 12089 12090 11425)
4(11391 11426 12091 12056)
4(11425 12090 12091 11426)
4(11392 11427 12092 12057)
4(11426 12091 12092 11427)
4(11393 11428 12093 12058)
4(11427 12092 12093 11428)
4(11394 11429 12094 12059)
4(11428 12093 12094 11429)
4(11395 11430 12095 12060)
4(11429 12094 12095 11430)
4(11396 11431 12096 12061)
4(11430 12095 12096 11431)
4(11397 11432 12097 12062)
4(11431 12096 12097 11432)
4(11398 11433 12098 12063)
4(11432 12097 12098 11433)
4(11399 11434 12099 12064)
4(11433 12098 12099 11434)
4(11400 11435 12100 12065)
4(11434 12099 12100 11435)
4(11401 11436 12101 12066)
4(11435 12100 12101 11436)
4(11402 11437 12102 12067)
4(11436 12101 12102 11437)
4(11403 11438 12103 12068)
4(11437 12102 12103 11438)
4(11404 11439 12104 12069)
4(11438 12103 12104 11439)
4(11405 11440 12105 12070)
4(11439 12104 12105 11440)
4(11406 11441 12106 12071)
4(11440 12105 12106 11441)
4(11407 11442 12107 12072)
4(11441 12106 12107 11442)
4(11408 11443 12108 12073)
4(11442 12107 12108 11443)
4(11443 12108 12109 11444)
4(11411 11446 12111 12076)
4(11445 12110 12111 11446)
4(11412 11447 12112 12077)
4(11446 12111 12112 11447)
4(11413 11448 12113 12078)
4(11447 12112 12113 11448)
4(11414 11449 12114 12079)
4(11448 12113 12114 11449)
4(11415 11450 12115 12080)
4(11449 12114 12115 11450)
4(11416 11451 12116 12081)
4(11450 12115 12116 11451)
4(11417 11452 12117 12082)
4(11451 12116 12117 11452)
4(11418 11453 12118 12083)
4(11452 12117 12118 11453)
4(11419 11454 12119 12084)
4(11453 12118 12119 11454)
4(11420 11455 12120 12085)
4(11454 12119 12120 11455)
4(11421 11456 12121 12086)
4(11455 12120 12121 11456)
4(11422 11457 12122 12087)
4(11456 12121 12122 11457)
4(11423 11458 12123 12088)
4(11457 12122 12123 11458)
4(11424 11459 12124 12089)
4(11458 12123 12124 11459)
4(11425 11460 12125 12090)
4(11459 12124 12125 11460)
4(11426 11461 12126 12091)
4(11460 12125 12126 11461)
4(11427 11462 12127 12092)
4(11461 12126 12127 11462)
4(11428 11463 12128 12093)
4(11462 12127 12128 11463)
4(11429 11464 12129 12094)
4(11463 12128 12129 11464)
4(11430 11465 12130 12095)
4(11464 12129 12130 11465)
4(11431 11466 12131 12096)
4(11465 12130 12131 11466)
4(11432 11467 12132 12097)
4(11466 12131 12132 11467)
4(11433 11468 12133 12098)
4(11467 12132 12133 11468)
4(11434 11469 12134 12099)
4(11468 12133 12134 11469)
4(11435 11470 12135 12100)
4(11469 12134 12135 11470)
4(11436 11471 12136 12101)
4(11470 12135 12136 11471)
4(11437 11472 12137 12102)
4(11471 12136 12137 11472)
4(11438 11473 12138 12103)
4(11472 12137 12138 11473)
4(11439 11474 12139 12104)
4(11473 12138 12139 11474)
4(11440 11475 12140 12105)
4(11474 12139 12140 11475)
4(11441 11476 12141 12106)
4(11475 12140 12141 11476)
4(11442 11477 12142 12107)
4(11476 12141 12142 11477)
4(11443 11478 12143 12108)
4(11477 12142 12143 11478)
4(11478 12143 12144 11479)
4(11446 11481 12146 12111)
4(11480 12145 12146 11481)
4(11447 11482 12147 12112)
4(11481 12146 12147 11482)
4(11448 11483 12148 12113)
4(11482 12147 12148 11483)
4(11449 11484 12149 12114)
4(11483 12148 12149 11484)
4(11450 11485 12150 12115)
4(11484 12149 12150 11485)
4(11451 11486 12151 12116)
4(11485 12150 12151 11486)
4(11452 11487 12152 12117)
4(11486 12151 12152 11487)
4(11453 11488 12153 12118)
4(11487 12152 12153 11488)
4(11454 11489 12154 12119)
4(11488 12153 12154 11489)
4(11455 11490 12155 12120)
4(11489 12154 12155 11490)
4(11456 11491 12156 12121)
4(11490 12155 12156 11491)
4(11457 11492 12157 12122)
4(11491 12156 12157 11492)
4(11458 11493 12158 12123)
4(11492 12157 12158 11493)
4(11459 11494 12159 12124)
4(11493 12158 12159 11494)
4(11460 11495 12160 12125)
4(11494 12159 12160 11495)
4(11461 11496 12161 12126)
4(11495 12160 12161 11496)
4(11462 11497 12162 12127)
4(11496 12161 12162 11497)
4(11463 11498 12163 12128)
4(11497 12162 12163 11498)
4(11464 11499 12164 12129)
4(11498 12163 12164 11499)
4(11465 11500 12165 12130)
4(11499 12164 12165 11500)
4(11466 11501 12166 12131)
4(11500 12165 12166 11501)
4(11467 11502 12167 12132)
4(11501 12166 12167 11502)
4(11468 11503 12168 12133)
4(11502 12167 12168 11503)
4(11469 11504 12169 12134)
4(11503 12168 12169 11504)
4(11470 11505 12170 12135)
4(11504 12169 12170 11505)
4(11471 11506 12171 12136)
4(11505 12170 12171 11506)
4(11472 11507 12172 12137)
4(11506 12171 12172 11507)
4(11473 11508 12173 12138)
4(11507 12172 12173 11508)
4(11474 11509 12174 12139)
4(11508 12173 12174 11509)
4(11475 11510 12175 12140)
4(11509 12174 12175 11510)
4(11476 11511 12176 12141)
4(11510 12175 12176 11511)
4(11477 11512 12177 12142)
4(11511 12176 12177 11512)
4(11478 11513 12178 12143)
4(11512 12177 12178 11513)
4(11513 12178 12179 11514)
4(11481 11516 12181 12146)
4(11515 12180 12181 11516)
4(11482 11517 12182 12147)
4(11516 12181 12182 11517)
4(11483 11518 12183 12148)
4(11517 12182 12183 11518)
4(11484 11519 12184 12149)
4(11518 12183 12184 11519)
4(11485 11520 12185 12150)
4(11519 12184 12185 11520)
4(11486 11521 12186 12151)
4(11520 12185 12186 11521)
4(11487 11522 12187 12152)
4(11521 12186 12187 11522)
4(11488 11523 12188 12153)
4(11522 12187 12188 11523)
4(11489 11524 12189 12154)
4(11523 12188 12189 11524)
4(11490 11525 12190 12155)
4(11524 12189 12190 11525)
4(11491 11526 12191 12156)
4(11525 12190 12191 11526)
4(11492 11527 12192 12157)
4(11526 12191 12192 11527)
4(11493 11528 12193 12158)
4(11527 12192 12193 11528)
4(11494 11529 12194 12159)
4(11528 12193 12194 11529)
4(11495 11530 12195 12160)
4(11529 12194 12195 11530)
4(11496 11531 12196 12161)
4(11530 12195 12196 11531)
4(11497 11532 12197 12162)
4(11531 12196 12197 11532)
4(11498 11533 12198 12163)
4(11532 12197 12198 11533)
4(11499 11534 12199 12164)
4(11533 12198 12199 11534)
4(11500 11535 12200 12165)
4(11534 12199 12200 11535)
4(11501 11536 12201 12166)
4(11535 12200 12201 11536)
4(11502 11537 12202 12167)
4(11536 12201 12202 11537)
4(11503 11538 12203 12168)
4(11537 12202 12203 11538)
4(11504 11539 12204 12169)
4(11538 12203 12204 11539)
4(11505 11540 12205 12170)
4(11539 12204 12205 11540)
4(11506 11541 12206 12171)
4(11540 12205 12206 11541)
4(11507 11542 12207 12172)
4(11541 12206 12207 11542)
4(11508 11543 12208 12173)
4(11542 12207 12208 11543)
4(11509 11544 12209 12174)
4(11543 12208 12209 11544)
4(11510 11545 12210 12175)
4(11544 12209 12210 11545)
4(11511 11546 12211 12176)
4(11545 12210 12211 11546)
4(11512 11547 12212 12177)
4(11546 12211 12212 11547)
4(11513 11548 12213 12178)
4(11547 12212 12213 11548)
4(11548 12213 12214 11549)
4(11516 11551 12216 12181)
4(11550 12215 12216 11551)
4(11517 11552 12217 12182)
4(11551 12216 12217 11552)
4(11518 11553 12218 12183)
4(11552 12217 12218 11553)
4(11519 11554 12219 12184)
4(11553 12218 12219 11554)
4(11520 11555 12220 12185)
4(11554 12219 12220 11555)
4(11521 11556 12221 12186)
4(11555 12220 12221 11556)
4(11522 11557 12222 12187)
4(11556 12221 12222 11557)
4(11523 11558 12223 12188)
4(11557 12222 12223 11558)
4(11524 11559 12224 12189)
4(11558 12223 12224 11559)
4(11525 11560 12225 12190)
4(11559 12224 12225 11560)
4(11526 11561 12226 12191)
4(11560 12225 12226 11561)
4(11527 11562 12227 12192)
4(11561 12226 12227 11562)
4(11528 11563 12228 12193)
4(11562 12227 12228 11563)
4(11529 11564 12229 12194)
4(11563 12228 12229 11564)
4(11530 11565 12230 12195)
4(11564 12229 12230 11565)
4(11531 11566 12231 12196)
4(11565 12230 12231 11566)
4(11532 11567 12232 12197)
4(11566 12231 12232 11567)
4(11533 11568 12233 12198)
4(11567 12232 12233 11568)
4(11534 11569 12234 12199)
4(11568 12233 12234 11569)
4(11535 11570 12235 12200)
4(11569 12234 12235 11570)
4(11536 11571 12236 12201)
4(11570 12235 12236 11571)
4(11537 11572 12237 12202)
4(11571 12236 12237 11572)
4(11538 11573 12238 12203)
4(11572 12237 12238 11573)
4(11539 11574 12239 12204)
4(11573 12238 12239 11574)
4(11540 11575 12240 12205)
4(11574 12239 12240 11575)
4(11541 11576 12241 12206)
4(11575 12240 12241 11576)
4(11542 11577 12242 12207)
4(11576 12241 12242 11577)
4(11543 11578 12243 12208)
4(11577 12242 12243 11578)
4(11544 11579 12244 12209)
4(11578 12243 12244 11579)
4(11545 11580 12245 12210)
4(11579 12244 12245 11580)
4(11546 11581 12246 12211)
4(11580 12245 12246 11581)
4(11547 11582 12247 12212)
4(11581 12246 12247 11582)
4(11548 11583 12248 12213)
4(11582 12247 12248 11583)
4(11583 12248 12249 11584)
4(11551 11586 12251 12216)
4(11585 12250 12251 11586)
4(11552 11587 12252 12217)
4(11586 12251 12252 11587)
4(11553 11588 12253 12218)
4(11587 12252 12253 11588)
4(11554 11589 12254 12219)
4(11588 12253 12254 11589)
4(11555 11590 12255 12220)
4(11589 12254 12255 11590)
4(11556 11591 12256 12221)
4(11590 12255 12256 11591)
4(11557 11592 12257 12222)
4(11591 12256 12257 11592)
4(11558 11593 12258 12223)
4(11592 12257 12258 11593)
4(11559 11594 12259 12224)
4(11593 12258 12259 11594)
4(11560 11595 12260 12225)
4(11594 12259 12260 11595)
4(11561 11596 12261 12226)
4(11595 12260 12261 11596)
4(11562 11597 12262 12227)
4(11596 12261 12262 11597)
4(11563 11598 12263 12228)
4(11597 12262 12263 11598)
4(11564 11599 12264 12229)
4(11598 12263 12264 11599)
4(11565 11600 12265 12230)
4(11599 12264 12265 11600)
4(11566 11601 12266 12231)
4(11600 12265 12266 11601)
4(11567 11602 12267 12232)
4(11601 12266 12267 11602)
4(11568 11603 12268 12233)
4(11602 12267 12268 11603)
4(11569 11604 12269 12234)
4(11603 12268 12269 11604)
4(11570 11605 12270 12235)
4(11604 12269 12270 11605)
4(11571 11606 12271 12236)
4(11605 12270 12271 11606)
4(11572 11607 12272 12237)
4(11606 12271 12272 11607)
4(11573 11608 12273 12238)
4(11607 12272 12273 11608)
4(11574 11609 12274 12239)
4(11608 12273 12274 11609)
4(11575 11610 12275 12240)
4(11609 12274 12275 11610)
4(11576 11611 12276 12241)
4(11610 12275 12276 11611)
4(11577 11612 12277 12242)
4(11611 12276 12277 11612)
4(11578 11613 12278 12243)
4(11612 12277 12278 11613)
4(11579 11614 12279 12244)
4(11613 12278 12279 11614)
4(11580 11615 12280 12245)
4(11614 12279 12280 11615)
4(11581 11616 12281 12246)
4(11615 12280 12281 11616)
4(11582 11617 12282 12247)
4(11616 12281 12282 11617)
4(11583 11618 12283 12248)
4(11617 12282 12283 11618)
4(11618 12283 12284 11619)
4(11586 11621 12286 12251)
4(11620 12285 12286 11621)
4(11587 11622 12287 12252)
4(11621 12286 12287 11622)
4(11588 11623 12288 12253)
4(11622 12287 12288 11623)
4(11589 11624 12289 12254)
4(11623 12288 12289 11624)
4(11590 11625 12290 12255)
4(11624 12289 12290 11625)
4(11591 11626 12291 12256)
4(11625 12290 12291 11626)
4(11592 11627 12292 12257)
4(11626 12291 12292 11627)
4(11593 11628 12293 12258)
4(11627 12292 12293 11628)
4(11594 11629 12294 12259)
4(11628 12293 12294 11629)
4(11595 11630 12295 12260)
4(11629 12294 12295 11630)
4(11596 11631 12296 12261)
4(11630 12295 12296 11631)
4(11597 11632 12297 12262)
4(11631 12296 12297 11632)
4(11598 11633 12298 12263)
4(11632 12297 12298 11633)
4(11599 11634 12299 12264)
4(11633 12298 12299 11634)
4(11600 11635 12300 12265)
4(11634 12299 12300 11635)
4(11601 11636 12301 12266)
4(11635 12300 12301 11636)
4(11602 11637 12302 12267)
4(11636 12301 12302 11637)
4(11603 11638 12303 12268)
4(11637 12302 12303 11638)
4(11604 11639 12304 12269)
4(11638 12303 12304 11639)
4(11605 11640 12305 12270)
4(11639 12304 12305 11640)
4(11606 11641 12306 12271)
4(11640 12305 12306 11641)
4(11607 11642 12307 12272)
4(11641 12306 12307 11642)
4(11608 11643 12308 12273)
4(11642 12307 12308 11643)
4(11609 11644 12309 12274)
4(11643 12308 12309 11644)
4(11610 11645 12310 12275)
4(11644 12309 12310 11645)
4(11611 11646 12311 12276)
4(11645 12310 12311 11646)
4(11612 11647 12312 12277)
4(11646 12311 12312 11647)
4(11613 11648 12313 12278)
4(11647 12312 12313 11648)
4(11614 11649 12314 12279)
4(11648 12313 12314 11649)
4(11615 11650 12315 12280)
4(11649 12314 12315 11650)
4(11616 11651 12316 12281)
4(11650 12315 12316 11651)
4(11617 11652 12317 12282)
4(11651 12316 12317 11652)
4(11618 11653 12318 12283)
4(11652 12317 12318 11653)
4(11653 12318 12319 11654)
4(11621 11656 12321 12286)
4(11655 12320 12321 11656)
4(11622 11657 12322 12287)
4(11656 12321 12322 11657)
4(11623 11658 12323 12288)
4(11657 12322 12323 11658)
4(11624 11659 12324 12289)
4(11658 12323 12324 11659)
4(11625 11660 12325 12290)
4(11659 12324 12325 11660)
4(11626 11661 12326 12291)
4(11660 12325 12326 11661)
4(11627 11662 12327 12292)
4(11661 12326 12327 11662)
4(11628 11663 12328 12293)
4(11662 12327 12328 11663)
4(11629 11664 12329 12294)
4(11663 12328 12329 11664)
4(11630 11665 12330 12295)
4(11664 12329 12330 11665)
4(11631 11666 12331 12296)
4(11665 12330 12331 11666)
4(11632 11667 12332 12297)
4(11666 12331 12332 11667)
4(11633 11668 12333 12298)
4(11667 12332 12333 11668)
4(11634 11669 12334 12299)
4(11668 12333 12334 11669)
4(11635 11670 12335 12300)
4(11669 12334 12335 11670)
4(11636 11671 12336 12301)
4(11670 12335 12336 11671)
4(11637 11672 12337 12302)
4(11671 12336 12337 11672)
4(11638 11673 12338 12303)
4(11672 12337 12338 11673)
4(11639 11674 12339 12304)
4(11673 12338 12339 11674)
4(11640 11675 12340 12305)
4(11674 12339 12340 11675)
4(11641 11676 12341 12306)
4(11675 12340 12341 11676)
4(11642 11677 12342 12307)
4(11676 12341 12342 11677)
4(11643 11678 12343 12308)
4(11677 12342 12343 11678)
4(11644 11679 12344 12309)
4(11678 12343 12344 11679)
4(11645 11680 12345 12310)
4(11679 12344 12345 11680)
4(11646 11681 12346 12311)
4(11680 12345 12346 11681)
4(11647 11682 12347 12312)
4(11681 12346 12347 11682)
4(11648 11683 12348 12313)
4(11682 12347 12348 11683)
4(11649 11684 12349 12314)
4(11683 12348 12349 11684)
4(11650 11685 12350 12315)
4(11684 12349 12350 11685)
4(11651 11686 12351 12316)
4(11685 12350 12351 11686)
4(11652 11687 12352 12317)
4(11686 12351 12352 11687)
4(11653 11688 12353 12318)
4(11687 12352 12353 11688)
4(11688 12353 12354 11689)
4(11656 11691 12356 12321)
4(11690 12355 12356 11691)
4(11657 11692 12357 12322)
4(11691 12356 12357 11692)
4(11658 11693 12358 12323)
4(11692 12357 12358 11693)
4(11659 11694 12359 12324)
4(11693 12358 12359 11694)
4(11660 11695 12360 12325)
4(11694 12359 12360 11695)
4(11661 11696 12361 12326)
4(11695 12360 12361 11696)
4(11662 11697 12362 12327)
4(11696 12361 12362 11697)
4(11663 11698 12363 12328)
4(11697 12362 12363 11698)
4(11664 11699 12364 12329)
4(11698 12363 12364 11699)
4(11665 11700 12365 12330)
4(11699 12364 12365 11700)
4(11666 11701 12366 12331)
4(11700 12365 12366 11701)
4(11667 11702 12367 12332)
4(11701 12366 12367 11702)
4(11668 11703 12368 12333)
4(11702 12367 12368 11703)
4(11669 11704 12369 12334)
4(11703 12368 12369 11704)
4(11670 11705 12370 12335)
4(11704 12369 12370 11705)
4(11671 11706 12371 12336)
4(11705 12370 12371 11706)
4(11672 11707 12372 12337)
4(11706 12371 12372 11707)
4(11673 11708 12373 12338)
4(11707 12372 12373 11708)
4(11674 11709 12374 12339)
4(11708 12373 12374 11709)
4(11675 11710 12375 12340)
4(11709 12374 12375 11710)
4(11676 11711 12376 12341)
4(11710 12375 12376 11711)
4(11677 11712 12377 12342)
4(11711 12376 12377 11712)
4(11678 11713 12378 12343)
4(11712 12377 12378 11713)
4(11679 11714 12379 12344)
4(11713 12378 12379 11714)
4(11680 11715 12380 12345)
4(11714 12379 12380 11715)
4(11681 11716 12381 12346)
4(11715 12380 12381 11716)
4(11682 11717 12382 12347)
4(11716 12381 12382 11717)
4(11683 11718 12383 12348)
4(11717 12382 12383 11718)
4(11684 11719 12384 12349)
4(11718 12383 12384 11719)
4(11685 11720 12385 12350)
4(11719 12384 12385 11720)
4(11686 11721 12386 12351)
4(11720 12385 12386 11721)
4(11687 11722 12387 12352)
4(11721 12386 12387 11722)
4(11688 11723 12388 12353)
4(11722 12387 12388 11723)
4(11723 12388 12389 11724)
4(11691 11726 12391 12356)
4(11725 12390 12391 11726)
4(11692 11727 12392 12357)
4(11726 12391 12392 11727)
4(11693 11728 12393 12358)
4(11727 12392 12393 11728)
4(11694 11729 12394 12359)
4(11728 12393 12394 11729)
4(11695 11730 12395 12360)
4(11729 12394 12395 11730)
4(11696 11731 12396 12361)
4(11730 12395 12396 11731)
4(11697 11732 12397 12362)
4(11731 12396 12397 11732)
4(11698 11733 12398 12363)
4(11732 12397 12398 11733)
4(11699 11734 12399 12364)
4(11733 12398 12399 11734)
4(11700 11735 12400 12365)
4(11734 12399 12400 11735)
4(11701 11736 12401 12366)
4(11735 12400 12401 11736)
4(11702 11737 12402 12367)
4(11736 12401 12402 11737)
4(11703 11738 12403 12368)
4(11737 12402 12403 11738)
4(11704 11739 12404 12369)
4(11738 12403 12404 11739)
4(11705 11740 12405 12370)
4(11739 12404 12405 11740)
4(11706 11741 12406 12371)
4(11740 12405 12406 11741)
4(11707 11742 12407 12372)
4(11741 12406 12407 11742)
4(11708 11743 12408 12373)
4(11742 12407 12408 11743)
4(11709 11744 12409 12374)
4(11743 12408 12409 11744)
4(11710 11745 12410 12375)
4(11744 12409 12410 11745)
4(11711 11746 12411 12376)
4(11745 12410 12411 11746)
4(11712 11747 12412 12377)
4(11746 12411 12412 11747)
4(11713 11748 12413 12378)
4(11747 12412 12413 11748)
4(11714 11749 12414 12379)
4(11748 12413 12414 11749)
4(11715 11750 12415 12380)
4(11749 12414 12415 11750)
4(11716 11751 12416 12381)
4(11750 12415 12416 11751)
4(11717 11752 12417 12382)
4(11751 12416 12417 11752)
4(11718 11753 12418 12383)
4(11752 12417 12418 11753)
4(11719 11754 12419 12384)
4(11753 12418 12419 11754)
4(11720 11755 12420 12385)
4(11754 12419 12420 11755)
4(11721 11756 12421 12386)
4(11755 12420 12421 11756)
4(11722 11757 12422 12387)
4(11756 12421 12422 11757)
4(11723 11758 12423 12388)
4(11757 12422 12423 11758)
4(11758 12423 12424 11759)
4(11726 11761 12426 12391)
4(11760 12425 12426 11761)
4(11727 11762 12427 12392)
4(11761 12426 12427 11762)
4(11728 11763 12428 12393)
4(11762 12427 12428 11763)
4(11729 11764 12429 12394)
4(11763 12428 12429 11764)
4(11730 11765 12430 12395)
4(11764 12429 12430 11765)
4(11731 11766 12431 12396)
4(11765 12430 12431 11766)
4(11732 11767 12432 12397)
4(11766 12431 12432 11767)
4(11733 11768 12433 12398)
4(11767 12432 12433 11768)
4(11734 11769 12434 12399)
4(11768 12433 12434 11769)
4(11735 11770 12435 12400)
4(11769 12434 12435 11770)
4(11736 11771 12436 12401)
4(11770 12435 12436 11771)
4(11737 11772 12437 12402)
4(11771 12436 12437 11772)
4(11738 11773 12438 12403)
4(11772 12437 12438 11773)
4(11739 11774 12439 12404)
4(11773 12438 12439 11774)
4(11740 11775 12440 12405)
4(11774 12439 12440 11775)
4(11741 11776 12441 12406)
4(11775 12440 12441 11776)
4(11742 11777 12442 12407)
4(11776 12441 12442 11777)
4(11743 11778 12443 12408)
4(11777 12442 12443 11778)
4(11744 11779 12444 12409)
4(11778 12443 12444 11779)
4(11745 11780 12445 12410)
4(11779 12444 12445 11780)
4(11746 11781 12446 12411)
4(11780 12445 12446 11781)
4(11747 11782 12447 12412)
4(11781 12446 12447 11782)
4(11748 11783 12448 12413)
4(11782 12447 12448 11783)
4(11749 11784 12449 12414)
4(11783 12448 12449 11784)
4(11750 11785 12450 12415)
4(11784 12449 12450 11785)
4(11751 11786 12451 12416)
4(11785 12450 12451 11786)
4(11752 11787 12452 12417)
4(11786 12451 12452 11787)
4(11753 11788 12453 12418)
4(11787 12452 12453 11788)
4(11754 11789 12454 12419)
4(11788 12453 12454 11789)
4(11755 11790 12455 12420)
4(11789 12454 12455 11790)
4(11756 11791 12456 12421)
4(11790 12455 12456 11791)
4(11757 11792 12457 12422)
4(11791 12456 12457 11792)
4(11758 11793 12458 12423)
4(11792 12457 12458 11793)
4(11793 12458 12459 11794)
4(11761 11796 12461 12426)
4(11795 12460 12461 11796)
4(11762 11797 12462 12427)
4(11796 12461 12462 11797)
4(11763 11798 12463 12428)
4(11797 12462 12463 11798)
4(11764 11799 12464 12429)
4(11798 12463 12464 11799)
4(11765 11800 12465 12430)
4(11799 12464 12465 11800)
4(11766 11801 12466 12431)
4(11800 12465 12466 11801)
4(11767 11802 12467 12432)
4(11801 12466 12467 11802)
4(11768 11803 12468 12433)
4(11802 12467 12468 11803)
4(11769 11804 12469 12434)
4(11803 12468 12469 11804)
4(11770 11805 12470 12435)
4(11804 12469 12470 11805)
4(11771 11806 12471 12436)
4(11805 12470 12471 11806)
4(11772 11807 12472 12437)
4(11806 12471 12472 11807)
4(11773 11808 12473 12438)
4(11807 12472 12473 11808)
4(11774 11809 12474 12439)
4(11808 12473 12474 11809)
4(11775 11810 12475 12440)
4(11809 12474 12475 11810)
4(11776 11811 12476 12441)
4(11810 12475 12476 11811)
4(11777 11812 12477 12442)
4(11811 12476 12477 11812)
4(11778 11813 12478 12443)
4(11812 12477 12478 11813)
4(11779 11814 12479 12444)
4(11813 12478 12479 11814)
4(11780 11815 12480 12445)
4(11814 12479 12480 11815)
4(11781 11816 12481 12446)
4(11815 12480 12481 11816)
4(11782 11817 12482 12447)
4(11816 12481 12482 11817)
4(11783 11818 12483 12448)
4(11817 12482 12483 11818)
4(11784 11819 12484 12449)
4(11818 12483 12484 11819)
4(11785 11820 12485 12450)
4(11819 12484 12485 11820)
4(11786 11821 12486 12451)
4(11820 12485 12486 11821)
4(11787 11822 12487 12452)
4(11821 12486 12487 11822)
4(11788 11823 12488 12453)
4(11822 12487 12488 11823)
4(11789 11824 12489 12454)
4(11823 12488 12489 11824)
4(11790 11825 12490 12455)
4(11824 12489 12490 11825)
4(11791 11826 12491 12456)
4(11825 12490 12491 11826)
4(11792 11827 12492 12457)
4(11826 12491 12492 11827)
4(11793 11828 12493 12458)
4(11827 12492 12493 11828)
4(11828 12493 12494 11829)
4(11796 11831 12496 12461)
4(11830 12495 12496 11831)
4(11797 11832 12497 12462)
4(11831 12496 12497 11832)
4(11798 11833 12498 12463)
4(11832 12497 12498 11833)
4(11799 11834 12499 12464)
4(11833 12498 12499 11834)
4(11800 11835 12500 12465)
4(11834 12499 12500 11835)
4(11801 11836 12501 12466)
4(11835 12500 12501 11836)
4(11802 11837 12502 12467)
4(11836 12501 12502 11837)
4(11803 11838 12503 12468)
4(11837 12502 12503 11838)
4(11804 11839 12504 12469)
4(11838 12503 12504 11839)
4(11805 11840 12505 12470)
4(11839 12504 12505 11840)
4(11806 11841 12506 12471)
4(11840 12505 12506 11841)
4(11807 11842 12507 12472)
4(11841 12506 12507 11842)
4(11808 11843 12508 12473)
4(11842 12507 12508 11843)
4(11809 11844 12509 12474)
4(11843 12508 12509 11844)
4(11810 11845 12510 12475)
4(11844 12509 12510 11845)
4(11811 11846 12511 12476)
4(11845 12510 12511 11846)
4(11812 11847 12512 12477)
4(11846 12511 12512 11847)
4(11813 11848 12513 12478)
4(11847 12512 12513 11848)
4(11814 11849 12514 12479)
4(11848 12513 12514 11849)
4(11815 11850 12515 12480)
4(11849 12514 12515 11850)
4(11816 11851 12516 12481)
4(11850 12515 12516 11851)
4(11817 11852 12517 12482)
4(11851 12516 12517 11852)
4(11818 11853 12518 12483)
4(11852 12517 12518 11853)
4(11819 11854 12519 12484)
4(11853 12518 12519 11854)
4(11820 11855 12520 12485)
4(11854 12519 12520 11855)
4(11821 11856 12521 12486)
4(11855 12520 12521 11856)
4(11822 11857 12522 12487)
4(11856 12521 12522 11857)
4(11823 11858 12523 12488)
4(11857 12522 12523 11858)
4(11824 11859 12524 12489)
4(11858 12523 12524 11859)
4(11825 11860 12525 12490)
4(11859 12524 12525 11860)
4(11826 11861 12526 12491)
4(11860 12525 12526 11861)
4(11827 11862 12527 12492)
4(11861 12526 12527 11862)
4(11828 11863 12528 12493)
4(11862 12527 12528 11863)
4(11863 12528 12529 11864)
4(11831 11866 12531 12496)
4(11865 12530 12531 11866)
4(11832 11867 12532 12497)
4(11866 12531 12532 11867)
4(11833 11868 12533 12498)
4(11867 12532 12533 11868)
4(11834 11869 12534 12499)
4(11868 12533 12534 11869)
4(11835 11870 12535 12500)
4(11869 12534 12535 11870)
4(11836 11871 12536 12501)
4(11870 12535 12536 11871)
4(11837 11872 12537 12502)
4(11871 12536 12537 11872)
4(11838 11873 12538 12503)
4(11872 12537 12538 11873)
4(11839 11874 12539 12504)
4(11873 12538 12539 11874)
4(11840 11875 12540 12505)
4(11874 12539 12540 11875)
4(11841 11876 12541 12506)
4(11875 12540 12541 11876)
4(11842 11877 12542 12507)
4(11876 12541 12542 11877)
4(11843 11878 12543 12508)
4(11877 12542 12543 11878)
4(11844 11879 12544 12509)
4(11878 12543 12544 11879)
4(11845 11880 12545 12510)
4(11879 12544 12545 11880)
4(11846 11881 12546 12511)
4(11880 12545 12546 11881)
4(11847 11882 12547 12512)
4(11881 12546 12547 11882)
4(11848 11883 12548 12513)
4(11882 12547 12548 11883)
4(11849 11884 12549 12514)
4(11883 12548 12549 11884)
4(11850 11885 12550 12515)
4(11884 12549 12550 11885)
4(11851 11886 12551 12516)
4(11885 12550 12551 11886)
4(11852 11887 12552 12517)
4(11886 12551 12552 11887)
4(11853 11888 12553 12518)
4(11887 12552 12553 11888)
4(11854 11889 12554 12519)
4(11888 12553 12554 11889)
4(11855 11890 12555 12520)
4(11889 12554 12555 11890)
4(11856 11891 12556 12521)
4(11890 12555 12556 11891)
4(11857 11892 12557 12522)
4(11891 12556 12557 11892)
4(11858 11893 12558 12523)
4(11892 12557 12558 11893)
4(11859 11894 12559 12524)
4(11893 12558 12559 11894)
4(11860 11895 12560 12525)
4(11894 12559 12560 11895)
4(11861 11896 12561 12526)
4(11895 12560 12561 11896)
4(11862 11897 12562 12527)
4(11896 12561 12562 11897)
4(11863 11898 12563 12528)
4(11897 12562 12563 11898)
4(11898 12563 12564 11899)
4(11866 11901 12566 12531)
4(11900 12565 12566 11901)
4(11867 11902 12567 12532)
4(11901 12566 12567 11902)
4(11868 11903 12568 12533)
4(11902 12567 12568 11903)
4(11869 11904 12569 12534)
4(11903 12568 12569 11904)
4(11870 11905 12570 12535)
4(11904 12569 12570 11905)
4(11871 11906 12571 12536)
4(11905 12570 12571 11906)
4(11872 11907 12572 12537)
4(11906 12571 12572 11907)
4(11873 11908 12573 12538)
4(11907 12572 12573 11908)
4(11874 11909 12574 12539)
4(11908 12573 12574 11909)
4(11875 11910 12575 12540)
4(11909 12574 12575 11910)
4(11876 11911 12576 12541)
4(11910 12575 12576 11911)
4(11877 11912 12577 12542)
4(11911 12576 12577 11912)
4(11878 11913 12578 12543)
4(11912 12577 12578 11913)
4(11879 11914 12579 12544)
4(11913 12578 12579 11914)
4(11880 11915 12580 12545)
4(11914 12579 12580 11915)
4(11881 11916 12581 12546)
4(11915 12580 12581 11916)
4(11882 11917 12582 12547)
4(11916 12581 12582 11917)
4(11883 11918 12583 12548)
4(11917 12582 12583 11918)
4(11884 11919 12584 12549)
4(11918 12583 12584 11919)
4(11885 11920 12585 12550)
4(11919 12584 12585 11920)
4(11886 11921 12586 12551)
4(11920 12585 12586 11921)
4(11887 11922 12587 12552)
4(11921 12586 12587 11922)
4(11888 11923 12588 12553)
4(11922 12587 12588 11923)
4(11889 11924 12589 12554)
4(11923 12588 12589 11924)
4(11890 11925 12590 12555)
4(11924 12589 12590 11925)
4(11891 11926 12591 12556)
4(11925 12590 12591 11926)
4(11892 11927 12592 12557)
4(11926 12591 12592 11927)
4(11893 11928 12593 12558)
4(11927 12592 12593 11928)
4(11894 11929 12594 12559)
4(11928 12593 12594 11929)
4(11895 11930 12595 12560)
4(11929 12594 12595 11930)
4(11896 11931 12596 12561)
4(11930 12595 12596 11931)
4(11897 11932 12597 12562)
4(11931 12596 12597 11932)
4(11898 11933 12598 12563)
4(11932 12597 12598 11933)
4(11933 12598 12599 11934)
4(11901 11936 12601 12566)
4(11902 11937 12602 12567)
4(11903 11938 12603 12568)
4(11904 11939 12604 12569)
4(11905 11940 12605 12570)
4(11906 11941 12606 12571)
4(11907 11942 12607 12572)
4(11908 11943 12608 12573)
4(11909 11944 12609 12574)
4(11910 11945 12610 12575)
4(11911 11946 12611 12576)
4(11912 11947 12612 12577)
4(11913 11948 12613 12578)
4(11914 11949 12614 12579)
4(11915 11950 12615 12580)
4(11916 11951 12616 12581)
4(11917 11952 12617 12582)
4(11918 11953 12618 12583)
4(11919 11954 12619 12584)
4(11920 11955 12620 12585)
4(11921 11956 12621 12586)
4(11922 11957 12622 12587)
4(11923 11958 12623 12588)
4(11924 11959 12624 12589)
4(11925 11960 12625 12590)
4(11926 11961 12626 12591)
4(11927 11962 12627 12592)
4(11928 11963 12628 12593)
4(11929 11964 12629 12594)
4(11930 11965 12630 12595)
4(11931 11966 12631 12596)
4(11932 11967 12632 12597)
4(11933 11968 12633 12598)
4(0 665 700 35)
4(35 700 735 70)
4(70 735 770 105)
4(105 770 805 140)
4(140 805 840 175)
4(175 840 875 210)
4(210 875 910 245)
4(245 910 945 280)
4(280 945 980 315)
4(315 980 1015 350)
4(350 1015 1050 385)
4(385 1050 1085 420)
4(420 1085 1120 455)
4(455 1120 1155 490)
4(490 1155 1190 525)
4(525 1190 1225 560)
4(560 1225 1260 595)
4(595 1260 1295 630)
4(665 1330 1365 700)
4(700 1365 1400 735)
4(735 1400 1435 770)
4(770 1435 1470 805)
4(805 1470 1505 840)
4(840 1505 1540 875)
4(875 1540 1575 910)
4(910 1575 1610 945)
4(945 1610 1645 980)
4(980 1645 1680 1015)
4(1015 1680 1715 1050)
4(1050 1715 1750 1085)
4(1085 1750 1785 1120)
4(1120 1785 1820 1155)
4(1155 1820 1855 1190)
4(1190 1855 1890 1225)
4(1225 1890 1925 1260)
4(1260 1925 1960 1295)
4(1330 1995 2030 1365)
4(1365 2030 2065 1400)
4(1400 2065 2100 1435)
4(1435 2100 2135 1470)
4(1470 2135 2170 1505)
4(1505 2170 2205 1540)
4(1540 2205 2240 1575)
4(1575 2240 2275 1610)
4(1610 2275 2310 1645)
4(1645 2310 2345 1680)
4(1680 2345 2380 1715)
4(1715 2380 2415 1750)
4(1750 2415 2450 1785)
4(1785 2450 2485 1820)
4(1820 2485 2520 1855)
4(1855 2520 2555 1890)
4(1890 2555 2590 1925)
4(1925 2590 2625 1960)
4(1995 2660 2695 2030)
4(2030 2695 2730 2065)
4(2065 2730 2765 2100)
4(2100 2765 2800 2135)
4(2135 2800 2835 2170)
4(2170 2835 2870 2205)
4(2205 2870 2905 2240)
4(2240 2905 2940 2275)
4(2275 2940 2975 2310)
4(2310 2975 3010 2345)
4(2345 3010 3045 2380)
4(2380 3045 3080 2415)
4(2415 3080 3115 2450)
4(2450 3115 3150 2485)
4(2485 3150 3185 2520)
4(2520 3185 3220 2555)
4(2555 3220 3255 2590)
4(2590 3255 3290 2625)
4(2660 3325 3360 2695)
4(2695 3360 3395 2730)
4(2730 3395 3430 2765)
4(2765 3430 3465 2800)
4(2800 3465 3500 2835)
4(2835 3500 3535 2870)
4(2870 3535 3570 2905)
4(2905 3570 3605 2940)
4(2940 3605 3640 2975)
4(2975 3640 3675 3010)
4(3010 3675 3710 3045)
4(3045 3710 3745 3080)
4(3080 3745 3780 3115)
4(3115 3780 3815 3150)
4(3150 3815 3850 3185)
4(3185 3850 3885 3220)
4(3220 3885 3920 3255)
4(3255 3920 3955 3290)
4(3325 3990 4025 3360)
4(3360 4025 4060 3395)
4(3395 4060 4095 3430)
4(3430 4095 4130 3465)
4(3465 4130 4165 3500)
4(3500 4165 4200 3535)
4(3535 4200 4235 3570)
4(3570 4235 4270 3605)
4(3605 4270 4305 3640)
4(3640 4305 4340 3675)
4(3675 4340 4375 3710)
4(3710 4375 4410 3745)
4(3745 4410 4445 3780)
4(3780 4445 4480 3815)
4(3815 4480 4515 3850)
4(3850 4515 4550 3885)
4(3885 4550 4585 3920)
4(3920 4585 4620 3955)
4(3990 4655 4690 4025)
4(4025 4690 4725 4060)
4(4060 4725 4760 4095)
4(4095 4760 4795 4130)
4(4130 4795 4830 4165)
4(4165 4830 4865 4200)
4(4200 4865 4900 4235)
4(4235 4900 4935 4270)
4(4270 4935 4970 4305)
4(4305 4970 5005 4340)
4(4340 5005 5040 4375)
4(4375 5040 5075 4410)
4(4410 5075 5110 4445)
4(4445 5110 5145 4480)
4(4480 5145 5180 4515)
4(4515 5180 5215 4550)
4(4550 5215 5250 4585)
4(4585 5250 5285 4620)
4(4655 5320 5355 4690)
4(4690 5355 5390 4725)
4(4725 5390 5425 4760)
4(4760 5425 5460 4795)
4(4795 5460 5495 4830)
4(4830 5495 5530 4865)
4(4865 5530 5565 4900)
4(4900 5565 5600 4935)
4(4935 5600 5635 4970)
4(4970 5635 5670 5005)
4(5005 5670 5705 5040)
4(5040 5705 5740 5075)
4(5075 5740 5775 5110)
4(5110 5775 5810 5145)
4(5145 5810 5845 5180)
4(5180 5845 5880 5215)
4(5215 5880 5915 5250)
4(5250 5915 5950 5285)
4(5320 5985 6020 5355)
4(5355 6020 6055 5390)
4(5390 6055 6090 5425)
4(5425 6090 6125 5460)
4(5460 6125 6160 5495)
4(5495 6160 6195 5530)
4(5530 6195 6230 5565)
4(5565 6230 6265 5600)
4(5600 6265 6300 5635)
4(5635 6300 6335 5670)
4(5670 6335 6370 5705)
4(5705 6370 6405 5740)
4(5740 6405 6440 5775)
4(5775 6440 6475 5810)
4(5810 6475 6510 5845)
4(5845 6510 6545 5880)
4(5880 6545 6580 5915)
4(5915 6580 6615 5950)
4(5985 6650 6685 6020)
4(6020 6685 6720 6055)
4(6055 6720 6755 6090)
4(6090 6755 6790 6125)
4(6125 6790 6825 6160)
4(6160 6825 6860 6195)
4(6195 6860 6895 6230)
4(6230 6895 6930 6265)
4(6265 6930 6965 6300)
4(6300 6965 7000 6335)
4(6335 7000 7035 6370)
4(6370 7035 7070 6405)
4(6405 7070 7105 6440)
4(6440 7105 7140 6475)
4(6475 7140 7175 6510)
4(6510 7175 7210 6545)
4(6545 7210 7245 6580)
4(6580 7245 7280 6615)
4(6650 7315 7350 6685)
4(6685 7350 7385 6720)
4(6720 7385 7420 6755)
4(6755 7420 7455 6790)
4(6790 7455 7490 6825)
4(6825 7490 7525 6860)
4(6860 7525 7560 6895)
4(6895 7560 7595 6930)
4(6930 7595 7630 6965)
4(6965 7630 7665 7000)
4(7000 7665 7700 7035)
4(7035 7700 7735 7070)
4(7070 7735 7770 7105)
4(7105 7770 7805 7140)
4(7140 7805 7840 7175)
4(7175 7840 7875 7210)
4(7210 7875 7910 7245)
4(7245 7910 7945 7280)
4(7315 7980 8015 7350)
4(7350 8015 8050 7385)
4(7385 8050 8085 7420)
4(7420 8085 8120 7455)
4(7455 8120 8155 7490)
4(7490 8155 8190 7525)
4(7525 8190 8225 7560)
4(7560 8225 8260 7595)
4(7595 8260 8295 7630)
4(7630 8295 8330 7665)
4(7665 8330 8365 7700)
4(7700 8365 8400 7735)
4(7735 8400 8435 7770)
4(7770 8435 8470 7805)
4(7805 8470 8505 7840)
4(7840 8505 8540 7875)
4(7875 8540 8575 7910)
4(7910 8575 8610 7945)
4(7980 8645 8680 8015)
4(8015 8680 8715 8050)
4(8050 8715 8750 8085)
4(8085 8750 8785 8120)
4(8120 8785 8820 8155)
4(8155 8820 8855 8190)
4(8190 8855 8890 8225)
4(8225 8890 8925 8260)
4(8260 8925 8960 8295)
4(8295 8960 8995 8330)
4(8330 8995 9030 8365)
4(8365 9030 9065 8400)
4(8400 9065 9100 8435)
4(8435 9100 9135 8470)
4(8470 9135 9170 8505)
4(8505 9170 9205 8540)
4(8540 9205 9240 8575)
4(8575 9240 9275 8610)
4(8645 9310 9345 8680)
4(8680 9345 9380 8715)
4(8715 9380 9415 8750)
4(8750 9415 9450 8785)
4(8785 9450 9485 8820)
4(8820 9485 9520 8855)
4(8855 9520 9555 8890)
4(8890 9555 9590 8925)
4(8925 9590 9625 8960)
4(8960 9625 9660 8995)
4(8995 9660 9695 9030)
4(9030 9695 9730 9065)
4(9065 9730 9765 9100)
4(9100 9765 9800 9135)
4(9135 9800 9835 9170)
4(9170 9835 9870 9205)
4(9205 9870 9905 9240)
4(9240 9905 9940 9275)
4(9310 9975 10010 9345)
4(9345 10010 10045 9380)
4(9380 10045 10080 9415)
4(9415 10080 10115 9450)
4(9450 10115 10150 9485)
4(9485 10150 10185 9520)
4(9520 10185 10220 9555)
4(9555 10220 10255 9590)
4(9590 10255 10290 9625)
4(9625 10290 10325 9660)
4(9660 10325 10360 9695)
4(9695 10360 10395 9730)
4(9730 10395 10430 9765)
4(9765 10430 10465 9800)
4(9800 10465 10500 9835)
4(9835 10500 10535 9870)
4(9870 10535 10570 9905)
4(9905 10570 10605 9940)
4(9975 10640 10675 10010)
4(10010 10675 10710 10045)
4(10045 10710 10745 10080)
4(10080 10745 10780 10115)
4(10115 10780 10815 10150)
4(10150 10815 10850 10185)
4(10185 10850 10885 10220)
4(10220 10885 10920 10255)
4(10255 10920 10955 10290)
4(10290 10955 10990 10325)
4(10325 10990 11025 10360)
4(10360 11025 11060 10395)
4(10395 11060 11095 10430)
4(10430 11095 11130 10465)
4(10465 11130 11165 10500)
4(10500 11165 11200 10535)
4(10535 11200 11235 10570)
4(10570 11235 11270 10605)
4(10640 11305 11340 10675)
4(10675 11340 11375 10710)
4(10710 11375 11410 10745)
4(10745 11410 11445 10780)
4(10780 11445 11480 10815)
4(10815 11480 11515 10850)
4(10850 11515 11550 10885)
4(10885 11550 11585 10920)
4(10920 11585 11620 10955)
4(10955 11620 11655 10990)
4(10990 11655 11690 11025)
4(11025 11690 11725 11060)
4(11060 11725 11760 11095)
4(11095 11760 11795 11130)
4(11130 11795 11830 11165)
4(11165 11830 11865 11200)
4(11200 11865 11900 11235)
4(11235 11900 11935 11270)
4(11305 11970 12005 11340)
4(11340 12005 12040 11375)
4(11375 12040 12075 11410)
4(11410 12075 12110 11445)
4(11445 12110 12145 11480)
4(11480 12145 12180 11515)
4(11515 12180 12215 11550)
4(11550 12215 12250 11585)
4(11585 12250 12285 11620)
4(11620 12285 12320 11655)
4(11655 12320 12355 11690)
4(11690 12355 12390 11725)
4(11725 12390 12425 11760)
4(11760 12425 12460 11795)
4(11795 12460 12495 11830)
4(11830 12495 12530 11865)
4(11865 12530 12565 11900)
4(11900 12565 12600 11935)
4(34 69 734 699)
4(69 104 769 734)
4(104 139 804 769)
4(139 174 839 804)
4(174 209 874 839)
4(209 244 909 874)
4(244 279 944 909)
4(279 314 979 944)
4(314 349 1014 979)
4(349 384 1049 1014)
4(384 419 1084 1049)
4(419 454 1119 1084)
4(454 489 1154 1119)
4(489 524 1189 1154)
4(524 559 1224 1189)
4(559 594 1259 1224)
4(594 629 1294 1259)
4(629 664 1329 1294)
4(699 734 1399 1364)
4(734 769 1434 1399)
4(769 804 1469 1434)
4(804 839 1504 1469)
4(839 874 1539 1504)
4(874 909 1574 1539)
4(909 944 1609 1574)
4(944 979 1644 1609)
4(979 1014 1679 1644)
4(1014 1049 1714 1679)
4(1049 1084 1749 1714)
4(1084 1119 1784 1749)
4(1119 1154 1819 1784)
4(1154 1189 1854 1819)
4(1189 1224 1889 1854)
4(1224 1259 1924 1889)
4(1259 1294 1959 1924)
4(1294 1329 1994 1959)
4(1364 1399 2064 2029)
4(1399 1434 2099 2064)
4(1434 1469 2134 2099)
4(1469 1504 2169 2134)
4(1504 1539 2204 2169)
4(1539 1574 2239 2204)
4(1574 1609 2274 2239)
4(1609 1644 2309 2274)
4(1644 1679 2344 2309)
4(1679 1714 2379 2344)
4(1714 1749 2414 2379)
4(1749 1784 2449 2414)
4(1784 1819 2484 2449)
4(1819 1854 2519 2484)
4(1854 1889 2554 2519)
4(1889 1924 2589 2554)
4(1924 1959 2624 2589)
4(1959 1994 2659 2624)
4(2029 2064 2729 2694)
4(2064 2099 2764 2729)
4(2099 2134 2799 2764)
4(2134 2169 2834 2799)
4(2169 2204 2869 2834)
4(2204 2239 2904 2869)
4(2239 2274 2939 2904)
4(2274 2309 2974 2939)
4(2309 2344 3009 2974)
4(2344 2379 3044 3009)
4(2379 2414 3079 3044)
4(2414 2449 3114 3079)
4(2449 2484 3149 3114)
4(2484 2519 3184 3149)
4(2519 2554 3219 3184)
4(2554 2589 3254 3219)
4(2589 2624 3289 3254)
4(2624 2659 3324 3289)
4(2694 2729 3394 3359)
4(2729 2764 3429 3394)
4(2764 2799 3464 3429)
4(2799 2834 3499 3464)
4(2834 2869 3534 3499)
4(2869 2904 3569 3534)
4(2904 2939 3604 3569)
4(2939 2974 3639 3604)
4(2974 3009 3674 3639)
4(3009 3044 3709 3674)
4(3044 3079 3744 3709)
4(3079 3114 3779 3744)
4(3114 3149 3814 3779)
4(3149 3184 3849 3814)
4(3184 3219 3884 3849)
4(3219 3254 3919 3884)
4(3254 3289 3954 3919)
4(3289 3324 3989 3954)
4(3359 3394 4059 4024)
4(3394 3429 4094 4059)
4(3429 3464 4129 4094)
4(3464 3499 4164 4129)
4(3499 3534 4199 4164)
4(3534 3569 4234 4199)
4(3569 3604 4269 4234)
4(3604 3639 4304 4269)
4(3639 3674 4339 4304)
4(3674 3709 4374 4339)
4(3709 3744 4409 4374)
4(3744 3779 4444 4409)
4(3779 3814 4479 4444)
4(3814 3849 4514 4479)
4(3849 3884 4549 4514)
4(3884 3919 4584 4549)
4(3919 3954 4619 4584)
4(3954 3989 4654 4619)
4(4024 4059 4724 4689)
4(4059 4094 4759 4724)
4(4094 4129 4794 4759)
4(4129 4164 4829 4794)
4(4164 4199 4864 4829)
4(4199 4234 4899 4864)
4(4234 4269 4934 4899)
4(4269 4304 4969 4934)
4(4304 4339 5004 4969)
4(4339 4374 5039 5004)
4(4374 4409 5074 5039)
4(4409 4444 5109 5074)
4(4444 4479 5144 5109)
4(4479 4514 5179 5144)
4(4514 4549 5214 5179)
4(4549 4584 5249 5214)
4(4584 4619 5284 5249)
4(4619 4654 5319 5284)
4(4689 4724 5389 5354)
4(4724 4759 5424 5389)
4(4759 4794 5459 5424)
4(4794 4829 5494 5459)
4(4829 4864 5529 5494)
4(4864 4899 5564 5529)
4(4899 4934 5599 5564)
4(4934 4969 5634 5599)
4(4969 5004 5669 5634)
4(5004 5039 5704 5669)
4(5039 5074 5739 5704)
4(5074 5109 5774 5739)
4(5109 5144 5809 5774)
4(5144 5179 5844 5809)
4(5179 5214 5879 5844)
4(5214 5249 5914 5879)
4(5249 5284 5949 5914)
4(5284 5319 5984 5949)
4(5354 5389 6054 6019)
4(5389 5424 6089 6054)
4(5424 5459 6124 6089)
4(5459 5494 6159 6124)
4(5494 5529 6194 6159)
4(5529 5564 6229 6194)
4(5564 5599 6264 6229)
4(5599 5634 6299 6264)
4(5634 5669 6334 6299)
4(5669 5704 6369 6334)
4(5704 5739 6404 6369)
4(5739 5774 6439 6404)
4(5774 5809 6474 6439)
4(5809 5844 6509 6474)
4(5844 5879 6544 6509)
4(5879 5914 6579 6544)
4(5914 5949 6614 6579)
4(5949 5984 6649 6614)
4(6019 6054 6719 6684)
4(6054 6089 6754 6719)
4(6089 6124 6789 6754)
4(6124 6159 6824 6789)
4(6159 6194 6859 6824)
4(6194 6229 6894 6859)
4(6229 6264 6929 6894)
4(6264 6299 6964 6929)
4(6299 6334 6999 6964)
4(6334 6369 7034 6999)
4(6369 6404 7069 7034)
4(6404 6439 7104 7069)
4(6439 6474 7139 7104)
4(6474 6509 7174 7139)
4(6509 6544 7209 7174)
4(6544 6579 7244 7209)
4(6579 6614 7279 7244)
4(6614 6649 7314 7279)
4(6684 6719 7384 7349)
4(6719 6754 7419 7384)
4(6754 6789 7454 7419)
4(6789 6824 7489 7454)
4(6824 6859 7524 7489)
4(6859 6894 7559 7524)
4(6894 6929 7594 7559)
4(6929 6964 7629 7594)
4(6964 6999 7664 7629)
4(6999 7034 7699 7664)
4(7034 7069 7734 7699)
4(7069 7104 7769 7734)
4(7104 7139 7804 7769)
4(7139 7174 7839 7804)
4(7174 7209 7874 7839)
4(7209 7244 7909 7874)
4(7244 7279 7944 7909)
4(7279 7314 7979 7944)
4(7349 7384 8049 8014)
4(7384 7419 8084 8049)
4(7419 7454 8119 8084)
4(7454 7489 8154 8119)
4(7489 7524 8189 8154)
4(7524 7559 8224 8189)
4(7559 7594 8259 8224)
4(7594 7629 8294 8259)
4(7629 7664 8329 8294)
4(7664 7699 8364 8329)
4(7699 7734 8399 8364)
4(7734 7769 8434 8399)
4(7769 7804 8469 8434)
4(7804 7839 8504 8469)
4(7839 7874 8539 8504)
4(7874 7909 8574 8539)
4(7909 7944 8609 8574)
4(7944 7979 8644 8609)
4(8014 8049 8714 8679)
4(8049 8084 8749 8714)
4(8084 8119 8784 8749)
4(8119 8154 8819 8784)
4(8154 8189 8854 8819)
4(8189 8224 8889 8854)
4(8224 8259 8924 8889)
4(8259 8294 8959 8924)
4(8294 8329 8994 8959)
4(8329 8364 9029 8994)
4(8364 8399 9064 9029)
4(8399 8434 9099 9064)
4(8434 8469 9134 9099)
4(8469 8504 9169 9134)
4(8504 8539 9204 9169)
4(8539 8574 9239 9204)
4(8574 8609 9274 9239)
4(8609 8644 9309 9274)
4(8679 8714 9379 9344)
4(8714 8749 9414 9379)
4(8749 8784 9449 9414)
4(8784 8819 9484 9449)
4(8819 8854 9519 9484)
4(8854 8889 9554 9519)
4(8889 8924 9589 9554)
4(8924 8959 9624 9589)
4(8959 8994 9659 9624)
4(8994 9029 9694 9659)
4(9029 9064 9729 9694)
4(9064 9099 9764 9729)
4(9099 9134 9799 9764)
4(9134 9169 9834 9799)
4(9169 9204 9869 9834)
4(9204 9239 9904 9869)
4(9239 9274 9939 9904)
4(9274 9309 9974 9939)
4(9344 9379 10044 10009)
4(9379 9414 10079 10044)
4(9414 9449 10114 10079)
4(9449 9484 10149 10114)
4(9484 9519 10184 10149)
4(9519 9554 10219 10184)
4(9554 9589 10254 10219)
4(9589 9624 10289 10254)
4(9624 9659 10324 10289)
4(9659 9694 10359 10324)
4(9694 9729 10394 10359)
4(9729 9764 10429 10394)
4(9764 9799 10464 10429)
4(9799 9834 10499 10464)
4(9834 9869 10534 10499)
4(9869 9904 10569 10534)
4(9904 9939 10604 10569)
4(9939 9974 10639 10604)
4(10009 10044 10709 10674)
4(10044 10079 10744 10709)
4(10079 10114 10779 10744)
4(10114 10149 10814 10779)
4(10149 10184 10849 10814)
4(10184 10219 10884 10849)
4(10219 10254 10919 10884)
4(10254 10289 10954 10919)
4(10289 10324 10989 10954)
4(10324 10359 11024 10989)
4(10359 10394 11059 11024)
4(10394 10429 11094 11059)
4(10429 10464 11129 11094)
4(10464 10499 11164 11129)
4(10499 10534 11199 11164)
4(10534 10569 11234 11199)
4(10569 10604 11269 11234)
4(10604 10639 11304 11269)
4(10674 10709 11374 11339)
4(10709 10744 11409 11374)
4(10744 10779 11444 11409)
4(10779 10814 11479 11444)
4(10814 10849 11514 11479)
4(10849 10884 11549 11514)
4(10884 10919 11584 11549)
4(10919 10954 11619 11584)
4(10954 10989 11654 11619)
4(10989 11024 11689 11654)
4(11024 11059 11724 11689)
4(11059 11094 11759 11724)
4(11094 11129 11794 11759)
4(11129 11164 11829 11794)
4(11164 11199 11864 11829)
4(11199 11234 11899 11864)
4(11234 11269 11934 11899)
4(11269 11304 11969 11934)
4(11339 11374 12039 12004)
4(11374 11409 12074 12039)
4(11409 11444 12109 12074)
4(11444 11479 12144 12109)
4(11479 11514 12179 12144)
4(11514 11549 12214 12179)
4(11549 11584 12249 12214)
4(11584 11619 12284 12249)
4(11619 11654 12319 12284)
4(11654 11689 12354 12319)
4(11689 11724 12389 12354)
4(11724 11759 12424 12389)
4(11759 11794 12459 12424)
4(11794 11829 12494 12459)
4(11829 11864 12529 12494)
4(11864 11899 12564 12529)
4(11899 11934 12599 12564)
4(11934 11969 12634 12599)
4(0 1 666 665)
4(665 666 1331 1330)
4(1330 1331 1996 1995)
4(1995 1996 2661 2660)
4(2660 2661 3326 3325)
4(3325 3326 3991 3990)
4(3990 3991 4656 4655)
4(4655 4656 5321 5320)
4(5320 5321 5986 5985)
4(5985 5986 6651 6650)
4(6650 6651 7316 7315)
4(7315 7316 7981 7980)
4(7980 7981 8646 8645)
4(8645 8646 9311 9310)
4(9310 9311 9976 9975)
4(9975 9976 10641 10640)
4(10640 10641 11306 11305)
4(11305 11306 11971 11970)
4(1 2 667 666)
4(666 667 1332 1331)
4(1331 1332 1997 1996)
4(1996 1997 2662 2661)
4(2661 2662 3327 3326)
4(3326 3327 3992 3991)
4(3991 3992 4657 4656)
4(4656 4657 5322 5321)
4(5321 5322 5987 5986)
4(5986 5987 6652 6651)
4(6651 6652 7317 7316)
4(7316 7317 7982 7981)
4(7981 7982 8647 8646)
4(8646 8647 9312 9311)
4(9311 9312 9977 9976)
4(9976 9977 10642 10641)
4(10641 10642 11307 11306)
4(11306 11307 11972 11971)
4(2 3 668 667)
4(667 668 1333 1332)
4(1332 1333 1998 1997)
4(1997 1998 2663 2662)
4(2662 2663 3328 3327)
4(3327 3328 3993 3992)
4(3992 3993 4658 4657)
4(4657 4658 5323 5322)
4(5322 5323 5988 5987)
4(5987 5988 6653 6652)
4(6652 6653 7318 7317)
4(7317 7318 7983 7982)
4(7982 7983 8648 8647)
4(8647 8648 9313 9312)
4(9312 9313 9978 9977)
4(9977 9978 10643 10642)
4(10642 10643 11308 11307)
4(11307 11308 11973 11972)
4(3 4 669 668)
4(668 669 1334 1333)
4(1333 1334 1999 1998)
4(1998 1999 2664 2663)
4(2663 2664 3329 3328)
4(3328 3329 3994 3993)
4(3993 3994 4659 4658)
4(4658 4659 5324 5323)
4(5323 5324 5989 5988)
4(5988 5989 6654 6653)
4(6653 6654 7319 7318)
4(7318 7319 7984 7983)
4(7983 7984 8649 8648)
4(8648 8649 9314 9313)
4(9313 9314 9979 9978)
4(9978 9979 10644 10643)
4(10643 10644 11309 11308)
4(11308 11309 11974 11973)
4(4 5 670 669)
4(669 670 1335 1334)
4(1334 1335 2000 1999)
4(1999 2000 2665 2664)
4(2664 2665 3330 3329)
4(3329 3330 3995 3994)
4(3994 3995 4660 4659)
4(4659 4660 5325 5324)
4(5324 5325 5990 5989)
4(5989 5990 6655 6654)
4(6654 6655 7320 7319)
4(7319 7320 7985 7984)
4(7984 7985 8650 8649)
4(8649 8650 9315 9314)
4(9314 9315 9980 9979)
4(9979 9980 10645 10644)
4(10644 10645 11310 11309)
4(11309 11310 11975 11974)
4(5 6 671 670)
4(670 671 1336 1335)
4(1335 1336 2001 2000)
4(2000 2001 2666 2665)
4(2665 2666 3331 3330)
4(3330 3331 3996 3995)
4(3995 3996 4661 4660)
4(4660 4661 5326 5325)
4(5325 5326 5991 5990)
4(5990 5991 6656 6655)
4(6655 6656 7321 7320)
4(7320 7321 7986 7985)
4(7985 7986 8651 8650)
4(8650 8651 9316 9315)
4(9315 9316 9981 9980)
4(9980 9981 10646 10645)
4(10645 10646 11311 11310)
4(11310 11311 11976 11975)
4(6 7 672 671)
4(671 672 1337 1336)
4(1336 1337 2002 2001)
4(2001 2002 2667 2666)
4(2666 2667 3332 3331)
4(3331 3332 3997 3996)
4(3996 3997 4662 4661)
4(4661 4662 5327 5326)
4(5326 5327 5992 5991)
4(5991 5992 6657 6656)
4(6656 6657 7322 7321)
4(7321 7322 7987 7986)
4(7986 7987 8652 8651)
4(8651 8652 9317 9316)
4(9316 9317 9982 9981)
4(9981 9982 10647 10646)
4(10646 10647 11312 11311)
4(11311 11312 11977 11976)
4(7 8 673 672)
4(672 673 1338 1337)
4(1337 1338 2003 2002)
4(2002 2003 2668 2667)
4(2667 2668 3333 3332)
4(3332 3333 3998 3997)
4(3997 3998 4663 4662)
4(4662 4663 5328 5327)
4(5327 5328 5993 5992)
4(5992 5993 6658 6657)
4(6657 6658 7323 7322)
4(7322 7323 7988 7987)
4(7987 7988 8653 8652)
4(8652 8653 9318 9317)
4(9317 9318 9983 9982)
4(9982 9983 10648 10647)
4(10647 10648 11313 11312)
4(11312 11313 11978 11977)
4(8 9 674 673)
4(673 674 1339 1338)
4(1338 1339 2004 2003)
4(2003 2004 2669 2668)
4(2668 2669 3334 3333)
4(3333 3334 3999 3998)
4(3998 3999 4664 4663)
4(4663 4664 5329 5328)
4(5328 5329 5994 5993)
4(5993 5994 6659 6658)
4(6658 6659 7324 7323)
4(7323 7324 7989 7988)
4(7988 7989 8654 8653)
4(8653 8654 9319 9318)
4(9318 9319 9984 9983)
4(9983 9984 10649 10648)
4(10648 10649 11314 11313)
4(11313 11314 11979 11978)
4(9 10 675 674)
4(674 675 1340 1339)
4(1339 1340 2005 2004)
4(2004 2005 2670 2669)
4(2669 2670 3335 3334)
4(3334 3335 4000 3999)
4(3999 4000 4665 4664)
4(4664 4665 5330 5329)
4(5329 5330 5995 5994)
4(5994 5995 6660 6659)
4(6659 6660 7325 7324)
4(7324 7325 7990 7989)
4(7989 7990 8655 8654)
4(8654 8655 9320 9319)
4(9319 9320 9985 9984)
4(9984 9985 10650 10649)
4(10649 10650 11315 11314)
4(11314 11315 11980 11979)
4(10 11 676 675)
4(675 676 1341 1340)
4(1340 1341 2006 2005)
4(2005 2006 2671 2670)
4(2670 2671 3336 3335)
4(3335 3336 4001 4000)
4(4000 4001 4666 4665)
4(4665 4666 5331 5330)
4(5330 5331 5996 5995)
4(5995 5996 6661 6660)
4(6660 6661 7326 7325)
4(7325 7326 7991 7990)
4(7990 7991 8656 8655)
4(8655 8656 9321 9320)
4(9320 9321 9986 9985)
4(9985 9986 10651 10650)
4(10650 10651 11316 11315)
4(11315 11316 11981 11980)
4(11 12 677 676)
4(676 677 1342 1341)
4(1341 1342 2007 2006)
4(2006 2007 2672 2671)
4(2671 2672 3337 3336)
4(3336 3337 4002 4001)
4(4001 4002 4667 4666)
4(4666 4667 5332 5331)
4(5331 5332 5997 5996)
4(5996 5997 6662 6661)
4(6661 6662 7327 7326)
4(7326 7327 7992 7991)
4(7991 7992 8657 8656)
4(8656 8657 9322 9321)
4(9321 9322 9987 9986)
4(9986 9987 10652 10651)
4(10651 10652 11317 11316)
4(11316 11317 11982 11981)
4(12 13 678 677)
4(677 678 1343 1342)
4(1342 1343 2008 2007)
4(2007 2008 2673 2672)
4(2672 2673 3338 3337)
4(3337 3338 4003 4002)
4(4002 4003 4668 4667)
4(4667 4668 5333 5332)
4(5332 5333 5998 5997)
4(5997 5998 6663 6662)
4(6662 6663 7328 7327)
4(7327 7328 7993 7992)
4(7992 7993 8658 8657)
4(8657 8658 9323 9322)
4(9322 9323 9988 9987)
4(9987 9988 10653 10652)
4(10652 10653 11318 11317)
4(11317 11318 11983 11982)
4(13 14 679 678)
4(678 679 1344 1343)
4(1343 1344 2009 2008)
4(2008 2009 2674 2673)
4(2673 2674 3339 3338)
4(3338 3339 4004 4003)
4(4003 4004 4669 4668)
4(4668 4669 5334 5333)
4(5333 5334 5999 5998)
4(5998 5999 6664 6663)
4(6663 6664 7329 7328)
4(7328 7329 7994 7993)
4(7993 7994 8659 8658)
4(8658 8659 9324 9323)
4(9323 9324 9989 9988)
4(9988 9989 10654 10653)
4(10653 10654 11319 11318)
4(11318 11319 11984 11983)
4(14 15 680 679)
4(679 680 1345 1344)
4(1344 1345 2010 2009)
4(2009 2010 2675 2674)
4(2674 2675 3340 3339)
4(3339 3340 4005 4004)
4(4004 4005 4670 4669)
4(4669 4670 5335 5334)
4(5334 5335 6000 5999)
4(5999 6000 6665 6664)
4(6664 6665 7330 7329)
4(7329 7330 7995 7994)
4(7994 7995 8660 8659)
4(8659 8660 9325 9324)
4(9324 9325 9990 9989)
4(9989 9990 10655 10654)
4(10654 10655 11320 11319)
4(11319 11320 11985 11984)
4(15 16 681 680)
4(680 681 1346 1345)
4(1345 1346 2011 2010)
4(2010 2011 2676 2675)
4(2675 2676 3341 3340)
4(3340 3341 4006 4005)
4(4005 4006 4671 4670)
4(4670 4671 5336 5335)
4(5335 5336 6001 6000)
4(6000 6001 6666 6665)
4(6665 6666 7331 7330)
4(7330 7331 7996 7995)
4(7995 7996 8661 8660)
4(8660 8661 9326 9325)
4(9325 9326 9991 9990)
4(9990 9991 10656 10655)
4(10655 10656 11321 11320)
4(11320 11321 11986 11985)
4(16 17 682 681)
4(681 682 1347 1346)
4(1346 1347 2012 2011)
4(2011 2012 2677 2676)
4(2676 2677 3342 3341)
4(3341 3342 4007 4006)
4(4006 4007 4672 4671)
4(4671 4672 5337 5336)
4(5336 5337 6002 6001)
4(6001 6002 6667 6666)
4(6666 6667 7332 7331)
4(7331 7332 7997 7996)
4(7996 7997 8662 8661)
4(8661 8662 9327 9326)
4(9326 9327 9992 9991)
4(9991 9992 10657 10656)
4(10656 10657 11322 11321)
4(11321 11322 11987 11986)
4(17 18 683 682)
4(682 683 1348 1347)
4(1347 1348 2013 2012)
4(2012 2013 2678 2677)
4(2677 2678 3343 3342)
4(3342 3343 4008 4007)
4(4007 4008 4673 4672)
4(4672 4673 5338 5337)
4(5337 5338 6003 6002)
4(6002 6003 6668 6667)
4(6667 6668 7333 7332)
4(7332 7333 7998 7997)
4(7997 7998 8663 8662)
4(8662 8663 9328 9327)
4(9327 9328 9993 9992)
4(9992 9993 10658 10657)
4(10657 10658 11323 11322)
4(11322 11323 11988 11987)
4(18 19 684 683)
4(683 684 1349 1348)
4(1348 1349 2014 2013)
4(2013 2014 2679 2678)
4(2678 2679 3344 3343)
4(3343 3344 4009 4008)
4(4008 4009 4674 4673)
4(4673 4674 5339 5338)
4(5338 5339 6004 6003)
4(6003 6004 6669 6668)
4(6668 6669 7334 7333)
4(7333 7334 7999 7998)
4(7998 7999 8664 8663)
4(8663 8664 9329 9328)
4(9328 9329 9994 9993)
4(9993 9994 10659 10658)
4(10658 10659 11324 11323)
4(11323 11324 11989 11988)
4(19 20 685 684)
4(684 685 1350 1349)
4(1349 1350 2015 2014)
4(2014 2015 2680 2679)
4(2679 2680 3345 3344)
4(3344 3345 4010 4009)
4(4009 4010 4675 4674)
4(4674 4675 5340 5339)
4(5339 5340 6005 6004)
4(6004 6005 6670 6669)
4(6669 6670 7335 7334)
4(7334 7335 8000 7999)
4(7999 8000 8665 8664)
4(8664 8665 9330 9329)
4(9329 9330 9995 9994)
4(9994 9995 10660 10659)
4(10659 10660 11325 11324)
4(11324 11325 11990 11989)
4(20 21 686 685)
4(685 686 1351 1350)
4(1350 1351 2016 2015)
4(2015 2016 2681 2680)
4(2680 2681 3346 3345)
4(3345 3346 4011 4010)
4(4010 4011 4676 4675)
4(4675 4676 5341 5340)
4(5340 5341 6006 6005)
4(6005 6006 6671 6670)
4(6670 6671 7336 7335)
4(7335 7336 8001 8000)
4(8000 8001 8666 8665)
4(8665 8666 9331 9330)
4(9330 9331 9996 9995)
4(9995 9996 10661 10660)
4(10660 10661 11326 11325)
4(11325 11326 11991 11990)
4(21 22 687 686)
4(686 687 1352 1351)
4(1351 1352 2017 2016)
4(2016 2017 2682 2681)
4(2681 2682 3347 3346)
4(3346 3347 4012 4011)
4(4011 4012 4677 4676)
4(4676 4677 5342 5341)
4(5341 5342 6007 6006)
4(6006 6007 6672 6671)
4(6671 6672 7337 7336)
4(7336 7337 8002 8001)
4(8001 8002 8667 8666)
4(8666 8667 9332 9331)
4(9331 9332 9997 9996)
4(9996 9997 10662 10661)
4(10661 10662 11327 11326)
4(11326 11327 11992 11991)
4(22 23 688 687)
4(687 688 1353 1352)
4(1352 1353 2018 2017)
4(2017 2018 2683 2682)
4(2682 2683 3348 3347)
4(3347 3348 4013 4012)
4(4012 4013 4678 4677)
4(4677 4678 5343 5342)
4(5342 5343 6008 6007)
4(6007 6008 6673 6672)
4(6672 6673 7338 7337)
4(7337 7338 8003 8002)
4(8002 8003 8668 8667)
4(8667 8668 9333 9332)
4(9332 9333 9998 9997)
4(9997 9998 10663 10662)
4(10662 10663 11328 11327)
4(11327 11328 11993 11992)
4(23 24 689 688)
4(688 689 1354 1353)
4(1353 1354 2019 2018)
4(2018 2019 2684 2683)
4(2683 2684 3349 3348)
4(3348 3349 4014 4013)
4(4013 4014 4679 4678)
4(4678 4679 5344 5343)
4(5343 5344 6009 6008)
4(6008 6009 6674 6673)
4(6673 6674 7339 7338)
4(7338 7339 8004 8003)
4(8003 8004 8669 8668)
4(8668 8669 9334 9333)
4(9333 9334 9999 9998)
4(9998 9999 10664 10663)
4(10663 10664 11329 11328)
4(11328 11329 11994 11993)
4(24 25 690 689)
4(689 690 1355 1354)
4(1354 1355 2020 2019)
4(2019 2020 2685 2684)
4(2684 2685 3350 3349)
4(3349 3350 4015 4014)
4(4014 4015 4680 4679)
4(4679 4680 5345 5344)
4(5344 5345 6010 6009)
4(6009 6010 6675 6674)
4(6674 6675 7340 7339)
4(7339 7340 8005 8004)
4(8004 8005 8670 8669)
4(8669 8670 9335 9334)
4(9334 9335 10000 9999)
4(9999 10000 10665 10664)
4(10664 10665 11330 11329)
4(11329 11330 11995 11994)
4(25 26 691 690)
4(690 691 1356 1355)
4(1355 1356 2021 2020)
4(2020 2021 2686 2685)
4(2685 2686 3351 3350)
4(3350 3351 4016 4015)
4(4015 4016 4681 4680)
4(4680 4681 5346 5345)
4(5345 5346 6011 6010)
4(6010 6011 6676 6675)
4(6675 6676 7341 7340)
4(7340 7341 8006 8005)
4(8005 8006 8671 8670)
4(8670 8671 9336 9335)
4(9335 9336 10001 10000)
4(10000 10001 10666 10665)
4(10665 10666 11331 11330)
4(11330 11331 11996 11995)
4(26 27 692 691)
4(691 692 1357 1356)
4(1356 1357 2022 2021)
4(2021 2022 2687 2686)
4(2686 2687 3352 3351)
4(3351 3352 4017 4016)
4(4016 4017 4682 4681)
4(4681 4682 5347 5346)
4(5346 5347 6012 6011)
4(6011 6012 6677 6676)
4(6676 6677 7342 7341)
4(7341 7342 8007 8006)
4(8006 8007 8672 8671)
4(8671 8672 9337 9336)
4(9336 9337 10002 10001)
4(10001 10002 10667 10666)
4(10666 10667 11332 11331)
4(11331 11332 11997 11996)
4(27 28 693 692)
4(692 693 1358 1357)
4(1357 1358 2023 2022)
4(2022 2023 2688 2687)
4(2687 2688 3353 3352)
4(3352 3353 4018 4017)
4(4017 4018 4683 4682)
4(4682 4683 5348 5347)
4(5347 5348 6013 6012)
4(6012 6013 6678 6677)
4(6677 6678 7343 7342)
4(7342 7343 8008 8007)
4(8007 8008 8673 8672)
4(8672 8673 9338 9337)
4(9337 9338 10003 10002)
4(10002 10003 10668 10667)
4(10667 10668 11333 11332)
4(11332 11333 11998 11997)
4(28 29 694 693)
4(693 694 1359 1358)
4(1358 1359 2024 2023)
4(2023 2024 2689 2688)
4(2688 2689 3354 3353)
4(3353 3354 4019 4018)
4(4018 4019 4684 4683)
4(4683 4684 5349 5348)
4(5348 5349 6014 6013)
4(6013 6014 6679 6678)
4(6678 6679 7344 7343)
4(7343 7344 8009 8008)
4(8008 8009 8674 8673)
4(8673 8674 9339 9338)
4(9338 9339 10004 10003)
4(10003 10004 10669 10668)
4(10668 10669 11334 11333)
4(11333 11334 11999 11998)
4(29 30 695 694)
4(694 695 1360 1359)
4(1359 1360 2025 2024)
4(2024 2025 2690 2689)
4(2689 2690 3355 3354)
4(3354 3355 4020 4019)
4(4019 4020 4685 4684)
4(4684 4685 5350 5349)
4(5349 5350 6015 6014)
4(6014 6015 6680 6679)
4(6679 6680 7345 7344)
4(7344 7345 8010 8009)
4(8009 8010 8675 8674)
4(8674 8675 9340 9339)
4(9339 9340 10005 10004)
4(10004 10005 10670 10669)
4(10669 10670 11335 11334)
4(11334 11335 12000 11999)
4(30 31 696 695)
4(695 696 1361 1360)
4(1360 1361 2026 2025)
4(2025 2026 2691 2690)
4(2690 2691 3356 3355)
4(3355 3356 4021 4020)
4(4020 4021 4686 4685)
4(4685 4686 5351 5350)
4(5350 5351 6016 6015)
4(6015 6016 6681 6680)
4(6680 6681 7346 7345)
4(7345 7346 8011 8010)
4(8010 8011 8676 8675)
4(8675 8676 9341 9340)
4(9340 9341 10006 10005)
4(10005 10006 10671 10670)
4(10670 10671 11336 11335)
4(11335 11336 12001 12000)
4(31 32 697 696)
4(696 697 1362 1361)
4(1361 1362 2027 2026)
4(2026 2027 2692 2691)
4(2691 2692 3357 3356)
4(3356 3357 4022 4021)
4(4021 4022 4687 4686)
4(4686 4687 5352 5351)
4(5351 5352 6017 6016)
4(6016 6017 6682 6681)
4(6681 6682 7347 7346)
4(7346 7347 8012 8011)
4(8011 8012 8677 8676)
4(8676 8677 9342 9341)
4(9341 9342 10007 10006)
4(10006 10007 10672 10671)
4(10671 10672 11337 11336)
4(11336 11337 12002 12001)
4(32 33 698 697)
4(697 698 1363 1362)
4(1362 1363 2028 2027)
4(2027 2028 2693 2692)
4(2692 2693 3358 3357)
4(3357 3358 4023 4022)
4(4022 4023 4688 4687)
4(4687 4688 5353 5352)
4(5352 5353 6018 6017)
4(6017 6018 6683 6682)
4(6682 6683 7348 7347)
4(7347 7348 8013 8012)
4(8012 8013 8678 8677)
4(8677 8678 9343 9342)
4(9342 9343 10008 10007)
4(10007 10008 10673 10672)
4(10672 10673 11338 11337)
4(11337 11338 12003 12002)
4(33 34 699 698)
4(698 699 1364 1363)
4(1363 1364 2029 2028)
4(2028 2029 2694 2693)
4(2693 2694 3359 3358)
4(3358 3359 4024 4023)
4(4023 4024 4689 4688)
4(4688 4689 5354 5353)
4(5353 5354 6019 6018)
4(6018 6019 6684 6683)
4(6683 6684 7349 7348)
4(7348 7349 8014 8013)
4(8013 8014 8679 8678)
4(8678 8679 9344 9343)
4(9343 9344 10009 10008)
4(10008 10009 10674 10673)
4(10673 10674 11339 11338)
4(11338 11339 12004 12003)
4(630 1295 1296 631)
4(1295 1960 1961 1296)
4(1960 2625 2626 1961)
4(2625 3290 3291 2626)
4(3290 3955 3956 3291)
4(3955 4620 4621 3956)
4(4620 5285 5286 4621)
4(5285 5950 5951 5286)
4(5950 6615 6616 5951)
4(6615 7280 7281 6616)
4(7280 7945 7946 7281)
4(7945 8610 8611 7946)
4(8610 9275 9276 8611)
4(9275 9940 9941 9276)
4(9940 10605 10606 9941)
4(10605 11270 11271 10606)
4(11270 11935 11936 11271)
4(11935 12600 12601 11936)
4(631 1296 1297 632)
4(1296 1961 1962 1297)
4(1961 2626 2627 1962)
4(2626 3291 3292 2627)
4(3291 3956 3957 3292)
4(3956 4621 4622 3957)
4(4621 5286 5287 4622)
4(5286 5951 5952 5287)
4(5951 6616 6617 5952)
4(6616 7281 7282 6617)
4(7281 7946 7947 7282)
4(7946 8611 8612 7947)
4(8611 9276 9277 8612)
4(9276 9941 9942 9277)
4(9941 10606 10607 9942)
4(10606 11271 11272 10607)
4(11271 11936 11937 11272)
4(11936 12601 12602 11937)
4(632 1297 1298 633)
4(1297 1962 1963 1298)
4(1962 2627 2628 1963)
4(2627 3292 3293 2628)
4(3292 3957 3958 3293)
4(3957 4622 4623 3958)
4(4622 5287 5288 4623)
4(5287 5952 5953 5288)
4(5952 6617 6618 5953)
4(6617 7282 7283 6618)
4(7282 7947 7948 7283)
4(7947 8612 8613 7948)
4(8612 9277 9278 8613)
4(9277 9942 9943 9278)
4(9942 10607 10608 9943)
4(10607 11272 11273 10608)
4(11272 11937 11938 11273)
4(11937 12602 12603 11938)
4(633 1298 1299 634)
4(1298 1963 1964 1299)
4(1963 2628 2629 1964)
4(2628 3293 3294 2629)
4(3293 3958 3959 3294)
4(3958 4623 4624 3959)
4(4623 5288 5289 4624)
4(5288 5953 5954 5289)
4(5953 6618 6619 5954)
4(6618 7283 7284 6619)
4(7283 7948 7949 7284)
4(7948 8613 8614 7949)
4(8613 9278 9279 8614)
4(9278 9943 9944 9279)
4(9943 10608 10609 9944)
4(10608 11273 11274 10609)
4(11273 11938 11939 11274)
4(11938 12603 12604 11939)
4(634 1299 1300 635)
4(1299 1964 1965 1300)
4(1964 2629 2630 1965)
4(2629 3294 3295 2630)
4(3294 3959 3960 3295)
4(3959 4624 4625 3960)
4(4624 5289 5290 4625)
4(5289 5954 5955 5290)
4(5954 6619 6620 5955)
4(6619 7284 7285 6620)
4(7284 7949 7950 7285)
4(7949 8614 8615 7950)
4(8614 9279 9280 8615)
4(9279 9944 9945 9280)
4(9944 10609 10610 9945)
4(10609 11274 11275 10610)
4(11274 11939 11940 11275)
4(11939 12604 12605 11940)
4(635 1300 1301 636)
4(1300 1965 1966 1301)
4(1965 2630 2631 1966)
4(2630 3295 3296 2631)
4(3295 3960 3961 3296)
4(3960 4625 4626 3961)
4(4625 5290 5291 4626)
4(5290 5955 5956 5291)
4(5955 6620 6621 5956)
4(6620 7285 7286 6621)
4(7285 7950 7951 7286)
4(7950 8615 8616 7951)
4(8615 9280 9281 8616)
4(9280 9945 9946 9281)
4(9945 10610 10611 9946)
4(10610 11275 11276 10611)
4(11275 11940 11941 11276)
4(11940 12605 12606 11941)
4(636 1301 1302 637)
4(1301 1966 1967 1302)
4(1966 2631 2632 1967)
4(2631 3296 3297 2632)
4(3296 3961 3962 3297)
4(3961 4626 4627 3962)
4(4626 5291 5292 4627)
4(5291 5956 5957 5292)
4(5956 6621 6622 5957)
4(6621 7286 7287 6622)
4(7286 7951 7952 7287)
4(7951 8616 8617 7952)
4(8616 9281 9282 8617)
4(9281 9946 9947 9282)
4(9946 10611 10612 9947)
4(10611 11276 11277 10612)
4(11276 11941 11942 11277)
4(11941 12606 12607 11942)
4(637 1302 1303 638)
4(1302 1967 1968 1303)
4(1967 2632 2633 1968)
4(2632 3297 3298 2633)
4(3297 3962 3963 3298)
4(3962 4627 4628 3963)
4(4627 5292 5293 4628)
4(5292 5957 5958 5293)
4(5957 6622 6623 5958)
4(6622 7287 7288 6623)
4(7287 7952 7953 7288)
4(7952 8617 8618 7953)
4(8617 9282 9283 8618)
4(9282 9947 9948 9283)
4(9947 10612 10613 9948)
4(10612 11277 11278 10613)
4(11277 11942 11943 11278)
4(11942 12607 12608 11943)
4(638 1303 1304 639)
4(1303 1968 1969 1304)
4(1968 2633 2634 1969)
4(2633 3298 3299 2634)
4(3298 3963 3964 3299)
4(3963 4628 4629 3964)
4(4628 5293 5294 4629)
4(5293 5958 5959 5294)
4(5958 6623 6624 5959)
4(6623 7288 7289 6624)
4(7288 7953 7954 7289)
4(7953 8618 8619 7954)
4(8618 9283 9284 8619)
4(9283 9948 9949 9284)
4(9948 10613 10614 9949)
4(10613 11278 11279 10614)
4(11278 11943 11944 11279)
4(11943 12608 12609 11944)
4(639 1304 1305 640)
4(1304 1969 1970 1305)
4(1969 2634 2635 1970)
4(2634 3299 3300 2635)
4(3299 3964 3965 3300)
4(3964 4629 4630 3965)
4(4629 5294 5295 4630)
4(5294 5959 5960 5295)
4(5959 6624 6625 5960)
4(6624 7289 7290 6625)
4(7289 7954 7955 7290)
4(7954 8619 8620 7955)
4(8619 9284 9285 8620)
4(9284 9949 9950 9285)
4(9949 10614 10615 9950)
4(10614 11279 11280 10615)
4(11279 11944 11945 11280)
4(11944 12609 12610 11945)
4(640 1305 1306 641)
4(1305 1970 1971 1306)
4(1970 2635 2636 1971)
4(2635 3300 3301 2636)
4(3300 3965 3966 3301)
4(3965 4630 4631 3966)
4(4630 5295 5296 4631)
4(5295 5960 5961 5296)
4(5960 6625 6626 5961)
4(6625 7290 7291 6626)
4(7290 7955 7956 7291)
4(7955 8620 8621 7956)
4(8620 9285 9286 8621)
4(9285 9950 9951 9286)
4(9950 10615 10616 9951)
4(10615 11280 11281 10616)
4(11280 11945 11946 11281)
4(11945 12610 12611 11946)
4(641 1306 1307 642)
4(1306 1971 1972 1307)
4(1971 2636 2637 1972)
4(2636 3301 3302 2637)
4(3301 3966 3967 3302)
4(3966 4631 4632 3967)
4(4631 5296 5297 4632)
4(5296 5961 5962 5297)
4(5961 6626 6627 5962)
4(6626 7291 7292 6627)
4(7291 7956 7957 7292)
4(7956 8621 8622 7957)
4(8621 9286 9287 8622)
4(9286 9951 9952 9287)
4(9951 10616 10617 9952)
4(10616 11281 11282 10617)
4(11281 11946 11947 11282)
4(11946 12611 12612 11947)
4(642 1307 1308 643)
4(1307 1972 1973 1308)
4(1972 2637 2638 1973)
4(2637 3302 3303 2638)
4(3302 3967 3968 3303)
4(3967 4632 4633 3968)
4(4632 5297 5298 4633)
4(5297 5962 5963 5298)
4(5962 6627 6628 5963)
4(6627 7292 7293 6628)
4(7292 7957 7958 7293)
4(7957 8622 8623 7958)
4(8622 9287 9288 8623)
4(9287 9952 9953 9288)
4(9952 10617 10618 9953)
4(10617 11282 11283 10618)
4(11282 11947 11948 11283)
4(11947 12612 12613 11948)
4(643 1308 1309 644)
4(1308 1973 1974 1309)
4(1973 2638 2639 1974)
4(2638 3303 3304 2639)
4(3303 3968 3969 3304)
4(3968 4633 4634 3969)
4(4633 5298 5299 4634)
4(5298 5963 5964 5299)
4(5963 6628 6629 5964)
4(6628 7293 7294 6629)
4(7293 7958 7959 7294)
4(7958 8623 8624 7959)
4(8623 9288 9289 8624)
4(9288 9953 9954 9289)
4(9953 10618 10619 9954)
4(10618 11283 11284 10619)
4(11283 11948 11949 11284)
4(11948 12613 12614 11949)
4(644 1309 1310 645)
4(1309 1974 1975 1310)
4(1974 2639 2640 1975)
4(2639 3304 3305 2640)
4(3304 3969 3970 3305)
4(3969 4634 4635 3970)
4(4634 5299 5300 4635)
4(5299 5964 5965 5300)
4(5964 6629 6630 5965)
4(6629 7294 7295 6630)
4(7294 7959 7960 7295)
4(7959 8624 8625 7960)
4(8624 9289 9290 8625)
4(9289 9954 9955 9290)
4(9954 10619 10620 9955)
4(10619 11284 11285 10620)
4(11284 11949 11950 11285)
4(11949 12614 12615 11950)
4(645 1310 1311 646)
4(1310 1975 1976 1311)
4(1975 2640 2641 1976)
4(2640 3305 3306 2641)
4(3305 3970 3971 3306)
4(3970 4635 4636 3971)
4(4635 5300 5301 4636)
4(5300 5965 5966 5301)
4(5965 6630 6631 5966)
4(6630 7295 7296 6631)
4(7295 7960 7961 7296)
4(7960 8625 8626 7961)
4(8625 9290 9291 8626)
4(9290 9955 9956 9291)
4(9955 10620 10621 9956)
4(10620 11285 11286 10621)
4(11285 11950 11951 11286)
4(11950 12615 12616 11951)
4(646 1311 1312 647)
4(1311 1976 1977 1312)
4(1976 2641 2642 1977)
4(2641 3306 3307 2642)
4(3306 3971 3972 3307)
4(3971 4636 4637 3972)
4(4636 5301 5302 4637)
4(5301 5966 5967 5302)
4(5966 6631 6632 5967)
4(6631 7296 7297 6632)
4(7296 7961 7962 7297)
4(7961 8626 8627 7962)
4(8626 9291 9292 8627)
4(9291 9956 9957 9292)
4(9956 10621 10622 9957)
4(10621 11286 11287 10622)
4(11286 11951 11952 11287)
4(11951 12616 12617 11952)
4(647 1312 1313 648)
4(1312 1977 1978 1313)
4(1977 2642 2643 1978)
4(2642 3307 3308 2643)
4(3307 3972 3973 3308)
4(3972 4637 4638 3973)
4(4637 5302 5303 4638)
4(5302 5967 5968 5303)
4(5967 6632 6633 5968)
4(6632 7297 7298 6633)
4(7297 7962 7963 7298)
4(7962 8627 8628 7963)
4(8627 9292 9293 8628)
4(9292 9957 9958 9293)
4(9957 10622 10623 9958)
4(10622 11287 11288 10623)
4(11287 11952 11953 11288)
4(11952 12617 12618 11953)
4(648 1313 1314 649)
4(1313 1978 1979 1314)
4(1978 2643 2644 1979)
4(2643 3308 3309 2644)
4(3308 3973 3974 3309)
4(3973 4638 4639 3974)
4(4638 5303 5304 4639)
4(5303 5968 5969 5304)
4(5968 6633 6634 5969)
4(6633 7298 7299 6634)
4(7298 7963 7964 7299)
4(7963 8628 8629 7964)
4(8628 9293 9294 8629)
4(9293 9958 9959 9294)
4(9958 10623 10624 9959)
4(10623 11288 11289 10624)
4(11288 11953 11954 11289)
4(11953 12618 12619 11954)
4(649 1314 1315 650)
4(1314 1979 1980 1315)
4(1979 2644 2645 1980)
4(2644 3309 3310 2645)
4(3309 3974 3975 3310)
4(3974 4639 4640 3975)
4(4639 5304 5305 4640)
4(5304 5969 5970 5305)
4(5969 6634 6635 5970)
4(6634 7299 7300 6635)
4(7299 7964 7965 7300)
4(7964 8629 8630 7965)
4(8629 9294 9295 8630)
4(9294 9959 9960 9295)
4(9959 10624 10625 9960)
4(10624 11289 11290 10625)
4(11289 11954 11955 11290)
4(11954 12619 12620 11955)
4(650 1315 1316 651)
4(1315 1980 1981 1316)
4(1980 2645 2646 1981)
4(2645 3310 3311 2646)
4(3310 3975 3976 3311)
4(3975 4640 4641 3976)
4(4640 5305 5306 4641)
4(5305 5970 5971 5306)
4(5970 6635 6636 5971)
4(6635 7300 7301 6636)
4(7300 7965 7966 7301)
4(7965 8630 8631 7966)
4(8630 9295 9296 8631)
4(9295 9960 9961 9296)
4(9960 10625 10626 9961)
4(10625 11290 11291 10626)
4(11290 11955 11956 11291)
4(11955 12620 12621 11956)
4(651 1316 1317 652)
4(1316 1981 1982 1317)
4(1981 2646 2647 1982)
4(2646 3311 3312 2647)
4(3311 3976 3977 3312)
4(3976 4641 4642 3977)
4(4641 5306 5307 4642)
4(5306 5971 5972 5307)
4(5971 6636 6637 5972)
4(6636 7301 7302 6637)
4(7301 7966 7967 7302)
4(7966 8631 8632 7967)
4(8631 9296 9297 8632)
4(9296 9961 9962 9297)
4(9961 10626 10627 9962)
4(10626 11291 11292 10627)
4(11291 11956 11957 11292)
4(11956 12621 12622 11957)
4(652 1317 1318 653)
4(1317 1982 1983 1318)
4(1982 2647 2648 1983)
4(2647 3312 3313 2648)
4(3312 3977 3978 3313)
4(3977 4642 4643 3978)
4(4642 5307 5308 4643)
4(5307 5972 5973 5308)
4(5972 6637 6638 5973)
4(6637 7302 7303 6638)
4(7302 7967 7968 7303)
4(7967 8632 8633 7968)
4(8632 9297 9298 8633)
4(9297 9962 9963 9298)
4(9962 10627 10628 9963)
4(10627 11292 11293 10628)
4(11292 11957 11958 11293)
4(11957 12622 12623 11958)
4(653 1318 1319 654)
4(1318 1983 1984 1319)
4(1983 2648 2649 1984)
4(2648 3313 3314 2649)
4(3313 3978 3979 3314)
4(3978 4643 4644 3979)
4(4643 5308 5309 4644)
4(5308 5973 5974 5309)
4(5973 6638 6639 5974)
4(6638 7303 7304 6639)
4(7303 7968 7969 7304)
4(7968 8633 8634 7969)
4(8633 9298 9299 8634)
4(9298 9963 9964 9299)
4(9963 10628 10629 9964)
4(10628 11293 11294 10629)
4(11293 11958 11959 11294)
4(11958 12623 12624 11959)
4(654 1319 1320 655)
4(1319 1984 1985 1320)
4(1984 2649 2650 1985)
4(2649 3314 3315 2650)
4(3314 3979 3980 3315)
4(3979 4644 4645 3980)
4(4644 5309 5310 4645)
4(5309 5974 5975 5310)
4(5974 6639 6640 5975)
4(6639 7304 7305 6640)
4(7304 7969 7970 7305)
4(7969 8634 8635 7970)
4(8634 9299 9300 8635)
4(9299 9964 9965 9300)
4(9964 10629 10630 9965)
4(10629 11294 11295 10630)
4(11294 11959 11960 11295)
4(11959 12624 12625 11960)
4(655 1320 1321 656)
4(1320 1985 1986 1321)
4(1985 2650 2651 1986)
4(2650 3315 3316 2651)
4(3315 3980 3981 3316)
4(3980 4645 4646 3981)
4(4645 5310 5311 4646)
4(5310 5975 5976 5311)
4(5975 6640 6641 5976)
4(6640 7305 7306 6641)
4(7305 7970 7971 7306)
4(7970 8635 8636 7971)
4(8635 9300 9301 8636)
4(9300 9965 9966 9301)
4(9965 10630 10631 9966)
4(10630 11295 11296 10631)
4(11295 11960 11961 11296)
4(11960 12625 12626 11961)
4(656 1321 1322 657)
4(1321 1986 1987 1322)
4(1986 2651 2652 1987)
4(2651 3316 3317 2652)
4(3316 3981 3982 3317)
4(3981 4646 4647 3982)
4(4646 5311 5312 4647)
4(5311 5976 5977 5312)
4(5976 6641 6642 5977)
4(6641 7306 7307 6642)
4(7306 7971 7972 7307)
4(7971 8636 8637 7972)
4(8636 9301 9302 8637)
4(9301 9966 9967 9302)
4(9966 10631 10632 9967)
4(10631 11296 11297 10632)
4(11296 11961 11962 11297)
4(11961 12626 12627 11962)
4(657 1322 1323 658)
4(1322 1987 1988 1323)
4(1987 2652 2653 1988)
4(2652 3317 3318 2653)
4(3317 3982 3983 3318)
4(3982 4647 4648 3983)
4(4647 5312 5313 4648)
4(5312 5977 5978 5313)
4(5977 6642 6643 5978)
4(6642 7307 7308 6643)
4(7307 7972 7973 7308)
4(7972 8637 8638 7973)
4(8637 9302 9303 8638)
4(9302 9967 9968 9303)
4(9967 10632 10633 9968)
4(10632 11297 11298 10633)
4(11297 11962 11963 11298)
4(11962 12627 12628 11963)
4(658 1323 1324 659)
4(1323 1988 1989 1324)
4(1988 2653 2654 1989)
4(2653 3318 3319 2654)
4(3318 3983 3984 3319)
4(3983 4648 4649 3984)
4(4648 5313 5314 4649)
4(5313 5978 5979 5314)
4(5978 6643 6644 5979)
4(6643 7308 7309 6644)
4(7308 7973 7974 7309)
4(7973 8638 8639 7974)
4(8638 9303 9304 8639)
4(9303 9968 9969 9304)
4(9968 10633 10634 9969)
4(10633 11298 11299 10634)
4(11298 11963 11964 11299)
4(11963 12628 12629 11964)
4(659 1324 1325 660)
4(1324 1989 1990 1325)
4(1989 2654 2655 1990)
4(2654 3319 3320 2655)
4(3319 3984 3985 3320)
4(3984 4649 4650 3985)
4(4649 5314 5315 4650)
4(5314 5979 5980 5315)
4(5979 6644 6645 5980)
4(6644 7309 7310 6645)
4(7309 7974 7975 7310)
4(7974 8639 8640 7975)
4(8639 9304 9305 8640)
4(9304 9969 9970 9305)
4(9969 10634 10635 9970)
4(10634 11299 11300 10635)
4(11299 11964 11965 11300)
4(11964 12629 12630 11965)
4(660 1325 1326 661)
4(1325 1990 1991 1326)
4(1990 2655 2656 1991)
4(2655 3320 3321 2656)
4(3320 3985 3986 3321)
4(3985 4650 4651 3986)
4(4650 5315 5316 4651)
4(5315 5980 5981 5316)
4(5980 6645 6646 5981)
4(6645 7310 7311 6646)
4(7310 7975 7976 7311)
4(7975 8640 8641 7976)
4(8640 9305 9306 8641)
4(9305 9970 9971 9306)
4(9970 10635 10636 9971)
4(10635 11300 11301 10636)
4(11300 11965 11966 11301)
4(11965 12630 12631 11966)
4(661 1326 1327 662)
4(1326 1991 1992 1327)
4(1991 2656 2657 1992)
4(2656 3321 3322 2657)
4(3321 3986 3987 3322)
4(3986 4651 4652 3987)
4(4651 5316 5317 4652)
4(5316 5981 5982 5317)
4(5981 6646 6647 5982)
4(6646 7311 7312 6647)
4(7311 7976 7977 7312)
4(7976 8641 8642 7977)
4(8641 9306 9307 8642)
4(9306 9971 9972 9307)
4(9971 10636 10637 9972)
4(10636 11301 11302 10637)
4(11301 11966 11967 11302)
4(11966 12631 12632 11967)
4(662 1327 1328 663)
4(1327 1992 1993 1328)
4(1992 2657 2658 1993)
4(2657 3322 3323 2658)
4(3322 3987 3988 3323)
4(3987 4652 4653 3988)
4(4652 5317 5318 4653)
4(5317 5982 5983 5318)
4(5982 6647 6648 5983)
4(6647 7312 7313 6648)
4(7312 7977 7978 7313)
4(7977 8642 8643 7978)
4(8642 9307 9308 8643)
4(9307 9972 9973 9308)
4(9972 10637 10638 9973)
4(10637 11302 11303 10638)
4(11302 11967 11968 11303)
4(11967 12632 12633 11968)
4(663 1328 1329 664)
4(1328 1993 1994 1329)
4(1993 2658 2659 1994)
4(2658 3323 3324 2659)
4(3323 3988 3989 3324)
4(3988 4653 4654 3989)
4(4653 5318 5319 4654)
4(5318 5983 5984 5319)
4(5983 6648 6649 5984)
4(6648 7313 7314 6649)
4(7313 7978 7979 7314)
4(7978 8643 8644 7979)
4(8643 9308 9309 8644)
4(9308 9973 9974 9309)
4(9973 10638 10639 9974)
4(10638 11303 11304 10639)
4(11303 11968 11969 11304)
4(11968 12633 12634 11969)
4(0 35 36 1)
4(35 70 71 36)
4(70 105 106 71)
4(105 140 141 106)
4(140 175 176 141)
4(175 210 211 176)
4(210 245 246 211)
4(245 280 281 246)
4(280 315 316 281)
4(315 350 351 316)
4(350 385 386 351)
4(385 420 421 386)
4(420 455 456 421)
4(455 490 491 456)
4(490 525 526 491)
4(525 560 561 526)
4(560 595 596 561)
4(595 630 631 596)
4(1 36 37 2)
4(36 71 72 37)
4(71 106 107 72)
4(106 141 142 107)
4(141 176 177 142)
4(176 211 212 177)
4(211 246 247 212)
4(246 281 282 247)
4(281 316 317 282)
4(316 351 352 317)
4(351 386 387 352)
4(386 421 422 387)
4(421 456 457 422)
4(456 491 492 457)
4(491 526 527 492)
4(526 561 562 527)
4(561 596 597 562)
4(596 631 632 597)
4(2 37 38 3)
4(37 72 73 38)
4(72 107 108 73)
4(107 142 143 108)
4(142 177 178 143)
4(177 212 213 178)
4(212 247 248 213)
4(247 282 283 248)
4(282 317 318 283)
4(317 352 353 318)
4(352 387 388 353)
4(387 422 423 388)
4(422 457 458 423)
4(457 492 493 458)
4(492 527 528 493)
4(527 562 563 528)
4(562 597 598 563)
4(597 632 633 598)
4(3 38 39 4)
4(38 73 74 39)
4(73 108 109 74)
4(108 143 144 109)
4(143 178 179 144)
4(178 213 214 179)
4(213 248 249 214)
4(248 283 284 249)
4(283 318 319 284)
4(318 353 354 319)
4(353 388 389 354)
4(388 423 424 389)
4(423 458 459 424)
4(458 493 494 459)
4(493 528 529 494)
4(528 563 564 529)
4(563 598 599 564)
4(598 633 634 599)
4(4 39 40 5)
4(39 74 75 40)
4(74 109 110 75)
4(109 144 145 110)
4(144 179 180 145)
4(179 214 215 180)
4(214 249 250 215)
4(249 284 285 250)
4(284 319 320 285)
4(319 354 355 320)
4(354 389 390 355)
4(389 424 425 390)
4(424 459 460 425)
4(459 494 495 460)
4(494 529 530 495)
4(529 564 565 530)
4(564 599 600 565)
4(599 634 635 600)
4(5 40 41 6)
4(40 75 76 41)
4(75 110 111 76)
4(110 145 146 111)
4(145 180 181 146)
4(180 215 216 181)
4(215 250 251 216)
4(250 285 286 251)
4(285 320 321 286)
4(320 355 356 321)
4(355 390 391 356)
4(390 425 426 391)
4(425 460 461 426)
4(460 495 496 461)
4(495 530 531 496)
4(530 565 566 531)
4(565 600 601 566)
4(600 635 636 601)
4(6 41 42 7)
4(41 76 77 42)
4(76 111 112 77)
4(111 146 147 112)
4(146 181 182 147)
4(181 216 217 182)
4(216 251 252 217)
4(251 286 287 252)
4(286 321 322 287)
4(321 356 357 322)
4(356 391 392 357)
4(391 426 427 392)
4(426 461 462 427)
4(461 496 497 462)
4(496 531 532 497)
4(531 566 567 532)
4(566 601 602 567)
4(601 636 637 602)
4(7 42 43 8)
4(42 77 78 43)
4(77 112 113 78)
4(112 147 148 113)
4(147 182 183 148)
4(182 217 218 183)
4(217 252 253 218)
4(252 287 288 253)
4(287 322 323 288)
4(322 357 358 323)
4(357 392 393 358)
4(392 427 428 393)
4(427 462 463 428)
4(462 497 498 463)
4(497 532 533 498)
4(532 567 568 533)
4(567 602 603 568)
4(602 637 638 603)
4(8 43 44 9)
4(43 78 79 44)
4(78 113 114 79)
4(113 148 149 114)
4(148 183 184 149)
4(183 218 219 184)
4(218 253 254 219)
4(253 288 289 254)
4(288 323 324 289)
4(323 358 359 324)
4(358 393 394 359)
4(393 428 429 394)
4(428 463 464 429)
4(463 498 499 464)
4(498 533 534 499)
4(533 568 569 534)
4(568 603 604 569)
4(603 638 639 604)
4(9 44 45 10)
4(44 79 80 45)
4(79 114 115 80)
4(114 149 150 115)
4(149 184 185 150)
4(184 219 220 185)
4(219 254 255 220)
4(254 289 290 255)
4(289 324 325 290)
4(324 359 360 325)
4(359 394 395 360)
4(394 429 430 395)
4(429 464 465 430)
4(464 499 500 465)
4(499 534 535 500)
4(534 569 570 535)
4(569 604 605 570)
4(604 639 640 605)
4(10 45 46 11)
4(45 80 81 46)
4(80 115 116 81)
4(115 150 151 116)
4(150 185 186 151)
4(185 220 221 186)
4(220 255 256 221)
4(255 290 291 256)
4(290 325 326 291)
4(325 360 361 326)
4(360 395 396 361)
4(395 430 431 396)
4(430 465 466 431)
4(465 500 501 466)
4(500 535 536 501)
4(535 570 571 536)
4(570 605 606 571)
4(605 640 641 606)
4(11 46 47 12)
4(46 81 82 47)
4(81 116 117 82)
4(116 151 152 117)
4(151 186 187 152)
4(186 221 222 187)
4(221 256 257 222)
4(256 291 292 257)
4(291 326 327 292)
4(326 361 362 327)
4(361 396 397 362)
4(396 431 432 397)
4(431 466 467 432)
4(466 501 502 467)
4(501 536 537 502)
4(536 571 572 537)
4(571 606 607 572)
4(606 641 642 607)
4(12 47 48 13)
4(47 82 83 48)
4(82 117 118 83)
4(117 152 153 118)
4(152 187 188 153)
4(187 222 223 188)
4(222 257 258 223)
4(257 292 293 258)
4(292 327 328 293)
4(327 362 363 328)
4(362 397 398 363)
4(397 432 433 398)
4(432 467 468 433)
4(467 502 503 468)
4(502 537 538 503)
4(537 572 573 538)
4(572 607 608 573)
4(607 642 643 608)
4(13 48 49 14)
4(48 83 84 49)
4(83 118 119 84)
4(118 153 154 119)
4(153 188 189 154)
4(188 223 224 189)
4(223 258 259 224)
4(258 293 294 259)
4(293 328 329 294)
4(328 363 364 329)
4(363 398 399 364)
4(398 433 434 399)
4(433 468 469 434)
4(468 503 504 469)
4(503 538 539 504)
4(538 573 574 539)
4(573 608 609 574)
4(608 643 644 609)
4(14 49 50 15)
4(49 84 85 50)
4(84 119 120 85)
4(119 154 155 120)
4(154 189 190 155)
4(189 224 225 190)
4(224 259 260 225)
4(259 294 295 260)
4(294 329 330 295)
4(329 364 365 330)
4(364 399 400 365)
4(399 434 435 400)
4(434 469 470 435)
4(469 504 505 470)
4(504 539 540 505)
4(539 574 575 540)
4(574 609 610 575)
4(609 644 645 610)
4(15 50 51 16)
4(50 85 86 51)
4(85 120 121 86)
4(120 155 156 121)
4(155 190 191 156)
4(190 225 226 191)
4(225 260 261 226)
4(260 295 296 261)
4(295 330 331 296)
4(330 365 366 331)
4(365 400 401 366)
4(400 435 436 401)
4(435 470 471 436)
4(470 505 506 471)
4(505 540 541 506)
4(540 575 576 541)
4(575 610 611 576)
4(610 645 646 611)
4(16 51 52 17)
4(51 86 87 52)
4(86 121 122 87)
4(121 156 157 122)
4(156 191 192 157)
4(191 226 227 192)
4(226 261 262 227)
4(261 296 297 262)
4(296 331 332 297)
4(331 366 367 332)
4(366 401 402 367)
4(401 436 437 402)
4(436 471 472 437)
4(471 506 507 472)
4(506 541 542 507)
4(541 576 577 542)
4(576 611 612 577)
4(611 646 647 612)
4(17 52 53 18)
4(52 87 88 53)
4(87 122 123 88)
4(122 157 158 123)
4(157 192 193 158)
4(192 227 228 193)
4(227 262 263 228)
4(262 297 298 263)
4(297 332 333 298)
4(332 367 368 333)
4(367 402 403 368)
4(402 437 438 403)
4(437 472 473 438)
4(472 507 508 473)
4(507 542 543 508)
4(542 577 578 543)
4(577 612 613 578)
4(612 647 648 613)
4(18 53 54 19)
4(53 88 89 54)
4(88 123 124 89)
4(123 158 159 124)
4(158 193 194 159)
4(193 228 229 194)
4(228 263 264 229)
4(263 298 299 264)
4(298 333 334 299)
4(333 368 369 334)
4(368 403 404 369)
4(403 438 439 404)
4(438 473 474 439)
4(473 508 509 474)
4(508 543 544 509)
4(543 578 579 544)
4(578 613 614 579)
4(613 648 649 614)
4(19 54 55 20)
4(54 89 90 55)
4(89 124 125 90)
4(124 159 160 125)
4(159 194 195 160)
4(194 229 230 195)
4(229 264 265 230)
4(264 299 300 265)
4(299 334 335 300)
4(334 369 370 335)
4(369 404 405 370)
4(404 439 440 405)
4(439 474 475 440)
4(474 509 510 475)
4(509 544 545 510)
4(544 579 580 545)
4(579 614 615 580)
4(614 649 650 615)
4(20 55 56 21)
4(55 90 91 56)
4(90 125 126 91)
4(125 160 161 126)
4(160 195 196 161)
4(195 230 231 196)
4(230 265 266 231)
4(265 300 301 266)
4(300 335 336 301)
4(335 370 371 336)
4(370 405 406 371)
4(405 440 441 406)
4(440 475 476 441)
4(475 510 511 476)
4(510 545 546 511)
4(545 580 581 546)
4(580 615 616 581)
4(615 650 651 616)
4(21 56 57 22)
4(56 91 92 57)
4(91 126 127 92)
4(126 161 162 127)
4(161 196 197 162)
4(196 231 232 197)
4(231 266 267 232)
4(266 301 302 267)
4(301 336 337 302)
4(336 371 372 337)
4(371 406 407 372)
4(406 441 442 407)
4(441 476 477 442)
4(476 511 512 477)
4(511 546 547 512)
4(546 581 582 547)
4(581 616 617 582)
4(616 651 652 617)
4(22 57 58 23)
4(57 92 93 58)
4(92 127 128 93)
4(127 162 163 128)
4(162 197 198 163)
4(197 232 233 198)
4(232 267 268 233)
4(267 302 303 268)
4(302 337 338 303)
4(337 372 373 338)
4(372 407 408 373)
4(407 442 443 408)
4(442 477 478 443)
4(477 512 513 478)
4(512 547 548 513)
4(547 582 583 548)
4(582 617 618 583)
4(617 652 653 618)
4(23 58 59 24)
4(58 93 94 59)
4(93 128 129 94)
4(128 163 164 129)
4(163 198 199 164)
4(198 233 234 199)
4(233 268 269 234)
4(268 303 304 269)
4(303 338 339 304)
4(338 373 374 339)
4(373 408 409 374)
4(408 443 444 409)
4(443 478 479 444)
4(478 513 514 479)
4(513 548 549 514)
4(548 583 584 549)
4(583 618 619 584)
4(618 653 654 619)
4(24 59 60 25)
4(59 94 95 60)
4(94 129 130 95)
4(129 164 165 130)
4(164 199 200 165)
4(199 234 235 200)
4(234 269 270 235)
4(269 304 305 270)
4(304 339 340 305)
4(339 374 375 340)
4(374 409 410 375)
4(409 444 445 410)
4(444 479 480 445)
4(479 514 515 480)
4(514 549 550 515)
4(549 584 585 550)
4(584 619 620 585)
4(619 654 655 620)
4(25 60 61 26)
4(60 95 96 61)
4(95 130 131 96)
4(130 165 166 131)
4(165 200 201 166)
4(200 235 236 201)
4(235 270 271 236)
4(270 305 306 271)
4(305 340 341 306)
4(340 375 376 341)
4(375 410 411 376)
4(410 445 446 411)
4(445 480 481 446)
4(480 515 516 481)
4(515 550 551 516)
4(550 585 586 551)
4(585 620 621 586)
4(620 655 656 621)
4(26 61 62 27)
4(61 96 97 62)
4(96 131 132 97)
4(131 166 167 132)
4(166 201 202 167)
4(201 236 237 202)
4(236 271 272 237)
4(271 306 307 272)
4(306 341 342 307)
4(341 376 377 342)
4(376 411 412 377)
4(411 446 447 412)
4(446 481 482 447)
4(481 516 517 482)
4(516 551 552 517)
4(551 586 587 552)
4(586 621 622 587)
4(621 656 657 622)
4(27 62 63 28)
4(62 97 98 63)
4(97 132 133 98)
4(132 167 168 133)
4(167 202 203 168)
4(202 237 238 203)
4(237 272 273 238)
4(272 307 308 273)
4(307 342 343 308)
4(342 377 378 343)
4(377 412 413 378)
4(412 447 448 413)
4(447 482 483 448)
4(482 517 518 483)
4(517 552 553 518)
4(552 587 588 553)
4(587 622 623 588)
4(622 657 658 623)
4(28 63 64 29)
4(63 98 99 64)
4(98 133 134 99)
4(133 168 169 134)
4(168 203 204 169)
4(203 238 239 204)
4(238 273 274 239)
4(273 308 309 274)
4(308 343 344 309)
4(343 378 379 344)
4(378 413 414 379)
4(413 448 449 414)
4(448 483 484 449)
4(483 518 519 484)
4(518 553 554 519)
4(553 588 589 554)
4(588 623 624 589)
4(623 658 659 624)
4(29 64 65 30)
4(64 99 100 65)
4(99 134 135 100)
4(134 169 170 135)
4(169 204 205 170)
4(204 239 240 205)
4(239 274 275 240)
4(274 309 310 275)
4(309 344 345 310)
4(344 379 380 345)
4(379 414 415 380)
4(414 449 450 415)
4(449 484 485 450)
4(484 519 520 485)
4(519 554 555 520)
4(554 589 590 555)
4(589 624 625 590)
4(624 659 660 625)
4(30 65 66 31)
4(65 100 101 66)
4(100 135 136 101)
4(135 170 171 136)
4(170 205 206 171)
4(205 240 241 206)
4(240 275 276 241)
4(275 310 311 276)
4(310 345 346 311)
4(345 380 381 346)
4(380 415 416 381)
4(415 450 451 416)
4(450 485 486 451)
4(485 520 521 486)
4(520 555 556 521)
4(555 590 591 556)
4(590 625 626 591)
4(625 660 661 626)
4(31 66 67 32)
4(66 101 102 67)
4(101 136 137 102)
4(136 171 172 137)
4(171 206 207 172)
4(206 241 242 207)
4(241 276 277 242)
4(276 311 312 277)
4(311 346 347 312)
4(346 381 382 347)
4(381 416 417 382)
4(416 451 452 417)
4(451 486 487 452)
4(486 521 522 487)
4(521 556 557 522)
4(556 591 592 557)
4(591 626 627 592)
4(626 661 662 627)
4(32 67 68 33)
4(67 102 103 68)
4(102 137 138 103)
4(137 172 173 138)
4(172 207 208 173)
4(207 242 243 208)
4(242 277 278 243)
4(277 312 313 278)
4(312 347 348 313)
4(347 382 383 348)
4(382 417 418 383)
4(417 452 453 418)
4(452 487 488 453)
4(487 522 523 488)
4(522 557 558 523)
4(557 592 593 558)
4(592 627 628 593)
4(627 662 663 628)
4(33 68 69 34)
4(68 103 104 69)
4(103 138 139 104)
4(138 173 174 139)
4(173 208 209 174)
4(208 243 244 209)
4(243 278 279 244)
4(278 313 314 279)
4(313 348 349 314)
4(348 383 384 349)
4(383 418 419 384)
4(418 453 454 419)
4(453 488 489 454)
4(488 523 524 489)
4(523 558 559 524)
4(558 593 594 559)
4(593 628 629 594)
4(628 663 664 629)
4(11970 11971 12006 12005)
4(12005 12006 12041 12040)
4(12040 12041 12076 12075)
4(12075 12076 12111 12110)
4(12110 12111 12146 12145)
4(12145 12146 12181 12180)
4(12180 12181 12216 12215)
4(12215 12216 12251 12250)
4(12250 12251 12286 12285)
4(12285 12286 12321 12320)
4(12320 12321 12356 12355)
4(12355 12356 12391 12390)
4(12390 12391 12426 12425)
4(12425 12426 12461 12460)
4(12460 12461 12496 12495)
4(12495 12496 12531 12530)
4(12530 12531 12566 12565)
4(12565 12566 12601 12600)
4(11971 11972 12007 12006)
4(12006 12007 12042 12041)
4(12041 12042 12077 12076)
4(12076 12077 12112 12111)
4(12111 12112 12147 12146)
4(12146 12147 12182 12181)
4(12181 12182 12217 12216)
4(12216 12217 12252 12251)
4(12251 12252 12287 12286)
4(12286 12287 12322 12321)
4(12321 12322 12357 12356)
4(12356 12357 12392 12391)
4(12391 12392 12427 12426)
4(12426 12427 12462 12461)
4(12461 12462 12497 12496)
4(12496 12497 12532 12531)
4(12531 12532 12567 12566)
4(12566 12567 12602 12601)
4(11972 11973 12008 12007)
4(12007 12008 12043 12042)
4(12042 12043 12078 12077)
4(12077 12078 12113 12112)
4(12112 12113 12148 12147)
4(12147 12148 12183 12182)
4(12182 12183 12218 12217)
4(12217 12218 12253 12252)
4(12252 12253 12288 12287)
4(12287 12288 12323 12322)
4(12322 12323 12358 12357)
4(12357 12358 12393 12392)
4(12392 12393 12428 12427)
4(12427 12428 12463 12462)
4(12462 12463 12498 12497)
4(12497 12498 12533 12532)
4(12532 12533 12568 12567)
4(12567 12568 12603 12602)
4(11973 11974 12009 12008)
4(12008 12009 12044 12043)
4(12043 12044 12079 12078)
4(12078 12079 12114 12113)
4(12113 12114 12149 12148)
4(12148 12149 12184 12183)
4(12183 12184 12219 12218)
4(12218 12219 12254 12253)
4(12253 12254 12289 12288)
4(12288 12289 12324 12323)
4(12323 12324 12359 12358)
4(12358 12359 12394 12393)
4(12393 12394 12429 12428)
4(12428 12429 12464 12463)
4(12463 12464 12499 12498)
4(12498 12499 12534 12533)
4(12533 12534 12569 12568)
4(12568 12569 12604 12603)
4(11974 11975 12010 12009)
4(12009 12010 12045 12044)
4(12044 12045 12080 12079)
4(12079 12080 12115 12114)
4(12114 12115 12150 12149)
4(12149 12150 12185 12184)
4(12184 12185 12220 12219)
4(12219 12220 12255 12254)
4(12254 12255 12290 12289)
4(12289 12290 12325 12324)
4(12324 12325 12360 12359)
4(12359 12360 12395 12394)
4(12394 12395 12430 12429)
4(12429 12430 12465 12464)
4(12464 12465 12500 12499)
4(12499 12500 12535 12534)
4(12534 12535 12570 12569)
4(12569 12570 12605 12604)
4(11975 11976 12011 12010)
4(12010 12011 12046 12045)
4(12045 12046 12081 12080)
4(12080 12081 12116 12115)
4(12115 12116 12151 12150)
4(12150 12151 12186 12185)
4(12185 12186 12221 12220)
4(12220 12221 12256 12255)
4(12255 12256 12291 12290)
4(12290 12291 12326 12325)
4(12325 12326 12361 12360)
4(12360 12361 12396 12395)
4(12395 12396 12431 12430)
4(12430 12431 12466 12465)
4(12465 12466 12501 12500)
4(12500 12501 12536 12535)
4(12535 12536 12571 12570)
4(12570 12571 12606 12605)
4(11976 11977 12012 12011)
4(12011 12012 12047 12046)
4(12046 12047 12082 12081)
4(12081 12082 12117 12116)
4(12116 12117 12152 12151)
4(12151 12152 12187 12186)
4(12186 12187 12222 12221)
4(12221 12222 12257 12256)
4(12256 12257 12292 12291)
4(12291 12292 12327 12326)
4(12326 12327 12362 12361)
4(12361 12362 12397 12396)
4(12396 12397 12432 12431)
4(12431 12432 12467 12466)
4(12466 12467 12502 12501)
4(12501 12502 12537 12536)
4(12536 12537 12572 12571)
4(12571 12572 12607 12606)
4(11977 11978 12013 12012)
4(12012 12013 12048 12047)
4(12047 12048 12083 12082)
4(12082 12083 12118 12117)
4(12117 12118 12153 12152)
4(12152 12153 12188 12187)
4(12187 12188 12223 12222)
4(12222 12223 12258 12257)
4(12257 12258 12293 12292)
4(12292 12293 12328 12327)
4(12327 12328 12363 12362)
4(12362 12363 12398 12397)
4(12397 12398 12433 12432)
4(12432 12433 12468 12467)
4(12467 12468 12503 12502)
4(12502 12503 12538 12537)
4(12537 12538 12573 12572)
4(12572 12573 12608 12607)
4(11978 11979 12014 12013)
4(12013 12014 12049 12048)
4(12048 12049 12084 12083)
4(12083 12084 12119 12118)
4(12118 12119 12154 12153)
4(12153 12154 12189 12188)
4(12188 12189 12224 12223)
4(12223 12224 12259 12258)
4(12258 12259 12294 12293)
4(12293 12294 12329 12328)
4(12328 12329 12364 12363)
4(12363 12364 12399 12398)
4(12398 12399 12434 12433)
4(12433 12434 12469 12468)
4(12468 12469 12504 12503)
4(12503 12504 12539 12538)
4(12538 12539 12574 12573)
4(12573 12574 12609 12608)
4(11979 11980 12015 12014)
4(12014 12015 12050 12049)
4(12049 12050 12085 12084)
4(12084 12085 12120 12119)
4(12119 12120 12155 12154)
4(12154 12155 12190 12189)
4(12189 12190 12225 12224)
4(12224 12225 12260 12259)
4(12259 12260 12295 12294)
4(12294 12295 12330 12329)
4(12329 12330 12365 12364)
4(12364 12365 12400 12399)
4(12399 12400 12435 12434)
4(12434 12435 12470 12469)
4(12469 12470 12505 12504)
4(12504 12505 12540 12539)
4(12539 12540 12575 12574)
4(12574 12575 12610 12609)
4(11980 11981 12016 12015)
4(12015 12016 12051 12050)
4(12050 12051 12086 12085)
4(12085 12086 12121 12120)
4(12120 12121 12156 12155)
4(12155 12156 12191 12190)
4(12190 12191 12226 12225)
4(12225 12226 12261 12260)
4(12260 12261 12296 12295)
4(12295 12296 12331 12330)
4(12330 12331 12366 12365)
4(12365 12366 12401 12400)
4(12400 12401 12436 12435)
4(12435 12436 12471 12470)
4(12470 12471 12506 12505)
4(12505 12506 12541 12540)
4(12540 12541 12576 12575)
4(12575 12576 12611 12610)
4(11981 11982 12017 12016)
4(12016 12017 12052 12051)
4(12051 12052 12087 12086)
4(12086 12087 12122 12121)
4(12121 12122 12157 12156)
4(12156 12157 12192 12191)
4(12191 12192 12227 12226)
4(12226 12227 12262 12261)
4(12261 12262 12297 12296)
4(12296 12297 12332 12331)
4(12331 12332 12367 12366)
4(12366 12367 12402 12401)
4(12401 12402 12437 12436)
4(12436 12437 12472 12471)
4(12471 12472 12507 12506)
4(12506 12507 12542 12541)
4(12541 12542 12577 12576)
4(12576 12577 12612 12611)
4(11982 11983 12018 12017)
4(12017 12018 12053 12052)
4(12052 12053 12088 12087)
4(12087 12088 12123 12122)
4(12122 12123 12158 12157)
4(12157 12158 12193 12192)
4(12192 12193 12228 12227)
4(12227 12228 12263 12262)
4(12262 12263 12298 12297)
4(12297 12298 12333 12332)
4(12332 12333 12368 12367)
4(12367 12368 12403 12402)
4(12402 12403 12438 12437)
4(12437 12438 12473 12472)
4(12472 12473 12508 12507)
4(12507 12508 12543 12542)
4(12542 12543 12578 12577)
4(12577 12578 12613 12612)
4(11983 11984 12019 12018)
4(12018 12019 12054 12053)
4(12053 12054 12089 12088)
4(12088 12089 12124 12123)
4(12123 12124 12159 12158)
4(12158 12159 12194 12193)
4(12193 12194 12229 12228)
4(12228 12229 12264 12263)
4(12263 12264 12299 12298)
4(12298 12299 12334 12333)
4(12333 12334 12369 12368)
4(12368 12369 12404 12403)
4(12403 12404 12439 12438)
4(12438 12439 12474 12473)
4(12473 12474 12509 12508)
4(12508 12509 12544 12543)
4(12543 12544 12579 12578)
4(12578 12579 12614 12613)
4(11984 11985 12020 12019)
4(12019 12020 12055 12054)
4(12054 12055 12090 12089)
4(12089 12090 12125 12124)
4(12124 12125 12160 12159)
4(12159 12160 12195 12194)
4(12194 12195 12230 12229)
4(12229 12230 12265 12264)
4(12264 12265 12300 12299)
4(12299 12300 12335 12334)
4(12334 12335 12370 12369)
4(12369 12370 12405 12404)
4(12404 12405 12440 12439)
4(12439 12440 12475 12474)
4(12474 12475 12510 12509)
4(12509 12510 12545 12544)
4(12544 12545 12580 12579)
4(12579 12580 12615 12614)
4(11985 11986 12021 12020)
4(12020 12021 12056 12055)
4(12055 12056 12091 12090)
4(12090 12091 12126 12125)
4(12125 12126 12161 12160)
4(12160 12161 12196 12195)
4(12195 12196 12231 12230)
4(12230 12231 12266 12265)
4(12265 12266 12301 12300)
4(12300 12301 12336 12335)
4(12335 12336 12371 12370)
4(12370 12371 12406 12405)
4(12405 12406 12441 12440)
4(12440 12441 12476 12475)
4(12475 12476 12511 12510)
4(12510 12511 12546 12545)
4(12545 12546 12581 12580)
4(12580 12581 12616 12615)
4(11986 11987 12022 12021)
4(12021 12022 12057 12056)
4(12056 12057 12092 12091)
4(12091 12092 12127 12126)
4(12126 12127 12162 12161)
4(12161 12162 12197 12196)
4(12196 12197 12232 12231)
4(12231 12232 12267 12266)
4(12266 12267 12302 12301)
4(12301 12302 12337 12336)
4(12336 12337 12372 12371)
4(12371 12372 12407 12406)
4(12406 12407 12442 12441)
4(12441 12442 12477 12476)
4(12476 12477 12512 12511)
4(12511 12512 12547 12546)
4(12546 12547 12582 12581)
4(12581 12582 12617 12616)
4(11987 11988 12023 12022)
4(12022 12023 12058 12057)
4(12057 12058 12093 12092)
4(12092 12093 12128 12127)
4(12127 12128 12163 12162)
4(12162 12163 12198 12197)
4(12197 12198 12233 12232)
4(12232 12233 12268 12267)
4(12267 12268 12303 12302)
4(12302 12303 12338 12337)
4(12337 12338 12373 12372)
4(12372 12373 12408 12407)
4(12407 12408 12443 12442)
4(12442 12443 12478 12477)
4(12477 12478 12513 12512)
4(12512 12513 12548 12547)
4(12547 12548 12583 12582)
4(12582 12583 12618 12617)
4(11988 11989 12024 12023)
4(12023 12024 12059 12058)
4(12058 12059 12094 12093)
4(12093 12094 12129 12128)
4(12128 12129 12164 12163)
4(12163 12164 12199 12198)
4(12198 12199 12234 12233)
4(12233 12234 12269 12268)
4(12268 12269 12304 12303)
4(12303 12304 12339 12338)
4(12338 12339 12374 12373)
4(12373 12374 12409 12408)
4(12408 12409 12444 12443)
4(12443 12444 12479 12478)
4(12478 12479 12514 12513)
4(12513 12514 12549 12548)
4(12548 12549 12584 12583)
4(12583 12584 12619 12618)
4(11989 11990 12025 12024)
4(12024 12025 12060 12059)
4(12059 12060 12095 12094)
4(12094 12095 12130 12129)
4(12129 12130 12165 12164)
4(12164 12165 12200 12199)
4(12199 12200 12235 12234)
4(12234 12235 12270 12269)
4(12269 12270 12305 12304)
4(12304 12305 12340 12339)
4(12339 12340 12375 12374)
4(12374 12375 12410 12409)
4(12409 12410 12445 12444)
4(12444 12445 12480 12479)
4(12479 12480 12515 12514)
4(12514 12515 12550 12549)
4(12549 12550 12585 12584)
4(12584 12585 12620 12619)
4(11990 11991 12026 12025)
4(12025 12026 12061 12060)
4(12060 12061 12096 12095)
4(12095 12096 12131 12130)
4(12130 12131 12166 12165)
4(12165 12166 12201 12200)
4(12200 12201 12236 12235)
4(12235 12236 12271 12270)
4(12270 12271 12306 12305)
4(12305 12306 12341 12340)
4(12340 12341 12376 12375)
4(12375 12376 12411 12410)
4(12410 12411 12446 12445)
4(12445 12446 12481 12480)
4(12480 12481 12516 12515)
4(12515 12516 12551 12550)
4(12550 12551 12586 12585)
4(12585 12586 12621 12620)
4(11991 11992 12027 12026)
4(12026 12027 12062 12061)
4(12061 12062 12097 12096)
4(12096 12097 12132 12131)
4(12131 12132 12167 12166)
4(12166 12167 12202 12201)
4(12201 12202 12237 12236)
4(12236 12237 12272 12271)
4(12271 12272 12307 12306)
4(12306 12307 12342 12341)
4(12341 12342 12377 12376)
4(12376 12377 12412 12411)
4(12411 12412 12447 12446)
4(12446 12447 12482 12481)
4(12481 12482 12517 12516)
4(12516 12517 12552 12551)
4(12551 12552 12587 12586)
4(12586 12587 12622 12621)
4(11992 11993 12028 12027)
4(12027 12028 12063 12062)
4(12062 12063 12098 12097)
4(12097 12098 12133 12132)
4(12132 12133 12168 12167)
4(12167 12168 12203 12202)
4(12202 12203 12238 12237)
4(12237 12238 12273 12272)
4(12272 12273 12308 12307)
4(12307 12308 12343 12342)
4(12342 12343 12378 12377)
4(12377 12378 12413 12412)
4(12412 12413 12448 12447)
4(12447 12448 12483 12482)
4(12482 12483 12518 12517)
4(12517 12518 12553 12552)
4(12552 12553 12588 12587)
4(12587 12588 12623 12622)
4(11993 11994 12029 12028)
4(12028 12029 12064 12063)
4(12063 12064 12099 12098)
4(12098 12099 12134 12133)
4(12133 12134 12169 12168)
4(12168 12169 12204 12203)
4(12203 12204 12239 12238)
4(12238 12239 12274 12273)
4(12273 12274 12309 12308)
4(12308 12309 12344 12343)
4(12343 12344 12379 12378)
4(12378 12379 12414 12413)
4(12413 12414 12449 12448)
4(12448 12449 12484 12483)
4(12483 12484 12519 12518)
4(12518 12519 12554 12553)
4(12553 12554 12589 12588)
4(12588 12589 12624 12623)
4(11994 11995 12030 12029)
4(12029 12030 12065 12064)
4(12064 12065 12100 12099)
4(12099 12100 12135 12134)
4(12134 12135 12170 12169)
4(12169 12170 12205 12204)
4(12204 12205 12240 12239)
4(12239 12240 12275 12274)
4(12274 12275 12310 12309)
4(12309 12310 12345 12344)
4(12344 12345 12380 12379)
4(12379 12380 12415 12414)
4(12414 12415 12450 12449)
4(12449 12450 12485 12484)
4(12484 12485 12520 12519)
4(12519 12520 12555 12554)
4(12554 12555 12590 12589)
4(12589 12590 12625 12624)
4(11995 11996 12031 12030)
4(12030 12031 12066 12065)
4(12065 12066 12101 12100)
4(12100 12101 12136 12135)
4(12135 12136 12171 12170)
4(12170 12171 12206 12205)
4(12205 12206 12241 12240)
4(12240 12241 12276 12275)
4(12275 12276 12311 12310)
4(12310 12311 12346 12345)
4(12345 12346 12381 12380)
4(12380 12381 12416 12415)
4(12415 12416 12451 12450)
4(12450 12451 12486 12485)
4(12485 12486 12521 12520)
4(12520 12521 12556 12555)
4(12555 12556 12591 12590)
4(12590 12591 12626 12625)
4(11996 11997 12032 12031)
4(12031 12032 12067 12066)
4(12066 12067 12102 12101)
4(12101 12102 12137 12136)
4(12136 12137 12172 12171)
4(12171 12172 12207 12206)
4(12206 12207 12242 12241)
4(12241 12242 12277 12276)
4(12276 12277 12312 12311)
4(12311 12312 12347 12346)
4(12346 12347 12382 12381)
4(12381 12382 12417 12416)
4(12416 12417 12452 12451)
4(12451 12452 12487 12486)
4(12486 12487 12522 12521)
4(12521 12522 12557 12556)
4(12556 12557 12592 12591)
4(12591 12592 12627 12626)
4(11997 11998 12033 12032)
4(12032 12033 12068 12067)
4(12067 12068 12103 12102)
4(12102 12103 12138 12137)
4(12137 12138 12173 12172)
4(12172 12173 12208 12207)
4(12207 12208 12243 12242)
4(12242 12243 12278 12277)
4(12277 12278 12313 12312)
4(12312 12313 12348 12347)
4(12347 12348 12383 12382)
4(12382 12383 12418 12417)
4(12417 12418 12453 12452)
4(12452 12453 12488 12487)
4(12487 12488 12523 12522)
4(12522 12523 12558 12557)
4(12557 12558 12593 12592)
4(12592 12593 12628 12627)
4(11998 11999 12034 12033)
4(12033 12034 12069 12068)
4(12068 12069 12104 12103)
4(12103 12104 12139 12138)
4(12138 12139 12174 12173)
4(12173 12174 12209 12208)
4(12208 12209 12244 12243)
4(12243 12244 12279 12278)
4(12278 12279 12314 12313)
4(12313 12314 12349 12348)
4(12348 12349 12384 12383)
4(12383 12384 12419 12418)
4(12418 12419 12454 12453)
4(12453 12454 12489 12488)
4(12488 12489 12524 12523)
4(12523 12524 12559 12558)
4(12558 12559 12594 12593)
4(12593 12594 12629 12628)
4(11999 12000 12035 12034)
4(12034 12035 12070 12069)
4(12069 12070 12105 12104)
4(12104 12105 12140 12139)
4(12139 12140 12175 12174)
4(12174 12175 12210 12209)
4(12209 12210 12245 12244)
4(12244 12245 12280 12279)
4(12279 12280 12315 12314)
4(12314 12315 12350 12349)
4(12349 12350 12385 12384)
4(12384 12385 12420 12419)
4(12419 12420 12455 12454)
4(12454 12455 12490 12489)
4(12489 12490 12525 12524)
4(12524 12525 12560 12559)
4(12559 12560 12595 12594)
4(12594 12595 12630 12629)
4(12000 12001 12036 12035)
4(12035 12036 12071 12070)
4(12070 12071 12106 12105)
4(12105 12106 12141 12140)
4(12140 12141 12176 12175)
4(12175 12176 12211 12210)
4(12210 12211 12246 12245)
4(12245 12246 12281 12280)
4(12280 12281 12316 12315)
4(12315 12316 12351 12350)
4(12350 12351 12386 12385)
4(12385 12386 12421 12420)
4(12420 12421 12456 12455)
4(12455 12456 12491 12490)
4(12490 12491 12526 12525)
4(12525 12526 12561 12560)
4(12560 12561 12596 12595)
4(12595 12596 12631 12630)
4(12001 12002 12037 12036)
4(12036 12037 12072 12071)
4(12071 12072 12107 12106)
4(12106 12107 12142 12141)
4(12141 12142 12177 12176)
4(12176 12177 12212 12211)
4(12211 12212 12247 12246)
4(12246 12247 12282 12281)
4(12281 12282 12317 12316)
4(12316 12317 12352 12351)
4(12351 12352 12387 12386)
4(12386 12387 12422 12421)
4(12421 12422 12457 12456)
4(12456 12457 12492 12491)
4(12491 12492 12527 12526)
4(12526 12527 12562 12561)
4(12561 12562 12597 12596)
4(12596 12597 12632 12631)
4(12002 12003 12038 12037)
4(12037 12038 12073 12072)
4(12072 12073 12108 12107)
4(12107 12108 12143 12142)
4(12142 12143 12178 12177)
4(12177 12178 12213 12212)
4(12212 12213 12248 12247)
4(12247 12248 12283 12282)
4(12282 12283 12318 12317)
4(12317 12318 12353 12352)
4(12352 12353 12388 12387)
4(12387 12388 12423 12422)
4(12422 12423 12458 12457)
4(12457 12458 12493 12492)
4(12492 12493 12528 12527)
4(12527 12528 12563 12562)
4(12562 12563 12598 12597)
4(12597 12598 12633 12632)
4(12003 12004 12039 12038)
4(12038 12039 12074 12073)
4(12073 12074 12109 12108)
4(12108 12109 12144 12143)
4(12143 12144 12179 12178)
4(12178 12179 12214 12213)
4(12213 12214 12249 12248)
4(12248 12249 12284 12283)
4(12283 12284 12319 12318)
4(12318 12319 12354 12353)
4(12353 12354 12389 12388)
4(12388 12389 12424 12423)
4(12423 12424 12459 12458)
4(12458 12459 12494 12493)
4(12493 12494 12529 12528)
4(12528 12529 12564 12563)
4(12563 12564 12599 12598)
4(12598 12599 12634 12633)
)


// ************************************************************************* //
