/*--------------------------------*- C++ -*----------------------------------*\
| =========                 |                                                 |
| \\      /  F ield         | OpenFOAM: The Open Source CFD Toolbox           |
|  \\    /   O peration     | Version:  2512                                  |
|   \\  /    A nd           | Website:  www.openfoam.com                      |
|    \\/     M anipulation  |                                                 |
\*---------------------------------------------------------------------------*/
FoamFile
{
    version     2.0;
    format      ascii;
    arch        "LSB;label=32;scalar=64";
    note        "nPoints:12635  nCells:11016  nFaces:34596  nInternalFaces:31500";
    class       labelList;
    location    "constant/polyMesh";
    object      neighbour;
}
// * * * * * * * * * * * * * * * * * * * * * * * * * * * * * * * * * * * * * //


31500
(
1
34
612
2
35
613
3
36
614
4
37
615
5
38
616
6
39
617
7
40
618
8
41
619
9
42
620
10
43
621
11
44
622
12
45
623
13
46
624
14
47
625
15
48
626
16
49
627
17
50
628
18
51
629
19
52
630
20
53
631
21
54
632
22
55
633
23
56
634
24
57
635
25
58
636
26
59
637
27
60
638
28
61
639
29
62
640
30
63
641
31
64
642
32
65
643
33
66
644
67
645
35
68
646
36
69
647
37
70
648
38
71
649
39
72
650
40
73
651
41
74
652
42
75
653
43
76
654
44
77
655
45
78
656
46
79
657
47
80
658
48
81
659
49
82
660
50
83
661
51
84
662
52
85
663
53
86
664
54
87
665
55
88
666
56
89
667
57
90
668
58
91
669
59
92
670
60
93
671
61
94
672
62
95
673
63
96
674
64
97
675
65
98
676
66
99
677
67
100
678
101
679
69
102
680
70
103
681
71
104
682
72
105
683
73
106
684
74
107
685
75
108
686
76
109
687
77
110
688
78
111
689
79
112
690
80
113
691
81
114
692
82
115
693
83
116
694
84
117
695
85
118
696
86
119
697
87
120
698
88
121
699
89
122
700
90
123
701
91
124
702
92
125
703
93
126
704
94
127
705
95
128
706
96
129
707
97
130
708
98
131
709
99
132
710
100
133
711
101
134
712
135
713
103
136
714
104
137
715
105
138
716
106
139
717
107
140
718
108
141
719
109
142
720
110
143
721
111
144
722
112
145
723
113
146
724
114
147
725
115
148
726
116
149
727
117
150
728
118
151
729
119
152
730
120
153
731
121
154
732
122
155
733
123
156
734
124
157
735
125
158
736
126
159
737
127
160
738
128
161
739
129
162
740
130
163
741
131
164
742
132
165
743
133
166
744
134
167
745
135
168
746
169
747
137
170
748
138
171
749
139
172
750
140
173
751
141
174
752
142
175
753
143
176
754
144
177
755
145
178
756
146
179
757
147
180
758
148
181
759
149
182
760
150
183
761
151
184
762
152
185
763
153
186
764
154
187
765
155
188
766
156
189
767
157
190
768
158
191
769
159
192
770
160
193
771
161
194
772
162
195
773
163
196
774
164
197
775
165
198
776
166
199
777
167
200
778
168
201
779
169
202
780
203
781
171
204
782
172
205
783
173
206
784
174
207
785
175
208
786
176
209
787
177
210
788
178
211
789
179
212
790
180
213
791
181
214
792
182
215
793
183
216
794
184
217
795
185
218
796
186
219
797
187
220
798
188
221
799
189
222
800
190
223
801
191
224
802
192
225
803
193
226
804
194
227
805
195
228
806
196
229
807
197
230
808
198
231
809
199
232
810
200
233
811
201
234
812
202
235
813
203
236
814
237
815
205
238
816
206
239
817
207
240
818
208
241
819
209
242
820
210
243
821
211
244
822
212
245
823
213
246
824
214
247
825
215
248
826
216
249
827
217
250
828
218
251
829
219
252
830
220
253
831
221
254
832
222
255
833
223
256
834
224
257
835
225
258
836
226
259
837
227
260
838
228
261
839
229
262
840
230
263
841
231
264
842
232
265
843
233
266
844
234
267
845
235
268
846
236
269
847
237
270
848
271
849
239
272
850
240
273
851
241
274
852
242
275
853
243
276
854
244
277
855
245
278
856
246
279
857
247
280
858
248
281
859
249
282
860
250
283
861
251
284
862
252
285
863
253
286
864
254
287
865
255
288
866
256
289
867
257
290
868
258
291
869
259
292
870
260
293
871
261
294
872
262
295
873
263
296
874
264
297
875
265
298
876
266
299
877
267
300
878
268
301
879
269
302
880
270
303
881
271
304
882
305
883
273
306
884
274
307
885
275
308
886
276
309
887
277
310
888
278
311
889
279
312
890
280
313
891
281
314
892
282
315
893
283
316
894
284
317
895
285
318
896
286
319
897
287
320
898
288
321
899
289
322
900
290
323
901
291
324
902
292
325
903
293
326
904
294
327
905
295
328
906
296
329
907
297
330
908
298
331
909
299
332
910
300
333
911
301
334
912
302
335
913
303
336
914
304
337
915
305
338
916
339
917
307
340
918
308
341
919
309
342
920
310
343
921
311
344
922
312
345
923
313
346
924
314
347
925
315
348
926
316
349
927
317
350
928
318
351
929
319
352
930
320
353
931
321
354
932
322
355
933
323
356
934
324
357
935
325
358
936
326
359
937
327
360
938
328
361
939
329
362
940
330
363
941
331
364
942
332
365
943
333
366
944
334
367
945
335
368
946
336
369
947
337
370
948
338
371
949
339
372
950
373
951
341
374
952
342
375
953
343
376
954
344
377
955
345
378
956
346
379
957
347
380
958
348
381
959
349
382
960
350
383
961
351
384
962
352
385
963
353
386
964
354
387
965
355
388
966
356
389
967
357
390
968
358
391
969
359
392
970
360
393
971
361
394
972
362
395
973
363
396
974
364
397
975
365
398
976
366
399
977
367
400
978
368
401
979
369
402
980
370
403
981
371
404
982
372
405
983
373
406
984
407
985
375
408
986
376
409
987
377
410
988
378
411
989
379
412
990
380
413
991
381
414
992
382
415
993
383
416
994
384
417
995
385
418
996
386
419
997
387
420
998
388
421
999
389
422
1000
390
423
1001
391
424
1002
392
425
1003
393
426
1004
394
427
1005
395
428
1006
396
429
1007
397
430
1008
398
431
1009
399
432
1010
400
433
1011
401
434
1012
402
435
1013
403
436
1014
404
437
1015
405
438
1016
406
439
1017
407
440
1018
441
1019
409
442
1020
410
443
1021
411
444
1022
412
445
1023
413
446
1024
414
447
1025
415
448
1026
416
449
1027
417
450
1028
418
451
1029
419
452
1030
420
453
1031
421
454
1032
422
455
1033
423
456
1034
424
457
1035
425
458
1036
426
459
1037
427
460
1038
428
461
1039
429
462
1040
430
463
1041
431
464
1042
432
465
1043
433
466
1044
434
467
1045
435
468
1046
436
469
1047
437
470
1048
438
471
1049
439
472
1050
440
473
1051
441
474
1052
475
1053
443
476
1054
444
477
1055
445
478
1056
446
479
1057
447
480
1058
448
481
1059
449
482
1060
450
483
1061
451
484
1062
452
485
1063
453
486
1064
454
487
1065
455
488
1066
456
489
1067
457
490
1068
458
491
1069
459
492
1070
460
493
1071
461
494
1072
462
495
1073
463
496
1074
464
497
1075
465
498
1076
466
499
1077
467
500
1078
468
501
1079
469
502
1080
470
503
1081
471
504
1082
472
505
1083
473
506
1084
474
507
1085
475
508
1086
509
1087
477
510
1088
478
511
1089
479
512
1090
480
513
1091
481
514
1092
482
515
1093
483
516
1094
484
517
1095
485
518
1096
486
519
1097
487
520
1098
488
521
1099
489
522
1100
490
523
1101
491
524
1102
492
525
1103
493
526
1104
494
527
1105
495
528
1106
496
529
1107
497
530
1108
498
531
1109
499
532
1110
500
533
1111
501
534
1112
502
535
1113
503
536
1114
504
537
1115
505
538
1116
506
539
1117
507
540
1118
508
541
1119
509
542
1120
543
1121
511
544
1122
512
545
1123
513
546
1124
514
547
1125
515
548
1126
516
549
1127
517
550
1128
518
551
1129
519
552
1130
520
553
1131
521
554
1132
522
555
1133
523
556
1134
524
557
1135
525
558
1136
526
559
1137
527
560
1138
528
561
1139
529
562
1140
530
563
1141
531
564
1142
532
565
1143
533
566
1144
534
567
1145
535
568
1146
536
569
1147
537
570
1148
538
571
1149
539
572
1150
540
573
1151
541
574
1152
542
575
1153
543
576
1154
577
1155
545
578
1156
546
579
1157
547
580
1158
548
581
1159
549
582
1160
550
583
1161
551
584
1162
552
585
1163
553
586
1164
554
587
1165
555
588
1166
556
589
1167
557
590
1168
558
591
1169
559
592
1170
560
593
1171
561
594
1172
562
595
1173
563
596
1174
564
597
1175
565
598
1176
566
599
1177
567
600
1178
568
601
1179
569
602
1180
570
603
1181
571
604
1182
572
605
1183
573
606
1184
574
607
1185
575
608
1186
576
609
1187
577
610
1188
611
1189
579
1190
580
1191
581
1192
582
1193
583
1194
584
1195
585
1196
586
1197
587
1198
588
1199
589
1200
590
1201
591
1202
592
1203
593
1204
594
1205
595
1206
596
1207
597
1208
598
1209
599
1210
600
1211
601
1212
602
1213
603
1214
604
1215
605
1216
606
1217
607
1218
608
1219
609
1220
610
1221
611
1222
1223
613
646
1224
614
647
1225
615
648
1226
616
649
1227
617
650
1228
618
651
1229
619
652
1230
620
653
1231
621
654
1232
622
655
1233
623
656
1234
624
657
1235
625
658
1236
626
659
1237
627
660
1238
628
661
1239
629
662
1240
630
663
1241
631
664
1242
632
665
1243
633
666
1244
634
667
1245
635
668
1246
636
669
1247
637
670
1248
638
671
1249
639
672
1250
640
673
1251
641
674
1252
642
675
1253
643
676
1254
644
677
1255
645
678
1256
679
1257
647
680
1258
648
681
1259
649
682
1260
650
683
1261
651
684
1262
652
685
1263
653
686
1264
654
687
1265
655
688
1266
656
689
1267
657
690
1268
658
691
1269
659
692
1270
660
693
1271
661
694
1272
662
695
1273
663
696
1274
664
697
1275
665
698
1276
666
699
1277
667
700
1278
668
701
1279
669
702
1280
670
703
1281
671
704
1282
672
705
1283
673
706
1284
674
707
1285
675
708
1286
676
709
1287
677
710
1288
678
711
1289
679
712
1290
713
1291
681
714
1292
682
715
1293
683
716
1294
684
717
1295
685
718
1296
686
719
1297
687
720
1298
688
721
1299
689
722
1300
690
723
1301
691
724
1302
692
725
1303
693
726
1304
694
727
1305
695
728
1306
696
729
1307
697
730
1308
698
731
1309
699
732
1310
700
733
1311
701
734
1312
702
735
1313
703
736
1314
704
737
1315
705
738
1316
706
739
1317
707
740
1318
708
741
1319
709
742
1320
710
743
1321
711
744
1322
712
745
1323
713
746
1324
747
1325
715
748
1326
716
749
1327
717
750
1328
718
751
1329
719
752
1330
720
753
1331
721
754
1332
722
755
1333
723
756
1334
724
757
1335
725
758
1336
726
759
1337
727
760
1338
728
761
1339
729
762
1340
730
763
1341
731
764
1342
732
765
1343
733
766
1344
734
767
1345
735
768
1346
736
769
1347
737
770
1348
738
771
1349
739
772
1350
740
773
1351
741
774
1352
742
775
1353
743
776
1354
744
777
1355
745
778
1356
746
779
1357
747
780
1358
781
1359
749
782
1360
750
783
1361
751
784
1362
752
785
1363
753
786
1364
754
787
1365
755
788
1366
756
789
1367
757
790
1368
758
791
1369
759
792
1370
760
793
1371
761
794
1372
762
795
1373
763
796
1374
764
797
1375
765
798
1376
766
799
1377
767
800
1378
768
801
1379
769
802
1380
770
803
1381
771
804
1382
772
805
1383
773
806
1384
774
807
1385
775
808
1386
776
809
1387
777
810
1388
778
811
1389
779
812
1390
780
813
1391
781
814
1392
815
1393
783
816
1394
784
817
1395
785
818
1396
786
819
1397
787
820
1398
788
821
1399
789
822
1400
790
823
1401
791
824
1402
792
825
1403
793
826
1404
794
827
1405
795
828
1406
796
829
1407
797
830
1408
798
831
1409
799
832
1410
800
833
1411
801
834
1412
802
835
1413
803
836
1414
804
837
1415
805
838
1416
806
839
1417
807
840
1418
808
841
1419
809
842
1420
810
843
1421
811
844
1422
812
845
1423
813
846
1424
814
847
1425
815
848
1426
849
1427
817
850
1428
818
851
1429
819
852
1430
820
853
1431
821
854
1432
822
855
1433
823
856
1434
824
857
1435
825
858
1436
826
859
1437
827
860
1438
828
861
1439
829
862
1440
830
863
1441
831
864
1442
832
865
1443
833
866
1444
834
867
1445
835
868
1446
836
869
1447
837
870
1448
838
871
1449
839
872
1450
840
873
1451
841
874
1452
842
875
1453
843
876
1454
844
877
1455
845
878
1456
846
879
1457
847
880
1458
848
881
1459
849
882
1460
883
1461
851
884
1462
852
885
1463
853
886
1464
854
887
1465
855
888
1466
856
889
1467
857
890
1468
858
891
1469
859
892
1470
860
893
1471
861
894
1472
862
895
1473
863
896
1474
864
897
1475
865
898
1476
866
899
1477
867
900
1478
868
901
1479
869
902
1480
870
903
1481
871
904
1482
872
905
1483
873
906
1484
874
907
1485
875
908
1486
876
909
1487
877
910
1488
878
911
1489
879
912
1490
880
913
1491
881
914
1492
882
915
1493
883
916
1494
917
1495
885
918
1496
886
919
1497
887
920
1498
888
921
1499
889
922
1500
890
923
1501
891
924
1502
892
925
1503
893
926
1504
894
927
1505
895
928
1506
896
929
1507
897
930
1508
898
931
1509
899
932
1510
900
933
1511
901
934
1512
902
935
1513
903
936
1514
904
937
1515
905
938
1516
906
939
1517
907
940
1518
908
941
1519
909
942
1520
910
943
1521
911
944
1522
912
945
1523
913
946
1524
914
947
1525
915
948
1526
916
949
1527
917
950
1528
951
1529
919
952
1530
920
953
1531
921
954
1532
922
955
1533
923
956
1534
924
957
1535
925
958
1536
926
959
1537
927
960
1538
928
961
1539
929
962
1540
930
963
1541
931
964
1542
932
965
1543
933
966
1544
934
967
1545
935
968
1546
936
969
1547
937
970
1548
938
971
1549
939
972
1550
940
973
1551
941
974
1552
942
975
1553
943
976
1554
944
977
1555
945
978
1556
946
979
1557
947
980
1558
948
981
1559
949
982
1560
950
983
1561
951
984
1562
985
1563
953
986
1564
954
987
1565
955
988
1566
956
989
1567
957
990
1568
958
991
1569
959
992
1570
960
993
1571
961
994
1572
962
995
1573
963
996
1574
964
997
1575
965
998
1576
966
999
1577
967
1000
1578
968
1001
1579
969
1002
1580
970
1003
1581
971
1004
1582
972
1005
1583
973
1006
1584
974
1007
1585
975
1008
1586
976
1009
1587
977
1010
1588
978
1011
1589
979
1012
1590
980
1013
1591
981
1014
1592
982
1015
1593
983
1016
1594
984
1017
1595
985
1018
1596
1019
1597
987
1020
1598
988
1021
1599
989
1022
1600
990
1023
1601
991
1024
1602
992
1025
1603
993
1026
1604
994
1027
1605
995
1028
1606
996
1029
1607
997
1030
1608
998
1031
1609
999
1032
1610
1000
1033
1611
1001
1034
1612
1002
1035
1613
1003
1036
1614
1004
1037
1615
1005
1038
1616
1006
1039
1617
1007
1040
1618
1008
1041
1619
1009
1042
1620
1010
1043
1621
1011
1044
1622
1012
1045
1623
1013
1046
1624
1014
1047
1625
1015
1048
1626
1016
1049
1627
1017
1050
1628
1018
1051
1629
1019
1052
1630
1053
1631
1021
1054
1632
1022
1055
1633
1023
1056
1634
1024
1057
1635
1025
1058
1636
1026
1059
1637
1027
1060
1638
1028
1061
1639
1029
1062
1640
1030
1063
1641
1031
1064
1642
1032
1065
1643
1033
1066
1644
1034
1067
1645
1035
1068
1646
1036
1069
1647
1037
1070
1648
1038
1071
1649
1039
1072
1650
1040
1073
1651
1041
1074
1652
1042
1075
1653
1043
1076
1654
1044
1077
1655
1045
1078
1656
1046
1079
1657
1047
1080
1658
1048
1081
1659
1049
1082
1660
1050
1083
1661
1051
1084
1662
1052
1085
1663
1053
1086
1664
1087
1665
1055
1088
1666
1056
1089
1667
1057
1090
1668
1058
1091
1669
1059
1092
1670
1060
1093
1671
1061
1094
1672
1062
1095
1673
1063
1096
1674
1064
1097
1675
1065
1098
1676
1066
1099
1677
1067
1100
1678
1068
1101
1679
1069
1102
1680
1070
1103
1681
1071
1104
1682
1072
1105
1683
1073
1106
1684
1074
1107
1685
1075
1108
1686
1076
1109
1687
1077
1110
1688
1078
1111
1689
1079
1112
1690
1080
1113
1691
1081
1114
1692
1082
1115
1693
1083
1116
1694
1084
1117
1695
1085
1118
1696
1086
1119
1697
1087
1120
1698
1121
1699
1089
1122
1700
1090
1123
1701
1091
1124
1702
1092
1125
1703
1093
1126
1704
1094
1127
1705
1095
1128
1706
1096
1129
1707
1097
1130
1708
1098
1131
1709
1099
1132
1710
1100
1133
1711
1101
1134
1712
1102
1135
1713
1103
1136
1714
1104
1137
1715
1105
1138
1716
1106
1139
1717
1107
1140
1718
1108
1141
1719
1109
1142
1720
1110
1143
1721
1111
1144
1722
1112
1145
1723
1113
1146
1724
1114
1147
1725
1115
1148
1726
1116
1149
1727
1117
1150
1728
1118
1151
1729
1119
1152
1730
1120
1153
1731
1121
1154
1732
1155
1733
1123
1156
1734
1124
1157
1735
1125
1158
1736
1126
1159
1737
1127
1160
1738
1128
1161
1739
1129
1162
1740
1130
1163
1741
1131
1164
1742
1132
1165
1743
1133
1166
1744
1134
1167
1745
1135
1168
1746
1136
1169
1747
1137
1170
1748
1138
1171
1749
1139
1172
1750
1140
1173
1751
1141
1174
1752
1142
1175
1753
1143
1176
1754
1144
1177
1755
1145
1178
1756
1146
1179
1757
1147
1180
1758
1148
1181
1759
1149
1182
1760
1150
1183
1761
1151
1184
1762
1152
1185
1763
1153
1186
1764
1154
1187
1765
1155
1188
1766
1189
1767
1157
1190
1768
1158
1191
1769
1159
1192
1770
1160
1193
1771
1161
1194
1772
1162
1195
1773
1163
1196
1774
1164
1197
1775
1165
1198
1776
1166
1199
1777
1167
1200
1778
1168
1201
1779
1169
1202
1780
1170
1203
1781
1171
1204
1782
1172
1205
1783
1173
1206
1784
1174
1207
1785
1175
1208
1786
1176
1209
1787
1177
1210
1788
1178
1211
1789
1179
1212
1790
1180
1213
1791
1181
1214
1792
1182
1215
1793
1183
1216
1794
1184
1217
1795
1185
1218
1796
1186
1219
1797
1187
1220
1798
1188
1221
1799
1189
1222
1800
1223
1801
1191
1802
1192
1803
1193
1804
1194
1805
1195
1806
1196
1807
1197
1808
1198
1809
1199
1810
1200
1811
1201
1812
1202
1813
1203
1814
1204
1815
1205
1816
1206
1817
1207
1818
1208
1819
1209
1820
1210
1821
1211
1822
1212
1823
1213
1824
1214
1825
1215
1826
1216
1827
1217
1828
1218
1829
1219
1830
1220
1831
1221
1832
1222
1833
1223
1834
1835
1225
1258
1836
1226
1259
1837
1227
1260
1838
1228
1261
1839
1229
1262
1840
1230
1263
1841
1231
1264
1842
1232
1265
1843
1233
1266
1844
1234
1267
1845
1235
1268
1846
1236
1269
1847
1237
1270
1848
1238
1271
1849
1239
1272
1850
1240
1273
1851
1241
1274
1852
1242
1275
1853
1243
1276
1854
1244
1277
1855
1245
1278
1856
1246
1279
1857
1247
1280
1858
1248
1281
1859
1249
1282
1860
1250
1283
1861
1251
1284
1862
1252
1285
1863
1253
1286
1864
1254
1287
1865
1255
1288
1866
1256
1289
1867
1257
1290
1868
1291
1869
1259
1292
1870
1260
1293
1871
1261
1294
1872
1262
1295
1873
1263
1296
1874
1264
1297
1875
1265
1298
1876
1266
1299
1877
1267
1300
1878
1268
1301
1879
1269
1302
1880
1270
1303
1881
1271
1304
1882
1272
1305
1883
1273
1306
1884
1274
1307
1885
1275
1308
1886
1276
1309
1887
1277
1310
1888
1278
1311
1889
1279
1312
1890
1280
1313
1891
1281
1314
1892
1282
1315
1893
1283
1316
1894
1284
1317
1895
1285
1318
1896
1286
1319
1897
1287
1320
1898
1288
1321
1899
1289
1322
1900
1290
1323
1901
1291
1324
1902
1325
1903
1293
1326
1904
1294
1327
1905
1295
1328
1906
1296
1329
1907
1297
1330
1908
1298
1331
1909
1299
1332
1910
1300
1333
1911
1301
1334
1912
1302
1335
1913
1303
1336
1914
1304
1337
1915
1305
1338
1916
1306
1339
1917
1307
1340
1918
1308
1341
1919
1309
1342
1920
1310
1343
1921
1311
1344
1922
1312
1345
1923
1313
1346
1924
1314
1347
1925
1315
1348
1926
1316
1349
1927
1317
1350
1928
1318
1351
1929
1319
1352
1930
1320
1353
1931
1321
1354
1932
1322
1355
1933
1323
1356
1934
1324
1357
1935
1325
1358
1936
1359
1937
1327
1360
1938
1328
1361
1939
1329
1362
1940
1330
1363
1941
1331
1364
1942
1332
1365
1943
1333
1366
1944
1334
1367
1945
1335
1368
1946
1336
1369
1947
1337
1370
1948
1338
1371
1949
1339
1372
1950
1340
1373
1951
1341
1374
1952
1342
1375
1953
1343
1376
1954
1344
1377
1955
1345
1378
1956
1346
1379
1957
1347
1380
1958
1348
1381
1959
1349
1382
1960
1350
1383
1961
1351
1384
1962
1352
1385
1963
1353
1386
1964
1354
1387
1965
1355
1388
1966
1356
1389
1967
1357
1390
1968
1358
1391
1969
1359
1392
1970
1393
1971
1361
1394
1972
1362
1395
1973
1363
1396
1974
1364
1397
1975
1365
1398
1976
1366
1399
1977
1367
1400
1978
1368
1401
1979
1369
1402
1980
1370
1403
1981
1371
1404
1982
1372
1405
1983
1373
1406
1984
1374
1407
1985
1375
1408
1986
1376
1409
1987
1377
1410
1988
1378
1411
1989
1379
1412
1990
1380
1413
1991
1381
1414
1992
1382
1415
1993
1383
1416
1994
1384
1417
1995
1385
1418
1996
1386
1419
1997
1387
1420
1998
1388
1421
1999
1389
1422
2000
1390
1423
2001
1391
1424
2002
1392
1425
2003
1393
1426
2004
1427
2005
1395
1428
2006
1396
1429
2007
1397
1430
2008
1398
1431
2009
1399
1432
2010
1400
1433
2011
1401
1434
2012
1402
1435
2013
1403
1436
2014
1404
1437
2015
1405
1438
2016
1406
1439
2017
1407
1440
2018
1408
1441
2019
1409
1442
2020
1410
1443
2021
1411
1444
2022
1412
1445
2023
1413
1446
2024
1414
1447
2025
1415
1448
2026
1416
1449
2027
1417
1450
2028
1418
1451
2029
1419
1452
2030
1420
1453
2031
1421
1454
2032
1422
1455
2033
1423
1456
2034
1424
1457
2035
1425
1458
2036
1426
1459
2037
1427
1460
2038
1461
2039
1429
1462
2040
1430
1463
2041
1431
1464
2042
1432
1465
2043
1433
1466
2044
1434
1467
2045
1435
1468
2046
1436
1469
2047
1437
1470
2048
1438
1471
2049
1439
1472
2050
1440
1473
2051
1441
1474
2052
1442
1475
2053
1443
1476
2054
1444
1477
2055
1445
1478
2056
1446
1479
2057
1447
1480
2058
1448
1481
2059
1449
1482
2060
1450
1483
2061
1451
1484
2062
1452
1485
2063
1453
1486
2064
1454
1487
2065
1455
1488
2066
1456
1489
2067
1457
1490
2068
1458
1491
2069
1459
1492
2070
1460
1493
2071
1461
1494
2072
1495
2073
1463
1496
2074
1464
1497
2075
1465
1498
2076
1466
1499
2077
1467
1500
2078
1468
1501
2079
1469
1502
2080
1470
1503
2081
1471
1504
2082
1472
1505
2083
1473
1506
2084
1474
1507
2085
1475
1508
2086
1476
1509
2087
1477
1510
2088
1478
1511
2089
1479
1512
2090
1480
1513
2091
1481
1514
2092
1482
1515
2093
1483
1516
2094
1484
1517
2095
1485
1518
2096
1486
1519
2097
1487
1520
2098
1488
1521
2099
1489
1522
2100
1490
1523
2101
1491
1524
2102
1492
1525
2103
1493
1526
2104
1494
1527
2105
1495
1528
2106
1529
2107
1497
1530
2108
1498
1531
2109
1499
1532
2110
1500
1533
2111
1501
1534
2112
1502
1535
2113
1503
1536
2114
1504
1537
2115
1505
1538
2116
1506
1539
2117
1507
1540
2118
1508
1541
2119
1509
1542
2120
1510
1543
2121
1511
1544
2122
1512
1545
2123
1513
1546
2124
1514
1547
2125
1515
1548
2126
1516
1549
2127
1517
1550
2128
1518
1551
2129
1519
1552
2130
1520
1553
2131
1521
1554
2132
1522
1555
2133
1523
1556
2134
1524
1557
2135
1525
1558
2136
1526
1559
2137
1527
1560
2138
1528
1561
2139
1529
1562
2140
1563
2141
1531
1564
2142
1532
1565
2143
1533
1566
2144
1534
1567
2145
1535
1568
2146
1536
1569
2147
1537
1570
2148
1538
1571
2149
1539
1572
2150
1540
1573
2151
1541
1574
2152
1542
1575
2153
1543
1576
2154
1544
1577
2155
1545
1578
2156
1546
1579
2157
1547
1580
2158
1548
1581
2159
1549
1582
2160
1550
1583
2161
1551
1584
2162
1552
1585
2163
1553
1586
2164
1554
1587
2165
1555
1588
2166
1556
1589
2167
1557
1590
2168
1558
1591
2169
1559
1592
2170
1560
1593
2171
1561
1594
2172
1562
1595
2173
1563
1596
2174
1597
2175
1565
1598
2176
1566
1599
2177
1567
1600
2178
1568
1601
2179
1569
1602
2180
1570
1603
2181
1571
1604
2182
1572
1605
2183
1573
1606
2184
1574
1607
2185
1575
1608
2186
1576
1609
2187
1577
1610
2188
1578
1611
2189
1579
1612
2190
1580
1613
2191
1581
1614
2192
1582
1615
2193
1583
1616
2194
1584
1617
2195
1585
1618
2196
1586
1619
2197
1587
1620
2198
1588
1621
2199
1589
1622
2200
1590
1623
2201
1591
1624
2202
1592
1625
2203
1593
1626
2204
1594
1627
2205
1595
1628
2206
1596
1629
2207
1597
1630
2208
1631
2209
1599
1632
2210
1600
1633
2211
1601
1634
2212
1602
1635
2213
1603
1636
2214
1604
1637
2215
1605
1638
2216
1606
1639
2217
1607
1640
2218
1608
1641
2219
1609
1642
2220
1610
1643
2221
1611
1644
2222
1612
1645
2223
1613
1646
2224
1614
1647
2225
1615
1648
2226
1616
1649
2227
1617
1650
2228
1618
1651
2229
1619
1652
2230
1620
1653
2231
1621
1654
2232
1622
1655
2233
1623
1656
2234
1624
1657
2235
1625
1658
2236
1626
1659
2237
1627
1660
2238
1628
1661
2239
1629
1662
2240
1630
1663
2241
1631
1664
2242
1665
2243
1633
1666
2244
1634
1667
2245
1635
1668
2246
1636
1669
2247
1637
1670
2248
1638
1671
2249
1639
1672
2250
1640
1673
2251
1641
1674
2252
1642
1675
2253
1643
1676
2254
1644
1677
2255
1645
1678
2256
1646
1679
2257
1647
1680
2258
1648
1681
2259
1649
1682
2260
1650
1683
2261
1651
1684
2262
1652
1685
2263
1653
1686
2264
1654
1687
2265
1655
1688
2266
1656
1689
2267
1657
1690
2268
1658
1691
2269
1659
1692
2270
1660
1693
2271
1661
1694
2272
1662
1695
2273
1663
1696
2274
1664
1697
2275
1665
1698
2276
1699
2277
1667
1700
2278
1668
1701
2279
1669
1702
2280
1670
1703
2281
1671
1704
2282
1672
1705
2283
1673
1706
2284
1674
1707
2285
1675
1708
2286
1676
1709
2287
1677
1710
2288
1678
1711
2289
1679
1712
2290
1680
1713
2291
1681
1714
2292
1682
1715
2293
1683
1716
2294
1684
1717
2295
1685
1718
2296
1686
1719
2297
1687
1720
2298
1688
1721
2299
1689
1722
2300
1690
1723
2301
1691
1724
2302
1692
1725
2303
1693
1726
2304
1694
1727
2305
1695
1728
2306
1696
1729
2307
1697
1730
2308
1698
1731
2309
1699
1732
2310
1733
2311
1701
1734
2312
1702
1735
2313
1703
1736
2314
1704
1737
2315
1705
1738
2316
1706
1739
2317
1707
1740
2318
1708
1741
2319
1709
1742
2320
1710
1743
2321
1711
1744
2322
1712
1745
2323
1713
1746
2324
1714
1747
2325
1715
1748
2326
1716
1749
2327
1717
1750
2328
1718
1751
2329
1719
1752
2330
1720
1753
2331
1721
1754
2332
1722
1755
2333
1723
1756
2334
1724
1757
2335
1725
1758
2336
1726
1759
2337
1727
1760
2338
1728
1761
2339
1729
1762
2340
1730
1763
2341
1731
1764
2342
1732
1765
2343
1733
1766
2344
1767
2345
1735
1768
2346
1736
1769
2347
1737
1770
2348
1738
1771
2349
1739
1772
2350
1740
1773
2351
1741
1774
2352
1742
1775
2353
1743
1776
2354
1744
1777
2355
1745
1778
2356
1746
1779
2357
1747
1780
2358
1748
1781
2359
1749
1782
2360
1750
1783
2361
1751
1784
2362
1752
1785
2363
1753
1786
2364
1754
1787
2365
1755
1788
2366
1756
1789
2367
1757
1790
2368
1758
1791
2369
1759
1792
2370
1760
1793
2371
1761
1794
2372
1762
1795
2373
1763
1796
2374
1764
1797
2375
1765
1798
2376
1766
1799
2377
1767
1800
2378
1801
2379
1769
1802
2380
1770
1803
2381
1771
1804
2382
1772
1805
2383
1773
1806
2384
1774
1807
2385
1775
1808
2386
1776
1809
2387
1777
1810
2388
1778
1811
2389
1779
1812
2390
1780
1813
2391
1781
1814
2392
1782
1815
2393
1783
1816
2394
1784
1817
2395
1785
1818
2396
1786
1819
2397
1787
1820
2398
1788
1821
2399
1789
1822
2400
1790
1823
2401
1791
1824
2402
1792
1825
2403
1793
1826
2404
1794
1827
2405
1795
1828
2406
1796
1829
2407
1797
1830
2408
1798
1831
2409
1799
1832
2410
1800
1833
2411
1801
1834
2412
1835
2413
1803
2414
1804
2415
1805
2416
1806
2417
1807
2418
1808
2419
1809
2420
1810
2421
1811
2422
1812
2423
1813
2424
1814
2425
1815
2426
1816
2427
1817
2428
1818
2429
1819
2430
1820
2431
1821
2432
1822
2433
1823
2434
1824
2435
1825
2436
1826
2437
1827
2438
1828
2439
1829
2440
1830
2441
1831
2442
1832
2443
1833
2444
1834
2445
1835
2446
2447
1837
1870
2448
1838
1871
2449
1839
1872
2450
1840
1873
2451
1841
1874
2452
1842
1875
2453
1843
1876
2454
1844
1877
2455
1845
1878
2456
1846
1879
2457
1847
1880
2458
1848
1881
2459
1849
1882
2460
1850
1883
2461
1851
1884
2462
1852
1885
2463
1853
1886
2464
1854
1887
2465
1855
1888
2466
1856
1889
2467
1857
1890
2468
1858
1891
2469
1859
1892
2470
1860
1893
2471
1861
1894
2472
1862
1895
2473
1863
1896
2474
1864
1897
2475
1865
1898
2476
1866
1899
2477
1867
1900
2478
1868
1901
2479
1869
1902
2480
1903
2481
1871
1904
2482
1872
1905
2483
1873
1906
2484
1874
1907
2485
1875
1908
2486
1876
1909
2487
1877
1910
2488
1878
1911
2489
1879
1912
2490
1880
1913
2491
1881
1914
2492
1882
1915
2493
1883
1916
2494
1884
1917
2495
1885
1918
2496
1886
1919
2497
1887
1920
2498
1888
1921
2499
1889
1922
2500
1890
1923
2501
1891
1924
2502
1892
1925
2503
1893
1926
2504
1894
1927
2505
1895
1928
2506
1896
1929
2507
1897
1930
2508
1898
1931
2509
1899
1932
2510
1900
1933
2511
1901
1934
2512
1902
1935
2513
1903
1936
2514
1937
2515
1905
1938
2516
1906
1939
2517
1907
1940
2518
1908
1941
2519
1909
1942
2520
1910
1943
2521
1911
1944
2522
1912
1945
2523
1913
1946
2524
1914
1947
2525
1915
1948
2526
1916
1949
2527
1917
1950
2528
1918
1951
2529
1919
1952
2530
1920
1953
2531
1921
1954
2532
1922
1955
2533
1923
1956
2534
1924
1957
2535
1925
1958
2536
1926
1959
2537
1927
1960
2538
1928
1961
2539
1929
1962
2540
1930
1963
2541
1931
1964
2542
1932
1965
2543
1933
1966
2544
1934
1967
2545
1935
1968
2546
1936
1969
2547
1937
1970
2548
1971
2549
1939
1972
2550
1940
1973
2551
1941
1974
2552
1942
1975
2553
1943
1976
2554
1944
1977
2555
1945
1978
2556
1946
1979
2557
1947
1980
2558
1948
1981
2559
1949
1982
2560
1950
1983
2561
1951
1984
2562
1952
1985
2563
1953
1986
2564
1954
1987
2565
1955
1988
2566
1956
1989
2567
1957
1990
2568
1958
1991
2569
1959
1992
2570
1960
1993
2571
1961
1994
2572
1962
1995
2573
1963
1996
2574
1964
1997
2575
1965
1998
2576
1966
1999
2577
1967
2000
2578
1968
2001
2579
1969
2002
2580
1970
2003
2581
1971
2004
2582
2005
2583
1973
2006
2584
1974
2007
2585
1975
2008
2586
1976
2009
2587
1977
2010
2588
1978
2011
2589
1979
2012
2590
1980
2013
2591
1981
2014
2592
1982
2015
2593
1983
2016
2594
1984
2017
2595
1985
2018
2596
1986
2019
2597
1987
2020
2598
1988
2021
2599
1989
2022
2600
1990
2023
2601
1991
2024
2602
1992
2025
2603
1993
2026
2604
1994
2027
2605
1995
2028
2606
1996
2029
2607
1997
2030
2608
1998
2031
2609
1999
2032
2610
2000
2033
2611
2001
2034
2612
2002
2035
2613
2003
2036
2614
2004
2037
2615
2005
2038
2616
2039
2617
2007
2040
2618
2008
2041
2619
2009
2042
2620
2010
2043
2621
2011
2044
2622
2012
2045
2623
2013
2046
2624
2014
2047
2625
2015
2048
2626
2016
2049
2627
2017
2050
2628
2018
2051
2629
2019
2052
2630
2020
2053
2631
2021
2054
2632
2022
2055
2633
2023
2056
2634
2024
2057
2635
2025
2058
2636
2026
2059
2637
2027
2060
2638
2028
2061
2639
2029
2062
2640
2030
2063
2641
2031
2064
2642
2032
2065
2643
2033
2066
2644
2034
2067
2645
2035
2068
2646
2036
2069
2647
2037
2070
2648
2038
2071
2649
2039
2072
2650
2073
2651
2041
2074
2652
2042
2075
2653
2043
2076
2654
2044
2077
2655
2045
2078
2656
2046
2079
2657
2047
2080
2658
2048
2081
2659
2049
2082
2660
2050
2083
2661
2051
2084
2662
2052
2085
2663
2053
2086
2664
2054
2087
2665
2055
2088
2666
2056
2089
2667
2057
2090
2668
2058
2091
2669
2059
2092
2670
2060
2093
2671
2061
2094
2672
2062
2095
2673
2063
2096
2674
2064
2097
2675
2065
2098
2676
2066
2099
2677
2067
2100
2678
2068
2101
2679
2069
2102
2680
2070
2103
2681
2071
2104
2682
2072
2105
2683
2073
2106
2684
2107
2685
2075
2108
2686
2076
2109
2687
2077
2110
2688
2078
2111
2689
2079
2112
2690
2080
2113
2691
2081
2114
2692
2082
2115
2693
2083
2116
2694
2084
2117
2695
2085
2118
2696
2086
2119
2697
2087
2120
2698
2088
2121
2699
2089
2122
2700
2090
2123
2701
2091
2124
2702
2092
2125
2703
2093
2126
2704
2094
2127
2705
2095
2128
2706
2096
2129
2707
2097
2130
2708
2098
2131
2709
2099
2132
2710
2100
2133
2711
2101
2134
2712
2102
2135
2713
2103
2136
2714
2104
2137
2715
2105
2138
2716
2106
2139
2717
2107
2140
2718
2141
2719
2109
2142
2720
2110
2143
2721
2111
2144
2722
2112
2145
2723
2113
2146
2724
2114
2147
2725
2115
2148
2726
2116
2149
2727
2117
2150
2728
2118
2151
2729
2119
2152
2730
2120
2153
2731
2121
2154
2732
2122
2155
2733
2123
2156
2734
2124
2157
2735
2125
2158
2736
2126
2159
2737
2127
2160
2738
2128
2161
2739
2129
2162
2740
2130
2163
2741
2131
2164
2742
2132
2165
2743
2133
2166
2744
2134
2167
2745
2135
2168
2746
2136
2169
2747
2137
2170
2748
2138
2171
2749
2139
2172
2750
2140
2173
2751
2141
2174
2752
2175
2753
2143
2176
2754
2144
2177
2755
2145
2178
2756
2146
2179
2757
2147
2180
2758
2148
2181
2759
2149
2182
2760
2150
2183
2761
2151
2184
2762
2152
2185
2763
2153
2186
2764
2154
2187
2765
2155
2188
2766
2156
2189
2767
2157
2190
2768
2158
2191
2769
2159
2192
2770
2160
2193
2771
2161
2194
2772
2162
2195
2773
2163
2196
2774
2164
2197
2775
2165
2198
2776
2166
2199
2777
2167
2200
2778
2168
2201
2779
2169
2202
2780
2170
2203
2781
2171
2204
2782
2172
2205
2783
2173
2206
2784
2174
2207
2785
2175
2208
2786
2209
2787
2177
2210
2788
2178
2211
2789
2179
2212
2790
2180
2213
2791
2181
2214
2792
2182
2215
2793
2183
2216
2794
2184
2217
2795
2185
2218
2796
2186
2219
2797
2187
2220
2798
2188
2221
2799
2189
2222
2800
2190
2223
2801
2191
2224
2802
2192
2225
2803
2193
2226
2804
2194
2227
2805
2195
2228
2806
2196
2229
2807
2197
2230
2808
2198
2231
2809
2199
2232
2810
2200
2233
2811
2201
2234
2812
2202
2235
2813
2203
2236
2814
2204
2237
2815
2205
2238
2816
2206
2239
2817
2207
2240
2818
2208
2241
2819
2209
2242
2820
2243
2821
2211
2244
2822
2212
2245
2823
2213
2246
2824
2214
2247
2825
2215
2248
2826
2216
2249
2827
2217
2250
2828
2218
2251
2829
2219
2252
2830
2220
2253
2831
2221
2254
2832
2222
2255
2833
2223
2256
2834
2224
2257
2835
2225
2258
2836
2226
2259
2837
2227
2260
2838
2228
2261
2839
2229
2262
2840
2230
2263
2841
2231
2264
2842
2232
2265
2843
2233
2266
2844
2234
2267
2845
2235
2268
2846
2236
2269
2847
2237
2270
2848
2238
2271
2849
2239
2272
2850
2240
2273
2851
2241
2274
2852
2242
2275
2853
2243
2276
2854
2277
2855
2245
2278
2856
2246
2279
2857
2247
2280
2858
2248
2281
2859
2249
2282
2860
2250
2283
2861
2251
2284
2862
2252
2285
2863
2253
2286
2864
2254
2287
2865
2255
2288
2866
2256
2289
2867
2257
2290
2868
2258
2291
2869
2259
2292
2870
2260
2293
2871
2261
2294
2872
2262
2295
2873
2263
2296
2874
2264
2297
2875
2265
2298
2876
2266
2299
2877
2267
2300
2878
2268
2301
2879
2269
2302
2880
2270
2303
2881
2271
2304
2882
2272
2305
2883
2273
2306
2884
2274
2307
2885
2275
2308
2886
2276
2309
2887
2277
2310
2888
2311
2889
2279
2312
2890
2280
2313
2891
2281
2314
2892
2282
2315
2893
2283
2316
2894
2284
2317
2895
2285
2318
2896
2286
2319
2897
2287
2320
2898
2288
2321
2899
2289
2322
2900
2290
2323
2901
2291
2324
2902
2292
2325
2903
2293
2326
2904
2294
2327
2905
2295
2328
2906
2296
2329
2907
2297
2330
2908
2298
2331
2909
2299
2332
2910
2300
2333
2911
2301
2334
2912
2302
2335
2913
2303
2336
2914
2304
2337
2915
2305
2338
2916
2306
2339
2917
2307
2340
2918
2308
2341
2919
2309
2342
2920
2310
2343
2921
2311
2344
2922
2345
2923
2313
2346
2924
2314
2347
2925
2315
2348
2926
2316
2349
2927
2317
2350
2928
2318
2351
2929
2319
2352
2930
2320
2353
2931
2321
2354
2932
2322
2355
2933
2323
2356
2934
2324
2357
2935
2325
2358
2936
2326
2359
2937
2327
2360
2938
2328
2361
2939
2329
2362
2940
2330
2363
2941
2331
2364
2942
2332
2365
2943
2333
2366
2944
2334
2367
2945
2335
2368
2946
2336
2369
2947
2337
2370
2948
2338
2371
2949
2339
2372
2950
2340
2373
2951
2341
2374
2952
2342
2375
2953
2343
2376
2954
2344
2377
2955
2345
2378
2956
2379
2957
2347
2380
2958
2348
2381
2959
2349
2382
2960
2350
2383
2961
2351
2384
2962
2352
2385
2963
2353
2386
2964
2354
2387
2965
2355
2388
2966
2356
2389
2967
2357
2390
2968
2358
2391
2969
2359
2392
2970
2360
2393
2971
2361
2394
2972
2362
2395
2973
2363
2396
2974
2364
2397
2975
2365
2398
2976
2366
2399
2977
2367
2400
2978
2368
2401
2979
2369
2402
2980
2370
2403
2981
2371
2404
2982
2372
2405
2983
2373
2406
2984
2374
2407
2985
2375
2408
2986
2376
2409
2987
2377
2410
2988
2378
2411
2989
2379
2412
2990
2413
2991
2381
2414
2992
2382
2415
2993
2383
2416
2994
2384
2417
2995
2385
2418
2996
2386
2419
2997
2387
2420
2998
2388
2421
2999
2389
2422
3000
2390
2423
3001
2391
2424
3002
2392
2425
3003
2393
2426
3004
2394
2427
3005
2395
2428
3006
2396
2429
3007
2397
2430
3008
2398
2431
3009
2399
2432
3010
2400
2433
3011
2401
2434
3012
2402
2435
3013
2403
2436
3014
2404
2437
3015
2405
2438
3016
2406
2439
3017
2407
2440
3018
2408
2441
3019
2409
2442
3020
2410
2443
3021
2411
2444
3022
2412
2445
3023
2413
2446
3024
2447
3025
2415
3026
2416
3027
2417
3028
2418
3029
2419
3030
2420
3031
2421
3032
2422
3033
2423
3034
2424
3035
2425
3036
2426
3037
2427
3038
2428
3039
2429
3040
2430
3041
2431
3042
2432
3043
2433
3044
2434
3045
2435
3046
2436
3047
2437
3048
2438
3049
2439
3050
2440
3051
2441
3052
2442
3053
2443
3054
2444
3055
2445
3056
2446
3057
2447
3058
3059
2449
2482
3060
2450
2483
3061
2451
2484
3062
2452
2485
3063
2453
2486
3064
2454
2487
3065
2455
2488
3066
2456
2489
3067
2457
2490
3068
2458
2491
3069
2459
2492
3070
2460
2493
3071
2461
2494
3072
2462
2495
3073
2463
2496
3074
2464
2497
3075
2465
2498
3076
2466
2499
3077
2467
2500
3078
2468
2501
3079
2469
2502
3080
2470
2503
3081
2471
2504
3082
2472
2505
3083
2473
2506
3084
2474
2507
3085
2475
2508
3086
2476
2509
3087
2477
2510
3088
2478
2511
3089
2479
2512
3090
2480
2513
3091
2481
2514
3092
2515
3093
2483
2516
3094
2484
2517
3095
2485
2518
3096
2486
2519
3097
2487
2520
3098
2488
2521
3099
2489
2522
3100
2490
2523
3101
2491
2524
3102
2492
2525
3103
2493
2526
3104
2494
2527
3105
2495
2528
3106
2496
2529
3107
2497
2530
3108
2498
2531
3109
2499
2532
3110
2500
2533
3111
2501
2534
3112
2502
2535
3113
2503
2536
3114
2504
2537
3115
2505
2538
3116
2506
2539
3117
2507
2540
3118
2508
2541
3119
2509
2542
3120
2510
2543
3121
2511
2544
3122
2512
2545
3123
2513
2546
3124
2514
2547
3125
2515
2548
3126
2549
3127
2517
2550
3128
2518
2551
3129
2519
2552
3130
2520
2553
3131
2521
2554
3132
2522
2555
3133
2523
2556
3134
2524
2557
3135
2525
2558
3136
2526
2559
3137
2527
2560
3138
2528
2561
3139
2529
2562
3140
2530
2563
3141
2531
2564
3142
2532
2565
3143
2533
2566
3144
2534
2567
3145
2535
2568
3146
2536
2569
3147
2537
2570
3148
2538
2571
3149
2539
2572
3150
2540
2573
3151
2541
2574
3152
2542
2575
3153
2543
2576
3154
2544
2577
3155
2545
2578
3156
2546
2579
3157
2547
2580
3158
2548
2581
3159
2549
2582
3160
2583
3161
2551
2584
3162
2552
2585
3163
2553
2586
3164
2554
2587
3165
2555
2588
3166
2556
2589
3167
2557
2590
3168
2558
2591
3169
2559
2592
3170
2560
2593
3171
2561
2594
3172
2562
2595
3173
2563
2596
3174
2564
2597
3175
2565
2598
3176
2566
2599
3177
2567
2600
3178
2568
2601
3179
2569
2602
3180
2570
2603
3181
2571
2604
3182
2572
2605
3183
2573
2606
3184
2574
2607
3185
2575
2608
3186
2576
2609
3187
2577
2610
3188
2578
2611
3189
2579
2612
3190
2580
2613
3191
2581
2614
3192
2582
2615
3193
2583
2616
3194
2617
3195
2585
2618
3196
2586
2619
3197
2587
2620
3198
2588
2621
3199
2589
2622
3200
2590
2623
3201
2591
2624
3202
2592
2625
3203
2593
2626
3204
2594
2627
3205
2595
2628
3206
2596
2629
3207
2597
2630
3208
2598
2631
3209
2599
2632
3210
2600
2633
3211
2601
2634
3212
2602
2635
3213
2603
2636
3214
2604
2637
3215
2605
2638
3216
2606
2639
3217
2607
2640
3218
2608
2641
3219
2609
2642
3220
2610
2643
3221
2611
2644
3222
2612
2645
3223
2613
2646
3224
2614
2647
3225
2615
2648
3226
2616
2649
3227
2617
2650
3228
2651
3229
2619
2652
3230
2620
2653
3231
2621
2654
3232
2622
2655
3233
2623
2656
3234
2624
2657
3235
2625
2658
3236
2626
2659
3237
2627
2660
3238
2628
2661
3239
2629
2662
3240
2630
2663
3241
2631
2664
3242
2632
2665
3243
2633
2666
3244
2634
2667
3245
2635
2668
3246
2636
2669
3247
2637
2670
3248
2638
2671
3249
2639
2672
3250
2640
2673
3251
2641
2674
3252
2642
2675
3253
2643
2676
3254
2644
2677
3255
2645
2678
3256
2646
2679
3257
2647
2680
3258
2648
2681
3259
2649
2682
3260
2650
2683
3261
2651
2684
3262
2685
3263
2653
2686
3264
2654
2687
3265
2655
2688
3266
2656
2689
3267
2657
2690
3268
2658
2691
3269
2659
2692
3270
2660
2693
3271
2661
2694
3272
2662
2695
3273
2663
2696
3274
2664
2697
3275
2665
2698
3276
2666
2699
3277
2667
2700
3278
2668
2701
3279
2669
2702
3280
2670
2703
3281
2671
2704
3282
2672
2705
3283
2673
2706
3284
2674
2707
3285
2675
2708
3286
2676
2709
3287
2677
2710
3288
2678
2711
3289
2679
2712
3290
2680
2713
3291
2681
2714
3292
2682
2715
3293
2683
2716
3294
2684
2717
3295
2685
2718
3296
2719
3297
2687
2720
3298
2688
2721
3299
2689
2722
3300
2690
2723
3301
2691
2724
3302
2692
2725
3303
2693
2726
3304
2694
2727
3305
2695
2728
3306
2696
2729
3307
2697
2730
3308
2698
2731
3309
2699
2732
3310
2700
2733
3311
2701
2734
3312
2702
2735
3313
2703
2736
3314
2704
2737
3315
2705
2738
3316
2706
2739
3317
2707
2740
3318
2708
2741
3319
2709
2742
3320
2710
2743
3321
2711
2744
3322
2712
2745
3323
2713
2746
3324
2714
2747
3325
2715
2748
3326
2716
2749
3327
2717
2750
3328
2718
2751
3329
2719
2752
3330
2753
3331
2721
2754
3332
2722
2755
3333
2723
2756
3334
2724
2757
3335
2725
2758
3336
2726
2759
3337
2727
2760
3338
2728
2761
3339
2729
2762
3340
2730
2763
3341
2731
2764
3342
2732
2765
3343
2733
2766
3344
2734
2767
3345
2735
2768
3346
2736
2769
3347
2737
2770
3348
2738
2771
3349
2739
2772
3350
2740
2773
3351
2741
2774
3352
2742
2775
3353
2743
2776
3354
2744
2777
3355
2745
2778
3356
2746
2779
3357
2747
2780
3358
2748
2781
3359
2749
2782
3360
2750
2783
3361
2751
2784
3362
2752
2785
3363
2753
2786
3364
2787
3365
2755
2788
3366
2756
2789
3367
2757
2790
3368
2758
2791
3369
2759
2792
3370
2760
2793
3371
2761
2794
3372
2762
2795
3373
2763
2796
3374
2764
2797
3375
2765
2798
3376
2766
2799
3377
2767
2800
3378
2768
2801
3379
2769
2802
3380
2770
2803
3381
2771
2804
3382
2772
2805
3383
2773
2806
3384
2774
2807
3385
2775
2808
3386
2776
2809
3387
2777
2810
3388
2778
2811
3389
2779
2812
3390
2780
2813
3391
2781
2814
3392
2782
2815
3393
2783
2816
3394
2784
2817
3395
2785
2818
3396
2786
2819
3397
2787
2820
3398
2821
3399
2789
2822
3400
2790
2823
3401
2791
2824
3402
2792
2825
3403
2793
2826
3404
2794
2827
3405
2795
2828
3406
2796
2829
3407
2797
2830
3408
2798
2831
3409
2799
2832
3410
2800
2833
3411
2801
2834
3412
2802
2835
3413
2803
2836
3414
2804
2837
3415
2805
2838
3416
2806
2839
3417
2807
2840
3418
2808
2841
3419
2809
2842
3420
2810
2843
3421
2811
2844
3422
2812
2845
3423
2813
2846
3424
2814
2847
3425
2815
2848
3426
2816
2849
3427
2817
2850
3428
2818
2851
3429
2819
2852
3430
2820
2853
3431
2821
2854
3432
2855
3433
2823
2856
3434
2824
2857
3435
2825
2858
3436
2826
2859
3437
2827
2860
3438
2828
2861
3439
2829
2862
3440
2830
2863
3441
2831
2864
3442
2832
2865
3443
2833
2866
3444
2834
2867
3445
2835
2868
3446
2836
2869
3447
2837
2870
3448
2838
2871
3449
2839
2872
3450
2840
2873
3451
2841
2874
3452
2842
2875
3453
2843
2876
3454
2844
2877
3455
2845
2878
3456
2846
2879
3457
2847
2880
3458
2848
2881
3459
2849
2882
3460
2850
2883
3461
2851
2884
3462
2852
2885
3463
2853
2886
3464
2854
2887
3465
2855
2888
3466
2889
3467
2857
2890
3468
2858
2891
3469
2859
2892
3470
2860
2893
3471
2861
2894
3472
2862
2895
3473
2863
2896
3474
2864
2897
3475
2865
2898
3476
2866
2899
3477
2867
2900
3478
2868
2901
3479
2869
2902
3480
2870
2903
3481
2871
2904
3482
2872
2905
3483
2873
2906
3484
2874
2907
3485
2875
2908
3486
2876
2909
3487
2877
2910
3488
2878
2911
3489
2879
2912
3490
2880
2913
3491
2881
2914
3492
2882
2915
3493
2883
2916
3494
2884
2917
3495
2885
2918
3496
2886
2919
3497
2887
2920
3498
2888
2921
3499
2889
2922
3500
2923
3501
2891
2924
3502
2892
2925
3503
2893
2926
3504
2894
2927
3505
2895
2928
3506
2896
2929
3507
2897
2930
3508
2898
2931
3509
2899
2932
3510
2900
2933
3511
2901
2934
3512
2902
2935
3513
2903
2936
3514
2904
2937
3515
2905
2938
3516
2906
2939
3517
2907
2940
3518
2908
2941
3519
2909
2942
3520
2910
2943
3521
2911
2944
3522
2912
2945
3523
2913
2946
3524
2914
2947
3525
2915
2948
3526
2916
2949
3527
2917
2950
3528
2918
2951
3529
2919
2952
3530
2920
2953
3531
2921
2954
3532
2922
2955
3533
2923
2956
3534
2957
3535
2925
2958
3536
2926
2959
3537
2927
2960
3538
2928
2961
3539
2929
2962
3540
2930
2963
3541
2931
2964
3542
2932
2965
3543
2933
2966
3544
2934
2967
3545
2935
2968
3546
2936
2969
3547
2937
2970
3548
2938
2971
3549
2939
2972
3550
2940
2973
3551
2941
2974
3552
2942
2975
3553
2943
2976
3554
2944
2977
3555
2945
2978
3556
2946
2979
3557
2947
2980
3558
2948
2981
3559
2949
2982
3560
2950
2983
3561
2951
2984
3562
2952
2985
3563
2953
2986
3564
2954
2987
3565
2955
2988
3566
2956
2989
3567
2957
2990
3568
2991
3569
2959
2992
3570
2960
2993
3571
2961
2994
3572
2962
2995
3573
2963
2996
3574
2964
2997
3575
2965
2998
3576
2966
2999
3577
2967
3000
3578
2968
3001
3579
2969
3002
3580
2970
3003
3581
2971
3004
3582
2972
3005
3583
2973
3006
3584
2974
3007
3585
2975
3008
3586
2976
3009
3587
2977
3010
3588
2978
3011
3589
2979
3012
3590
2980
3013
3591
2981
3014
3592
2982
3015
3593
2983
3016
3594
2984
3017
3595
2985
3018
3596
2986
3019
3597
2987
3020
3598
2988
3021
3599
2989
3022
3600
2990
3023
3601
2991
3024
3602
3025
3603
2993
3026
3604
2994
3027
3605
2995
3028
3606
2996
3029
3607
2997
3030
3608
2998
3031
3609
2999
3032
3610
3000
3033
3611
3001
3034
3612
3002
3035
3613
3003
3036
3614
3004
3037
3615
3005
3038
3616
3006
3039
3617
3007
3040
3618
3008
3041
3619
3009
3042
3620
3010
3043
3621
3011
3044
3622
3012
3045
3623
3013
3046
3624
3014
3047
3625
3015
3048
3626
3016
3049
3627
3017
3050
3628
3018
3051
3629
3019
3052
3630
3020
3053
3631
3021
3054
3632
3022
3055
3633
3023
3056
3634
3024
3057
3635
3025
3058
3636
3059
3637
3027
3638
3028
3639
3029
3640
3030
3641
3031
3642
3032
3643
3033
3644
3034
3645
3035
3646
3036
3647
3037
3648
3038
3649
3039
3650
3040
3651
3041
3652
3042
3653
3043
3654
3044
3655
3045
3656
3046
3657
3047
3658
3048
3659
3049
3660
3050
3661
3051
3662
3052
3663
3053
3664
3054
3665
3055
3666
3056
3667
3057
3668
3058
3669
3059
3670
3671
3061
3094
3672
3062
3095
3673
3063
3096
3674
3064
3097
3675
3065
3098
3676
3066
3099
3677
3067
3100
3678
3068
3101
3679
3069
3102
3680
3070
3103
3681
3071
3104
3682
3072
3105
3683
3073
3106
3684
3074
3107
3685
3075
3108
3686
3076
3109
3687
3077
3110
3688
3078
3111
3689
3079
3112
3690
3080
3113
3691
3081
3114
3692
3082
3115
3693
3083
3116
3694
3084
3117
3695
3085
3118
3696
3086
3119
3697
3087
3120
3698
3088
3121
3699
3089
3122
3700
3090
3123
3701
3091
3124
3702
3092
3125
3703
3093
3126
3704
3127
3705
3095
3128
3706
3096
3129
3707
3097
3130
3708
3098
3131
3709
3099
3132
3710
3100
3133
3711
3101
3134
3712
3102
3135
3713
3103
3136
3714
3104
3137
3715
3105
3138
3716
3106
3139
3717
3107
3140
3718
3108
3141
3719
3109
3142
3720
3110
3143
3721
3111
3144
3722
3112
3145
3723
3113
3146
3724
3114
3147
3725
3115
3148
3726
3116
3149
3727
3117
3150
3728
3118
3151
3729
3119
3152
3730
3120
3153
3731
3121
3154
3732
3122
3155
3733
3123
3156
3734
3124
3157
3735
3125
3158
3736
3126
3159
3737
3127
3160
3738
3161
3739
3129
3162
3740
3130
3163
3741
3131
3164
3742
3132
3165
3743
3133
3166
3744
3134
3167
3745
3135
3168
3746
3136
3169
3747
3137
3170
3748
3138
3171
3749
3139
3172
3750
3140
3173
3751
3141
3174
3752
3142
3175
3753
3143
3176
3754
3144
3177
3755
3145
3178
3756
3146
3179
3757
3147
3180
3758
3148
3181
3759
3149
3182
3760
3150
3183
3761
3151
3184
3762
3152
3185
3763
3153
3186
3764
3154
3187
3765
3155
3188
3766
3156
3189
3767
3157
3190
3768
3158
3191
3769
3159
3192
3770
3160
3193
3771
3161
3194
3772
3195
3773
3163
3196
3774
3164
3197
3775
3165
3198
3776
3166
3199
3777
3167
3200
3778
3168
3201
3779
3169
3202
3780
3170
3203
3781
3171
3204
3782
3172
3205
3783
3173
3206
3784
3174
3207
3785
3175
3208
3786
3176
3209
3787
3177
3210
3788
3178
3211
3789
3179
3212
3790
3180
3213
3791
3181
3214
3792
3182
3215
3793
3183
3216
3794
3184
3217
3795
3185
3218
3796
3186
3219
3797
3187
3220
3798
3188
3221
3799
3189
3222
3800
3190
3223
3801
3191
3224
3802
3192
3225
3803
3193
3226
3804
3194
3227
3805
3195
3228
3806
3229
3807
3197
3230
3808
3198
3231
3809
3199
3232
3810
3200
3233
3811
3201
3234
3812
3202
3235
3813
3203
3236
3814
3204
3237
3815
3205
3238
3816
3206
3239
3817
3207
3240
3818
3208
3241
3819
3209
3242
3820
3210
3243
3821
3211
3244
3822
3212
3245
3823
3213
3246
3824
3214
3247
3825
3215
3248
3826
3216
3249
3827
3217
3250
3828
3218
3251
3829
3219
3252
3830
3220
3253
3831
3221
3254
3832
3222
3255
3833
3223
3256
3834
3224
3257
3835
3225
3258
3836
3226
3259
3837
3227
3260
3838
3228
3261
3839
3229
3262
3840
3263
3841
3231
3264
3842
3232
3265
3843
3233
3266
3844
3234
3267
3845
3235
3268
3846
3236
3269
3847
3237
3270
3848
3238
3271
3849
3239
3272
3850
3240
3273
3851
3241
3274
3852
3242
3275
3853
3243
3276
3854
3244
3277
3855
3245
3278
3856
3246
3279
3857
3247
3280
3858
3248
3281
3859
3249
3282
3860
3250
3283
3861
3251
3284
3862
3252
3285
3863
3253
3286
3864
3254
3287
3865
3255
3288
3866
3256
3289
3867
3257
3290
3868
3258
3291
3869
3259
3292
3870
3260
3293
3871
3261
3294
3872
3262
3295
3873
3263
3296
3874
3297
3875
3265
3298
3876
3266
3299
3877
3267
3300
3878
3268
3301
3879
3269
3302
3880
3270
3303
3881
3271
3304
3882
3272
3305
3883
3273
3306
3884
3274
3307
3885
3275
3308
3886
3276
3309
3887
3277
3310
3888
3278
3311
3889
3279
3312
3890
3280
3313
3891
3281
3314
3892
3282
3315
3893
3283
3316
3894
3284
3317
3895
3285
3318
3896
3286
3319
3897
3287
3320
3898
3288
3321
3899
3289
3322
3900
3290
3323
3901
3291
3324
3902
3292
3325
3903
3293
3326
3904
3294
3327
3905
3295
3328
3906
3296
3329
3907
3297
3330
3908
3331
3909
3299
3332
3910
3300
3333
3911
3301
3334
3912
3302
3335
3913
3303
3336
3914
3304
3337
3915
3305
3338
3916
3306
3339
3917
3307
3340
3918
3308
3341
3919
3309
3342
3920
3310
3343
3921
3311
3344
3922
3312
3345
3923
3313
3346
3924
3314
3347
3925
3315
3348
3926
3316
3349
3927
3317
3350
3928
3318
3351
3929
3319
3352
3930
3320
3353
3931
3321
3354
3932
3322
3355
3933
3323
3356
3934
3324
3357
3935
3325
3358
3936
3326
3359
3937
3327
3360
3938
3328
3361
3939
3329
3362
3940
3330
3363
3941
3331
3364
3942
3365
3943
3333
3366
3944
3334
3367
3945
3335
3368
3946
3336
3369
3947
3337
3370
3948
3338
3371
3949
3339
3372
3950
3340
3373
3951
3341
3374
3952
3342
3375
3953
3343
3376
3954
3344
3377
3955
3345
3378
3956
3346
3379
3957
3347
3380
3958
3348
3381
3959
3349
3382
3960
3350
3383
3961
3351
3384
3962
3352
3385
3963
3353
3386
3964
3354
3387
3965
3355
3388
3966
3356
3389
3967
3357
3390
3968
3358
3391
3969
3359
3392
3970
3360
3393
3971
3361
3394
3972
3362
3395
3973
3363
3396
3974
3364
3397
3975
3365
3398
3976
3399
3977
3367
3400
3978
3368
3401
3979
3369
3402
3980
3370
3403
3981
3371
3404
3982
3372
3405
3983
3373
3406
3984
3374
3407
3985
3375
3408
3986
3376
3409
3987
3377
3410
3988
3378
3411
3989
3379
3412
3990
3380
3413
3991
3381
3414
3992
3382
3415
3993
3383
3416
3994
3384
3417
3995
3385
3418
3996
3386
3419
3997
3387
3420
3998
3388
3421
3999
3389
3422
4000
3390
3423
4001
3391
3424
4002
3392
3425
4003
3393
3426
4004
3394
3427
4005
3395
3428
4006
3396
3429
4007
3397
3430
4008
3398
3431
4009
3399
3432
4010
3433
4011
3401
3434
4012
3402
3435
4013
3403
3436
4014
3404
3437
4015
3405
3438
4016
3406
3439
4017
3407
3440
4018
3408
3441
4019
3409
3442
4020
3410
3443
4021
3411
3444
4022
3412
3445
4023
3413
3446
4024
3414
3447
4025
3415
3448
4026
3416
3449
4027
3417
3450
4028
3418
3451
4029
3419
3452
4030
3420
3453
4031
3421
3454
4032
3422
3455
4033
3423
3456
4034
3424
3457
4035
3425
3458
4036
3426
3459
4037
3427
3460
4038
3428
3461
4039
3429
3462
4040
3430
3463
4041
3431
3464
4042
3432
3465
4043
3433
3466
4044
3467
4045
3435
3468
4046
3436
3469
4047
3437
3470
4048
3438
3471
4049
3439
3472
4050
3440
3473
4051
3441
3474
4052
3442
3475
4053
3443
3476
4054
3444
3477
4055
3445
3478
4056
3446
3479
4057
3447
3480
4058
3448
3481
4059
3449
3482
4060
3450
3483
4061
3451
3484
4062
3452
3485
4063
3453
3486
4064
3454
3487
4065
3455
3488
4066
3456
3489
4067
3457
3490
4068
3458
3491
4069
3459
3492
4070
3460
3493
4071
3461
3494
4072
3462
3495
4073
3463
3496
4074
3464
3497
4075
3465
3498
4076
3466
3499
4077
3467
3500
4078
3501
4079
3469
3502
4080
3470
3503
4081
3471
3504
4082
3472
3505
4083
3473
3506
4084
3474
3507
4085
3475
3508
4086
3476
3509
4087
3477
3510
4088
3478
3511
4089
3479
3512
4090
3480
3513
4091
3481
3514
4092
3482
3515
4093
3483
3516
4094
3484
3517
4095
3485
3518
4096
3486
3519
4097
3487
3520
4098
3488
3521
4099
3489
3522
4100
3490
3523
4101
3491
3524
4102
3492
3525
4103
3493
3526
4104
3494
3527
4105
3495
3528
4106
3496
3529
4107
3497
3530
4108
3498
3531
4109
3499
3532
4110
3500
3533
4111
3501
3534
4112
3535
4113
3503
3536
4114
3504
3537
4115
3505
3538
4116
3506
3539
4117
3507
3540
4118
3508
3541
4119
3509
3542
4120
3510
3543
4121
3511
3544
4122
3512
3545
4123
3513
3546
4124
3514
3547
4125
3515
3548
4126
3516
3549
4127
3517
3550
4128
3518
3551
4129
3519
3552
4130
3520
3553
4131
3521
3554
4132
3522
3555
4133
3523
3556
4134
3524
3557
4135
3525
3558
4136
3526
3559
4137
3527
3560
4138
3528
3561
4139
3529
3562
4140
3530
3563
4141
3531
3564
4142
3532
3565
4143
3533
3566
4144
3534
3567
4145
3535
3568
4146
3569
4147
3537
3570
4148
3538
3571
4149
3539
3572
4150
3540
3573
4151
3541
3574
4152
3542
3575
4153
3543
3576
4154
3544
3577
4155
3545
3578
4156
3546
3579
4157
3547
3580
4158
3548
3581
4159
3549
3582
4160
3550
3583
4161
3551
3584
4162
3552
3585
4163
3553
3586
4164
3554
3587
4165
3555
3588
4166
3556
3589
4167
3557
3590
4168
3558
3591
4169
3559
3592
4170
3560
3593
4171
3561
3594
4172
3562
3595
4173
3563
3596
4174
3564
3597
4175
3565
3598
4176
3566
3599
4177
3567
3600
4178
3568
3601
4179
3569
3602
4180
3603
4181
3571
3604
4182
3572
3605
4183
3573
3606
4184
3574
3607
4185
3575
3608
4186
3576
3609
4187
3577
3610
4188
3578
3611
4189
3579
3612
4190
3580
3613
4191
3581
3614
4192
3582
3615
4193
3583
3616
4194
3584
3617
4195
3585
3618
4196
3586
3619
4197
3587
3620
4198
3588
3621
4199
3589
3622
4200
3590
3623
4201
3591
3624
4202
3592
3625
4203
3593
3626
4204
3594
3627
4205
3595
3628
4206
3596
3629
4207
3597
3630
4208
3598
3631
4209
3599
3632
4210
3600
3633
4211
3601
3634
4212
3602
3635
4213
3603
3636
4214
3637
4215
3605
3638
4216
3606
3639
4217
3607
3640
4218
3608
3641
4219
3609
3642
4220
3610
3643
4221
3611
3644
4222
3612
3645
4223
3613
3646
4224
3614
3647
4225
3615
3648
4226
3616
3649
4227
3617
3650
4228
3618
3651
4229
3619
3652
4230
3620
3653
4231
3621
3654
4232
3622
3655
4233
3623
3656
4234
3624
3657
4235
3625
3658
4236
3626
3659
4237
3627
3660
4238
3628
3661
4239
3629
3662
4240
3630
3663
4241
3631
3664
4242
3632
3665
4243
3633
3666
4244
3634
3667
4245
3635
3668
4246
3636
3669
4247
3637
3670
4248
3671
4249
3639
4250
3640
4251
3641
4252
3642
4253
3643
4254
3644
4255
3645
4256
3646
4257
3647
4258
3648
4259
3649
4260
3650
4261
3651
4262
3652
4263
3653
4264
3654
4265
3655
4266
3656
4267
3657
4268
3658
4269
3659
4270
3660
4271
3661
4272
3662
4273
3663
4274
3664
4275
3665
4276
3666
4277
3667
4278
3668
4279
3669
4280
3670
4281
3671
4282
4283
3673
3706
4284
3674
3707
4285
3675
3708
4286
3676
3709
4287
3677
3710
4288
3678
3711
4289
3679
3712
4290
3680
3713
4291
3681
3714
4292
3682
3715
4293
3683
3716
4294
3684
3717
4295
3685
3718
4296
3686
3719
4297
3687
3720
4298
3688
3721
4299
3689
3722
4300
3690
3723
4301
3691
3724
4302
3692
3725
4303
3693
3726
4304
3694
3727
4305
3695
3728
4306
3696
3729
4307
3697
3730
4308
3698
3731
4309
3699
3732
4310
3700
3733
4311
3701
3734
4312
3702
3735
4313
3703
3736
4314
3704
3737
4315
3705
3738
4316
3739
4317
3707
3740
4318
3708
3741
4319
3709
3742
4320
3710
3743
4321
3711
3744
4322
3712
3745
4323
3713
3746
4324
3714
3747
4325
3715
3748
4326
3716
3749
4327
3717
3750
4328
3718
3751
4329
3719
3752
4330
3720
3753
4331
3721
3754
4332
3722
3755
4333
3723
3756
4334
3724
3757
4335
3725
3758
4336
3726
3759
4337
3727
3760
4338
3728
3761
4339
3729
3762
4340
3730
3763
4341
3731
3764
4342
3732
3765
4343
3733
3766
4344
3734
3767
4345
3735
3768
4346
3736
3769
4347
3737
3770
4348
3738
3771
4349
3739
3772
4350
3773
4351
3741
3774
4352
3742
3775
4353
3743
3776
4354
3744
3777
4355
3745
3778
4356
3746
3779
4357
3747
3780
4358
3748
3781
4359
3749
3782
4360
3750
3783
4361
3751
3784
4362
3752
3785
4363
3753
3786
4364
3754
3787
4365
3755
3788
4366
3756
3789
4367
3757
3790
4368
3758
3791
4369
3759
3792
4370
3760
3793
4371
3761
3794
4372
3762
3795
4373
3763
3796
4374
3764
3797
4375
3765
3798
4376
3766
3799
4377
3767
3800
4378
3768
3801
4379
3769
3802
4380
3770
3803
4381
3771
3804
4382
3772
3805
4383
3773
3806
4384
3807
4385
3775
3808
4386
3776
3809
4387
3777
3810
4388
3778
3811
4389
3779
3812
4390
3780
3813
4391
3781
3814
4392
3782
3815
4393
3783
3816
4394
3784
3817
4395
3785
3818
4396
3786
3819
4397
3787
3820
4398
3788
3821
4399
3789
3822
4400
3790
3823
4401
3791
3824
4402
3792
3825
4403
3793
3826
4404
3794
3827
4405
3795
3828
4406
3796
3829
4407
3797
3830
4408
3798
3831
4409
3799
3832
4410
3800
3833
4411
3801
3834
4412
3802
3835
4413
3803
3836
4414
3804
3837
4415
3805
3838
4416
3806
3839
4417
3807
3840
4418
3841
4419
3809
3842
4420
3810
3843
4421
3811
3844
4422
3812
3845
4423
3813
3846
4424
3814
3847
4425
3815
3848
4426
3816
3849
4427
3817
3850
4428
3818
3851
4429
3819
3852
4430
3820
3853
4431
3821
3854
4432
3822
3855
4433
3823
3856
4434
3824
3857
4435
3825
3858
4436
3826
3859
4437
3827
3860
4438
3828
3861
4439
3829
3862
4440
3830
3863
4441
3831
3864
4442
3832
3865
4443
3833
3866
4444
3834
3867
4445
3835
3868
4446
3836
3869
4447
3837
3870
4448
3838
3871
4449
3839
3872
4450
3840
3873
4451
3841
3874
4452
3875
4453
3843
3876
4454
3844
3877
4455
3845
3878
4456
3846
3879
4457
3847
3880
4458
3848
3881
4459
3849
3882
4460
3850
3883
4461
3851
3884
4462
3852
3885
4463
3853
3886
4464
3854
3887
4465
3855
3888
4466
3856
3889
4467
3857
3890
4468
3858
3891
4469
3859
3892
4470
3860
3893
4471
3861
3894
4472
3862
3895
4473
3863
3896
4474
3864
3897
4475
3865
3898
4476
3866
3899
4477
3867
3900
4478
3868
3901
4479
3869
3902
4480
3870
3903
4481
3871
3904
4482
3872
3905
4483
3873
3906
4484
3874
3907
4485
3875
3908
4486
3909
4487
3877
3910
4488
3878
3911
4489
3879
3912
4490
3880
3913
4491
3881
3914
4492
3882
3915
4493
3883
3916
4494
3884
3917
4495
3885
3918
4496
3886
3919
4497
3887
3920
4498
3888
3921
4499
3889
3922
4500
3890
3923
4501
3891
3924
4502
3892
3925
4503
3893
3926
4504
3894
3927
4505
3895
3928
4506
3896
3929
4507
3897
3930
4508
3898
3931
4509
3899
3932
4510
3900
3933
4511
3901
3934
4512
3902
3935
4513
3903
3936
4514
3904
3937
4515
3905
3938
4516
3906
3939
4517
3907
3940
4518
3908
3941
4519
3909
3942
4520
3943
4521
3911
3944
4522
3912
3945
4523
3913
3946
4524
3914
3947
4525
3915
3948
4526
3916
3949
4527
3917
3950
4528
3918
3951
4529
3919
3952
4530
3920
3953
4531
3921
3954
4532
3922
3955
4533
3923
3956
4534
3924
3957
4535
3925
3958
4536
3926
3959
4537
3927
3960
4538
3928
3961
4539
3929
3962
4540
3930
3963
4541
3931
3964
4542
3932
3965
4543
3933
3966
4544
3934
3967
4545
3935
3968
4546
3936
3969
4547
3937
3970
4548
3938
3971
4549
3939
3972
4550
3940
3973
4551
3941
3974
4552
3942
3975
4553
3943
3976
4554
3977
4555
3945
3978
4556
3946
3979
4557
3947
3980
4558
3948
3981
4559
3949
3982
4560
3950
3983
4561
3951
3984
4562
3952
3985
4563
3953
3986
4564
3954
3987
4565
3955
3988
4566
3956
3989
4567
3957
3990
4568
3958
3991
4569
3959
3992
4570
3960
3993
4571
3961
3994
4572
3962
3995
4573
3963
3996
4574
3964
3997
4575
3965
3998
4576
3966
3999
4577
3967
4000
4578
3968
4001
4579
3969
4002
4580
3970
4003
4581
3971
4004
4582
3972
4005
4583
3973
4006
4584
3974
4007
4585
3975
4008
4586
3976
4009
4587
3977
4010
4588
4011
4589
3979
4012
4590
3980
4013
4591
3981
4014
4592
3982
4015
4593
3983
4016
4594
3984
4017
4595
3985
4018
4596
3986
4019
4597
3987
4020
4598
3988
4021
4599
3989
4022
4600
3990
4023
4601
3991
4024
4602
3992
4025
4603
3993
4026
4604
3994
4027
4605
3995
4028
4606
3996
4029
4607
3997
4030
4608
3998
4031
4609
3999
4032
4610
4000
4033
4611
4001
4034
4612
4002
4035
4613
4003
4036
4614
4004
4037
4615
4005
4038
4616
4006
4039
4617
4007
4040
4618
4008
4041
4619
4009
4042
4620
4010
4043
4621
4011
4044
4622
4045
4623
4013
4046
4624
4014
4047
4625
4015
4048
4626
4016
4049
4627
4017
4050
4628
4018
4051
4629
4019
4052
4630
4020
4053
4631
4021
4054
4632
4022
4055
4633
4023
4056
4634
4024
4057
4635
4025
4058
4636
4026
4059
4637
4027
4060
4638
4028
4061
4639
4029
4062
4640
4030
4063
4641
4031
4064
4642
4032
4065
4643
4033
4066
4644
4034
4067
4645
4035
4068
4646
4036
4069
4647
4037
4070
4648
4038
4071
4649
4039
4072
4650
4040
4073
4651
4041
4074
4652
4042
4075
4653
4043
4076
4654
4044
4077
4655
4045
4078
4656
4079
4657
4047
4080
4658
4048
4081
4659
4049
4082
4660
4050
4083
4661
4051
4084
4662
4052
4085
4663
4053
4086
4664
4054
4087
4665
4055
4088
4666
4056
4089
4667
4057
4090
4668
4058
4091
4669
4059
4092
4670
4060
4093
4671
4061
4094
4672
4062
4095
4673
4063
4096
4674
4064
4097
4675
4065
4098
4676
4066
4099
4677
4067
4100
4678
4068
4101
4679
4069
4102
4680
4070
4103
4681
4071
4104
4682
4072
4105
4683
4073
4106
4684
4074
4107
4685
4075
4108
4686
4076
4109
4687
4077
4110
4688
4078
4111
4689
4079
4112
4690
4113
4691
4081
4114
4692
4082
4115
4693
4083
4116
4694
4084
4117
4695
4085
4118
4696
4086
4119
4697
4087
4120
4698
4088
4121
4699
4089
4122
4700
4090
4123
4701
4091
4124
4702
4092
4125
4703
4093
4126
4704
4094
4127
4705
4095
4128
4706
4096
4129
4707
4097
4130
4708
4098
4131
4709
4099
4132
4710
4100
4133
4711
4101
4134
4712
4102
4135
4713
4103
4136
4714
4104
4137
4715
4105
4138
4716
4106
4139
4717
4107
4140
4718
4108
4141
4719
4109
4142
4720
4110
4143
4721
4111
4144
4722
4112
4145
4723
4113
4146
4724
4147
4725
4115
4148
4726
4116
4149
4727
4117
4150
4728
4118
4151
4729
4119
4152
4730
4120
4153
4731
4121
4154
4732
4122
4155
4733
4123
4156
4734
4124
4157
4735
4125
4158
4736
4126
4159
4737
4127
4160
4738
4128
4161
4739
4129
4162
4740
4130
4163
4741
4131
4164
4742
4132
4165
4743
4133
4166
4744
4134
4167
4745
4135
4168
4746
4136
4169
4747
4137
4170
4748
4138
4171
4749
4139
4172
4750
4140
4173
4751
4141
4174
4752
4142
4175
4753
4143
4176
4754
4144
4177
4755
4145
4178
4756
4146
4179
4757
4147
4180
4758
4181
4759
4149
4182
4760
4150
4183
4761
4151
4184
4762
4152
4185
4763
4153
4186
4764
4154
4187
4765
4155
4188
4766
4156
4189
4767
4157
4190
4768
4158
4191
4769
4159
4192
4770
4160
4193
4771
4161
4194
4772
4162
4195
4773
4163
4196
4774
4164
4197
4775
4165
4198
4776
4166
4199
4777
4167
4200
4778
4168
4201
4779
4169
4202
4780
4170
4203
4781
4171
4204
4782
4172
4205
4783
4173
4206
4784
4174
4207
4785
4175
4208
4786
4176
4209
4787
4177
4210
4788
4178
4211
4789
4179
4212
4790
4180
4213
4791
4181
4214
4792
4215
4793
4183
4216
4794
4184
4217
4795
4185
4218
4796
4186
4219
4797
4187
4220
4798
4188
4221
4799
4189
4222
4800
4190
4223
4801
4191
4224
4802
4192
4225
4803
4193
4226
4804
4194
4227
4805
4195
4228
4806
4196
4229
4807
4197
4230
4808
4198
4231
4809
4199
4232
4810
4200
4233
4811
4201
4234
4812
4202
4235
4813
4203
4236
4814
4204
4237
4815
4205
4238
4816
4206
4239
4817
4207
4240
4818
4208
4241
4819
4209
4242
4820
4210
4243
4821
4211
4244
4822
4212
4245
4823
4213
4246
4824
4214
4247
4825
4215
4248
4826
4249
4827
4217
4250
4828
4218
4251
4829
4219
4252
4830
4220
4253
4831
4221
4254
4832
4222
4255
4833
4223
4256
4834
4224
4257
4835
4225
4258
4836
4226
4259
4837
4227
4260
4838
4228
4261
4839
4229
4262
4840
4230
4263
4841
4231
4264
4842
4232
4265
4843
4233
4266
4844
4234
4267
4845
4235
4268
4846
4236
4269
4847
4237
4270
4848
4238
4271
4849
4239
4272
4850
4240
4273
4851
4241
4274
4852
4242
4275
4853
4243
4276
4854
4244
4277
4855
4245
4278
4856
4246
4279
4857
4247
4280
4858
4248
4281
4859
4249
4282
4860
4283
4861
4251
4862
4252
4863
4253
4864
4254
4865
4255
4866
4256
4867
4257
4868
4258
4869
4259
4870
4260
4871
4261
4872
4262
4873
4263
4874
4264
4875
4265
4876
4266
4877
4267
4878
4268
4879
4269
4880
4270
4881
4271
4882
4272
4883
4273
4884
4274
4885
4275
4886
4276
4887
4277
4888
4278
4889
4279
4890
4280
4891
4281
4892
4282
4893
4283
4894
4895
4285
4318
4896
4286
4319
4897
4287
4320
4898
4288
4321
4899
4289
4322
4900
4290
4323
4901
4291
4324
4902
4292
4325
4903
4293
4326
4904
4294
4327
4905
4295
4328
4906
4296
4329
4907
4297
4330
4908
4298
4331
4909
4299
4332
4910
4300
4333
4911
4301
4334
4912
4302
4335
4913
4303
4336
4914
4304
4337
4915
4305
4338
4916
4306
4339
4917
4307
4340
4918
4308
4341
4919
4309
4342
4920
4310
4343
4921
4311
4344
4922
4312
4345
4923
4313
4346
4924
4314
4347
4925
4315
4348
4926
4316
4349
4927
4317
4350
4928
4351
4929
4319
4352
4930
4320
4353
4931
4321
4354
4932
4322
4355
4933
4323
4356
4934
4324
4357
4935
4325
4358
4936
4326
4359
4937
4327
4360
4938
4328
4361
4939
4329
4362
4940
4330
4363
4941
4331
4364
4942
4332
4365
4943
4333
4366
4944
4334
4367
4945
4335
4368
4946
4336
4369
4947
4337
4370
4948
4338
4371
4949
4339
4372
4950
4340
4373
4951
4341
4374
4952
4342
4375
4953
4343
4376
4954
4344
4377
4955
4345
4378
4956
4346
4379
4957
4347
4380
4958
4348
4381
4959
4349
4382
4960
4350
4383
4961
4351
4384
4962
4385
4963
4353
4386
4964
4354
4387
4965
4355
4388
4966
4356
4389
4967
4357
4390
4968
4358
4391
4969
4359
4392
4970
4360
4393
4971
4361
4394
4972
4362
4395
4973
4363
4396
4974
4364
4397
4975
4365
4398
4976
4366
4399
4977
4367
4400
4978
4368
4401
4979
4369
4402
4980
4370
4403
4981
4371
4404
4982
4372
4405
4983
4373
4406
4984
4374
4407
4985
4375
4408
4986
4376
4409
4987
4377
4410
4988
4378
4411
4989
4379
4412
4990
4380
4413
4991
4381
4414
4992
4382
4415
4993
4383
4416
4994
4384
4417
4995
4385
4418
4996
4419
4997
4387
4420
4998
4388
4421
4999
4389
4422
5000
4390
4423
5001
4391
4424
5002
4392
4425
5003
4393
4426
5004
4394
4427
5005
4395
4428
5006
4396
4429
5007
4397
4430
5008
4398
4431
5009
4399
4432
5010
4400
4433
5011
4401
4434
5012
4402
4435
5013
4403
4436
5014
4404
4437
5015
4405
4438
5016
4406
4439
5017
4407
4440
5018
4408
4441
5019
4409
4442
5020
4410
4443
5021
4411
4444
5022
4412
4445
5023
4413
4446
5024
4414
4447
5025
4415
4448
5026
4416
4449
5027
4417
4450
5028
4418
4451
5029
4419
4452
5030
4453
5031
4421
4454
5032
4422
4455
5033
4423
4456
5034
4424
4457
5035
4425
4458
5036
4426
4459
5037
4427
4460
5038
4428
4461
5039
4429
4462
5040
4430
4463
5041
4431
4464
5042
4432
4465
5043
4433
4466
5044
4434
4467
5045
4435
4468
5046
4436
4469
5047
4437
4470
5048
4438
4471
5049
4439
4472
5050
4440
4473
5051
4441
4474
5052
4442
4475
5053
4443
4476
5054
4444
4477
5055
4445
4478
5056
4446
4479
5057
4447
4480
5058
4448
4481
5059
4449
4482
5060
4450
4483
5061
4451
4484
5062
4452
4485
5063
4453
4486
5064
4487
5065
4455
4488
5066
4456
4489
5067
4457
4490
5068
4458
4491
5069
4459
4492
5070
4460
4493
5071
4461
4494
5072
4462
4495
5073
4463
4496
5074
4464
4497
5075
4465
4498
5076
4466
4499
5077
4467
4500
5078
4468
4501
5079
4469
4502
5080
4470
4503
5081
4471
4504
5082
4472
4505
5083
4473
4506
5084
4474
4507
5085
4475
4508
5086
4476
4509
5087
4477
4510
5088
4478
4511
5089
4479
4512
5090
4480
4513
5091
4481
4514
5092
4482
4515
5093
4483
4516
5094
4484
4517
5095
4485
4518
5096
4486
4519
5097
4487
4520
5098
4521
5099
4489
4522
5100
4490
4523
5101
4491
4524
5102
4492
4525
5103
4493
4526
5104
4494
4527
5105
4495
4528
5106
4496
4529
5107
4497
4530
5108
4498
4531
5109
4499
4532
5110
4500
4533
5111
4501
4534
5112
4502
4535
5113
4503
4536
5114
4504
4537
5115
4505
4538
5116
4506
4539
5117
4507
4540
5118
4508
4541
5119
4509
4542
5120
4510
4543
5121
4511
4544
5122
4512
4545
5123
4513
4546
5124
4514
4547
5125
4515
4548
5126
4516
4549
5127
4517
4550
5128
4518
4551
5129
4519
4552
5130
4520
4553
5131
4521
4554
5132
4555
5133
4523
4556
5134
4524
4557
5135
4525
4558
5136
4526
4559
5137
4527
4560
5138
4528
4561
5139
4529
4562
5140
4530
4563
5141
4531
4564
5142
4532
4565
5143
4533
4566
5144
4534
4567
5145
4535
4568
5146
4536
4569
5147
4537
4570
5148
4538
4571
5149
4539
4572
5150
4540
4573
5151
4541
4574
5152
4542
4575
5153
4543
4576
5154
4544
4577
5155
4545
4578
5156
4546
4579
5157
4547
4580
5158
4548
4581
5159
4549
4582
5160
4550
4583
5161
4551
4584
5162
4552
4585
5163
4553
4586
5164
4554
4587
5165
4555
4588
5166
4589
5167
4557
4590
5168
4558
4591
5169
4559
4592
5170
4560
4593
5171
4561
4594
5172
4562
4595
5173
4563
4596
5174
4564
4597
5175
4565
4598
5176
4566
4599
5177
4567
4600
5178
4568
4601
5179
4569
4602
5180
4570
4603
5181
4571
4604
5182
4572
4605
5183
4573
4606
5184
4574
4607
5185
4575
4608
5186
4576
4609
5187
4577
4610
5188
4578
4611
5189
4579
4612
5190
4580
4613
5191
4581
4614
5192
4582
4615
5193
4583
4616
5194
4584
4617
5195
4585
4618
5196
4586
4619
5197
4587
4620
5198
4588
4621
5199
4589
4622
5200
4623
5201
4591
4624
5202
4592
4625
5203
4593
4626
5204
4594
4627
5205
4595
4628
5206
4596
4629
5207
4597
4630
5208
4598
4631
5209
4599
4632
5210
4600
4633
5211
4601
4634
5212
4602
4635
5213
4603
4636
5214
4604
4637
5215
4605
4638
5216
4606
4639
5217
4607
4640
5218
4608
4641
5219
4609
4642
5220
4610
4643
5221
4611
4644
5222
4612
4645
5223
4613
4646
5224
4614
4647
5225
4615
4648
5226
4616
4649
5227
4617
4650
5228
4618
4651
5229
4619
4652
5230
4620
4653
5231
4621
4654
5232
4622
4655
5233
4623
4656
5234
4657
5235
4625
4658
5236
4626
4659
5237
4627
4660
5238
4628
4661
5239
4629
4662
5240
4630
4663
5241
4631
4664
5242
4632
4665
5243
4633
4666
5244
4634
4667
5245
4635
4668
5246
4636
4669
5247
4637
4670
5248
4638
4671
5249
4639
4672
5250
4640
4673
5251
4641
4674
5252
4642
4675
5253
4643
4676
5254
4644
4677
5255
4645
4678
5256
4646
4679
5257
4647
4680
5258
4648
4681
5259
4649
4682
5260
4650
4683
5261
4651
4684
5262
4652
4685
5263
4653
4686
5264
4654
4687
5265
4655
4688
5266
4656
4689
5267
4657
4690
5268
4691
5269
4659
4692
5270
4660
4693
5271
4661
4694
5272
4662
4695
5273
4663
4696
5274
4664
4697
5275
4665
4698
5276
4666
4699
5277
4667
4700
5278
4668
4701
5279
4669
4702
5280
4670
4703
5281
4671
4704
5282
4672
4705
5283
4673
4706
5284
4674
4707
5285
4675
4708
5286
4676
4709
5287
4677
4710
5288
4678
4711
5289
4679
4712
5290
4680
4713
5291
4681
4714
5292
4682
4715
5293
4683
4716
5294
4684
4717
5295
4685
4718
5296
4686
4719
5297
4687
4720
5298
4688
4721
5299
4689
4722
5300
4690
4723
5301
4691
4724
5302
4725
5303
4693
4726
5304
4694
4727
5305
4695
4728
5306
4696
4729
5307
4697
4730
5308
4698
4731
5309
4699
4732
5310
4700
4733
5311
4701
4734
5312
4702
4735
5313
4703
4736
5314
4704
4737
5315
4705
4738
5316
4706
4739
5317
4707
4740
5318
4708
4741
5319
4709
4742
5320
4710
4743
5321
4711
4744
5322
4712
4745
5323
4713
4746
5324
4714
4747
5325
4715
4748
5326
4716
4749
5327
4717
4750
5328
4718
4751
5329
4719
4752
5330
4720
4753
5331
4721
4754
5332
4722
4755
5333
4723
4756
5334
4724
4757
5335
4725
4758
5336
4759
5337
4727
4760
5338
4728
4761
5339
4729
4762
5340
4730
4763
5341
4731
4764
5342
4732
4765
5343
4733
4766
5344
4734
4767
5345
4735
4768
5346
4736
4769
5347
4737
4770
5348
4738
4771
5349
4739
4772
5350
4740
4773
5351
4741
4774
5352
4742
4775
5353
4743
4776
5354
4744
4777
5355
4745
4778
5356
4746
4779
5357
4747
4780
5358
4748
4781
5359
4749
4782
5360
4750
4783
5361
4751
4784
5362
4752
4785
5363
4753
4786
5364
4754
4787
5365
4755
4788
5366
4756
4789
5367
4757
4790
5368
4758
4791
5369
4759
4792
5370
4793
5371
4761
4794
5372
4762
4795
5373
4763
4796
5374
4764
4797
5375
4765
4798
5376
4766
4799
5377
4767
4800
5378
4768
4801
5379
4769
4802
5380
4770
4803
5381
4771
4804
5382
4772
4805
5383
4773
4806
5384
4774
4807
5385
4775
4808
5386
4776
4809
5387
4777
4810
5388
4778
4811
5389
4779
4812
5390
4780
4813
5391
4781
4814
5392
4782
4815
5393
4783
4816
5394
4784
4817
5395
4785
4818
5396
4786
4819
5397
4787
4820
5398
4788
4821
5399
4789
4822
5400
4790
4823
5401
4791
4824
5402
4792
4825
5403
4793
4826
5404
4827
5405
4795
4828
5406
4796
4829
5407
4797
4830
5408
4798
4831
5409
4799
4832
5410
4800
4833
5411
4801
4834
5412
4802
4835
5413
4803
4836
5414
4804
4837
5415
4805
4838
5416
4806
4839
5417
4807
4840
5418
4808
4841
5419
4809
4842
5420
4810
4843
5421
4811
4844
5422
4812
4845
5423
4813
4846
5424
4814
4847
5425
4815
4848
5426
4816
4849
5427
4817
4850
5428
4818
4851
5429
4819
4852
5430
4820
4853
5431
4821
4854
5432
4822
4855
5433
4823
4856
5434
4824
4857
5435
4825
4858
5436
4826
4859
5437
4827
4860
5438
4861
5439
4829
4862
5440
4830
4863
5441
4831
4864
5442
4832
4865
5443
4833
4866
5444
4834
4867
5445
4835
4868
5446
4836
4869
5447
4837
4870
5448
4838
4871
5449
4839
4872
5450
4840
4873
5451
4841
4874
5452
4842
4875
5453
4843
4876
5454
4844
4877
5455
4845
4878
5456
4846
4879
5457
4847
4880
5458
4848
4881
5459
4849
4882
5460
4850
4883
5461
4851
4884
5462
4852
4885
5463
4853
4886
5464
4854
4887
5465
4855
4888
5466
4856
4889
5467
4857
4890
5468
4858
4891
5469
4859
4892
5470
4860
4893
5471
4861
4894
5472
4895
5473
4863
5474
4864
5475
4865
5476
4866
5477
4867
5478
4868
5479
4869
5480
4870
5481
4871
5482
4872
5483
4873
5484
4874
5485
4875
5486
4876
5487
4877
5488
4878
5489
4879
5490
4880
5491
4881
5492
4882
5493
4883
5494
4884
5495
4885
5496
4886
5497
4887
5498
4888
5499
4889
5500
4890
5501
4891
5502
4892
5503
4893
5504
4894
5505
4895
5506
5507
4897
4930
5508
4898
4931
5509
4899
4932
5510
4900
4933
5511
4901
4934
5512
4902
4935
5513
4903
4936
5514
4904
4937
5515
4905
4938
5516
4906
4939
5517
4907
4940
5518
4908
4941
5519
4909
4942
5520
4910
4943
5521
4911
4944
5522
4912
4945
5523
4913
4946
5524
4914
4947
5525
4915
4948
5526
4916
4949
5527
4917
4950
5528
4918
4951
5529
4919
4952
5530
4920
4953
5531
4921
4954
5532
4922
4955
5533
4923
4956
5534
4924
4957
5535
4925
4958
5536
4926
4959
5537
4927
4960
5538
4928
4961
5539
4929
4962
5540
4963
5541
4931
4964
5542
4932
4965
5543
4933
4966
5544
4934
4967
5545
4935
4968
5546
4936
4969
5547
4937
4970
5548
4938
4971
5549
4939
4972
5550
4940
4973
5551
4941
4974
5552
4942
4975
5553
4943
4976
5554
4944
4977
5555
4945
4978
5556
4946
4979
5557
4947
4980
5558
4948
4981
5559
4949
4982
5560
4950
4983
5561
4951
4984
5562
4952
4985
5563
4953
4986
5564
4954
4987
5565
4955
4988
5566
4956
4989
5567
4957
4990
5568
4958
4991
5569
4959
4992
5570
4960
4993
5571
4961
4994
5572
4962
4995
5573
4963
4996
5574
4997
5575
4965
4998
5576
4966
4999
5577
4967
5000
5578
4968
5001
5579
4969
5002
5580
4970
5003
5581
4971
5004
5582
4972
5005
5583
4973
5006
5584
4974
5007
5585
4975
5008
5586
4976
5009
5587
4977
5010
5588
4978
5011
5589
4979
5012
5590
4980
5013
5591
4981
5014
5592
4982
5015
5593
4983
5016
5594
4984
5017
5595
4985
5018
5596
4986
5019
5597
4987
5020
5598
4988
5021
5599
4989
5022
5600
4990
5023
5601
4991
5024
5602
4992
5025
5603
4993
5026
5604
4994
5027
5605
4995
5028
5606
4996
5029
5607
4997
5030
5608
5031
5609
4999
5032
5610
5000
5033
5611
5001
5034
5612
5002
5035
5613
5003
5036
5614
5004
5037
5615
5005
5038
5616
5006
5039
5617
5007
5040
5618
5008
5041
5619
5009
5042
5620
5010
5043
5621
5011
5044
5622
5012
5045
5623
5013
5046
5624
5014
5047
5625
5015
5048
5626
5016
5049
5627
5017
5050
5628
5018
5051
5629
5019
5052
5630
5020
5053
5631
5021
5054
5632
5022
5055
5633
5023
5056
5634
5024
5057
5635
5025
5058
5636
5026
5059
5637
5027
5060
5638
5028
5061
5639
5029
5062
5640
5030
5063
5641
5031
5064
5642
5065
5643
5033
5066
5644
5034
5067
5645
5035
5068
5646
5036
5069
5647
5037
5070
5648
5038
5071
5649
5039
5072
5650
5040
5073
5651
5041
5074
5652
5042
5075
5653
5043
5076
5654
5044
5077
5655
5045
5078
5656
5046
5079
5657
5047
5080
5658
5048
5081
5659
5049
5082
5660
5050
5083
5661
5051
5084
5662
5052
5085
5663
5053
5086
5664
5054
5087
5665
5055
5088
5666
5056
5089
5667
5057
5090
5668
5058
5091
5669
5059
5092
5670
5060
5093
5671
5061
5094
5672
5062
5095
5673
5063
5096
5674
5064
5097
5675
5065
5098
5676
5099
5677
5067
5100
5678
5068
5101
5679
5069
5102
5680
5070
5103
5681
5071
5104
5682
5072
5105
5683
5073
5106
5684
5074
5107
5685
5075
5108
5686
5076
5109
5687
5077
5110
5688
5078
5111
5689
5079
5112
5690
5080
5113
5691
5081
5114
5692
5082
5115
5693
5083
5116
5694
5084
5117
5695
5085
5118
5696
5086
5119
5697
5087
5120
5698
5088
5121
5699
5089
5122
5700
5090
5123
5701
5091
5124
5702
5092
5125
5703
5093
5126
5704
5094
5127
5705
5095
5128
5706
5096
5129
5707
5097
5130
5708
5098
5131
5709
5099
5132
5710
5133
5711
5101
5134
5712
5102
5135
5713
5103
5136
5714
5104
5137
5715
5105
5138
5716
5106
5139
5717
5107
5140
5718
5108
5141
5719
5109
5142
5720
5110
5143
5721
5111
5144
5722
5112
5145
5723
5113
5146
5724
5114
5147
5725
5115
5148
5726
5116
5149
5727
5117
5150
5728
5118
5151
5729
5119
5152
5730
5120
5153
5731
5121
5154
5732
5122
5155
5733
5123
5156
5734
5124
5157
5735
5125
5158
5736
5126
5159
5737
5127
5160
5738
5128
5161
5739
5129
5162
5740
5130
5163
5741
5131
5164
5742
5132
5165
5743
5133
5166
5744
5167
5745
5135
5168
5746
5136
5169
5747
5137
5170
5748
5138
5171
5749
5139
5172
5750
5140
5173
5751
5141
5174
5752
5142
5175
5753
5143
5176
5754
5144
5177
5755
5145
5178
5756
5146
5179
5757
5147
5180
5758
5148
5181
5759
5149
5182
5760
5150
5183
5761
5151
5184
5762
5152
5185
5763
5153
5186
5764
5154
5187
5765
5155
5188
5766
5156
5189
5767
5157
5190
5768
5158
5191
5769
5159
5192
5770
5160
5193
5771
5161
5194
5772
5162
5195
5773
5163
5196
5774
5164
5197
5775
5165
5198
5776
5166
5199
5777
5167
5200
5778
5201
5779
5169
5202
5780
5170
5203
5781
5171
5204
5782
5172
5205
5783
5173
5206
5784
5174
5207
5785
5175
5208
5786
5176
5209
5787
5177
5210
5788
5178
5211
5789
5179
5212
5790
5180
5213
5791
5181
5214
5792
5182
5215
5793
5183
5216
5794
5184
5217
5795
5185
5218
5796
5186
5219
5797
5187
5220
5798
5188
5221
5799
5189
5222
5800
5190
5223
5801
5191
5224
5802
5192
5225
5803
5193
5226
5804
5194
5227
5805
5195
5228
5806
5196
5229
5807
5197
5230
5808
5198
5231
5809
5199
5232
5810
5200
5233
5811
5201
5234
5812
5235
5813
5203
5236
5814
5204
5237
5815
5205
5238
5816
5206
5239
5817
5207
5240
5818
5208
5241
5819
5209
5242
5820
5210
5243
5821
5211
5244
5822
5212
5245
5823
5213
5246
5824
5214
5247
5825
5215
5248
5826
5216
5249
5827
5217
5250
5828
5218
5251
5829
5219
5252
5830
5220
5253
5831
5221
5254
5832
5222
5255
5833
5223
5256
5834
5224
5257
5835
5225
5258
5836
5226
5259
5837
5227
5260
5838
5228
5261
5839
5229
5262
5840
5230
5263
5841
5231
5264
5842
5232
5265
5843
5233
5266
5844
5234
5267
5845
5235
5268
5846
5269
5847
5237
5270
5848
5238
5271
5849
5239
5272
5850
5240
5273
5851
5241
5274
5852
5242
5275
5853
5243
5276
5854
5244
5277
5855
5245
5278
5856
5246
5279
5857
5247
5280
5858
5248
5281
5859
5249
5282
5860
5250
5283
5861
5251
5284
5862
5252
5285
5863
5253
5286
5864
5254
5287
5865
5255
5288
5866
5256
5289
5867
5257
5290
5868
5258
5291
5869
5259
5292
5870
5260
5293
5871
5261
5294
5872
5262
5295
5873
5263
5296
5874
5264
5297
5875
5265
5298
5876
5266
5299
5877
5267
5300
5878
5268
5301
5879
5269
5302
5880
5303
5881
5271
5304
5882
5272
5305
5883
5273
5306
5884
5274
5307
5885
5275
5308
5886
5276
5309
5887
5277
5310
5888
5278
5311
5889
5279
5312
5890
5280
5313
5891
5281
5314
5892
5282
5315
5893
5283
5316
5894
5284
5317
5895
5285
5318
5896
5286
5319
5897
5287
5320
5898
5288
5321
5899
5289
5322
5900
5290
5323
5901
5291
5324
5902
5292
5325
5903
5293
5326
5904
5294
5327
5905
5295
5328
5906
5296
5329
5907
5297
5330
5908
5298
5331
5909
5299
5332
5910
5300
5333
5911
5301
5334
5912
5302
5335
5913
5303
5336
5914
5337
5915
5305
5338
5916
5306
5339
5917
5307
5340
5918
5308
5341
5919
5309
5342
5920
5310
5343
5921
5311
5344
5922
5312
5345
5923
5313
5346
5924
5314
5347
5925
5315
5348
5926
5316
5349
5927
5317
5350
5928
5318
5351
5929
5319
5352
5930
5320
5353
5931
5321
5354
5932
5322
5355
5933
5323
5356
5934
5324
5357
5935
5325
5358
5936
5326
5359
5937
5327
5360
5938
5328
5361
5939
5329
5362
5940
5330
5363
5941
5331
5364
5942
5332
5365
5943
5333
5366
5944
5334
5367
5945
5335
5368
5946
5336
5369
5947
5337
5370
5948
5371
5949
5339
5372
5950
5340
5373
5951
5341
5374
5952
5342
5375
5953
5343
5376
5954
5344
5377
5955
5345
5378
5956
5346
5379
5957
5347
5380
5958
5348
5381
5959
5349
5382
5960
5350
5383
5961
5351
5384
5962
5352
5385
5963
5353
5386
5964
5354
5387
5965
5355
5388
5966
5356
5389
5967
5357
5390
5968
5358
5391
5969
5359
5392
5970
5360
5393
5971
5361
5394
5972
5362
5395
5973
5363
5396
5974
5364
5397
5975
5365
5398
5976
5366
5399
5977
5367
5400
5978
5368
5401
5979
5369
5402
5980
5370
5403
5981
5371
5404
5982
5405
5983
5373
5406
5984
5374
5407
5985
5375
5408
5986
5376
5409
5987
5377
5410
5988
5378
5411
5989
5379
5412
5990
5380
5413
5991
5381
5414
5992
5382
5415
5993
5383
5416
5994
5384
5417
5995
5385
5418
5996
5386
5419
5997
5387
5420
5998
5388
5421
5999
5389
5422
6000
5390
5423
6001
5391
5424
6002
5392
5425
6003
5393
5426
6004
5394
5427
6005
5395
5428
6006
5396
5429
6007
5397
5430
6008
5398
5431
6009
5399
5432
6010
5400
5433
6011
5401
5434
6012
5402
5435
6013
5403
5436
6014
5404
5437
6015
5405
5438
6016
5439
6017
5407
5440
6018
5408
5441
6019
5409
5442
6020
5410
5443
6021
5411
5444
6022
5412
5445
6023
5413
5446
6024
5414
5447
6025
5415
5448
6026
5416
5449
6027
5417
5450
6028
5418
5451
6029
5419
5452
6030
5420
5453
6031
5421
5454
6032
5422
5455
6033
5423
5456
6034
5424
5457
6035
5425
5458
6036
5426
5459
6037
5427
5460
6038
5428
5461
6039
5429
5462
6040
5430
5463
6041
5431
5464
6042
5432
5465
6043
5433
5466
6044
5434
5467
6045
5435
5468
6046
5436
5469
6047
5437
5470
6048
5438
5471
6049
5439
5472
6050
5473
6051
5441
5474
6052
5442
5475
6053
5443
5476
6054
5444
5477
6055
5445
5478
6056
5446
5479
6057
5447
5480
6058
5448
5481
6059
5449
5482
6060
5450
5483
6061
5451
5484
6062
5452
5485
6063
5453
5486
6064
5454
5487
6065
5455
5488
6066
5456
5489
6067
5457
5490
6068
5458
5491
6069
5459
5492
6070
5460
5493
6071
5461
5494
6072
5462
5495
6073
5463
5496
6074
5464
5497
6075
5465
5498
6076
5466
5499
6077
5467
5500
6078
5468
5501
6079
5469
5502
6080
5470
5503
6081
5471
5504
6082
5472
5505
6083
5473
5506
6084
5507
6085
5475
6086
5476
6087
5477
6088
5478
6089
5479
6090
5480
6091
5481
6092
5482
6093
5483
6094
5484
6095
5485
6096
5486
6097
5487
6098
5488
6099
5489
6100
5490
6101
5491
6102
5492
6103
5493
6104
5494
6105
5495
6106
5496
6107
5497
6108
5498
6109
5499
6110
5500
6111
5501
6112
5502
6113
5503
6114
5504
6115
5505
6116
5506
6117
5507
6118
6119
5509
5542
6120
5510
5543
6121
5511
5544
6122
5512
5545
6123
5513
5546
6124
5514
5547
6125
5515
5548
6126
5516
5549
6127
5517
5550
6128
5518
5551
6129
5519
5552
6130
5520
5553
6131
5521
5554
6132
5522
5555
6133
5523
5556
6134
5524
5557
6135
5525
5558
6136
5526
5559
6137
5527
5560
6138
5528
5561
6139
5529
5562
6140
5530
5563
6141
5531
5564
6142
5532
5565
6143
5533
5566
6144
5534
5567
6145
5535
5568
6146
5536
5569
6147
5537
5570
6148
5538
5571
6149
5539
5572
6150
5540
5573
6151
5541
5574
6152
5575
6153
5543
5576
6154
5544
5577
6155
5545
5578
6156
5546
5579
6157
5547
5580
6158
5548
5581
6159
5549
5582
6160
5550
5583
6161
5551
5584
6162
5552
5585
6163
5553
5586
6164
5554
5587
6165
5555
5588
6166
5556
5589
6167
5557
5590
6168
5558
5591
6169
5559
5592
6170
5560
5593
6171
5561
5594
6172
5562
5595
6173
5563
5596
6174
5564
5597
6175
5565
5598
6176
5566
5599
6177
5567
5600
6178
5568
5601
6179
5569
5602
6180
5570
5603
6181
5571
5604
6182
5572
5605
6183
5573
5606
6184
5574
5607
6185
5575
5608
6186
5609
6187
5577
5610
6188
5578
5611
6189
5579
5612
6190
5580
5613
6191
5581
5614
6192
5582
5615
6193
5583
5616
6194
5584
5617
6195
5585
5618
6196
5586
5619
6197
5587
5620
6198
5588
5621
6199
5589
5622
6200
5590
5623
6201
5591
5624
6202
5592
5625
6203
5593
5626
6204
5594
5627
6205
5595
5628
6206
5596
5629
6207
5597
5630
6208
5598
5631
6209
5599
5632
6210
5600
5633
6211
5601
5634
6212
5602
5635
6213
5603
5636
6214
5604
5637
6215
5605
5638
6216
5606
5639
6217
5607
5640
6218
5608
5641
6219
5609
5642
6220
5643
6221
5611
5644
6222
5612
5645
6223
5613
5646
6224
5614
5647
6225
5615
5648
6226
5616
5649
6227
5617
5650
6228
5618
5651
6229
5619
5652
6230
5620
5653
6231
5621
5654
6232
5622
5655
6233
5623
5656
6234
5624
5657
6235
5625
5658
6236
5626
5659
6237
5627
5660
6238
5628
5661
6239
5629
5662
6240
5630
5663
6241
5631
5664
6242
5632
5665
6243
5633
5666
6244
5634
5667
6245
5635
5668
6246
5636
5669
6247
5637
5670
6248
5638
5671
6249
5639
5672
6250
5640
5673
6251
5641
5674
6252
5642
5675
6253
5643
5676
6254
5677
6255
5645
5678
6256
5646
5679
6257
5647
5680
6258
5648
5681
6259
5649
5682
6260
5650
5683
6261
5651
5684
6262
5652
5685
6263
5653
5686
6264
5654
5687
6265
5655
5688
6266
5656
5689
6267
5657
5690
6268
5658
5691
6269
5659
5692
6270
5660
5693
6271
5661
5694
6272
5662
5695
6273
5663
5696
6274
5664
5697
6275
5665
5698
6276
5666
5699
6277
5667
5700
6278
5668
5701
6279
5669
5702
6280
5670
5703
6281
5671
5704
6282
5672
5705
6283
5673
5706
6284
5674
5707
6285
5675
5708
6286
5676
5709
6287
5677
5710
6288
5711
6289
5679
5712
6290
5680
5713
6291
5681
5714
6292
5682
5715
6293
5683
5716
6294
5684
5717
6295
5685
5718
6296
5686
5719
6297
5687
5720
6298
5688
5721
6299
5689
5722
6300
5690
5723
6301
5691
5724
6302
5692
5725
6303
5693
5726
6304
5694
5727
6305
5695
5728
6306
5696
5729
6307
5697
5730
6308
5698
5731
6309
5699
5732
6310
5700
5733
6311
5701
5734
6312
5702
5735
6313
5703
5736
6314
5704
5737
6315
5705
5738
6316
5706
5739
6317
5707
5740
6318
5708
5741
6319
5709
5742
6320
5710
5743
6321
5711
5744
6322
5745
6323
5713
5746
6324
5714
5747
6325
5715
5748
6326
5716
5749
6327
5717
5750
6328
5718
5751
6329
5719
5752
6330
5720
5753
6331
5721
5754
6332
5722
5755
6333
5723
5756
6334
5724
5757
6335
5725
5758
6336
5726
5759
6337
5727
5760
6338
5728
5761
6339
5729
5762
6340
5730
5763
6341
5731
5764
6342
5732
5765
6343
5733
5766
6344
5734
5767
6345
5735
5768
6346
5736
5769
6347
5737
5770
6348
5738
5771
6349
5739
5772
6350
5740
5773
6351
5741
5774
6352
5742
5775
6353
5743
5776
6354
5744
5777
6355
5745
5778
6356
5779
6357
5747
5780
6358
5748
5781
6359
5749
5782
6360
5750
5783
6361
5751
5784
6362
5752
5785
6363
5753
5786
6364
5754
5787
6365
5755
5788
6366
5756
5789
6367
5757
5790
6368
5758
5791
6369
5759
5792
6370
5760
5793
6371
5761
5794
6372
5762
5795
6373
5763
5796
6374
5764
5797
6375
5765
5798
6376
5766
5799
6377
5767
5800
6378
5768
5801
6379
5769
5802
6380
5770
5803
6381
5771
5804
6382
5772
5805
6383
5773
5806
6384
5774
5807
6385
5775
5808
6386
5776
5809
6387
5777
5810
6388
5778
5811
6389
5779
5812
6390
5813
6391
5781
5814
6392
5782
5815
6393
5783
5816
6394
5784
5817
6395
5785
5818
6396
5786
5819
6397
5787
5820
6398
5788
5821
6399
5789
5822
6400
5790
5823
6401
5791
5824
6402
5792
5825
6403
5793
5826
6404
5794
5827
6405
5795
5828
6406
5796
5829
6407
5797
5830
6408
5798
5831
6409
5799
5832
6410
5800
5833
6411
5801
5834
6412
5802
5835
6413
5803
5836
6414
5804
5837
6415
5805
5838
6416
5806
5839
6417
5807
5840
6418
5808
5841
6419
5809
5842
6420
5810
5843
6421
5811
5844
6422
5812
5845
6423
5813
5846
6424
5847
6425
5815
5848
6426
5816
5849
6427
5817
5850
6428
5818
5851
6429
5819
5852
6430
5820
5853
6431
5821
5854
6432
5822
5855
6433
5823
5856
6434
5824
5857
6435
5825
5858
6436
5826
5859
6437
5827
5860
6438
5828
5861
6439
5829
5862
6440
5830
5863
6441
5831
5864
6442
5832
5865
6443
5833
5866
6444
5834
5867
6445
5835
5868
6446
5836
5869
6447
5837
5870
6448
5838
5871
6449
5839
5872
6450
5840
5873
6451
5841
5874
6452
5842
5875
6453
5843
5876
6454
5844
5877
6455
5845
5878
6456
5846
5879
6457
5847
5880
6458
5881
6459
5849
5882
6460
5850
5883
6461
5851
5884
6462
5852
5885
6463
5853
5886
6464
5854
5887
6465
5855
5888
6466
5856
5889
6467
5857
5890
6468
5858
5891
6469
5859
5892
6470
5860
5893
6471
5861
5894
6472
5862
5895
6473
5863
5896
6474
5864
5897
6475
5865
5898
6476
5866
5899
6477
5867
5900
6478
5868
5901
6479
5869
5902
6480
5870
5903
6481
5871
5904
6482
5872
5905
6483
5873
5906
6484
5874
5907
6485
5875
5908
6486
5876
5909
6487
5877
5910
6488
5878
5911
6489
5879
5912
6490
5880
5913
6491
5881
5914
6492
5915
6493
5883
5916
6494
5884
5917
6495
5885
5918
6496
5886
5919
6497
5887
5920
6498
5888
5921
6499
5889
5922
6500
5890
5923
6501
5891
5924
6502
5892
5925
6503
5893
5926
6504
5894
5927
6505
5895
5928
6506
5896
5929
6507
5897
5930
6508
5898
5931
6509
5899
5932
6510
5900
5933
6511
5901
5934
6512
5902
5935
6513
5903
5936
6514
5904
5937
6515
5905
5938
6516
5906
5939
6517
5907
5940
6518
5908
5941
6519
5909
5942
6520
5910
5943
6521
5911
5944
6522
5912
5945
6523
5913
5946
6524
5914
5947
6525
5915
5948
6526
5949
6527
5917
5950
6528
5918
5951
6529
5919
5952
6530
5920
5953
6531
5921
5954
6532
5922
5955
6533
5923
5956
6534
5924
5957
6535
5925
5958
6536
5926
5959
6537
5927
5960
6538
5928
5961
6539
5929
5962
6540
5930
5963
6541
5931
5964
6542
5932
5965
6543
5933
5966
6544
5934
5967
6545
5935
5968
6546
5936
5969
6547
5937
5970
6548
5938
5971
6549
5939
5972
6550
5940
5973
6551
5941
5974
6552
5942
5975
6553
5943
5976
6554
5944
5977
6555
5945
5978
6556
5946
5979
6557
5947
5980
6558
5948
5981
6559
5949
5982
6560
5983
6561
5951
5984
6562
5952
5985
6563
5953
5986
6564
5954
5987
6565
5955
5988
6566
5956
5989
6567
5957
5990
6568
5958
5991
6569
5959
5992
6570
5960
5993
6571
5961
5994
6572
5962
5995
6573
5963
5996
6574
5964
5997
6575
5965
5998
6576
5966
5999
6577
5967
6000
6578
5968
6001
6579
5969
6002
6580
5970
6003
6581
5971
6004
6582
5972
6005
6583
5973
6006
6584
5974
6007
6585
5975
6008
6586
5976
6009
6587
5977
6010
6588
5978
6011
6589
5979
6012
6590
5980
6013
6591
5981
6014
6592
5982
6015
6593
5983
6016
6594
6017
6595
5985
6018
6596
5986
6019
6597
5987
6020
6598
5988
6021
6599
5989
6022
6600
5990
6023
6601
5991
6024
6602
5992
6025
6603
5993
6026
6604
5994
6027
6605
5995
6028
6606
5996
6029
6607
5997
6030
6608
5998
6031
6609
5999
6032
6610
6000
6033
6611
6001
6034
6612
6002
6035
6613
6003
6036
6614
6004
6037
6615
6005
6038
6616
6006
6039
6617
6007
6040
6618
6008
6041
6619
6009
6042
6620
6010
6043
6621
6011
6044
6622
6012
6045
6623
6013
6046
6624
6014
6047
6625
6015
6048
6626
6016
6049
6627
6017
6050
6628
6051
6629
6019
6052
6630
6020
6053
6631
6021
6054
6632
6022
6055
6633
6023
6056
6634
6024
6057
6635
6025
6058
6636
6026
6059
6637
6027
6060
6638
6028
6061
6639
6029
6062
6640
6030
6063
6641
6031
6064
6642
6032
6065
6643
6033
6066
6644
6034
6067
6645
6035
6068
6646
6036
6069
6647
6037
6070
6648
6038
6071
6649
6039
6072
6650
6040
6073
6651
6041
6074
6652
6042
6075
6653
6043
6076
6654
6044
6077
6655
6045
6078
6656
6046
6079
6657
6047
6080
6658
6048
6081
6659
6049
6082
6660
6050
6083
6661
6051
6084
6662
6085
6663
6053
6086
6664
6054
6087
6665
6055
6088
6666
6056
6089
6667
6057
6090
6668
6058
6091
6669
6059
6092
6670
6060
6093
6671
6061
6094
6672
6062
6095
6673
6063
6096
6674
6064
6097
6675
6065
6098
6676
6066
6099
6677
6067
6100
6678
6068
6101
6679
6069
6102
6680
6070
6103
6681
6071
6104
6682
6072
6105
6683
6073
6106
6684
6074
6107
6685
6075
6108
6686
6076
6109
6687
6077
6110
6688
6078
6111
6689
6079
6112
6690
6080
6113
6691
6081
6114
6692
6082
6115
6693
6083
6116
6694
6084
6117
6695
6085
6118
6696
6119
6697
6087
6698
6088
6699
6089
6700
6090
6701
6091
6702
6092
6703
6093
6704
6094
6705
6095
6706
6096
6707
6097
6708
6098
6709
6099
6710
6100
6711
6101
6712
6102
6713
6103
6714
6104
6715
6105
6716
6106
6717
6107
6718
6108
6719
6109
6720
6110
6721
6111
6722
6112
6723
6113
6724
6114
6725
6115
6726
6116
6727
6117
6728
6118
6729
6119
6730
6731
6121
6154
6732
6122
6155
6733
6123
6156
6734
6124
6157
6735
6125
6158
6736
6126
6159
6737
6127
6160
6738
6128
6161
6739
6129
6162
6740
6130
6163
6741
6131
6164
6742
6132
6165
6743
6133
6166
6744
6134
6167
6745
6135
6168
6746
6136
6169
6747
6137
6170
6748
6138
6171
6749
6139
6172
6750
6140
6173
6751
6141
6174
6752
6142
6175
6753
6143
6176
6754
6144
6177
6755
6145
6178
6756
6146
6179
6757
6147
6180
6758
6148
6181
6759
6149
6182
6760
6150
6183
6761
6151
6184
6762
6152
6185
6763
6153
6186
6764
6187
6765
6155
6188
6766
6156
6189
6767
6157
6190
6768
6158
6191
6769
6159
6192
6770
6160
6193
6771
6161
6194
6772
6162
6195
6773
6163
6196
6774
6164
6197
6775
6165
6198
6776
6166
6199
6777
6167
6200
6778
6168
6201
6779
6169
6202
6780
6170
6203
6781
6171
6204
6782
6172
6205
6783
6173
6206
6784
6174
6207
6785
6175
6208
6786
6176
6209
6787
6177
6210
6788
6178
6211
6789
6179
6212
6790
6180
6213
6791
6181
6214
6792
6182
6215
6793
6183
6216
6794
6184
6217
6795
6185
6218
6796
6186
6219
6797
6187
6220
6798
6221
6799
6189
6222
6800
6190
6223
6801
6191
6224
6802
6192
6225
6803
6193
6226
6804
6194
6227
6805
6195
6228
6806
6196
6229
6807
6197
6230
6808
6198
6231
6809
6199
6232
6810
6200
6233
6811
6201
6234
6812
6202
6235
6813
6203
6236
6814
6204
6237
6815
6205
6238
6816
6206
6239
6817
6207
6240
6818
6208
6241
6819
6209
6242
6820
6210
6243
6821
6211
6244
6822
6212
6245
6823
6213
6246
6824
6214
6247
6825
6215
6248
6826
6216
6249
6827
6217
6250
6828
6218
6251
6829
6219
6252
6830
6220
6253
6831
6221
6254
6832
6255
6833
6223
6256
6834
6224
6257
6835
6225
6258
6836
6226
6259
6837
6227
6260
6838
6228
6261
6839
6229
6262
6840
6230
6263
6841
6231
6264
6842
6232
6265
6843
6233
6266
6844
6234
6267
6845
6235
6268
6846
6236
6269
6847
6237
6270
6848
6238
6271
6849
6239
6272
6850
6240
6273
6851
6241
6274
6852
6242
6275
6853
6243
6276
6854
6244
6277
6855
6245
6278
6856
6246
6279
6857
6247
6280
6858
6248
6281
6859
6249
6282
6860
6250
6283
6861
6251
6284
6862
6252
6285
6863
6253
6286
6864
6254
6287
6865
6255
6288
6866
6289
6867
6257
6290
6868
6258
6291
6869
6259
6292
6870
6260
6293
6871
6261
6294
6872
6262
6295
6873
6263
6296
6874
6264
6297
6875
6265
6298
6876
6266
6299
6877
6267
6300
6878
6268
6301
6879
6269
6302
6880
6270
6303
6881
6271
6304
6882
6272
6305
6883
6273
6306
6884
6274
6307
6885
6275
6308
6886
6276
6309
6887
6277
6310
6888
6278
6311
6889
6279
6312
6890
6280
6313
6891
6281
6314
6892
6282
6315
6893
6283
6316
6894
6284
6317
6895
6285
6318
6896
6286
6319
6897
6287
6320
6898
6288
6321
6899
6289
6322
6900
6323
6901
6291
6324
6902
6292
6325
6903
6293
6326
6904
6294
6327
6905
6295
6328
6906
6296
6329
6907
6297
6330
6908
6298
6331
6909
6299
6332
6910
6300
6333
6911
6301
6334
6912
6302
6335
6913
6303
6336
6914
6304
6337
6915
6305
6338
6916
6306
6339
6917
6307
6340
6918
6308
6341
6919
6309
6342
6920
6310
6343
6921
6311
6344
6922
6312
6345
6923
6313
6346
6924
6314
6347
6925
6315
6348
6926
6316
6349
6927
6317
6350
6928
6318
6351
6929
6319
6352
6930
6320
6353
6931
6321
6354
6932
6322
6355
6933
6323
6356
6934
6357
6935
6325
6358
6936
6326
6359
6937
6327
6360
6938
6328
6361
6939
6329
6362
6940
6330
6363
6941
6331
6364
6942
6332
6365
6943
6333
6366
6944
6334
6367
6945
6335
6368
6946
6336
6369
6947
6337
6370
6948
6338
6371
6949
6339
6372
6950
6340
6373
6951
6341
6374
6952
6342
6375
6953
6343
6376
6954
6344
6377
6955
6345
6378
6956
6346
6379
6957
6347
6380
6958
6348
6381
6959
6349
6382
6960
6350
6383
6961
6351
6384
6962
6352
6385
6963
6353
6386
6964
6354
6387
6965
6355
6388
6966
6356
6389
6967
6357
6390
6968
6391
6969
6359
6392
6970
6360
6393
6971
6361
6394
6972
6362
6395
6973
6363
6396
6974
6364
6397
6975
6365
6398
6976
6366
6399
6977
6367
6400
6978
6368
6401
6979
6369
6402
6980
6370
6403
6981
6371
6404
6982
6372
6405
6983
6373
6406
6984
6374
6407
6985
6375
6408
6986
6376
6409
6987
6377
6410
6988
6378
6411
6989
6379
6412
6990
6380
6413
6991
6381
6414
6992
6382
6415
6993
6383
6416
6994
6384
6417
6995
6385
6418
6996
6386
6419
6997
6387
6420
6998
6388
6421
6999
6389
6422
7000
6390
6423
7001
6391
6424
7002
6425
7003
6393
6426
7004
6394
6427
7005
6395
6428
7006
6396
6429
7007
6397
6430
7008
6398
6431
7009
6399
6432
7010
6400
6433
7011
6401
6434
7012
6402
6435
7013
6403
6436
7014
6404
6437
7015
6405
6438
7016
6406
6439
7017
6407
6440
7018
6408
6441
7019
6409
6442
7020
6410
6443
7021
6411
6444
7022
6412
6445
7023
6413
6446
7024
6414
6447
7025
6415
6448
7026
6416
6449
7027
6417
6450
7028
6418
6451
7029
6419
6452
7030
6420
6453
7031
6421
6454
7032
6422
6455
7033
6423
6456
7034
6424
6457
7035
6425
6458
7036
6459
7037
6427
6460
7038
6428
6461
7039
6429
6462
7040
6430
6463
7041
6431
6464
7042
6432
6465
7043
6433
6466
7044
6434
6467
7045
6435
6468
7046
6436
6469
7047
6437
6470
7048
6438
6471
7049
6439
6472
7050
6440
6473
7051
6441
6474
7052
6442
6475
7053
6443
6476
7054
6444
6477
7055
6445
6478
7056
6446
6479
7057
6447
6480
7058
6448
6481
7059
6449
6482
7060
6450
6483
7061
6451
6484
7062
6452
6485
7063
6453
6486
7064
6454
6487
7065
6455
6488
7066
6456
6489
7067
6457
6490
7068
6458
6491
7069
6459
6492
7070
6493
7071
6461
6494
7072
6462
6495
7073
6463
6496
7074
6464
6497
7075
6465
6498
7076
6466
6499
7077
6467
6500
7078
6468
6501
7079
6469
6502
7080
6470
6503
7081
6471
6504
7082
6472
6505
7083
6473
6506
7084
6474
6507
7085
6475
6508
7086
6476
6509
7087
6477
6510
7088
6478
6511
7089
6479
6512
7090
6480
6513
7091
6481
6514
7092
6482
6515
7093
6483
6516
7094
6484
6517
7095
6485
6518
7096
6486
6519
7097
6487
6520
7098
6488
6521
7099
6489
6522
7100
6490
6523
7101
6491
6524
7102
6492
6525
7103
6493
6526
7104
6527
7105
6495
6528
7106
6496
6529
7107
6497
6530
7108
6498
6531
7109
6499
6532
7110
6500
6533
7111
6501
6534
7112
6502
6535
7113
6503
6536
7114
6504
6537
7115
6505
6538
7116
6506
6539
7117
6507
6540
7118
6508
6541
7119
6509
6542
7120
6510
6543
7121
6511
6544
7122
6512
6545
7123
6513
6546
7124
6514
6547
7125
6515
6548
7126
6516
6549
7127
6517
6550
7128
6518
6551
7129
6519
6552
7130
6520
6553
7131
6521
6554
7132
6522
6555
7133
6523
6556
7134
6524
6557
7135
6525
6558
7136
6526
6559
7137
6527
6560
7138
6561
7139
6529
6562
7140
6530
6563
7141
6531
6564
7142
6532
6565
7143
6533
6566
7144
6534
6567
7145
6535
6568
7146
6536
6569
7147
6537
6570
7148
6538
6571
7149
6539
6572
7150
6540
6573
7151
6541
6574
7152
6542
6575
7153
6543
6576
7154
6544
6577
7155
6545
6578
7156
6546
6579
7157
6547
6580
7158
6548
6581
7159
6549
6582
7160
6550
6583
7161
6551
6584
7162
6552
6585
7163
6553
6586
7164
6554
6587
7165
6555
6588
7166
6556
6589
7167
6557
6590
7168
6558
6591
7169
6559
6592
7170
6560
6593
7171
6561
6594
7172
6595
7173
6563
6596
7174
6564
6597
7175
6565
6598
7176
6566
6599
7177
6567
6600
7178
6568
6601
7179
6569
6602
7180
6570
6603
7181
6571
6604
7182
6572
6605
7183
6573
6606
7184
6574
6607
7185
6575
6608
7186
6576
6609
7187
6577
6610
7188
6578
6611
7189
6579
6612
7190
6580
6613
7191
6581
6614
7192
6582
6615
7193
6583
6616
7194
6584
6617
7195
6585
6618
7196
6586
6619
7197
6587
6620
7198
6588
6621
7199
6589
6622
7200
6590
6623
7201
6591
6624
7202
6592
6625
7203
6593
6626
7204
6594
6627
7205
6595
6628
7206
6629
7207
6597
6630
7208
6598
6631
7209
6599
6632
7210
6600
6633
7211
6601
6634
7212
6602
6635
7213
6603
6636
7214
6604
6637
7215
6605
6638
7216
6606
6639
7217
6607
6640
7218
6608
6641
7219
6609
6642
7220
6610
6643
7221
6611
6644
7222
6612
6645
7223
6613
6646
7224
6614
6647
7225
6615
6648
7226
6616
6649
7227
6617
6650
7228
6618
6651
7229
6619
6652
7230
6620
6653
7231
6621
6654
7232
6622
6655
7233
6623
6656
7234
6624
6657
7235
6625
6658
7236
6626
6659
7237
6627
6660
7238
6628
6661
7239
6629
6662
7240
6663
7241
6631
6664
7242
6632
6665
7243
6633
6666
7244
6634
6667
7245
6635
6668
7246
6636
6669
7247
6637
6670
7248
6638
6671
7249
6639
6672
7250
6640
6673
7251
6641
6674
7252
6642
6675
7253
6643
6676
7254
6644
6677
7255
6645
6678
7256
6646
6679
7257
6647
6680
7258
6648
6681
7259
6649
6682
7260
6650
6683
7261
6651
6684
7262
6652
6685
7263
6653
6686
7264
6654
6687
7265
6655
6688
7266
6656
6689
7267
6657
6690
7268
6658
6691
7269
6659
6692
7270
6660
6693
7271
6661
6694
7272
6662
6695
7273
6663
6696
7274
6697
7275
6665
6698
7276
6666
6699
7277
6667
6700
7278
6668
6701
7279
6669
6702
7280
6670
6703
7281
6671
6704
7282
6672
6705
7283
6673
6706
7284
6674
6707
7285
6675
6708
7286
6676
6709
7287
6677
6710
7288
6678
6711
7289
6679
6712
7290
6680
6713
7291
6681
6714
7292
6682
6715
7293
6683
6716
7294
6684
6717
7295
6685
6718
7296
6686
6719
7297
6687
6720
7298
6688
6721
7299
6689
6722
7300
6690
6723
7301
6691
6724
7302
6692
6725
7303
6693
6726
7304
6694
6727
7305
6695
6728
7306
6696
6729
7307
6697
6730
7308
6731
7309
6699
7310
6700
7311
6701
7312
6702
7313
6703
7314
6704
7315
6705
7316
6706
7317
6707
7318
6708
7319
6709
7320
6710
7321
6711
7322
6712
7323
6713
7324
6714
7325
6715
7326
6716
7327
6717
7328
6718
7329
6719
7330
6720
7331
6721
7332
6722
7333
6723
7334
6724
7335
6725
7336
6726
7337
6727
7338
6728
7339
6729
7340
6730
7341
6731
7342
7343
6733
6766
7344
6734
6767
7345
6735
6768
7346
6736
6769
7347
6737
6770
7348
6738
6771
7349
6739
6772
7350
6740
6773
7351
6741
6774
7352
6742
6775
7353
6743
6776
7354
6744
6777
7355
6745
6778
7356
6746
6779
7357
6747
6780
7358
6748
6781
7359
6749
6782
7360
6750
6783
7361
6751
6784
7362
6752
6785
7363
6753
6786
7364
6754
6787
7365
6755
6788
7366
6756
6789
7367
6757
6790
7368
6758
6791
7369
6759
6792
7370
6760
6793
7371
6761
6794
7372
6762
6795
7373
6763
6796
7374
6764
6797
7375
6765
6798
7376
6799
7377
6767
6800
7378
6768
6801
7379
6769
6802
7380
6770
6803
7381
6771
6804
7382
6772
6805
7383
6773
6806
7384
6774
6807
7385
6775
6808
7386
6776
6809
7387
6777
6810
7388
6778
6811
7389
6779
6812
7390
6780
6813
7391
6781
6814
7392
6782
6815
7393
6783
6816
7394
6784
6817
7395
6785
6818
7396
6786
6819
7397
6787
6820
7398
6788
6821
7399
6789
6822
7400
6790
6823
7401
6791
6824
7402
6792
6825
7403
6793
6826
7404
6794
6827
7405
6795
6828
7406
6796
6829
7407
6797
6830
7408
6798
6831
7409
6799
6832
7410
6833
7411
6801
6834
7412
6802
6835
7413
6803
6836
7414
6804
6837
7415
6805
6838
7416
6806
6839
7417
6807
6840
7418
6808
6841
7419
6809
6842
7420
6810
6843
7421
6811
6844
7422
6812
6845
7423
6813
6846
7424
6814
6847
7425
6815
6848
7426
6816
6849
7427
6817
6850
7428
6818
6851
7429
6819
6852
7430
6820
6853
7431
6821
6854
7432
6822
6855
7433
6823
6856
7434
6824
6857
7435
6825
6858
7436
6826
6859
7437
6827
6860
7438
6828
6861
7439
6829
6862
7440
6830
6863
7441
6831
6864
7442
6832
6865
7443
6833
6866
7444
6867
7445
6835
6868
7446
6836
6869
7447
6837
6870
7448
6838
6871
7449
6839
6872
7450
6840
6873
7451
6841
6874
7452
6842
6875
7453
6843
6876
7454
6844
6877
7455
6845
6878
7456
6846
6879
7457
6847
6880
7458
6848
6881
7459
6849
6882
7460
6850
6883
7461
6851
6884
7462
6852
6885
7463
6853
6886
7464
6854
6887
7465
6855
6888
7466
6856
6889
7467
6857
6890
7468
6858
6891
7469
6859
6892
7470
6860
6893
7471
6861
6894
7472
6862
6895
7473
6863
6896
7474
6864
6897
7475
6865
6898
7476
6866
6899
7477
6867
6900
7478
6901
7479
6869
6902
7480
6870
6903
7481
6871
6904
7482
6872
6905
7483
6873
6906
7484
6874
6907
7485
6875
6908
7486
6876
6909
7487
6877
6910
7488
6878
6911
7489
6879
6912
7490
6880
6913
7491
6881
6914
7492
6882
6915
7493
6883
6916
7494
6884
6917
7495
6885
6918
7496
6886
6919
7497
6887
6920
7498
6888
6921
7499
6889
6922
7500
6890
6923
7501
6891
6924
7502
6892
6925
7503
6893
6926
7504
6894
6927
7505
6895
6928
7506
6896
6929
7507
6897
6930
7508
6898
6931
7509
6899
6932
7510
6900
6933
7511
6901
6934
7512
6935
7513
6903
6936
7514
6904
6937
7515
6905
6938
7516
6906
6939
7517
6907
6940
7518
6908
6941
7519
6909
6942
7520
6910
6943
7521
6911
6944
7522
6912
6945
7523
6913
6946
7524
6914
6947
7525
6915
6948
7526
6916
6949
7527
6917
6950
7528
6918
6951
7529
6919
6952
7530
6920
6953
7531
6921
6954
7532
6922
6955
7533
6923
6956
7534
6924
6957
7535
6925
6958
7536
6926
6959
7537
6927
6960
7538
6928
6961
7539
6929
6962
7540
6930
6963
7541
6931
6964
7542
6932
6965
7543
6933
6966
7544
6934
6967
7545
6935
6968
7546
6969
7547
6937
6970
7548
6938
6971
7549
6939
6972
7550
6940
6973
7551
6941
6974
7552
6942
6975
7553
6943
6976
7554
6944
6977
7555
6945
6978
7556
6946
6979
7557
6947
6980
7558
6948
6981
7559
6949
6982
7560
6950
6983
7561
6951
6984
7562
6952
6985
7563
6953
6986
7564
6954
6987
7565
6955
6988
7566
6956
6989
7567
6957
6990
7568
6958
6991
7569
6959
6992
7570
6960
6993
7571
6961
6994
7572
6962
6995
7573
6963
6996
7574
6964
6997
7575
6965
6998
7576
6966
6999
7577
6967
7000
7578
6968
7001
7579
6969
7002
7580
7003
7581
6971
7004
7582
6972
7005
7583
6973
7006
7584
6974
7007
7585
6975
7008
7586
6976
7009
7587
6977
7010
7588
6978
7011
7589
6979
7012
7590
6980
7013
7591
6981
7014
7592
6982
7015
7593
6983
7016
7594
6984
7017
7595
6985
7018
7596
6986
7019
7597
6987
7020
7598
6988
7021
7599
6989
7022
7600
6990
7023
7601
6991
7024
7602
6992
7025
7603
6993
7026
7604
6994
7027
7605
6995
7028
7606
6996
7029
7607
6997
7030
7608
6998
7031
7609
6999
7032
7610
7000
7033
7611
7001
7034
7612
7002
7035
7613
7003
7036
7614
7037
7615
7005
7038
7616
7006
7039
7617
7007
7040
7618
7008
7041
7619
7009
7042
7620
7010
7043
7621
7011
7044
7622
7012
7045
7623
7013
7046
7624
7014
7047
7625
7015
7048
7626
7016
7049
7627
7017
7050
7628
7018
7051
7629
7019
7052
7630
7020
7053
7631
7021
7054
7632
7022
7055
7633
7023
7056
7634
7024
7057
7635
7025
7058
7636
7026
7059
7637
7027
7060
7638
7028
7061
7639
7029
7062
7640
7030
7063
7641
7031
7064
7642
7032
7065
7643
7033
7066
7644
7034
7067
7645
7035
7068
7646
7036
7069
7647
7037
7070
7648
7071
7649
7039
7072
7650
7040
7073
7651
7041
7074
7652
7042
7075
7653
7043
7076
7654
7044
7077
7655
7045
7078
7656
7046
7079
7657
7047
7080
7658
7048
7081
7659
7049
7082
7660
7050
7083
7661
7051
7084
7662
7052
7085
7663
7053
7086
7664
7054
7087
7665
7055
7088
7666
7056
7089
7667
7057
7090
7668
7058
7091
7669
7059
7092
7670
7060
7093
7671
7061
7094
7672
7062
7095
7673
7063
7096
7674
7064
7097
7675
7065
7098
7676
7066
7099
7677
7067
7100
7678
7068
7101
7679
7069
7102
7680
7070
7103
7681
7071
7104
7682
7105
7683
7073
7106
7684
7074
7107
7685
7075
7108
7686
7076
7109
7687
7077
7110
7688
7078
7111
7689
7079
7112
7690
7080
7113
7691
7081
7114
7692
7082
7115
7693
7083
7116
7694
7084
7117
7695
7085
7118
7696
7086
7119
7697
7087
7120
7698
7088
7121
7699
7089
7122
7700
7090
7123
7701
7091
7124
7702
7092
7125
7703
7093
7126
7704
7094
7127
7705
7095
7128
7706
7096
7129
7707
7097
7130
7708
7098
7131
7709
7099
7132
7710
7100
7133
7711
7101
7134
7712
7102
7135
7713
7103
7136
7714
7104
7137
7715
7105
7138
7716
7139
7717
7107
7140
7718
7108
7141
7719
7109
7142
7720
7110
7143
7721
7111
7144
7722
7112
7145
7723
7113
7146
7724
7114
7147
7725
7115
7148
7726
7116
7149
7727
7117
7150
7728
7118
7151
7729
7119
7152
7730
7120
7153
7731
7121
7154
7732
7122
7155
7733
7123
7156
7734
7124
7157
7735
7125
7158
7736
7126
7159
7737
7127
7160
7738
7128
7161
7739
7129
7162
7740
7130
7163
7741
7131
7164
7742
7132
7165
7743
7133
7166
7744
7134
7167
7745
7135
7168
7746
7136
7169
7747
7137
7170
7748
7138
7171
7749
7139
7172
7750
7173
7751
7141
7174
7752
7142
7175
7753
7143
7176
7754
7144
7177
7755
7145
7178
7756
7146
7179
7757
7147
7180
7758
7148
7181
7759
7149
7182
7760
7150
7183
7761
7151
7184
7762
7152
7185
7763
7153
7186
7764
7154
7187
7765
7155
7188
7766
7156
7189
7767
7157
7190
7768
7158
7191
7769
7159
7192
7770
7160
7193
7771
7161
7194
7772
7162
7195
7773
7163
7196
7774
7164
7197
7775
7165
7198
7776
7166
7199
7777
7167
7200
7778
7168
7201
7779
7169
7202
7780
7170
7203
7781
7171
7204
7782
7172
7205
7783
7173
7206
7784
7207
7785
7175
7208
7786
7176
7209
7787
7177
7210
7788
7178
7211
7789
7179
7212
7790
7180
7213
7791
7181
7214
7792
7182
7215
7793
7183
7216
7794
7184
7217
7795
7185
7218
7796
7186
7219
7797
7187
7220
7798
7188
7221
7799
7189
7222
7800
7190
7223
7801
7191
7224
7802
7192
7225
7803
7193
7226
7804
7194
7227
7805
7195
7228
7806
7196
7229
7807
7197
7230
7808
7198
7231
7809
7199
7232
7810
7200
7233
7811
7201
7234
7812
7202
7235
7813
7203
7236
7814
7204
7237
7815
7205
7238
7816
7206
7239
7817
7207
7240
7818
7241
7819
7209
7242
7820
7210
7243
7821
7211
7244
7822
7212
7245
7823
7213
7246
7824
7214
7247
7825
7215
7248
7826
7216
7249
7827
7217
7250
7828
7218
7251
7829
7219
7252
7830
7220
7253
7831
7221
7254
7832
7222
7255
7833
7223
7256
7834
7224
7257
7835
7225
7258
7836
7226
7259
7837
7227
7260
7838
7228
7261
7839
7229
7262
7840
7230
7263
7841
7231
7264
7842
7232
7265
7843
7233
7266
7844
7234
7267
7845
7235
7268
7846
7236
7269
7847
7237
7270
7848
7238
7271
7849
7239
7272
7850
7240
7273
7851
7241
7274
7852
7275
7853
7243
7276
7854
7244
7277
7855
7245
7278
7856
7246
7279
7857
7247
7280
7858
7248
7281
7859
7249
7282
7860
7250
7283
7861
7251
7284
7862
7252
7285
7863
7253
7286
7864
7254
7287
7865
7255
7288
7866
7256
7289
7867
7257
7290
7868
7258
7291
7869
7259
7292
7870
7260
7293
7871
7261
7294
7872
7262
7295
7873
7263
7296
7874
7264
7297
7875
7265
7298
7876
7266
7299
7877
7267
7300
7878
7268
7301
7879
7269
7302
7880
7270
7303
7881
7271
7304
7882
7272
7305
7883
7273
7306
7884
7274
7307
7885
7275
7308
7886
7309
7887
7277
7310
7888
7278
7311
7889
7279
7312
7890
7280
7313
7891
7281
7314
7892
7282
7315
7893
7283
7316
7894
7284
7317
7895
7285
7318
7896
7286
7319
7897
7287
7320
7898
7288
7321
7899
7289
7322
7900
7290
7323
7901
7291
7324
7902
7292
7325
7903
7293
7326
7904
7294
7327
7905
7295
7328
7906
7296
7329
7907
7297
7330
7908
7298
7331
7909
7299
7332
7910
7300
7333
7911
7301
7334
7912
7302
7335
7913
7303
7336
7914
7304
7337
7915
7305
7338
7916
7306
7339
7917
7307
7340
7918
7308
7341
7919
7309
7342
7920
7343
7921
7311
7922
7312
7923
7313
7924
7314
7925
7315
7926
7316
7927
7317
7928
7318
7929
7319
7930
7320
7931
7321
7932
7322
7933
7323
7934
7324
7935
7325
7936
7326
7937
7327
7938
7328
7939
7329
7940
7330
7941
7331
7942
7332
7943
7333
7944
7334
7945
7335
7946
7336
7947
7337
7948
7338
7949
7339
7950
7340
7951
7341
7952
7342
7953
7343
7954
7955
7345
7378
7956
7346
7379
7957
7347
7380
7958
7348
7381
7959
7349
7382
7960
7350
7383
7961
7351
7384
7962
7352
7385
7963
7353
7386
7964
7354
7387
7965
7355
7388
7966
7356
7389
7967
7357
7390
7968
7358
7391
7969
7359
7392
7970
7360
7393
7971
7361
7394
7972
7362
7395
7973
7363
7396
7974
7364
7397
7975
7365
7398
7976
7366
7399
7977
7367
7400
7978
7368
7401
7979
7369
7402
7980
7370
7403
7981
7371
7404
7982
7372
7405
7983
7373
7406
7984
7374
7407
7985
7375
7408
7986
7376
7409
7987
7377
7410
7988
7411
7989
7379
7412
7990
7380
7413
7991
7381
7414
7992
7382
7415
7993
7383
7416
7994
7384
7417
7995
7385
7418
7996
7386
7419
7997
7387
7420
7998
7388
7421
7999
7389
7422
8000
7390
7423
8001
7391
7424
8002
7392
7425
8003
7393
7426
8004
7394
7427
8005
7395
7428
8006
7396
7429
8007
7397
7430
8008
7398
7431
8009
7399
7432
8010
7400
7433
8011
7401
7434
8012
7402
7435
8013
7403
7436
8014
7404
7437
8015
7405
7438
8016
7406
7439
8017
7407
7440
8018
7408
7441
8019
7409
7442
8020
7410
7443
8021
7411
7444
8022
7445
8023
7413
7446
8024
7414
7447
8025
7415
7448
8026
7416
7449
8027
7417
7450
8028
7418
7451
8029
7419
7452
8030
7420
7453
8031
7421
7454
8032
7422
7455
8033
7423
7456
8034
7424
7457
8035
7425
7458
8036
7426
7459
8037
7427
7460
8038
7428
7461
8039
7429
7462
8040
7430
7463
8041
7431
7464
8042
7432
7465
8043
7433
7466
8044
7434
7467
8045
7435
7468
8046
7436
7469
8047
7437
7470
8048
7438
7471
8049
7439
7472
8050
7440
7473
8051
7441
7474
8052
7442
7475
8053
7443
7476
8054
7444
7477
8055
7445
7478
8056
7479
8057
7447
7480
8058
7448
7481
8059
7449
7482
8060
7450
7483
8061
7451
7484
8062
7452
7485
8063
7453
7486
8064
7454
7487
8065
7455
7488
8066
7456
7489
8067
7457
7490
8068
7458
7491
8069
7459
7492
8070
7460
7493
8071
7461
7494
8072
7462
7495
8073
7463
7496
8074
7464
7497
8075
7465
7498
8076
7466
7499
8077
7467
7500
8078
7468
7501
8079
7469
7502
8080
7470
7503
8081
7471
7504
8082
7472
7505
8083
7473
7506
8084
7474
7507
8085
7475
7508
8086
7476
7509
8087
7477
7510
8088
7478
7511
8089
7479
7512
8090
7513
8091
7481
7514
8092
7482
7515
8093
7483
7516
8094
7484
7517
8095
7485
7518
8096
7486
7519
8097
7487
7520
8098
7488
7521
8099
7489
7522
8100
7490
7523
8101
7491
7524
8102
7492
7525
8103
7493
7526
8104
7494
7527
8105
7495
7528
8106
7496
7529
8107
7497
7530
8108
7498
7531
8109
7499
7532
8110
7500
7533
8111
7501
7534
8112
7502
7535
8113
7503
7536
8114
7504
7537
8115
7505
7538
8116
7506
7539
8117
7507
7540
8118
7508
7541
8119
7509
7542
8120
7510
7543
8121
7511
7544
8122
7512
7545
8123
7513
7546
8124
7547
8125
7515
7548
8126
7516
7549
8127
7517
7550
8128
7518
7551
8129
7519
7552
8130
7520
7553
8131
7521
7554
8132
7522
7555
8133
7523
7556
8134
7524
7557
8135
7525
7558
8136
7526
7559
8137
7527
7560
8138
7528
7561
8139
7529
7562
8140
7530
7563
8141
7531
7564
8142
7532
7565
8143
7533
7566
8144
7534
7567
8145
7535
7568
8146
7536
7569
8147
7537
7570
8148
7538
7571
8149
7539
7572
8150
7540
7573
8151
7541
7574
8152
7542
7575
8153
7543
7576
8154
7544
7577
8155
7545
7578
8156
7546
7579
8157
7547
7580
8158
7581
8159
7549
7582
8160
7550
7583
8161
7551
7584
8162
7552
7585
8163
7553
7586
8164
7554
7587
8165
7555
7588
8166
7556
7589
8167
7557
7590
8168
7558
7591
8169
7559
7592
8170
7560
7593
8171
7561
7594
8172
7562
7595
8173
7563
7596
8174
7564
7597
8175
7565
7598
8176
7566
7599
8177
7567
7600
8178
7568
7601
8179
7569
7602
8180
7570
7603
8181
7571
7604
8182
7572
7605
8183
7573
7606
8184
7574
7607
8185
7575
7608
8186
7576
7609
8187
7577
7610
8188
7578
7611
8189
7579
7612
8190
7580
7613
8191
7581
7614
8192
7615
8193
7583
7616
8194
7584
7617
8195
7585
7618
8196
7586
7619
8197
7587
7620
8198
7588
7621
8199
7589
7622
8200
7590
7623
8201
7591
7624
8202
7592
7625
8203
7593
7626
8204
7594
7627
8205
7595
7628
8206
7596
7629
8207
7597
7630
8208
7598
7631
8209
7599
7632
8210
7600
7633
8211
7601
7634
8212
7602
7635
8213
7603
7636
8214
7604
7637
8215
7605
7638
8216
7606
7639
8217
7607
7640
8218
7608
7641
8219
7609
7642
8220
7610
7643
8221
7611
7644
8222
7612
7645
8223
7613
7646
8224
7614
7647
8225
7615
7648
8226
7649
8227
7617
7650
8228
7618
7651
8229
7619
7652
8230
7620
7653
8231
7621
7654
8232
7622
7655
8233
7623
7656
8234
7624
7657
8235
7625
7658
8236
7626
7659
8237
7627
7660
8238
7628
7661
8239
7629
7662
8240
7630
7663
8241
7631
7664
8242
7632
7665
8243
7633
7666
8244
7634
7667
8245
7635
7668
8246
7636
7669
8247
7637
7670
8248
7638
7671
8249
7639
7672
8250
7640
7673
8251
7641
7674
8252
7642
7675
8253
7643
7676
8254
7644
7677
8255
7645
7678
8256
7646
7679
8257
7647
7680
8258
7648
7681
8259
7649
7682
8260
7683
8261
7651
7684
8262
7652
7685
8263
7653
7686
8264
7654
7687
8265
7655
7688
8266
7656
7689
8267
7657
7690
8268
7658
7691
8269
7659
7692
8270
7660
7693
8271
7661
7694
8272
7662
7695
8273
7663
7696
8274
7664
7697
8275
7665
7698
8276
7666
7699
8277
7667
7700
8278
7668
7701
8279
7669
7702
8280
7670
7703
8281
7671
7704
8282
7672
7705
8283
7673
7706
8284
7674
7707
8285
7675
7708
8286
7676
7709
8287
7677
7710
8288
7678
7711
8289
7679
7712
8290
7680
7713
8291
7681
7714
8292
7682
7715
8293
7683
7716
8294
7717
8295
7685
7718
8296
7686
7719
8297
7687
7720
8298
7688
7721
8299
7689
7722
8300
7690
7723
8301
7691
7724
8302
7692
7725
8303
7693
7726
8304
7694
7727
8305
7695
7728
8306
7696
7729
8307
7697
7730
8308
7698
7731
8309
7699
7732
8310
7700
7733
8311
7701
7734
8312
7702
7735
8313
7703
7736
8314
7704
7737
8315
7705
7738
8316
7706
7739
8317
7707
7740
8318
7708
7741
8319
7709
7742
8320
7710
7743
8321
7711
7744
8322
7712
7745
8323
7713
7746
8324
7714
7747
8325
7715
7748
8326
7716
7749
8327
7717
7750
8328
7751
8329
7719
7752
8330
7720
7753
8331
7721
7754
8332
7722
7755
8333
7723
7756
8334
7724
7757
8335
7725
7758
8336
7726
7759
8337
7727
7760
8338
7728
7761
8339
7729
7762
8340
7730
7763
8341
7731
7764
8342
7732
7765
8343
7733
7766
8344
7734
7767
8345
7735
7768
8346
7736
7769
8347
7737
7770
8348
7738
7771
8349
7739
7772
8350
7740
7773
8351
7741
7774
8352
7742
7775
8353
7743
7776
8354
7744
7777
8355
7745
7778
8356
7746
7779
8357
7747
7780
8358
7748
7781
8359
7749
7782
8360
7750
7783
8361
7751
7784
8362
7785
8363
7753
7786
8364
7754
7787
8365
7755
7788
8366
7756
7789
8367
7757
7790
8368
7758
7791
8369
7759
7792
8370
7760
7793
8371
7761
7794
8372
7762
7795
8373
7763
7796
8374
7764
7797
8375
7765
7798
8376
7766
7799
8377
7767
7800
8378
7768
7801
8379
7769
7802
8380
7770
7803
8381
7771
7804
8382
7772
7805
8383
7773
7806
8384
7774
7807
8385
7775
7808
8386
7776
7809
8387
7777
7810
8388
7778
7811
8389
7779
7812
8390
7780
7813
8391
7781
7814
8392
7782
7815
8393
7783
7816
8394
7784
7817
8395
7785
7818
8396
7819
8397
7787
7820
8398
7788
7821
8399
7789
7822
8400
7790
7823
8401
7791
7824
8402
7792
7825
8403
7793
7826
8404
7794
7827
8405
7795
7828
8406
7796
7829
8407
7797
7830
8408
7798
7831
8409
7799
7832
8410
7800
7833
8411
7801
7834
8412
7802
7835
8413
7803
7836
8414
7804
7837
8415
7805
7838
8416
7806
7839
8417
7807
7840
8418
7808
7841
8419
7809
7842
8420
7810
7843
8421
7811
7844
8422
7812
7845
8423
7813
7846
8424
7814
7847
8425
7815
7848
8426
7816
7849
8427
7817
7850
8428
7818
7851
8429
7819
7852
8430
7853
8431
7821
7854
8432
7822
7855
8433
7823
7856
8434
7824
7857
8435
7825
7858
8436
7826
7859
8437
7827
7860
8438
7828
7861
8439
7829
7862
8440
7830
7863
8441
7831
7864
8442
7832
7865
8443
7833
7866
8444
7834
7867
8445
7835
7868
8446
7836
7869
8447
7837
7870
8448
7838
7871
8449
7839
7872
8450
7840
7873
8451
7841
7874
8452
7842
7875
8453
7843
7876
8454
7844
7877
8455
7845
7878
8456
7846
7879
8457
7847
7880
8458
7848
7881
8459
7849
7882
8460
7850
7883
8461
7851
7884
8462
7852
7885
8463
7853
7886
8464
7887
8465
7855
7888
8466
7856
7889
8467
7857
7890
8468
7858
7891
8469
7859
7892
8470
7860
7893
8471
7861
7894
8472
7862
7895
8473
7863
7896
8474
7864
7897
8475
7865
7898
8476
7866
7899
8477
7867
7900
8478
7868
7901
8479
7869
7902
8480
7870
7903
8481
7871
7904
8482
7872
7905
8483
7873
7906
8484
7874
7907
8485
7875
7908
8486
7876
7909
8487
7877
7910
8488
7878
7911
8489
7879
7912
8490
7880
7913
8491
7881
7914
8492
7882
7915
8493
7883
7916
8494
7884
7917
8495
7885
7918
8496
7886
7919
8497
7887
7920
8498
7921
8499
7889
7922
8500
7890
7923
8501
7891
7924
8502
7892
7925
8503
7893
7926
8504
7894
7927
8505
7895
7928
8506
7896
7929
8507
7897
7930
8508
7898
7931
8509
7899
7932
8510
7900
7933
8511
7901
7934
8512
7902
7935
8513
7903
7936
8514
7904
7937
8515
7905
7938
8516
7906
7939
8517
7907
7940
8518
7908
7941
8519
7909
7942
8520
7910
7943
8521
7911
7944
8522
7912
7945
8523
7913
7946
8524
7914
7947
8525
7915
7948
8526
7916
7949
8527
7917
7950
8528
7918
7951
8529
7919
7952
8530
7920
7953
8531
7921
7954
8532
7955
8533
7923
8534
7924
8535
7925
8536
7926
8537
7927
8538
7928
8539
7929
8540
7930
8541
7931
8542
7932
8543
7933
8544
7934
8545
7935
8546
7936
8547
7937
8548
7938
8549
7939
8550
7940
8551
7941
8552
7942
8553
7943
8554
7944
8555
7945
8556
7946
8557
7947
8558
7948
8559
7949
8560
7950
8561
7951
8562
7952
8563
7953
8564
7954
8565
7955
8566
8567
7957
7990
8568
7958
7991
8569
7959
7992
8570
7960
7993
8571
7961
7994
8572
7962
7995
8573
7963
7996
8574
7964
7997
8575
7965
7998
8576
7966
7999
8577
7967
8000
8578
7968
8001
8579
7969
8002
8580
7970
8003
8581
7971
8004
8582
7972
8005
8583
7973
8006
8584
7974
8007
8585
7975
8008
8586
7976
8009
8587
7977
8010
8588
7978
8011
8589
7979
8012
8590
7980
8013
8591
7981
8014
8592
7982
8015
8593
7983
8016
8594
7984
8017
8595
7985
8018
8596
7986
8019
8597
7987
8020
8598
7988
8021
8599
7989
8022
8600
8023
8601
7991
8024
8602
7992
8025
8603
7993
8026
8604
7994
8027
8605
7995
8028
8606
7996
8029
8607
7997
8030
8608
7998
8031
8609
7999
8032
8610
8000
8033
8611
8001
8034
8612
8002
8035
8613
8003
8036
8614
8004
8037
8615
8005
8038
8616
8006
8039
8617
8007
8040
8618
8008
8041
8619
8009
8042
8620
8010
8043
8621
8011
8044
8622
8012
8045
8623
8013
8046
8624
8014
8047
8625
8015
8048
8626
8016
8049
8627
8017
8050
8628
8018
8051
8629
8019
8052
8630
8020
8053
8631
8021
8054
8632
8022
8055
8633
8023
8056
8634
8057
8635
8025
8058
8636
8026
8059
8637
8027
8060
8638
8028
8061
8639
8029
8062
8640
8030
8063
8641
8031
8064
8642
8032
8065
8643
8033
8066
8644
8034
8067
8645
8035
8068
8646
8036
8069
8647
8037
8070
8648
8038
8071
8649
8039
8072
8650
8040
8073
8651
8041
8074
8652
8042
8075
8653
8043
8076
8654
8044
8077
8655
8045
8078
8656
8046
8079
8657
8047
8080
8658
8048
8081
8659
8049
8082
8660
8050
8083
8661
8051
8084
8662
8052
8085
8663
8053
8086
8664
8054
8087
8665
8055
8088
8666
8056
8089
8667
8057
8090
8668
8091
8669
8059
8092
8670
8060
8093
8671
8061
8094
8672
8062
8095
8673
8063
8096
8674
8064
8097
8675
8065
8098
8676
8066
8099
8677
8067
8100
8678
8068
8101
8679
8069
8102
8680
8070
8103
8681
8071
8104
8682
8072
8105
8683
8073
8106
8684
8074
8107
8685
8075
8108
8686
8076
8109
8687
8077
8110
8688
8078
8111
8689
8079
8112
8690
8080
8113
8691
8081
8114
8692
8082
8115
8693
8083
8116
8694
8084
8117
8695
8085
8118
8696
8086
8119
8697
8087
8120
8698
8088
8121
8699
8089
8122
8700
8090
8123
8701
8091
8124
8702
8125
8703
8093
8126
8704
8094
8127
8705
8095
8128
8706
8096
8129
8707
8097
8130
8708
8098
8131
8709
8099
8132
8710
8100
8133
8711
8101
8134
8712
8102
8135
8713
8103
8136
8714
8104
8137
8715
8105
8138
8716
8106
8139
8717
8107
8140
8718
8108
8141
8719
8109
8142
8720
8110
8143
8721
8111
8144
8722
8112
8145
8723
8113
8146
8724
8114
8147
8725
8115
8148
8726
8116
8149
8727
8117
8150
8728
8118
8151
8729
8119
8152
8730
8120
8153
8731
8121
8154
8732
8122
8155
8733
8123
8156
8734
8124
8157
8735
8125
8158
8736
8159
8737
8127
8160
8738
8128
8161
8739
8129
8162
8740
8130
8163
8741
8131
8164
8742
8132
8165
8743
8133
8166
8744
8134
8167
8745
8135
8168
8746
8136
8169
8747
8137
8170
8748
8138
8171
8749
8139
8172
8750
8140
8173
8751
8141
8174
8752
8142
8175
8753
8143
8176
8754
8144
8177
8755
8145
8178
8756
8146
8179
8757
8147
8180
8758
8148
8181
8759
8149
8182
8760
8150
8183
8761
8151
8184
8762
8152
8185
8763
8153
8186
8764
8154
8187
8765
8155
8188
8766
8156
8189
8767
8157
8190
8768
8158
8191
8769
8159
8192
8770
8193
8771
8161
8194
8772
8162
8195
8773
8163
8196
8774
8164
8197
8775
8165
8198
8776
8166
8199
8777
8167
8200
8778
8168
8201
8779
8169
8202
8780
8170
8203
8781
8171
8204
8782
8172
8205
8783
8173
8206
8784
8174
8207
8785
8175
8208
8786
8176
8209
8787
8177
8210
8788
8178
8211
8789
8179
8212
8790
8180
8213
8791
8181
8214
8792
8182
8215
8793
8183
8216
8794
8184
8217
8795
8185
8218
8796
8186
8219
8797
8187
8220
8798
8188
8221
8799
8189
8222
8800
8190
8223
8801
8191
8224
8802
8192
8225
8803
8193
8226
8804
8227
8805
8195
8228
8806
8196
8229
8807
8197
8230
8808
8198
8231
8809
8199
8232
8810
8200
8233
8811
8201
8234
8812
8202
8235
8813
8203
8236
8814
8204
8237
8815
8205
8238
8816
8206
8239
8817
8207
8240
8818
8208
8241
8819
8209
8242
8820
8210
8243
8821
8211
8244
8822
8212
8245
8823
8213
8246
8824
8214
8247
8825
8215
8248
8826
8216
8249
8827
8217
8250
8828
8218
8251
8829
8219
8252
8830
8220
8253
8831
8221
8254
8832
8222
8255
8833
8223
8256
8834
8224
8257
8835
8225
8258
8836
8226
8259
8837
8227
8260
8838
8261
8839
8229
8262
8840
8230
8263
8841
8231
8264
8842
8232
8265
8843
8233
8266
8844
8234
8267
8845
8235
8268
8846
8236
8269
8847
8237
8270
8848
8238
8271
8849
8239
8272
8850
8240
8273
8851
8241
8274
8852
8242
8275
8853
8243
8276
8854
8244
8277
8855
8245
8278
8856
8246
8279
8857
8247
8280
8858
8248
8281
8859
8249
8282
8860
8250
8283
8861
8251
8284
8862
8252
8285
8863
8253
8286
8864
8254
8287
8865
8255
8288
8866
8256
8289
8867
8257
8290
8868
8258
8291
8869
8259
8292
8870
8260
8293
8871
8261
8294
8872
8295
8873
8263
8296
8874
8264
8297
8875
8265
8298
8876
8266
8299
8877
8267
8300
8878
8268
8301
8879
8269
8302
8880
8270
8303
8881
8271
8304
8882
8272
8305
8883
8273
8306
8884
8274
8307
8885
8275
8308
8886
8276
8309
8887
8277
8310
8888
8278
8311
8889
8279
8312
8890
8280
8313
8891
8281
8314
8892
8282
8315
8893
8283
8316
8894
8284
8317
8895
8285
8318
8896
8286
8319
8897
8287
8320
8898
8288
8321
8899
8289
8322
8900
8290
8323
8901
8291
8324
8902
8292
8325
8903
8293
8326
8904
8294
8327
8905
8295
8328
8906
8329
8907
8297
8330
8908
8298
8331
8909
8299
8332
8910
8300
8333
8911
8301
8334
8912
8302
8335
8913
8303
8336
8914
8304
8337
8915
8305
8338
8916
8306
8339
8917
8307
8340
8918
8308
8341
8919
8309
8342
8920
8310
8343
8921
8311
8344
8922
8312
8345
8923
8313
8346
8924
8314
8347
8925
8315
8348
8926
8316
8349
8927
8317
8350
8928
8318
8351
8929
8319
8352
8930
8320
8353
8931
8321
8354
8932
8322
8355
8933
8323
8356
8934
8324
8357
8935
8325
8358
8936
8326
8359
8937
8327
8360
8938
8328
8361
8939
8329
8362
8940
8363
8941
8331
8364
8942
8332
8365
8943
8333
8366
8944
8334
8367
8945
8335
8368
8946
8336
8369
8947
8337
8370
8948
8338
8371
8949
8339
8372
8950
8340
8373
8951
8341
8374
8952
8342
8375
8953
8343
8376
8954
8344
8377
8955
8345
8378
8956
8346
8379
8957
8347
8380
8958
8348
8381
8959
8349
8382
8960
8350
8383
8961
8351
8384
8962
8352
8385
8963
8353
8386
8964
8354
8387
8965
8355
8388
8966
8356
8389
8967
8357
8390
8968
8358
8391
8969
8359
8392
8970
8360
8393
8971
8361
8394
8972
8362
8395
8973
8363
8396
8974
8397
8975
8365
8398
8976
8366
8399
8977
8367
8400
8978
8368
8401
8979
8369
8402
8980
8370
8403
8981
8371
8404
8982
8372
8405
8983
8373
8406
8984
8374
8407
8985
8375
8408
8986
8376
8409
8987
8377
8410
8988
8378
8411
8989
8379
8412
8990
8380
8413
8991
8381
8414
8992
8382
8415
8993
8383
8416
8994
8384
8417
8995
8385
8418
8996
8386
8419
8997
8387
8420
8998
8388
8421
8999
8389
8422
9000
8390
8423
9001
8391
8424
9002
8392
8425
9003
8393
8426
9004
8394
8427
9005
8395
8428
9006
8396
8429
9007
8397
8430
9008
8431
9009
8399
8432
9010
8400
8433
9011
8401
8434
9012
8402
8435
9013
8403
8436
9014
8404
8437
9015
8405
8438
9016
8406
8439
9017
8407
8440
9018
8408
8441
9019
8409
8442
9020
8410
8443
9021
8411
8444
9022
8412
8445
9023
8413
8446
9024
8414
8447
9025
8415
8448
9026
8416
8449
9027
8417
8450
9028
8418
8451
9029
8419
8452
9030
8420
8453
9031
8421
8454
9032
8422
8455
9033
8423
8456
9034
8424
8457
9035
8425
8458
9036
8426
8459
9037
8427
8460
9038
8428
8461
9039
8429
8462
9040
8430
8463
9041
8431
8464
9042
8465
9043
8433
8466
9044
8434
8467
9045
8435
8468
9046
8436
8469
9047
8437
8470
9048
8438
8471
9049
8439
8472
9050
8440
8473
9051
8441
8474
9052
8442
8475
9053
8443
8476
9054
8444
8477
9055
8445
8478
9056
8446
8479
9057
8447
8480
9058
8448
8481
9059
8449
8482
9060
8450
8483
9061
8451
8484
9062
8452
8485
9063
8453
8486
9064
8454
8487
9065
8455
8488
9066
8456
8489
9067
8457
8490
9068
8458
8491
9069
8459
8492
9070
8460
8493
9071
8461
8494
9072
8462
8495
9073
8463
8496
9074
8464
8497
9075
8465
8498
9076
8499
9077
8467
8500
9078
8468
8501
9079
8469
8502
9080
8470
8503
9081
8471
8504
9082
8472
8505
9083
8473
8506
9084
8474
8507
9085
8475
8508
9086
8476
8509
9087
8477
8510
9088
8478
8511
9089
8479
8512
9090
8480
8513
9091
8481
8514
9092
8482
8515
9093
8483
8516
9094
8484
8517
9095
8485
8518
9096
8486
8519
9097
8487
8520
9098
8488
8521
9099
8489
8522
9100
8490
8523
9101
8491
8524
9102
8492
8525
9103
8493
8526
9104
8494
8527
9105
8495
8528
9106
8496
8529
9107
8497
8530
9108
8498
8531
9109
8499
8532
9110
8533
9111
8501
8534
9112
8502
8535
9113
8503
8536
9114
8504
8537
9115
8505
8538
9116
8506
8539
9117
8507
8540
9118
8508
8541
9119
8509
8542
9120
8510
8543
9121
8511
8544
9122
8512
8545
9123
8513
8546
9124
8514
8547
9125
8515
8548
9126
8516
8549
9127
8517
8550
9128
8518
8551
9129
8519
8552
9130
8520
8553
9131
8521
8554
9132
8522
8555
9133
8523
8556
9134
8524
8557
9135
8525
8558
9136
8526
8559
9137
8527
8560
9138
8528
8561
9139
8529
8562
9140
8530
8563
9141
8531
8564
9142
8532
8565
9143
8533
8566
9144
8567
9145
8535
9146
8536
9147
8537
9148
8538
9149
8539
9150
8540
9151
8541
9152
8542
9153
8543
9154
8544
9155
8545
9156
8546
9157
8547
9158
8548
9159
8549
9160
8550
9161
8551
9162
8552
9163
8553
9164
8554
9165
8555
9166
8556
9167
8557
9168
8558
9169
8559
9170
8560
9171
8561
9172
8562
9173
8563
9174
8564
9175
8565
9176
8566
9177
8567
9178
9179
8569
8602
9180
8570
8603
9181
8571
8604
9182
8572
8605
9183
8573
8606
9184
8574
8607
9185
8575
8608
9186
8576
8609
9187
8577
8610
9188
8578
8611
9189
8579
8612
9190
8580
8613
9191
8581
8614
9192
8582
8615
9193
8583
8616
9194
8584
8617
9195
8585
8618
9196
8586
8619
9197
8587
8620
9198
8588
8621
9199
8589
8622
9200
8590
8623
9201
8591
8624
9202
8592
8625
9203
8593
8626
9204
8594
8627
9205
8595
8628
9206
8596
8629
9207
8597
8630
9208
8598
8631
9209
8599
8632
9210
8600
8633
9211
8601
8634
9212
8635
9213
8603
8636
9214
8604
8637
9215
8605
8638
9216
8606
8639
9217
8607
8640
9218
8608
8641
9219
8609
8642
9220
8610
8643
9221
8611
8644
9222
8612
8645
9223
8613
8646
9224
8614
8647
9225
8615
8648
9226
8616
8649
9227
8617
8650
9228
8618
8651
9229
8619
8652
9230
8620
8653
9231
8621
8654
9232
8622
8655
9233
8623
8656
9234
8624
8657
9235
8625
8658
9236
8626
8659
9237
8627
8660
9238
8628
8661
9239
8629
8662
9240
8630
8663
9241
8631
8664
9242
8632
8665
9243
8633
8666
9244
8634
8667
9245
8635
8668
9246
8669
9247
8637
8670
9248
8638
8671
9249
8639
8672
9250
8640
8673
9251
8641
8674
9252
8642
8675
9253
8643
8676
9254
8644
8677
9255
8645
8678
9256
8646
8679
9257
8647
8680
9258
8648
8681
9259
8649
8682
9260
8650
8683
9261
8651
8684
9262
8652
8685
9263
8653
8686
9264
8654
8687
9265
8655
8688
9266
8656
8689
9267
8657
8690
9268
8658
8691
9269
8659
8692
9270
8660
8693
9271
8661
8694
9272
8662
8695
9273
8663
8696
9274
8664
8697
9275
8665
8698
9276
8666
8699
9277
8667
8700
9278
8668
8701
9279
8669
8702
9280
8703
9281
8671
8704
9282
8672
8705
9283
8673
8706
9284
8674
8707
9285
8675
8708
9286
8676
8709
9287
8677
8710
9288
8678
8711
9289
8679
8712
9290
8680
8713
9291
8681
8714
9292
8682
8715
9293
8683
8716
9294
8684
8717
9295
8685
8718
9296
8686
8719
9297
8687
8720
9298
8688
8721
9299
8689
8722
9300
8690
8723
9301
8691
8724
9302
8692
8725
9303
8693
8726
9304
8694
8727
9305
8695
8728
9306
8696
8729
9307
8697
8730
9308
8698
8731
9309
8699
8732
9310
8700
8733
9311
8701
8734
9312
8702
8735
9313
8703
8736
9314
8737
9315
8705
8738
9316
8706
8739
9317
8707
8740
9318
8708
8741
9319
8709
8742
9320
8710
8743
9321
8711
8744
9322
8712
8745
9323
8713
8746
9324
8714
8747
9325
8715
8748
9326
8716
8749
9327
8717
8750
9328
8718
8751
9329
8719
8752
9330
8720
8753
9331
8721
8754
9332
8722
8755
9333
8723
8756
9334
8724
8757
9335
8725
8758
9336
8726
8759
9337
8727
8760
9338
8728
8761
9339
8729
8762
9340
8730
8763
9341
8731
8764
9342
8732
8765
9343
8733
8766
9344
8734
8767
9345
8735
8768
9346
8736
8769
9347
8737
8770
9348
8771
9349
8739
8772
9350
8740
8773
9351
8741
8774
9352
8742
8775
9353
8743
8776
9354
8744
8777
9355
8745
8778
9356
8746
8779
9357
8747
8780
9358
8748
8781
9359
8749
8782
9360
8750
8783
9361
8751
8784
9362
8752
8785
9363
8753
8786
9364
8754
8787
9365
8755
8788
9366
8756
8789
9367
8757
8790
9368
8758
8791
9369
8759
8792
9370
8760
8793
9371
8761
8794
9372
8762
8795
9373
8763
8796
9374
8764
8797
9375
8765
8798
9376
8766
8799
9377
8767
8800
9378
8768
8801
9379
8769
8802
9380
8770
8803
9381
8771
8804
9382
8805
9383
8773
8806
9384
8774
8807
9385
8775
8808
9386
8776
8809
9387
8777
8810
9388
8778
8811
9389
8779
8812
9390
8780
8813
9391
8781
8814
9392
8782
8815
9393
8783
8816
9394
8784
8817
9395
8785
8818
9396
8786
8819
9397
8787
8820
9398
8788
8821
9399
8789
8822
9400
8790
8823
9401
8791
8824
9402
8792
8825
9403
8793
8826
9404
8794
8827
9405
8795
8828
9406
8796
8829
9407
8797
8830
9408
8798
8831
9409
8799
8832
9410
8800
8833
9411
8801
8834
9412
8802
8835
9413
8803
8836
9414
8804
8837
9415
8805
8838
9416
8839
9417
8807
8840
9418
8808
8841
9419
8809
8842
9420
8810
8843
9421
8811
8844
9422
8812
8845
9423
8813
8846
9424
8814
8847
9425
8815
8848
9426
8816
8849
9427
8817
8850
9428
8818
8851
9429
8819
8852
9430
8820
8853
9431
8821
8854
9432
8822
8855
9433
8823
8856
9434
8824
8857
9435
8825
8858
9436
8826
8859
9437
8827
8860
9438
8828
8861
9439
8829
8862
9440
8830
8863
9441
8831
8864
9442
8832
8865
9443
8833
8866
9444
8834
8867
9445
8835
8868
9446
8836
8869
9447
8837
8870
9448
8838
8871
9449
8839
8872
9450
8873
9451
8841
8874
9452
8842
8875
9453
8843
8876
9454
8844
8877
9455
8845
8878
9456
8846
8879
9457
8847
8880
9458
8848
8881
9459
8849
8882
9460
8850
8883
9461
8851
8884
9462
8852
8885
9463
8853
8886
9464
8854
8887
9465
8855
8888
9466
8856
8889
9467
8857
8890
9468
8858
8891
9469
8859
8892
9470
8860
8893
9471
8861
8894
9472
8862
8895
9473
8863
8896
9474
8864
8897
9475
8865
8898
9476
8866
8899
9477
8867
8900
9478
8868
8901
9479
8869
8902
9480
8870
8903
9481
8871
8904
9482
8872
8905
9483
8873
8906
9484
8907
9485
8875
8908
9486
8876
8909
9487
8877
8910
9488
8878
8911
9489
8879
8912
9490
8880
8913
9491
8881
8914
9492
8882
8915
9493
8883
8916
9494
8884
8917
9495
8885
8918
9496
8886
8919
9497
8887
8920
9498
8888
8921
9499
8889
8922
9500
8890
8923
9501
8891
8924
9502
8892
8925
9503
8893
8926
9504
8894
8927
9505
8895
8928
9506
8896
8929
9507
8897
8930
9508
8898
8931
9509
8899
8932
9510
8900
8933
9511
8901
8934
9512
8902
8935
9513
8903
8936
9514
8904
8937
9515
8905
8938
9516
8906
8939
9517
8907
8940
9518
8941
9519
8909
8942
9520
8910
8943
9521
8911
8944
9522
8912
8945
9523
8913
8946
9524
8914
8947
9525
8915
8948
9526
8916
8949
9527
8917
8950
9528
8918
8951
9529
8919
8952
9530
8920
8953
9531
8921
8954
9532
8922
8955
9533
8923
8956
9534
8924
8957
9535
8925
8958
9536
8926
8959
9537
8927
8960
9538
8928
8961
9539
8929
8962
9540
8930
8963
9541
8931
8964
9542
8932
8965
9543
8933
8966
9544
8934
8967
9545
8935
8968
9546
8936
8969
9547
8937
8970
9548
8938
8971
9549
8939
8972
9550
8940
8973
9551
8941
8974
9552
8975
9553
8943
8976
9554
8944
8977
9555
8945
8978
9556
8946
8979
9557
8947
8980
9558
8948
8981
9559
8949
8982
9560
8950
8983
9561
8951
8984
9562
8952
8985
9563
8953
8986
9564
8954
8987
9565
8955
8988
9566
8956
8989
9567
8957
8990
9568
8958
8991
9569
8959
8992
9570
8960
8993
9571
8961
8994
9572
8962
8995
9573
8963
8996
9574
8964
8997
9575
8965
8998
9576
8966
8999
9577
8967
9000
9578
8968
9001
9579
8969
9002
9580
8970
9003
9581
8971
9004
9582
8972
9005
9583
8973
9006
9584
8974
9007
9585
8975
9008
9586
9009
9587
8977
9010
9588
8978
9011
9589
8979
9012
9590
8980
9013
9591
8981
9014
9592
8982
9015
9593
8983
9016
9594
8984
9017
9595
8985
9018
9596
8986
9019
9597
8987
9020
9598
8988
9021
9599
8989
9022
9600
8990
9023
9601
8991
9024
9602
8992
9025
9603
8993
9026
9604
8994
9027
9605
8995
9028
9606
8996
9029
9607
8997
9030
9608
8998
9031
9609
8999
9032
9610
9000
9033
9611
9001
9034
9612
9002
9035
9613
9003
9036
9614
9004
9037
9615
9005
9038
9616
9006
9039
9617
9007
9040
9618
9008
9041
9619
9009
9042
9620
9043
9621
9011
9044
9622
9012
9045
9623
9013
9046
9624
9014
9047
9625
9015
9048
9626
9016
9049
9627
9017
9050
9628
9018
9051
9629
9019
9052
9630
9020
9053
9631
9021
9054
9632
9022
9055
9633
9023
9056
9634
9024
9057
9635
9025
9058
9636
9026
9059
9637
9027
9060
9638
9028
9061
9639
9029
9062
9640
9030
9063
9641
9031
9064
9642
9032
9065
9643
9033
9066
9644
9034
9067
9645
9035
9068
9646
9036
9069
9647
9037
9070
9648
9038
9071
9649
9039
9072
9650
9040
9073
9651
9041
9074
9652
9042
9075
9653
9043
9076
9654
9077
9655
9045
9078
9656
9046
9079
9657
9047
9080
9658
9048
9081
9659
9049
9082
9660
9050
9083
9661
9051
9084
9662
9052
9085
9663
9053
9086
9664
9054
9087
9665
9055
9088
9666
9056
9089
9667
9057
9090
9668
9058
9091
9669
9059
9092
9670
9060
9093
9671
9061
9094
9672
9062
9095
9673
9063
9096
9674
9064
9097
9675
9065
9098
9676
9066
9099
9677
9067
9100
9678
9068
9101
9679
9069
9102
9680
9070
9103
9681
9071
9104
9682
9072
9105
9683
9073
9106
9684
9074
9107
9685
9075
9108
9686
9076
9109
9687
9077
9110
9688
9111
9689
9079
9112
9690
9080
9113
9691
9081
9114
9692
9082
9115
9693
9083
9116
9694
9084
9117
9695
9085
9118
9696
9086
9119
9697
9087
9120
9698
9088
9121
9699
9089
9122
9700
9090
9123
9701
9091
9124
9702
9092
9125
9703
9093
9126
9704
9094
9127
9705
9095
9128
9706
9096
9129
9707
9097
9130
9708
9098
9131
9709
9099
9132
9710
9100
9133
9711
9101
9134
9712
9102
9135
9713
9103
9136
9714
9104
9137
9715
9105
9138
9716
9106
9139
9717
9107
9140
9718
9108
9141
9719
9109
9142
9720
9110
9143
9721
9111
9144
9722
9145
9723
9113
9146
9724
9114
9147
9725
9115
9148
9726
9116
9149
9727
9117
9150
9728
9118
9151
9729
9119
9152
9730
9120
9153
9731
9121
9154
9732
9122
9155
9733
9123
9156
9734
9124
9157
9735
9125
9158
9736
9126
9159
9737
9127
9160
9738
9128
9161
9739
9129
9162
9740
9130
9163
9741
9131
9164
9742
9132
9165
9743
9133
9166
9744
9134
9167
9745
9135
9168
9746
9136
9169
9747
9137
9170
9748
9138
9171
9749
9139
9172
9750
9140
9173
9751
9141
9174
9752
9142
9175
9753
9143
9176
9754
9144
9177
9755
9145
9178
9756
9179
9757
9147
9758
9148
9759
9149
9760
9150
9761
9151
9762
9152
9763
9153
9764
9154
9765
9155
9766
9156
9767
9157
9768
9158
9769
9159
9770
9160
9771
9161
9772
9162
9773
9163
9774
9164
9775
9165
9776
9166
9777
9167
9778
9168
9779
9169
9780
9170
9781
9171
9782
9172
9783
9173
9784
9174
9785
9175
9786
9176
9787
9177
9788
9178
9789
9179
9790
9791
9181
9214
9792
9182
9215
9793
9183
9216
9794
9184
9217
9795
9185
9218
9796
9186
9219
9797
9187
9220
9798
9188
9221
9799
9189
9222
9800
9190
9223
9801
9191
9224
9802
9192
9225
9803
9193
9226
9804
9194
9227
9805
9195
9228
9806
9196
9229
9807
9197
9230
9808
9198
9231
9809
9199
9232
9810
9200
9233
9811
9201
9234
9812
9202
9235
9813
9203
9236
9814
9204
9237
9815
9205
9238
9816
9206
9239
9817
9207
9240
9818
9208
9241
9819
9209
9242
9820
9210
9243
9821
9211
9244
9822
9212
9245
9823
9213
9246
9824
9247
9825
9215
9248
9826
9216
9249
9827
9217
9250
9828
9218
9251
9829
9219
9252
9830
9220
9253
9831
9221
9254
9832
9222
9255
9833
9223
9256
9834
9224
9257
9835
9225
9258
9836
9226
9259
9837
9227
9260
9838
9228
9261
9839
9229
9262
9840
9230
9263
9841
9231
9264
9842
9232
9265
9843
9233
9266
9844
9234
9267
9845
9235
9268
9846
9236
9269
9847
9237
9270
9848
9238
9271
9849
9239
9272
9850
9240
9273
9851
9241
9274
9852
9242
9275
9853
9243
9276
9854
9244
9277
9855
9245
9278
9856
9246
9279
9857
9247
9280
9858
9281
9859
9249
9282
9860
9250
9283
9861
9251
9284
9862
9252
9285
9863
9253
9286
9864
9254
9287
9865
9255
9288
9866
9256
9289
9867
9257
9290
9868
9258
9291
9869
9259
9292
9870
9260
9293
9871
9261
9294
9872
9262
9295
9873
9263
9296
9874
9264
9297
9875
9265
9298
9876
9266
9299
9877
9267
9300
9878
9268
9301
9879
9269
9302
9880
9270
9303
9881
9271
9304
9882
9272
9305
9883
9273
9306
9884
9274
9307
9885
9275
9308
9886
9276
9309
9887
9277
9310
9888
9278
9311
9889
9279
9312
9890
9280
9313
9891
9281
9314
9892
9315
9893
9283
9316
9894
9284
9317
9895
9285
9318
9896
9286
9319
9897
9287
9320
9898
9288
9321
9899
9289
9322
9900
9290
9323
9901
9291
9324
9902
9292
9325
9903
9293
9326
9904
9294
9327
9905
9295
9328
9906
9296
9329
9907
9297
9330
9908
9298
9331
9909
9299
9332
9910
9300
9333
9911
9301
9334
9912
9302
9335
9913
9303
9336
9914
9304
9337
9915
9305
9338
9916
9306
9339
9917
9307
9340
9918
9308
9341
9919
9309
9342
9920
9310
9343
9921
9311
9344
9922
9312
9345
9923
9313
9346
9924
9314
9347
9925
9315
9348
9926
9349
9927
9317
9350
9928
9318
9351
9929
9319
9352
9930
9320
9353
9931
9321
9354
9932
9322
9355
9933
9323
9356
9934
9324
9357
9935
9325
9358
9936
9326
9359
9937
9327
9360
9938
9328
9361
9939
9329
9362
9940
9330
9363
9941
9331
9364
9942
9332
9365
9943
9333
9366
9944
9334
9367
9945
9335
9368
9946
9336
9369
9947
9337
9370
9948
9338
9371
9949
9339
9372
9950
9340
9373
9951
9341
9374
9952
9342
9375
9953
9343
9376
9954
9344
9377
9955
9345
9378
9956
9346
9379
9957
9347
9380
9958
9348
9381
9959
9349
9382
9960
9383
9961
9351
9384
9962
9352
9385
9963
9353
9386
9964
9354
9387
9965
9355
9388
9966
9356
9389
9967
9357
9390
9968
9358
9391
9969
9359
9392
9970
9360
9393
9971
9361
9394
9972
9362
9395
9973
9363
9396
9974
9364
9397
9975
9365
9398
9976
9366
9399
9977
9367
9400
9978
9368
9401
9979
9369
9402
9980
9370
9403
9981
9371
9404
9982
9372
9405
9983
9373
9406
9984
9374
9407
9985
9375
9408
9986
9376
9409
9987
9377
9410
9988
9378
9411
9989
9379
9412
9990
9380
9413
9991
9381
9414
9992
9382
9415
9993
9383
9416
9994
9417
9995
9385
9418
9996
9386
9419
9997
9387
9420
9998
9388
9421
9999
9389
9422
10000
9390
9423
10001
9391
9424
10002
9392
9425
10003
9393
9426
10004
9394
9427
10005
9395
9428
10006
9396
9429
10007
9397
9430
10008
9398
9431
10009
9399
9432
10010
9400
9433
10011
9401
9434
10012
9402
9435
10013
9403
9436
10014
9404
9437
10015
9405
9438
10016
9406
9439
10017
9407
9440
10018
9408
9441
10019
9409
9442
10020
9410
9443
10021
9411
9444
10022
9412
9445
10023
9413
9446
10024
9414
9447
10025
9415
9448
10026
9416
9449
10027
9417
9450
10028
9451
10029
9419
9452
10030
9420
9453
10031
9421
9454
10032
9422
9455
10033
9423
9456
10034
9424
9457
10035
9425
9458
10036
9426
9459
10037
9427
9460
10038
9428
9461
10039
9429
9462
10040
9430
9463
10041
9431
9464
10042
9432
9465
10043
9433
9466
10044
9434
9467
10045
9435
9468
10046
9436
9469
10047
9437
9470
10048
9438
9471
10049
9439
9472
10050
9440
9473
10051
9441
9474
10052
9442
9475
10053
9443
9476
10054
9444
9477
10055
9445
9478
10056
9446
9479
10057
9447
9480
10058
9448
9481
10059
9449
9482
10060
9450
9483
10061
9451
9484
10062
9485
10063
9453
9486
10064
9454
9487
10065
9455
9488
10066
9456
9489
10067
9457
9490
10068
9458
9491
10069
9459
9492
10070
9460
9493
10071
9461
9494
10072
9462
9495
10073
9463
9496
10074
9464
9497
10075
9465
9498
10076
9466
9499
10077
9467
9500
10078
9468
9501
10079
9469
9502
10080
9470
9503
10081
9471
9504
10082
9472
9505
10083
9473
9506
10084
9474
9507
10085
9475
9508
10086
9476
9509
10087
9477
9510
10088
9478
9511
10089
9479
9512
10090
9480
9513
10091
9481
9514
10092
9482
9515
10093
9483
9516
10094
9484
9517
10095
9485
9518
10096
9519
10097
9487
9520
10098
9488
9521
10099
9489
9522
10100
9490
9523
10101
9491
9524
10102
9492
9525
10103
9493
9526
10104
9494
9527
10105
9495
9528
10106
9496
9529
10107
9497
9530
10108
9498
9531
10109
9499
9532
10110
9500
9533
10111
9501
9534
10112
9502
9535
10113
9503
9536
10114
9504
9537
10115
9505
9538
10116
9506
9539
10117
9507
9540
10118
9508
9541
10119
9509
9542
10120
9510
9543
10121
9511
9544
10122
9512
9545
10123
9513
9546
10124
9514
9547
10125
9515
9548
10126
9516
9549
10127
9517
9550
10128
9518
9551
10129
9519
9552
10130
9553
10131
9521
9554
10132
9522
9555
10133
9523
9556
10134
9524
9557
10135
9525
9558
10136
9526
9559
10137
9527
9560
10138
9528
9561
10139
9529
9562
10140
9530
9563
10141
9531
9564
10142
9532
9565
10143
9533
9566
10144
9534
9567
10145
9535
9568
10146
9536
9569
10147
9537
9570
10148
9538
9571
10149
9539
9572
10150
9540
9573
10151
9541
9574
10152
9542
9575
10153
9543
9576
10154
9544
9577
10155
9545
9578
10156
9546
9579
10157
9547
9580
10158
9548
9581
10159
9549
9582
10160
9550
9583
10161
9551
9584
10162
9552
9585
10163
9553
9586
10164
9587
10165
9555
9588
10166
9556
9589
10167
9557
9590
10168
9558
9591
10169
9559
9592
10170
9560
9593
10171
9561
9594
10172
9562
9595
10173
9563
9596
10174
9564
9597
10175
9565
9598
10176
9566
9599
10177
9567
9600
10178
9568
9601
10179
9569
9602
10180
9570
9603
10181
9571
9604
10182
9572
9605
10183
9573
9606
10184
9574
9607
10185
9575
9608
10186
9576
9609
10187
9577
9610
10188
9578
9611
10189
9579
9612
10190
9580
9613
10191
9581
9614
10192
9582
9615
10193
9583
9616
10194
9584
9617
10195
9585
9618
10196
9586
9619
10197
9587
9620
10198
9621
10199
9589
9622
10200
9590
9623
10201
9591
9624
10202
9592
9625
10203
9593
9626
10204
9594
9627
10205
9595
9628
10206
9596
9629
10207
9597
9630
10208
9598
9631
10209
9599
9632
10210
9600
9633
10211
9601
9634
10212
9602
9635
10213
9603
9636
10214
9604
9637
10215
9605
9638
10216
9606
9639
10217
9607
9640
10218
9608
9641
10219
9609
9642
10220
9610
9643
10221
9611
9644
10222
9612
9645
10223
9613
9646
10224
9614
9647
10225
9615
9648
10226
9616
9649
10227
9617
9650
10228
9618
9651
10229
9619
9652
10230
9620
9653
10231
9621
9654
10232
9655
10233
9623
9656
10234
9624
9657
10235
9625
9658
10236
9626
9659
10237
9627
9660
10238
9628
9661
10239
9629
9662
10240
9630
9663
10241
9631
9664
10242
9632
9665
10243
9633
9666
10244
9634
9667
10245
9635
9668
10246
9636
9669
10247
9637
9670
10248
9638
9671
10249
9639
9672
10250
9640
9673
10251
9641
9674
10252
9642
9675
10253
9643
9676
10254
9644
9677
10255
9645
9678
10256
9646
9679
10257
9647
9680
10258
9648
9681
10259
9649
9682
10260
9650
9683
10261
9651
9684
10262
9652
9685
10263
9653
9686
10264
9654
9687
10265
9655
9688
10266
9689
10267
9657
9690
10268
9658
9691
10269
9659
9692
10270
9660
9693
10271
9661
9694
10272
9662
9695
10273
9663
9696
10274
9664
9697
10275
9665
9698
10276
9666
9699
10277
9667
9700
10278
9668
9701
10279
9669
9702
10280
9670
9703
10281
9671
9704
10282
9672
9705
10283
9673
9706
10284
9674
9707
10285
9675
9708
10286
9676
9709
10287
9677
9710
10288
9678
9711
10289
9679
9712
10290
9680
9713
10291
9681
9714
10292
9682
9715
10293
9683
9716
10294
9684
9717
10295
9685
9718
10296
9686
9719
10297
9687
9720
10298
9688
9721
10299
9689
9722
10300
9723
10301
9691
9724
10302
9692
9725
10303
9693
9726
10304
9694
9727
10305
9695
9728
10306
9696
9729
10307
9697
9730
10308
9698
9731
10309
9699
9732
10310
9700
9733
10311
9701
9734
10312
9702
9735
10313
9703
9736
10314
9704
9737
10315
9705
9738
10316
9706
9739
10317
9707
9740
10318
9708
9741
10319
9709
9742
10320
9710
9743
10321
9711
9744
10322
9712
9745
10323
9713
9746
10324
9714
9747
10325
9715
9748
10326
9716
9749
10327
9717
9750
10328
9718
9751
10329
9719
9752
10330
9720
9753
10331
9721
9754
10332
9722
9755
10333
9723
9756
10334
9757
10335
9725
9758
10336
9726
9759
10337
9727
9760
10338
9728
9761
10339
9729
9762
10340
9730
9763
10341
9731
9764
10342
9732
9765
10343
9733
9766
10344
9734
9767
10345
9735
9768
10346
9736
9769
10347
9737
9770
10348
9738
9771
10349
9739
9772
10350
9740
9773
10351
9741
9774
10352
9742
9775
10353
9743
9776
10354
9744
9777
10355
9745
9778
10356
9746
9779
10357
9747
9780
10358
9748
9781
10359
9749
9782
10360
9750
9783
10361
9751
9784
10362
9752
9785
10363
9753
9786
10364
9754
9787
10365
9755
9788
10366
9756
9789
10367
9757
9790
10368
9791
10369
9759
10370
9760
10371
9761
10372
9762
10373
9763
10374
9764
10375
9765
10376
9766
10377
9767
10378
9768
10379
9769
10380
9770
10381
9771
10382
9772
10383
9773
10384
9774
10385
9775
10386
9776
10387
9777
10388
9778
10389
9779
10390
9780
10391
9781
10392
9782
10393
9783
10394
9784
10395
9785
10396
9786
10397
9787
10398
9788
10399
9789
10400
9790
10401
9791
10402
10403
9793
9826
10404
9794
9827
10405
9795
9828
10406
9796
9829
10407
9797
9830
10408
9798
9831
10409
9799
9832
10410
9800
9833
10411
9801
9834
10412
9802
9835
10413
9803
9836
10414
9804
9837
10415
9805
9838
10416
9806
9839
10417
9807
9840
10418
9808
9841
10419
9809
9842
10420
9810
9843
10421
9811
9844
10422
9812
9845
10423
9813
9846
10424
9814
9847
10425
9815
9848
10426
9816
9849
10427
9817
9850
10428
9818
9851
10429
9819
9852
10430
9820
9853
10431
9821
9854
10432
9822
9855
10433
9823
9856
10434
9824
9857
10435
9825
9858
10436
9859
10437
9827
9860
10438
9828
9861
10439
9829
9862
10440
9830
9863
10441
9831
9864
10442
9832
9865
10443
9833
9866
10444
9834
9867
10445
9835
9868
10446
9836
9869
10447
9837
9870
10448
9838
9871
10449
9839
9872
10450
9840
9873
10451
9841
9874
10452
9842
9875
10453
9843
9876
10454
9844
9877
10455
9845
9878
10456
9846
9879
10457
9847
9880
10458
9848
9881
10459
9849
9882
10460
9850
9883
10461
9851
9884
10462
9852
9885
10463
9853
9886
10464
9854
9887
10465
9855
9888
10466
9856
9889
10467
9857
9890
10468
9858
9891
10469
9859
9892
10470
9893
10471
9861
9894
10472
9862
9895
10473
9863
9896
10474
9864
9897
10475
9865
9898
10476
9866
9899
10477
9867
9900
10478
9868
9901
10479
9869
9902
10480
9870
9903
10481
9871
9904
10482
9872
9905
10483
9873
9906
10484
9874
9907
10485
9875
9908
10486
9876
9909
10487
9877
9910
10488
9878
9911
10489
9879
9912
10490
9880
9913
10491
9881
9914
10492
9882
9915
10493
9883
9916
10494
9884
9917
10495
9885
9918
10496
9886
9919
10497
9887
9920
10498
9888
9921
10499
9889
9922
10500
9890
9923
10501
9891
9924
10502
9892
9925
10503
9893
9926
10504
9927
10505
9895
9928
10506
9896
9929
10507
9897
9930
10508
9898
9931
10509
9899
9932
10510
9900
9933
10511
9901
9934
10512
9902
9935
10513
9903
9936
10514
9904
9937
10515
9905
9938
10516
9906
9939
10517
9907
9940
10518
9908
9941
10519
9909
9942
10520
9910
9943
10521
9911
9944
10522
9912
9945
10523
9913
9946
10524
9914
9947
10525
9915
9948
10526
9916
9949
10527
9917
9950
10528
9918
9951
10529
9919
9952
10530
9920
9953
10531
9921
9954
10532
9922
9955
10533
9923
9956
10534
9924
9957
10535
9925
9958
10536
9926
9959
10537
9927
9960
10538
9961
10539
9929
9962
10540
9930
9963
10541
9931
9964
10542
9932
9965
10543
9933
9966
10544
9934
9967
10545
9935
9968
10546
9936
9969
10547
9937
9970
10548
9938
9971
10549
9939
9972
10550
9940
9973
10551
9941
9974
10552
9942
9975
10553
9943
9976
10554
9944
9977
10555
9945
9978
10556
9946
9979
10557
9947
9980
10558
9948
9981
10559
9949
9982
10560
9950
9983
10561
9951
9984
10562
9952
9985
10563
9953
9986
10564
9954
9987
10565
9955
9988
10566
9956
9989
10567
9957
9990
10568
9958
9991
10569
9959
9992
10570
9960
9993
10571
9961
9994
10572
9995
10573
9963
9996
10574
9964
9997
10575
9965
9998
10576
9966
9999
10577
9967
10000
10578
9968
10001
10579
9969
10002
10580
9970
10003
10581
9971
10004
10582
9972
10005
10583
9973
10006
10584
9974
10007
10585
9975
10008
10586
9976
10009
10587
9977
10010
10588
9978
10011
10589
9979
10012
10590
9980
10013
10591
9981
10014
10592
9982
10015
10593
9983
10016
10594
9984
10017
10595
9985
10018
10596
9986
10019
10597
9987
10020
10598
9988
10021
10599
9989
10022
10600
9990
10023
10601
9991
10024
10602
9992
10025
10603
9993
10026
10604
9994
10027
10605
9995
10028
10606
10029
10607
9997
10030
10608
9998
10031
10609
9999
10032
10610
10000
10033
10611
10001
10034
10612
10002
10035
10613
10003
10036
10614
10004
10037
10615
10005
10038
10616
10006
10039
10617
10007
10040
10618
10008
10041
10619
10009
10042
10620
10010
10043
10621
10011
10044
10622
10012
10045
10623
10013
10046
10624
10014
10047
10625
10015
10048
10626
10016
10049
10627
10017
10050
10628
10018
10051
10629
10019
10052
10630
10020
10053
10631
10021
10054
10632
10022
10055
10633
10023
10056
10634
10024
10057
10635
10025
10058
10636
10026
10059
10637
10027
10060
10638
10028
10061
10639
10029
10062
10640
10063
10641
10031
10064
10642
10032
10065
10643
10033
10066
10644
10034
10067
10645
10035
10068
10646
10036
10069
10647
10037
10070
10648
10038
10071
10649
10039
10072
10650
10040
10073
10651
10041
10074
10652
10042
10075
10653
10043
10076
10654
10044
10077
10655
10045
10078
10656
10046
10079
10657
10047
10080
10658
10048
10081
10659
10049
10082
10660
10050
10083
10661
10051
10084
10662
10052
10085
10663
10053
10086
10664
10054
10087
10665
10055
10088
10666
10056
10089
10667
10057
10090
10668
10058
10091
10669
10059
10092
10670
10060
10093
10671
10061
10094
10672
10062
10095
10673
10063
10096
10674
10097
10675
10065
10098
10676
10066
10099
10677
10067
10100
10678
10068
10101
10679
10069
10102
10680
10070
10103
10681
10071
10104
10682
10072
10105
10683
10073
10106
10684
10074
10107
10685
10075
10108
10686
10076
10109
10687
10077
10110
10688
10078
10111
10689
10079
10112
10690
10080
10113
10691
10081
10114
10692
10082
10115
10693
10083
10116
10694
10084
10117
10695
10085
10118
10696
10086
10119
10697
10087
10120
10698
10088
10121
10699
10089
10122
10700
10090
10123
10701
10091
10124
10702
10092
10125
10703
10093
10126
10704
10094
10127
10705
10095
10128
10706
10096
10129
10707
10097
10130
10708
10131
10709
10099
10132
10710
10100
10133
10711
10101
10134
10712
10102
10135
10713
10103
10136
10714
10104
10137
10715
10105
10138
10716
10106
10139
10717
10107
10140
10718
10108
10141
10719
10109
10142
10720
10110
10143
10721
10111
10144
10722
10112
10145
10723
10113
10146
10724
10114
10147
10725
10115
10148
10726
10116
10149
10727
10117
10150
10728
10118
10151
10729
10119
10152
10730
10120
10153
10731
10121
10154
10732
10122
10155
10733
10123
10156
10734
10124
10157
10735
10125
10158
10736
10126
10159
10737
10127
10160
10738
10128
10161
10739
10129
10162
10740
10130
10163
10741
10131
10164
10742
10165
10743
10133
10166
10744
10134
10167
10745
10135
10168
10746
10136
10169
10747
10137
10170
10748
10138
10171
10749
10139
10172
10750
10140
10173
10751
10141
10174
10752
10142
10175
10753
10143
10176
10754
10144
10177
10755
10145
10178
10756
10146
10179
10757
10147
10180
10758
10148
10181
10759
10149
10182
10760
10150
10183
10761
10151
10184
10762
10152
10185
10763
10153
10186
10764
10154
10187
10765
10155
10188
10766
10156
10189
10767
10157
10190
10768
10158
10191
10769
10159
10192
10770
10160
10193
10771
10161
10194
10772
10162
10195
10773
10163
10196
10774
10164
10197
10775
10165
10198
10776
10199
10777
10167
10200
10778
10168
10201
10779
10169
10202
10780
10170
10203
10781
10171
10204
10782
10172
10205
10783
10173
10206
10784
10174
10207
10785
10175
10208
10786
10176
10209
10787
10177
10210
10788
10178
10211
10789
10179
10212
10790
10180
10213
10791
10181
10214
10792
10182
10215
10793
10183
10216
10794
10184
10217
10795
10185
10218
10796
10186
10219
10797
10187
10220
10798
10188
10221
10799
10189
10222
10800
10190
10223
10801
10191
10224
10802
10192
10225
10803
10193
10226
10804
10194
10227
10805
10195
10228
10806
10196
10229
10807
10197
10230
10808
10198
10231
10809
10199
10232
10810
10233
10811
10201
10234
10812
10202
10235
10813
10203
10236
10814
10204
10237
10815
10205
10238
10816
10206
10239
10817
10207
10240
10818
10208
10241
10819
10209
10242
10820
10210
10243
10821
10211
10244
10822
10212
10245
10823
10213
10246
10824
10214
10247
10825
10215
10248
10826
10216
10249
10827
10217
10250
10828
10218
10251
10829
10219
10252
10830
10220
10253
10831
10221
10254
10832
10222
10255
10833
10223
10256
10834
10224
10257
10835
10225
10258
10836
10226
10259
10837
10227
10260
10838
10228
10261
10839
10229
10262
10840
10230
10263
10841
10231
10264
10842
10232
10265
10843
10233
10266
10844
10267
10845
10235
10268
10846
10236
10269
10847
10237
10270
10848
10238
10271
10849
10239
10272
10850
10240
10273
10851
10241
10274
10852
10242
10275
10853
10243
10276
10854
10244
10277
10855
10245
10278
10856
10246
10279
10857
10247
10280
10858
10248
10281
10859
10249
10282
10860
10250
10283
10861
10251
10284
10862
10252
10285
10863
10253
10286
10864
10254
10287
10865
10255
10288
10866
10256
10289
10867
10257
10290
10868
10258
10291
10869
10259
10292
10870
10260
10293
10871
10261
10294
10872
10262
10295
10873
10263
10296
10874
10264
10297
10875
10265
10298
10876
10266
10299
10877
10267
10300
10878
10301
10879
10269
10302
10880
10270
10303
10881
10271
10304
10882
10272
10305
10883
10273
10306
10884
10274
10307
10885
10275
10308
10886
10276
10309
10887
10277
10310
10888
10278
10311
10889
10279
10312
10890
10280
10313
10891
10281
10314
10892
10282
10315
10893
10283
10316
10894
10284
10317
10895
10285
10318
10896
10286
10319
10897
10287
10320
10898
10288
10321
10899
10289
10322
10900
10290
10323
10901
10291
10324
10902
10292
10325
10903
10293
10326
10904
10294
10327
10905
10295
10328
10906
10296
10329
10907
10297
10330
10908
10298
10331
10909
10299
10332
10910
10300
10333
10911
10301
10334
10912
10335
10913
10303
10336
10914
10304
10337
10915
10305
10338
10916
10306
10339
10917
10307
10340
10918
10308
10341
10919
10309
10342
10920
10310
10343
10921
10311
10344
10922
10312
10345
10923
10313
10346
10924
10314
10347
10925
10315
10348
10926
10316
10349
10927
10317
10350
10928
10318
10351
10929
10319
10352
10930
10320
10353
10931
10321
10354
10932
10322
10355
10933
10323
10356
10934
10324
10357
10935
10325
10358
10936
10326
10359
10937
10327
10360
10938
10328
10361
10939
10329
10362
10940
10330
10363
10941
10331
10364
10942
10332
10365
10943
10333
10366
10944
10334
10367
10945
10335
10368
10946
10369
10947
10337
10370
10948
10338
10371
10949
10339
10372
10950
10340
10373
10951
10341
10374
10952
10342
10375
10953
10343
10376
10954
10344
10377
10955
10345
10378
10956
10346
10379
10957
10347
10380
10958
10348
10381
10959
10349
10382
10960
10350
10383
10961
10351
10384
10962
10352
10385
10963
10353
10386
10964
10354
10387
10965
10355
10388
10966
10356
10389
10967
10357
10390
10968
10358
10391
10969
10359
10392
10970
10360
10393
10971
10361
10394
10972
10362
10395
10973
10363
10396
10974
10364
10397
10975
10365
10398
10976
10366
10399
10977
10367
10400
10978
10368
10401
10979
10369
10402
10980
10403
10981
10371
10982
10372
10983
10373
10984
10374
10985
10375
10986
10376
10987
10377
10988
10378
10989
10379
10990
10380
10991
10381
10992
10382
10993
10383
10994
10384
10995
10385
10996
10386
10997
10387
10998
10388
10999
10389
11000
10390
11001
10391
11002
10392
11003
10393
11004
10394
11005
10395
11006
10396
11007
10397
11008
10398
11009
10399
11010
10400
11011
10401
11012
10402
11013
10403
11014
11015
10405
10438
10406
10439
10407
10440
10408
10441
10409
10442
10410
10443
10411
10444
10412
10445
10413
10446
10414
10447
10415
10448
10416
10449
10417
10450
10418
10451
10419
10452
10420
10453
10421
10454
10422
10455
10423
10456
10424
10457
10425
10458
10426
10459
10427
10460
10428
10461
10429
10462
10430
10463
10431
10464
10432
10465
10433
10466
10434
10467
10435
10468
10436
10469
10437
10470
10471
10439
10472
10440
10473
10441
10474
10442
10475
10443
10476
10444
10477
10445
10478
10446
10479
10447
10480
10448
10481
10449
10482
10450
10483
10451
10484
10452
10485
10453
10486
10454
10487
10455
10488
10456
10489
10457
10490
10458
10491
10459
10492
10460
10493
10461
10494
10462
10495
10463
10496
10464
10497
10465
10498
10466
10499
10467
10500
10468
10501
10469
10502
10470
10503
10471
10504
10505
10473
10506
10474
10507
10475
10508
10476
10509
10477
10510
10478
10511
10479
10512
10480
10513
10481
10514
10482
10515
10483
10516
10484
10517
10485
10518
10486
10519
10487
10520
10488
10521
10489
10522
10490
10523
10491
10524
10492
10525
10493
10526
10494
10527
10495
10528
10496
10529
10497
10530
10498
10531
10499
10532
10500
10533
10501
10534
10502
10535
10503
10536
10504
10537
10505
10538
10539
10507
10540
10508
10541
10509
10542
10510
10543
10511
10544
10512
10545
10513
10546
10514
10547
10515
10548
10516
10549
10517
10550
10518
10551
10519
10552
10520
10553
10521
10554
10522
10555
10523
10556
10524
10557
10525
10558
10526
10559
10527
10560
10528
10561
10529
10562
10530
10563
10531
10564
10532
10565
10533
10566
10534
10567
10535
10568
10536
10569
10537
10570
10538
10571
10539
10572
10573
10541
10574
10542
10575
10543
10576
10544
10577
10545
10578
10546
10579
10547
10580
10548
10581
10549
10582
10550
10583
10551
10584
10552
10585
10553
10586
10554
10587
10555
10588
10556
10589
10557
10590
10558
10591
10559
10592
10560
10593
10561
10594
10562
10595
10563
10596
10564
10597
10565
10598
10566
10599
10567
10600
10568
10601
10569
10602
10570
10603
10571
10604
10572
10605
10573
10606
10607
10575
10608
10576
10609
10577
10610
10578
10611
10579
10612
10580
10613
10581
10614
10582
10615
10583
10616
10584
10617
10585
10618
10586
10619
10587
10620
10588
10621
10589
10622
10590
10623
10591
10624
10592
10625
10593
10626
10594
10627
10595
10628
10596
10629
10597
10630
10598
10631
10599
10632
10600
10633
10601
10634
10602
10635
10603
10636
10604
10637
10605
10638
10606
10639
10607
10640
10641
10609
10642
10610
10643
10611
10644
10612
10645
10613
10646
10614
10647
10615
10648
10616
10649
10617
10650
10618
10651
10619
10652
10620
10653
10621
10654
10622
10655
10623
10656
10624
10657
10625
10658
10626
10659
10627
10660
10628
10661
10629
10662
10630
10663
10631
10664
10632
10665
10633
10666
10634
10667
10635
10668
10636
10669
10637
10670
10638
10671
10639
10672
10640
10673
10641
10674
10675
10643
10676
10644
10677
10645
10678
10646
10679
10647
10680
10648
10681
10649
10682
10650
10683
10651
10684
10652
10685
10653
10686
10654
10687
10655
10688
10656
10689
10657
10690
10658
10691
10659
10692
10660
10693
10661
10694
10662
10695
10663
10696
10664
10697
10665
10698
10666
10699
10667
10700
10668
10701
10669
10702
10670
10703
10671
10704
10672
10705
10673
10706
10674
10707
10675
10708
10709
10677
10710
10678
10711
10679
10712
10680
10713
10681
10714
10682
10715
10683
10716
10684
10717
10685
10718
10686
10719
10687
10720
10688
10721
10689
10722
10690
10723
10691
10724
10692
10725
10693
10726
10694
10727
10695
10728
10696
10729
10697
10730
10698
10731
10699
10732
10700
10733
10701
10734
10702
10735
10703
10736
10704
10737
10705
10738
10706
10739
10707
10740
10708
10741
10709
10742
10743
10711
10744
10712
10745
10713
10746
10714
10747
10715
10748
10716
10749
10717
10750
10718
10751
10719
10752
10720
10753
10721
10754
10722
10755
10723
10756
10724
10757
10725
10758
10726
10759
10727
10760
10728
10761
10729
10762
10730
10763
10731
10764
10732
10765
10733
10766
10734
10767
10735
10768
10736
10769
10737
10770
10738
10771
10739
10772
10740
10773
10741
10774
10742
10775
10743
10776
10777
10745
10778
10746
10779
10747
10780
10748
10781
10749
10782
10750
10783
10751
10784
10752
10785
10753
10786
10754
10787
10755
10788
10756
10789
10757
10790
10758
10791
10759
10792
10760
10793
10761
10794
10762
10795
10763
10796
10764
10797
10765
10798
10766
10799
10767
10800
10768
10801
10769
10802
10770
10803
10771
10804
10772
10805
10773
10806
10774
10807
10775
10808
10776
10809
10777
10810
10811
10779
10812
10780
10813
10781
10814
10782
10815
10783
10816
10784
10817
10785
10818
10786
10819
10787
10820
10788
10821
10789
10822
10790
10823
10791
10824
10792
10825
10793
10826
10794
10827
10795
10828
10796
10829
10797
10830
10798
10831
10799
10832
10800
10833
10801
10834
10802
10835
10803
10836
10804
10837
10805
10838
10806
10839
10807
10840
10808
10841
10809
10842
10810
10843
10811
10844
10845
10813
10846
10814
10847
10815
10848
10816
10849
10817
10850
10818
10851
10819
10852
10820
10853
10821
10854
10822
10855
10823
10856
10824
10857
10825
10858
10826
10859
10827
10860
10828
10861
10829
10862
10830
10863
10831
10864
10832
10865
10833
10866
10834
10867
10835
10868
10836
10869
10837
10870
10838
10871
10839
10872
10840
10873
10841
10874
10842
10875
10843
10876
10844
10877
10845
10878
10879
10847
10880
10848
10881
10849
10882
10850
10883
10851
10884
10852
10885
10853
10886
10854
10887
10855
10888
10856
10889
10857
10890
10858
10891
10859
10892
10860
10893
10861
10894
10862
10895
10863
10896
10864
10897
10865
10898
10866
10899
10867
10900
10868
10901
10869
10902
10870
10903
10871
10904
10872
10905
10873
10906
10874
10907
10875
10908
10876
10909
10877
10910
10878
10911
10879
10912
10913
10881
10914
10882
10915
10883
10916
10884
10917
10885
10918
10886
10919
10887
10920
10888
10921
10889
10922
10890
10923
10891
10924
10892
10925
10893
10926
10894
10927
10895
10928
10896
10929
10897
10930
10898
10931
10899
10932
10900
10933
10901
10934
10902
10935
10903
10936
10904
10937
10905
10938
10906
10939
10907
10940
10908
10941
10909
10942
10910
10943
10911
10944
10912
10945
10913
10946
10947
10915
10948
10916
10949
10917
10950
10918
10951
10919
10952
10920
10953
10921
10954
10922
10955
10923
10956
10924
10957
10925
10958
10926
10959
10927
10960
10928
10961
10929
10962
10930
10963
10931
10964
10932
10965
10933
10966
10934
10967
10935
10968
10936
10969
10937
10970
10938
10971
10939
10972
10940
10973
10941
10974
10942
10975
10943
10976
10944
10977
10945
10978
10946
10979
10947
10980
10981
10949
10982
10950
10983
10951
10984
10952
10985
10953
10986
10954
10987
10955
10988
10956
10989
10957
10990
10958
10991
10959
10992
10960
10993
10961
10994
10962
10995
10963
10996
10964
10997
10965
10998
10966
10999
10967
11000
10968
11001
10969
11002
10970
11003
10971
11004
10972
11005
10973
11006
10974
11007
10975
11008
10976
11009
10977
11010
10978
11011
10979
11012
10980
11013
10981
11014
11015
10983
10984
10985
10986
10987
10988
10989
10990
10991
10992
10993
10994
10995
10996
10997
10998
10999
11000
11001
11002
11003
11004
11005
11006
11007
11008
11009
11010
11011
11012
11013
11014
11015
)


// ************************************************************************* //
