/*--------------------------------*- C++ -*----------------------------------*\
| =========                 |                                                 |
| \\      /  F ield         | OpenFOAM: The Open Source CFD Toolbox           |
|  \\    /   O peration     | Version:  2512                                  |
|   \\  /    A nd           | Website:  www.openfoam.com                      |
|    \\/     M anipulation  |                                                 |
\*---------------------------------------------------------------------------*/
FoamFile
{
    version     2.0;
    format      ascii;
    arch        "LSB;label=32;scalar=64";
    class       vectorField;
    location    "constant/polyMesh";
    object      points;
}
// * * * * * * * * * * * * * * * * * * * * * * * * * * * * * * * * * * * * * //


12635
(
(-0.36 -0.36 -0.36)
(-0.3182352941 -0.36 -0.36)
(-0.2764705882 -0.36 -0.36)
(-0.2347058824 -0.36 -0.36)
(-0.1929411765 -0.36 -0.36)
(-0.1511764706 -0.36 -0.36)
(-0.1094117647 -0.36 -0.36)
(-0.06764705882 -0.36 -0.36)
(-0.02588235294 -0.36 -0.36)
(0.01588235294 -0.36 -0.36)
(0.05764705882 -0.36 -0.36)
(0.09941176471 -0.36 -0.36)
(0.1411764706 -0.36 -0.36)
(0.1829411765 -0.36 -0.36)
(0.2247058824 -0.36 -0.36)
(0.2664705882 -0.36 -0.36)
(0.3082352941 -0.36 -0.36)
(0.35 -0.36 -0.36)
(0.3917647059 -0.36 -0.36)
(0.4335294118 -0.36 -0.36)
(0.4752941176 -0.36 -0.36)
(0.5170588235 -0.36 -0.36)
(0.5588235294 -0.36 -0.36)
(0.6005882353 -0.36 -0.36)
(0.6423529412 -0.36 -0.36)
(0.6841176471 -0.36 -0.36)
(0.7258823529 -0.36 -0.36)
(0.7676470588 -0.36 -0.36)
(0.8094117647 -0.36 -0.36)
(0.8511764706 -0.36 -0.36)
(0.8929411765 -0.36 -0.36)
(0.9347058824 -0.36 -0.36)
(0.9764705882 -0.36 -0.36)
(1.018235294 -0.36 -0.36)
(1.06 -0.36 -0.36)
(-0.36 -0.32 -0.36)
(-0.3182352941 -0.32 -0.36)
(-0.2764705882 -0.32 -0.36)
(-0.2347058824 -0.32 -0.36)
(-0.1929411765 -0.32 -0.36)
(-0.1511764706 -0.32 -0.36)
(-0.1094117647 -0.32 -0.36)
(-0.06764705882 -0.32 -0.36)
(-0.02588235294 -0.32 -0.36)
(0.01588235294 -0.32 -0.36)
(0.05764705882 -0.32 -0.36)
(0.09941176471 -0.32 -0.36)
(0.1411764706 -0.32 -0.36)
(0.1829411765 -0.32 -0.36)
(0.2247058824 -0.32 -0.36)
(0.2664705882 -0.32 -0.36)
(0.3082352941 -0.32 -0.36)
(0.35 -0.32 -0.36)
(0.3917647059 -0.32 -0.36)
(0.4335294118 -0.32 -0.36)
(0.4752941176 -0.32 -0.36)
(0.5170588235 -0.32 -0.36)
(0.5588235294 -0.32 -0.36)
(0.6005882353 -0.32 -0.36)
(0.6423529412 -0.32 -0.36)
(0.6841176471 -0.32 -0.36)
(0.7258823529 -0.32 -0.36)
(0.7676470588 -0.32 -0.36)
(0.8094117647 -0.32 -0.36)
(0.8511764706 -0.32 -0.36)
(0.8929411765 -0.32 -0.36)
(0.9347058824 -0.32 -0.36)
(0.9764705882 -0.32 -0.36)
(1.018235294 -0.32 -0.36)
(1.06 -0.32 -0.36)
(-0.36 -0.28 -0.36)
(-0.3182352941 -0.28 -0.36)
(-0.2764705882 -0.28 -0.36)
(-0.2347058824 -0.28 -0.36)
(-0.1929411765 -0.28 -0.36)
(-0.1511764706 -0.28 -0.36)
(-0.1094117647 -0.28 -0.36)
(-0.06764705882 -0.28 -0.36)
(-0.02588235294 -0.28 -0.36)
(0.01588235294 -0.28 -0.36)
(0.05764705882 -0.28 -0.36)
(0.09941176471 -0.28 -0.36)
(0.1411764706 -0.28 -0.36)
(0.1829411765 -0.28 -0.36)
(0.2247058824 -0.28 -0.36)
(0.2664705882 -0.28 -0.36)
(0.3082352941 -0.28 -0.36)
(0.35 -0.28 -0.36)
(0.3917647059 -0.28 -0.36)
(0.4335294118 -0.28 -0.36)
(0.4752941176 -0.28 -0.36)
(0.5170588235 -0.28 -0.36)
(0.5588235294 -0.28 -0.36)
(0.6005882353 -0.28 -0.36)
(0.6423529412 -0.28 -0.36)
(0.6841176471 -0.28 -0.36)
(0.7258823529 -0.28 -0.36)
(0.7676470588 -0.28 -0.36)
(0.8094117647 -0.28 -0.36)
(0.8511764706 -0.28 -0.36)
(0.8929411765 -0.28 -0.36)
(0.9347058824 -0.28 -0.36)
(0.9764705882 -0.28 -0.36)
(1.018235294 -0.28 -0.36)
(1.06 -0.28 -0.36)
(-0.36 -0.24 -0.36)
(-0.3182352941 -0.24 -0.36)
(-0.2764705882 -0.24 -0.36)
(-0.2347058824 -0.24 -0.36)
(-0.1929411765 -0.24 -0.36)
(-0.1511764706 -0.24 -0.36)
(-0.1094117647 -0.24 -0.36)
(-0.06764705882 -0.24 -0.36)
(-0.02588235294 -0.24 -0.36)
(0.01588235294 -0.24 -0.36)
(0.05764705882 -0.24 -0.36)
(0.09941176471 -0.24 -0.36)
(0.1411764706 -0.24 -0.36)
(0.1829411765 -0.24 -0.36)
(0.2247058824 -0.24 -0.36)
(0.2664705882 -0.24 -0.36)
(0.3082352941 -0.24 -0.36)
(0.35 -0.24 -0.36)
(0.3917647059 -0.24 -0.36)
(0.4335294118 -0.24 -0.36)
(0.4752941176 -0.24 -0.36)
(0.5170588235 -0.24 -0.36)
(0.5588235294 -0.24 -0.36)
(0.6005882353 -0.24 -0.36)
(0.6423529412 -0.24 -0.36)
(0.6841176471 -0.24 -0.36)
(0.7258823529 -0.24 -0.36)
(0.7676470588 -0.24 -0.36)
(0.8094117647 -0.24 -0.36)
(0.8511764706 -0.24 -0.36)
(0.8929411765 -0.24 -0.36)
(0.9347058824 -0.24 -0.36)
(0.9764705882 -0.24 -0.36)
(1.018235294 -0.24 -0.36)
(1.06 -0.24 -0.36)
(-0.36 -0.2 -0.36)
(-0.3182352941 -0.2 -0.36)
(-0.2764705882 -0.2 -0.36)
(-0.2347058824 -0.2 -0.36)
(-0.1929411765 -0.2 -0.36)
(-0.1511764706 -0.2 -0.36)
(-0.1094117647 -0.2 -0.36)
(-0.06764705882 -0.2 -0.36)
(-0.02588235294 -0.2 -0.36)
(0.01588235294 -0.2 -0.36)
(0.05764705882 -0.2 -0.36)
(0.09941176471 -0.2 -0.36)
(0.1411764706 -0.2 -0.36)
(0.1829411765 -0.2 -0.36)
(0.2247058824 -0.2 -0.36)
(0.2664705882 -0.2 -0.36)
(0.3082352941 -0.2 -0.36)
(0.35 -0.2 -0.36)
(0.3917647059 -0.2 -0.36)
(0.4335294118 -0.2 -0.36)
(0.4752941176 -0.2 -0.36)
(0.5170588235 -0.2 -0.36)
(0.5588235294 -0.2 -0.36)
(0.6005882353 -0.2 -0.36)
(0.6423529412 -0.2 -0.36)
(0.6841176471 -0.2 -0.36)
(0.7258823529 -0.2 -0.36)
(0.7676470588 -0.2 -0.36)
(0.8094117647 -0.2 -0.36)
(0.8511764706 -0.2 -0.36)
(0.8929411765 -0.2 -0.36)
(0.9347058824 -0.2 -0.36)
(0.9764705882 -0.2 -0.36)
(1.018235294 -0.2 -0.36)
(1.06 -0.2 -0.36)
(-0.36 -0.16 -0.36)
(-0.3182352941 -0.16 -0.36)
(-0.2764705882 -0.16 -0.36)
(-0.2347058824 -0.16 -0.36)
(-0.1929411765 -0.16 -0.36)
(-0.1511764706 -0.16 -0.36)
(-0.1094117647 -0.16 -0.36)
(-0.06764705882 -0.16 -0.36)
(-0.02588235294 -0.16 -0.36)
(0.01588235294 -0.16 -0.36)
(0.05764705882 -0.16 -0.36)
(0.09941176471 -0.16 -0.36)
(0.1411764706 -0.16 -0.36)
(0.1829411765 -0.16 -0.36)
(0.2247058824 -0.16 -0.36)
(0.2664705882 -0.16 -0.36)
(0.3082352941 -0.16 -0.36)
(0.35 -0.16 -0.36)
(0.3917647059 -0.16 -0.36)
(0.4335294118 -0.16 -0.36)
(0.4752941176 -0.16 -0.36)
(0.5170588235 -0.16 -0.36)
(0.5588235294 -0.16 -0.36)
(0.6005882353 -0.16 -0.36)
(0.6423529412 -0.16 -0.36)
(0.6841176471 -0.16 -0.36)
(0.7258823529 -0.16 -0.36)
(0.7676470588 -0.16 -0.36)
(0.8094117647 -0.16 -0.36)
(0.8511764706 -0.16 -0.36)
(0.8929411765 -0.16 -0.36)
(0.9347058824 -0.16 -0.36)
(0.9764705882 -0.16 -0.36)
(1.018235294 -0.16 -0.36)
(1.06 -0.16 -0.36)
(-0.36 -0.12 -0.36)
(-0.3182352941 -0.12 -0.36)
(-0.2764705882 -0.12 -0.36)
(-0.2347058824 -0.12 -0.36)
(-0.1929411765 -0.12 -0.36)
(-0.1511764706 -0.12 -0.36)
(-0.1094117647 -0.12 -0.36)
(-0.06764705882 -0.12 -0.36)
(-0.02588235294 -0.12 -0.36)
(0.01588235294 -0.12 -0.36)
(0.05764705882 -0.12 -0.36)
(0.09941176471 -0.12 -0.36)
(0.1411764706 -0.12 -0.36)
(0.1829411765 -0.12 -0.36)
(0.2247058824 -0.12 -0.36)
(0.2664705882 -0.12 -0.36)
(0.3082352941 -0.12 -0.36)
(0.35 -0.12 -0.36)
(0.3917647059 -0.12 -0.36)
(0.4335294118 -0.12 -0.36)
(0.4752941176 -0.12 -0.36)
(0.5170588235 -0.12 -0.36)
(0.5588235294 -0.12 -0.36)
(0.6005882353 -0.12 -0.36)
(0.6423529412 -0.12 -0.36)
(0.6841176471 -0.12 -0.36)
(0.7258823529 -0.12 -0.36)
(0.7676470588 -0.12 -0.36)
(0.8094117647 -0.12 -0.36)
(0.8511764706 -0.12 -0.36)
(0.8929411765 -0.12 -0.36)
(0.9347058824 -0.12 -0.36)
(0.9764705882 -0.12 -0.36)
(1.018235294 -0.12 -0.36)
(1.06 -0.12 -0.36)
(-0.36 -0.08 -0.36)
(-0.3182352941 -0.08 -0.36)
(-0.2764705882 -0.08 -0.36)
(-0.2347058824 -0.08 -0.36)
(-0.1929411765 -0.08 -0.36)
(-0.1511764706 -0.08 -0.36)
(-0.1094117647 -0.08 -0.36)
(-0.06764705882 -0.08 -0.36)
(-0.02588235294 -0.08 -0.36)
(0.01588235294 -0.08 -0.36)
(0.05764705882 -0.08 -0.36)
(0.09941176471 -0.08 -0.36)
(0.1411764706 -0.08 -0.36)
(0.1829411765 -0.08 -0.36)
(0.2247058824 -0.08 -0.36)
(0.2664705882 -0.08 -0.36)
(0.3082352941 -0.08 -0.36)
(0.35 -0.08 -0.36)
(0.3917647059 -0.08 -0.36)
(0.4335294118 -0.08 -0.36)
(0.4752941176 -0.08 -0.36)
(0.5170588235 -0.08 -0.36)
(0.5588235294 -0.08 -0.36)
(0.6005882353 -0.08 -0.36)
(0.6423529412 -0.08 -0.36)
(0.6841176471 -0.08 -0.36)
(0.7258823529 -0.08 -0.36)
(0.7676470588 -0.08 -0.36)
(0.8094117647 -0.08 -0.36)
(0.8511764706 -0.08 -0.36)
(0.8929411765 -0.08 -0.36)
(0.9347058824 -0.08 -0.36)
(0.9764705882 -0.08 -0.36)
(1.018235294 -0.08 -0.36)
(1.06 -0.08 -0.36)
(-0.36 -0.04 -0.36)
(-0.3182352941 -0.04 -0.36)
(-0.2764705882 -0.04 -0.36)
(-0.2347058824 -0.04 -0.36)
(-0.1929411765 -0.04 -0.36)
(-0.1511764706 -0.04 -0.36)
(-0.1094117647 -0.04 -0.36)
(-0.06764705882 -0.04 -0.36)
(-0.02588235294 -0.04 -0.36)
(0.01588235294 -0.04 -0.36)
(0.05764705882 -0.04 -0.36)
(0.09941176471 -0.04 -0.36)
(0.1411764706 -0.04 -0.36)
(0.1829411765 -0.04 -0.36)
(0.2247058824 -0.04 -0.36)
(0.2664705882 -0.04 -0.36)
(0.3082352941 -0.04 -0.36)
(0.35 -0.04 -0.36)
(0.3917647059 -0.04 -0.36)
(0.4335294118 -0.04 -0.36)
(0.4752941176 -0.04 -0.36)
(0.5170588235 -0.04 -0.36)
(0.5588235294 -0.04 -0.36)
(0.6005882353 -0.04 -0.36)
(0.6423529412 -0.04 -0.36)
(0.6841176471 -0.04 -0.36)
(0.7258823529 -0.04 -0.36)
(0.7676470588 -0.04 -0.36)
(0.8094117647 -0.04 -0.36)
(0.8511764706 -0.04 -0.36)
(0.8929411765 -0.04 -0.36)
(0.9347058824 -0.04 -0.36)
(0.9764705882 -0.04 -0.36)
(1.018235294 -0.04 -0.36)
(1.06 -0.04 -0.36)
(-0.36 0 -0.36)
(-0.3182352941 0 -0.36)
(-0.2764705882 0 -0.36)
(-0.2347058824 -9.251858539e-18 -0.36)
(-0.1929411765 0 -0.36)
(-0.1511764706 0 -0.36)
(-0.1094117647 0 -0.36)
(-0.06764705882 0 -0.36)
(-0.02588235294 0 -0.36)
(0.01588235294 0 -0.36)
(0.05764705882 0 -0.36)
(0.09941176471 0 -0.36)
(0.1411764706 0 -0.36)
(0.1829411765 0 -0.36)
(0.2247058824 0 -0.36)
(0.2664705882 0 -0.36)
(0.3082352941 0 -0.36)
(0.35 0 -0.36)
(0.3917647059 0 -0.36)
(0.4335294118 0 -0.36)
(0.4752941176 0 -0.36)
(0.5170588235 0 -0.36)
(0.5588235294 0 -0.36)
(0.6005882353 0 -0.36)
(0.6423529412 4.625929269e-18 -0.36)
(0.6841176471 0 -0.36)
(0.7258823529 0 -0.36)
(0.7676470588 -4.625929269e-18 -0.36)
(0.8094117647 0 -0.36)
(0.8511764706 -3.469446952e-18 -0.36)
(0.8929411765 0 -0.36)
(0.9347058824 -4.625929269e-18 -0.36)
(0.9764705882 0 -0.36)
(1.018235294 -4.625929269e-18 -0.36)
(1.06 0 -0.36)
(-0.36 0.04 -0.36)
(-0.3182352941 0.04 -0.36)
(-0.2764705882 0.04 -0.36)
(-0.2347058824 0.04 -0.36)
(-0.1929411765 0.04 -0.36)
(-0.1511764706 0.04 -0.36)
(-0.1094117647 0.04 -0.36)
(-0.06764705882 0.04 -0.36)
(-0.02588235294 0.04 -0.36)
(0.01588235294 0.04 -0.36)
(0.05764705882 0.04 -0.36)
(0.09941176471 0.04 -0.36)
(0.1411764706 0.04 -0.36)
(0.1829411765 0.04 -0.36)
(0.2247058824 0.04 -0.36)
(0.2664705882 0.04 -0.36)
(0.3082352941 0.04 -0.36)
(0.35 0.04 -0.36)
(0.3917647059 0.04 -0.36)
(0.4335294118 0.04 -0.36)
(0.4752941176 0.04 -0.36)
(0.5170588235 0.04 -0.36)
(0.5588235294 0.04 -0.36)
(0.6005882353 0.04 -0.36)
(0.6423529412 0.04 -0.36)
(0.6841176471 0.04 -0.36)
(0.7258823529 0.04 -0.36)
(0.7676470588 0.04 -0.36)
(0.8094117647 0.04 -0.36)
(0.8511764706 0.04 -0.36)
(0.8929411765 0.04 -0.36)
(0.9347058824 0.04 -0.36)
(0.9764705882 0.04 -0.36)
(1.018235294 0.04 -0.36)
(1.06 0.04 -0.36)
(-0.36 0.08 -0.36)
(-0.3182352941 0.08 -0.36)
(-0.2764705882 0.08 -0.36)
(-0.2347058824 0.08 -0.36)
(-0.1929411765 0.08 -0.36)
(-0.1511764706 0.08 -0.36)
(-0.1094117647 0.08 -0.36)
(-0.06764705882 0.08 -0.36)
(-0.02588235294 0.08 -0.36)
(0.01588235294 0.08 -0.36)
(0.05764705882 0.08 -0.36)
(0.09941176471 0.08 -0.36)
(0.1411764706 0.08 -0.36)
(0.1829411765 0.08 -0.36)
(0.2247058824 0.08 -0.36)
(0.2664705882 0.08 -0.36)
(0.3082352941 0.08 -0.36)
(0.35 0.08 -0.36)
(0.3917647059 0.08 -0.36)
(0.4335294118 0.08 -0.36)
(0.4752941176 0.08 -0.36)
(0.5170588235 0.08 -0.36)
(0.5588235294 0.08 -0.36)
(0.6005882353 0.08 -0.36)
(0.6423529412 0.08 -0.36)
(0.6841176471 0.08 -0.36)
(0.7258823529 0.08 -0.36)
(0.7676470588 0.08 -0.36)
(0.8094117647 0.08 -0.36)
(0.8511764706 0.08 -0.36)
(0.8929411765 0.08 -0.36)
(0.9347058824 0.08 -0.36)
(0.9764705882 0.08 -0.36)
(1.018235294 0.08 -0.36)
(1.06 0.08 -0.36)
(-0.36 0.12 -0.36)
(-0.3182352941 0.12 -0.36)
(-0.2764705882 0.12 -0.36)
(-0.2347058824 0.12 -0.36)
(-0.1929411765 0.12 -0.36)
(-0.1511764706 0.12 -0.36)
(-0.1094117647 0.12 -0.36)
(-0.06764705882 0.12 -0.36)
(-0.02588235294 0.12 -0.36)
(0.01588235294 0.12 -0.36)
(0.05764705882 0.12 -0.36)
(0.09941176471 0.12 -0.36)
(0.1411764706 0.12 -0.36)
(0.1829411765 0.12 -0.36)
(0.2247058824 0.12 -0.36)
(0.2664705882 0.12 -0.36)
(0.3082352941 0.12 -0.36)
(0.35 0.12 -0.36)
(0.3917647059 0.12 -0.36)
(0.4335294118 0.12 -0.36)
(0.4752941176 0.12 -0.36)
(0.5170588235 0.12 -0.36)
(0.5588235294 0.12 -0.36)
(0.6005882353 0.12 -0.36)
(0.6423529412 0.12 -0.36)
(0.6841176471 0.12 -0.36)
(0.7258823529 0.12 -0.36)
(0.7676470588 0.12 -0.36)
(0.8094117647 0.12 -0.36)
(0.8511764706 0.12 -0.36)
(0.8929411765 0.12 -0.36)
(0.9347058824 0.12 -0.36)
(0.9764705882 0.12 -0.36)
(1.018235294 0.12 -0.36)
(1.06 0.12 -0.36)
(-0.36 0.16 -0.36)
(-0.3182352941 0.16 -0.36)
(-0.2764705882 0.16 -0.36)
(-0.2347058824 0.16 -0.36)
(-0.1929411765 0.16 -0.36)
(-0.1511764706 0.16 -0.36)
(-0.1094117647 0.16 -0.36)
(-0.06764705882 0.16 -0.36)
(-0.02588235294 0.16 -0.36)
(0.01588235294 0.16 -0.36)
(0.05764705882 0.16 -0.36)
(0.09941176471 0.16 -0.36)
(0.1411764706 0.16 -0.36)
(0.1829411765 0.16 -0.36)
(0.2247058824 0.16 -0.36)
(0.2664705882 0.16 -0.36)
(0.3082352941 0.16 -0.36)
(0.35 0.16 -0.36)
(0.3917647059 0.16 -0.36)
(0.4335294118 0.16 -0.36)
(0.4752941176 0.16 -0.36)
(0.5170588235 0.16 -0.36)
(0.5588235294 0.16 -0.36)
(0.6005882353 0.16 -0.36)
(0.6423529412 0.16 -0.36)
(0.6841176471 0.16 -0.36)
(0.7258823529 0.16 -0.36)
(0.7676470588 0.16 -0.36)
(0.8094117647 0.16 -0.36)
(0.8511764706 0.16 -0.36)
(0.8929411765 0.16 -0.36)
(0.9347058824 0.16 -0.36)
(0.9764705882 0.16 -0.36)
(1.018235294 0.16 -0.36)
(1.06 0.16 -0.36)
(-0.36 0.2 -0.36)
(-0.3182352941 0.2 -0.36)
(-0.2764705882 0.2 -0.36)
(-0.2347058824 0.2 -0.36)
(-0.1929411765 0.2 -0.36)
(-0.1511764706 0.2 -0.36)
(-0.1094117647 0.2 -0.36)
(-0.06764705882 0.2 -0.36)
(-0.02588235294 0.2 -0.36)
(0.01588235294 0.2 -0.36)
(0.05764705882 0.2 -0.36)
(0.09941176471 0.2 -0.36)
(0.1411764706 0.2 -0.36)
(0.1829411765 0.2 -0.36)
(0.2247058824 0.2 -0.36)
(0.2664705882 0.2 -0.36)
(0.3082352941 0.2 -0.36)
(0.35 0.2 -0.36)
(0.3917647059 0.2 -0.36)
(0.4335294118 0.2 -0.36)
(0.4752941176 0.2 -0.36)
(0.5170588235 0.2 -0.36)
(0.5588235294 0.2 -0.36)
(0.6005882353 0.2 -0.36)
(0.6423529412 0.2 -0.36)
(0.6841176471 0.2 -0.36)
(0.7258823529 0.2 -0.36)
(0.7676470588 0.2 -0.36)
(0.8094117647 0.2 -0.36)
(0.8511764706 0.2 -0.36)
(0.8929411765 0.2 -0.36)
(0.9347058824 0.2 -0.36)
(0.9764705882 0.2 -0.36)
(1.018235294 0.2 -0.36)
(1.06 0.2 -0.36)
(-0.36 0.24 -0.36)
(-0.3182352941 0.24 -0.36)
(-0.2764705882 0.24 -0.36)
(-0.2347058824 0.24 -0.36)
(-0.1929411765 0.24 -0.36)
(-0.1511764706 0.24 -0.36)
(-0.1094117647 0.24 -0.36)
(-0.06764705882 0.24 -0.36)
(-0.02588235294 0.24 -0.36)
(0.01588235294 0.24 -0.36)
(0.05764705882 0.24 -0.36)
(0.09941176471 0.24 -0.36)
(0.1411764706 0.24 -0.36)
(0.1829411765 0.24 -0.36)
(0.2247058824 0.24 -0.36)
(0.2664705882 0.24 -0.36)
(0.3082352941 0.24 -0.36)
(0.35 0.24 -0.36)
(0.3917647059 0.24 -0.36)
(0.4335294118 0.24 -0.36)
(0.4752941176 0.24 -0.36)
(0.5170588235 0.24 -0.36)
(0.5588235294 0.24 -0.36)
(0.6005882353 0.24 -0.36)
(0.6423529412 0.24 -0.36)
(0.6841176471 0.24 -0.36)
(0.7258823529 0.24 -0.36)
(0.7676470588 0.24 -0.36)
(0.8094117647 0.24 -0.36)
(0.8511764706 0.24 -0.36)
(0.8929411765 0.24 -0.36)
(0.9347058824 0.24 -0.36)
(0.9764705882 0.24 -0.36)
(1.018235294 0.24 -0.36)
(1.06 0.24 -0.36)
(-0.36 0.28 -0.36)
(-0.3182352941 0.28 -0.36)
(-0.2764705882 0.28 -0.36)
(-0.2347058824 0.28 -0.36)
(-0.1929411765 0.28 -0.36)
(-0.1511764706 0.28 -0.36)
(-0.1094117647 0.28 -0.36)
(-0.06764705882 0.28 -0.36)
(-0.02588235294 0.28 -0.36)
(0.01588235294 0.28 -0.36)
(0.05764705882 0.28 -0.36)
(0.09941176471 0.28 -0.36)
(0.1411764706 0.28 -0.36)
(0.1829411765 0.28 -0.36)
(0.2247058824 0.28 -0.36)
(0.2664705882 0.28 -0.36)
(0.3082352941 0.28 -0.36)
(0.35 0.28 -0.36)
(0.3917647059 0.28 -0.36)
(0.4335294118 0.28 -0.36)
(0.4752941176 0.28 -0.36)
(0.5170588235 0.28 -0.36)
(0.5588235294 0.28 -0.36)
(0.6005882353 0.28 -0.36)
(0.6423529412 0.28 -0.36)
(0.6841176471 0.28 -0.36)
(0.7258823529 0.28 -0.36)
(0.7676470588 0.28 -0.36)
(0.8094117647 0.28 -0.36)
(0.8511764706 0.28 -0.36)
(0.8929411765 0.28 -0.36)
(0.9347058824 0.28 -0.36)
(0.9764705882 0.28 -0.36)
(1.018235294 0.28 -0.36)
(1.06 0.28 -0.36)
(-0.36 0.32 -0.36)
(-0.3182352941 0.32 -0.36)
(-0.2764705882 0.32 -0.36)
(-0.2347058824 0.32 -0.36)
(-0.1929411765 0.32 -0.36)
(-0.1511764706 0.32 -0.36)
(-0.1094117647 0.32 -0.36)
(-0.06764705882 0.32 -0.36)
(-0.02588235294 0.32 -0.36)
(0.01588235294 0.32 -0.36)
(0.05764705882 0.32 -0.36)
(0.09941176471 0.32 -0.36)
(0.1411764706 0.32 -0.36)
(0.1829411765 0.32 -0.36)
(0.2247058824 0.32 -0.36)
(0.2664705882 0.32 -0.36)
(0.3082352941 0.32 -0.36)
(0.35 0.32 -0.36)
(0.3917647059 0.32 -0.36)
(0.4335294118 0.32 -0.36)
(0.4752941176 0.32 -0.36)
(0.5170588235 0.32 -0.36)
(0.5588235294 0.32 -0.36)
(0.6005882353 0.32 -0.36)
(0.6423529412 0.32 -0.36)
(0.6841176471 0.32 -0.36)
(0.7258823529 0.32 -0.36)
(0.7676470588 0.32 -0.36)
(0.8094117647 0.32 -0.36)
(0.8511764706 0.32 -0.36)
(0.8929411765 0.32 -0.36)
(0.9347058824 0.32 -0.36)
(0.9764705882 0.32 -0.36)
(1.018235294 0.32 -0.36)
(1.06 0.32 -0.36)
(-0.36 0.36 -0.36)
(-0.3182352941 0.36 -0.36)
(-0.2764705882 0.36 -0.36)
(-0.2347058824 0.36 -0.36)
(-0.1929411765 0.36 -0.36)
(-0.1511764706 0.36 -0.36)
(-0.1094117647 0.36 -0.36)
(-0.06764705882 0.36 -0.36)
(-0.02588235294 0.36 -0.36)
(0.01588235294 0.36 -0.36)
(0.05764705882 0.36 -0.36)
(0.09941176471 0.36 -0.36)
(0.1411764706 0.36 -0.36)
(0.1829411765 0.36 -0.36)
(0.2247058824 0.36 -0.36)
(0.2664705882 0.36 -0.36)
(0.3082352941 0.36 -0.36)
(0.35 0.36 -0.36)
(0.3917647059 0.36 -0.36)
(0.4335294118 0.36 -0.36)
(0.4752941176 0.36 -0.36)
(0.5170588235 0.36 -0.36)
(0.5588235294 0.36 -0.36)
(0.6005882353 0.36 -0.36)
(0.6423529412 0.36 -0.36)
(0.6841176471 0.36 -0.36)
(0.7258823529 0.36 -0.36)
(0.7676470588 0.36 -0.36)
(0.8094117647 0.36 -0.36)
(0.8511764706 0.36 -0.36)
(0.8929411765 0.36 -0.36)
(0.9347058824 0.36 -0.36)
(0.9764705882 0.36 -0.36)
(1.018235294 0.36 -0.36)
(1.06 0.36 -0.36)
(-0.36 -0.36 -0.32)
(-0.3182352941 -0.36 -0.32)
(-0.2764705882 -0.36 -0.32)
(-0.2347058824 -0.36 -0.32)
(-0.1929411765 -0.36 -0.32)
(-0.1511764706 -0.36 -0.32)
(-0.1094117647 -0.36 -0.32)
(-0.06764705882 -0.36 -0.32)
(-0.02588235294 -0.36 -0.32)
(0.01588235294 -0.36 -0.32)
(0.05764705882 -0.36 -0.32)
(0.09941176471 -0.36 -0.32)
(0.1411764706 -0.36 -0.32)
(0.1829411765 -0.36 -0.32)
(0.2247058824 -0.36 -0.32)
(0.2664705882 -0.36 -0.32)
(0.3082352941 -0.36 -0.32)
(0.35 -0.36 -0.32)
(0.3917647059 -0.36 -0.32)
(0.4335294118 -0.36 -0.32)
(0.4752941176 -0.36 -0.32)
(0.5170588235 -0.36 -0.32)
(0.5588235294 -0.36 -0.32)
(0.6005882353 -0.36 -0.32)
(0.6423529412 -0.36 -0.32)
(0.6841176471 -0.36 -0.32)
(0.7258823529 -0.36 -0.32)
(0.7676470588 -0.36 -0.32)
(0.8094117647 -0.36 -0.32)
(0.8511764706 -0.36 -0.32)
(0.8929411765 -0.36 -0.32)
(0.9347058824 -0.36 -0.32)
(0.9764705882 -0.36 -0.32)
(1.018235294 -0.36 -0.32)
(1.06 -0.36 -0.32)
(-0.36 -0.32 -0.32)
(-0.3182352941 -0.32 -0.32)
(-0.2764705882 -0.32 -0.32)
(-0.2347058824 -0.32 -0.32)
(-0.1929411765 -0.32 -0.32)
(-0.1511764706 -0.32 -0.32)
(-0.1094117647 -0.32 -0.32)
(-0.06764705882 -0.32 -0.32)
(-0.02588235294 -0.32 -0.32)
(0.01588235294 -0.32 -0.32)
(0.05764705882 -0.32 -0.32)
(0.09941176471 -0.32 -0.32)
(0.1411764706 -0.32 -0.32)
(0.1829411765 -0.32 -0.32)
(0.2247058824 -0.32 -0.32)
(0.2664705882 -0.32 -0.32)
(0.3082352941 -0.32 -0.32)
(0.35 -0.32 -0.32)
(0.3917647059 -0.32 -0.32)
(0.4335294118 -0.32 -0.32)
(0.4752941176 -0.32 -0.32)
(0.5170588235 -0.32 -0.32)
(0.5588235294 -0.32 -0.32)
(0.6005882353 -0.32 -0.32)
(0.6423529412 -0.32 -0.32)
(0.6841176471 -0.32 -0.32)
(0.7258823529 -0.32 -0.32)
(0.7676470588 -0.32 -0.32)
(0.8094117647 -0.32 -0.32)
(0.8511764706 -0.32 -0.32)
(0.8929411765 -0.32 -0.32)
(0.9347058824 -0.32 -0.32)
(0.9764705882 -0.32 -0.32)
(1.018235294 -0.32 -0.32)
(1.06 -0.32 -0.32)
(-0.36 -0.28 -0.32)
(-0.3182352941 -0.28 -0.32)
(-0.2764705882 -0.28 -0.32)
(-0.2347058824 -0.28 -0.32)
(-0.1929411765 -0.28 -0.32)
(-0.1511764706 -0.28 -0.32)
(-0.1094117647 -0.28 -0.32)
(-0.06764705882 -0.28 -0.32)
(-0.02588235294 -0.28 -0.32)
(0.01588235294 -0.28 -0.32)
(0.05764705882 -0.28 -0.32)
(0.09941176471 -0.28 -0.32)
(0.1411764706 -0.28 -0.32)
(0.1829411765 -0.28 -0.32)
(0.2247058824 -0.28 -0.32)
(0.2664705882 -0.28 -0.32)
(0.3082352941 -0.28 -0.32)
(0.35 -0.28 -0.32)
(0.3917647059 -0.28 -0.32)
(0.4335294118 -0.28 -0.32)
(0.4752941176 -0.28 -0.32)
(0.5170588235 -0.28 -0.32)
(0.5588235294 -0.28 -0.32)
(0.6005882353 -0.28 -0.32)
(0.6423529412 -0.28 -0.32)
(0.6841176471 -0.28 -0.32)
(0.7258823529 -0.28 -0.32)
(0.7676470588 -0.28 -0.32)
(0.8094117647 -0.28 -0.32)
(0.8511764706 -0.28 -0.32)
(0.8929411765 -0.28 -0.32)
(0.9347058824 -0.28 -0.32)
(0.9764705882 -0.28 -0.32)
(1.018235294 -0.28 -0.32)
(1.06 -0.28 -0.32)
(-0.36 -0.24 -0.32)
(-0.3182352941 -0.24 -0.32)
(-0.2764705882 -0.24 -0.32)
(-0.2347058824 -0.24 -0.32)
(-0.1929411765 -0.24 -0.32)
(-0.1511764706 -0.24 -0.32)
(-0.1094117647 -0.24 -0.32)
(-0.06764705882 -0.24 -0.32)
(-0.02588235294 -0.24 -0.32)
(0.01588235294 -0.24 -0.32)
(0.05764705882 -0.24 -0.32)
(0.09941176471 -0.24 -0.32)
(0.1411764706 -0.24 -0.32)
(0.1829411765 -0.24 -0.32)
(0.2247058824 -0.24 -0.32)
(0.2664705882 -0.24 -0.32)
(0.3082352941 -0.24 -0.32)
(0.35 -0.24 -0.32)
(0.3917647059 -0.24 -0.32)
(0.4335294118 -0.24 -0.32)
(0.4752941176 -0.24 -0.32)
(0.5170588235 -0.24 -0.32)
(0.5588235294 -0.24 -0.32)
(0.6005882353 -0.24 -0.32)
(0.6423529412 -0.24 -0.32)
(0.6841176471 -0.24 -0.32)
(0.7258823529 -0.24 -0.32)
(0.7676470588 -0.24 -0.32)
(0.8094117647 -0.24 -0.32)
(0.8511764706 -0.24 -0.32)
(0.8929411765 -0.24 -0.32)
(0.9347058824 -0.24 -0.32)
(0.9764705882 -0.24 -0.32)
(1.018235294 -0.24 -0.32)
(1.06 -0.24 -0.32)
(-0.36 -0.2 -0.32)
(-0.3182352941 -0.2 -0.32)
(-0.2764705882 -0.2 -0.32)
(-0.2347058824 -0.2 -0.32)
(-0.1929411765 -0.2 -0.32)
(-0.1511764706 -0.2 -0.32)
(-0.1094117647 -0.2 -0.32)
(-0.06764705882 -0.2 -0.32)
(-0.02588235294 -0.2 -0.32)
(0.01588235294 -0.2 -0.32)
(0.05764705882 -0.2 -0.32)
(0.09941176471 -0.2 -0.32)
(0.1411764706 -0.2 -0.32)
(0.1829411765 -0.2 -0.32)
(0.2247058824 -0.2 -0.32)
(0.2664705882 -0.2 -0.32)
(0.3082352941 -0.2 -0.32)
(0.35 -0.2 -0.32)
(0.3917647059 -0.2 -0.32)
(0.4335294118 -0.2 -0.32)
(0.4752941176 -0.2 -0.32)
(0.5170588235 -0.2 -0.32)
(0.5588235294 -0.2 -0.32)
(0.6005882353 -0.2 -0.32)
(0.6423529412 -0.2 -0.32)
(0.6841176471 -0.2 -0.32)
(0.7258823529 -0.2 -0.32)
(0.7676470588 -0.2 -0.32)
(0.8094117647 -0.2 -0.32)
(0.8511764706 -0.2 -0.32)
(0.8929411765 -0.2 -0.32)
(0.9347058824 -0.2 -0.32)
(0.9764705882 -0.2 -0.32)
(1.018235294 -0.2 -0.32)
(1.06 -0.2 -0.32)
(-0.36 -0.16 -0.32)
(-0.3182352941 -0.16 -0.32)
(-0.2764705882 -0.16 -0.32)
(-0.2347058824 -0.16 -0.32)
(-0.1929411765 -0.16 -0.32)
(-0.1511764706 -0.16 -0.32)
(-0.1094117647 -0.16 -0.32)
(-0.06764705882 -0.16 -0.32)
(-0.02588235294 -0.16 -0.32)
(0.01588235294 -0.16 -0.32)
(0.05764705882 -0.16 -0.32)
(0.09941176471 -0.16 -0.32)
(0.1411764706 -0.16 -0.32)
(0.1829411765 -0.16 -0.32)
(0.2247058824 -0.16 -0.32)
(0.2664705882 -0.16 -0.32)
(0.3082352941 -0.16 -0.32)
(0.35 -0.16 -0.32)
(0.3917647059 -0.16 -0.32)
(0.4335294118 -0.16 -0.32)
(0.4752941176 -0.16 -0.32)
(0.5170588235 -0.16 -0.32)
(0.5588235294 -0.16 -0.32)
(0.6005882353 -0.16 -0.32)
(0.6423529412 -0.16 -0.32)
(0.6841176471 -0.16 -0.32)
(0.7258823529 -0.16 -0.32)
(0.7676470588 -0.16 -0.32)
(0.8094117647 -0.16 -0.32)
(0.8511764706 -0.16 -0.32)
(0.8929411765 -0.16 -0.32)
(0.9347058824 -0.16 -0.32)
(0.9764705882 -0.16 -0.32)
(1.018235294 -0.16 -0.32)
(1.06 -0.16 -0.32)
(-0.36 -0.12 -0.32)
(-0.3182352941 -0.12 -0.32)
(-0.2764705882 -0.12 -0.32)
(-0.2347058824 -0.12 -0.32)
(-0.1929411765 -0.12 -0.32)
(-0.1511764706 -0.12 -0.32)
(-0.1094117647 -0.12 -0.32)
(-0.06764705882 -0.12 -0.32)
(-0.02588235294 -0.12 -0.32)
(0.01588235294 -0.12 -0.32)
(0.05764705882 -0.12 -0.32)
(0.09941176471 -0.12 -0.32)
(0.1411764706 -0.12 -0.32)
(0.1829411765 -0.12 -0.32)
(0.2247058824 -0.12 -0.32)
(0.2664705882 -0.12 -0.32)
(0.3082352941 -0.12 -0.32)
(0.35 -0.12 -0.32)
(0.3917647059 -0.12 -0.32)
(0.4335294118 -0.12 -0.32)
(0.4752941176 -0.12 -0.32)
(0.5170588235 -0.12 -0.32)
(0.5588235294 -0.12 -0.32)
(0.6005882353 -0.12 -0.32)
(0.6423529412 -0.12 -0.32)
(0.6841176471 -0.12 -0.32)
(0.7258823529 -0.12 -0.32)
(0.7676470588 -0.12 -0.32)
(0.8094117647 -0.12 -0.32)
(0.8511764706 -0.12 -0.32)
(0.8929411765 -0.12 -0.32)
(0.9347058824 -0.12 -0.32)
(0.9764705882 -0.12 -0.32)
(1.018235294 -0.12 -0.32)
(1.06 -0.12 -0.32)
(-0.36 -0.08 -0.32)
(-0.3182352941 -0.08 -0.32)
(-0.2764705882 -0.08 -0.32)
(-0.2347058824 -0.08 -0.32)
(-0.1929411765 -0.08 -0.32)
(-0.1511764706 -0.08 -0.32)
(-0.1094117647 -0.08 -0.32)
(-0.06764705882 -0.08 -0.32)
(-0.02588235294 -0.08 -0.32)
(0.01588235294 -0.08 -0.32)
(0.05764705882 -0.08 -0.32)
(0.09941176471 -0.08 -0.32)
(0.1411764706 -0.08 -0.32)
(0.1829411765 -0.08 -0.32)
(0.2247058824 -0.08 -0.32)
(0.2664705882 -0.08 -0.32)
(0.3082352941 -0.08 -0.32)
(0.35 -0.08 -0.32)
(0.3917647059 -0.08 -0.32)
(0.4335294118 -0.08 -0.32)
(0.4752941176 -0.08 -0.32)
(0.5170588235 -0.08 -0.32)
(0.5588235294 -0.08 -0.32)
(0.6005882353 -0.08 -0.32)
(0.6423529412 -0.08 -0.32)
(0.6841176471 -0.08 -0.32)
(0.7258823529 -0.08 -0.32)
(0.7676470588 -0.08 -0.32)
(0.8094117647 -0.08 -0.32)
(0.8511764706 -0.08 -0.32)
(0.8929411765 -0.08 -0.32)
(0.9347058824 -0.08 -0.32)
(0.9764705882 -0.08 -0.32)
(1.018235294 -0.08 -0.32)
(1.06 -0.08 -0.32)
(-0.36 -0.04 -0.32)
(-0.3182352941 -0.04 -0.32)
(-0.2764705882 -0.04 -0.32)
(-0.2347058824 -0.04 -0.32)
(-0.1929411765 -0.04 -0.32)
(-0.1511764706 -0.04 -0.32)
(-0.1094117647 -0.04 -0.32)
(-0.06764705882 -0.04 -0.32)
(-0.02588235294 -0.04 -0.32)
(0.01588235294 -0.04 -0.32)
(0.05764705882 -0.04 -0.32)
(0.09941176471 -0.04 -0.32)
(0.1411764706 -0.04 -0.32)
(0.1829411765 -0.04 -0.32)
(0.2247058824 -0.04 -0.32)
(0.2664705882 -0.04 -0.32)
(0.3082352941 -0.04 -0.32)
(0.35 -0.04 -0.32)
(0.3917647059 -0.04 -0.32)
(0.4335294118 -0.04 -0.32)
(0.4752941176 -0.04 -0.32)
(0.5170588235 -0.04 -0.32)
(0.5588235294 -0.04 -0.32)
(0.6005882353 -0.04 -0.32)
(0.6423529412 -0.04 -0.32)
(0.6841176471 -0.04 -0.32)
(0.7258823529 -0.04 -0.32)
(0.7676470588 -0.04 -0.32)
(0.8094117647 -0.04 -0.32)
(0.8511764706 -0.04 -0.32)
(0.8929411765 -0.04 -0.32)
(0.9347058824 -0.04 -0.32)
(0.9764705882 -0.04 -0.32)
(1.018235294 -0.04 -0.32)
(1.06 -0.04 -0.32)
(-0.36 0 -0.32)
(-0.3182352941 0 -0.32)
(-0.2764705882 0 -0.32)
(-0.2347058824 -9.251858539e-18 -0.32)
(-0.1929411765 0 -0.32)
(-0.1511764706 0 -0.32)
(-0.1094117647 0 -0.32)
(-0.06764705882 0 -0.32)
(-0.02588235294 0 -0.32)
(0.01588235294 0 -0.32)
(0.05764705882 0 -0.32)
(0.09941176471 0 -0.32)
(0.1411764706 0 -0.32)
(0.1829411765 -4.625929269e-18 -0.32)
(0.2247058824 -4.625929269e-18 -0.32)
(0.2664705882 0 -0.32)
(0.3082352941 0 -0.32)
(0.35 0 -0.32)
(0.3917647059 0 -0.32)
(0.4335294118 0 -0.32)
(0.4752941176 -4.625929269e-18 -0.32)
(0.5170588235 -4.625929269e-18 -0.32)
(0.5588235294 0 -0.32)
(0.6005882353 0 -0.32)
(0.6423529412 4.625929269e-18 -0.32)
(0.6841176471 0 -0.32)
(0.7258823529 2.312964635e-18 -0.32)
(0.7676470588 -4.625929269e-18 -0.32)
(0.8094117647 2.312964635e-18 -0.32)
(0.8511764706 -2.312964635e-18 -0.32)
(0.8929411765 0 -0.32)
(0.9347058824 -4.625929269e-18 -0.32)
(0.9764705882 0 -0.32)
(1.018235294 -4.625929269e-18 -0.32)
(1.06 0 -0.32)
(-0.36 0.04 -0.32)
(-0.3182352941 0.04 -0.32)
(-0.2764705882 0.04 -0.32)
(-0.2347058824 0.04 -0.32)
(-0.1929411765 0.04 -0.32)
(-0.1511764706 0.04 -0.32)
(-0.1094117647 0.04 -0.32)
(-0.06764705882 0.04 -0.32)
(-0.02588235294 0.04 -0.32)
(0.01588235294 0.04 -0.32)
(0.05764705882 0.04 -0.32)
(0.09941176471 0.04 -0.32)
(0.1411764706 0.04 -0.32)
(0.1829411765 0.04 -0.32)
(0.2247058824 0.04 -0.32)
(0.2664705882 0.04 -0.32)
(0.3082352941 0.04 -0.32)
(0.35 0.04 -0.32)
(0.3917647059 0.04 -0.32)
(0.4335294118 0.04 -0.32)
(0.4752941176 0.04 -0.32)
(0.5170588235 0.04 -0.32)
(0.5588235294 0.04 -0.32)
(0.6005882353 0.04 -0.32)
(0.6423529412 0.04 -0.32)
(0.6841176471 0.04 -0.32)
(0.7258823529 0.04 -0.32)
(0.7676470588 0.04 -0.32)
(0.8094117647 0.04 -0.32)
(0.8511764706 0.04 -0.32)
(0.8929411765 0.04 -0.32)
(0.9347058824 0.04 -0.32)
(0.9764705882 0.04 -0.32)
(1.018235294 0.04 -0.32)
(1.06 0.04 -0.32)
(-0.36 0.08 -0.32)
(-0.3182352941 0.08 -0.32)
(-0.2764705882 0.08 -0.32)
(-0.2347058824 0.08 -0.32)
(-0.1929411765 0.08 -0.32)
(-0.1511764706 0.08 -0.32)
(-0.1094117647 0.08 -0.32)
(-0.06764705882 0.08 -0.32)
(-0.02588235294 0.08 -0.32)
(0.01588235294 0.08 -0.32)
(0.05764705882 0.08 -0.32)
(0.09941176471 0.08 -0.32)
(0.1411764706 0.08 -0.32)
(0.1829411765 0.08 -0.32)
(0.2247058824 0.08 -0.32)
(0.2664705882 0.08 -0.32)
(0.3082352941 0.08 -0.32)
(0.35 0.08 -0.32)
(0.3917647059 0.08 -0.32)
(0.4335294118 0.08 -0.32)
(0.4752941176 0.08 -0.32)
(0.5170588235 0.08 -0.32)
(0.5588235294 0.08 -0.32)
(0.6005882353 0.08 -0.32)
(0.6423529412 0.08 -0.32)
(0.6841176471 0.08 -0.32)
(0.7258823529 0.08 -0.32)
(0.7676470588 0.08 -0.32)
(0.8094117647 0.08 -0.32)
(0.8511764706 0.08 -0.32)
(0.8929411765 0.08 -0.32)
(0.9347058824 0.08 -0.32)
(0.9764705882 0.08 -0.32)
(1.018235294 0.08 -0.32)
(1.06 0.08 -0.32)
(-0.36 0.12 -0.32)
(-0.3182352941 0.12 -0.32)
(-0.2764705882 0.12 -0.32)
(-0.2347058824 0.12 -0.32)
(-0.1929411765 0.12 -0.32)
(-0.1511764706 0.12 -0.32)
(-0.1094117647 0.12 -0.32)
(-0.06764705882 0.12 -0.32)
(-0.02588235294 0.12 -0.32)
(0.01588235294 0.12 -0.32)
(0.05764705882 0.12 -0.32)
(0.09941176471 0.12 -0.32)
(0.1411764706 0.12 -0.32)
(0.1829411765 0.12 -0.32)
(0.2247058824 0.12 -0.32)
(0.2664705882 0.12 -0.32)
(0.3082352941 0.12 -0.32)
(0.35 0.12 -0.32)
(0.3917647059 0.12 -0.32)
(0.4335294118 0.12 -0.32)
(0.4752941176 0.12 -0.32)
(0.5170588235 0.12 -0.32)
(0.5588235294 0.12 -0.32)
(0.6005882353 0.12 -0.32)
(0.6423529412 0.12 -0.32)
(0.6841176471 0.12 -0.32)
(0.7258823529 0.12 -0.32)
(0.7676470588 0.12 -0.32)
(0.8094117647 0.12 -0.32)
(0.8511764706 0.12 -0.32)
(0.8929411765 0.12 -0.32)
(0.9347058824 0.12 -0.32)
(0.9764705882 0.12 -0.32)
(1.018235294 0.12 -0.32)
(1.06 0.12 -0.32)
(-0.36 0.16 -0.32)
(-0.3182352941 0.16 -0.32)
(-0.2764705882 0.16 -0.32)
(-0.2347058824 0.16 -0.32)
(-0.1929411765 0.16 -0.32)
(-0.1511764706 0.16 -0.32)
(-0.1094117647 0.16 -0.32)
(-0.06764705882 0.16 -0.32)
(-0.02588235294 0.16 -0.32)
(0.01588235294 0.16 -0.32)
(0.05764705882 0.16 -0.32)
(0.09941176471 0.16 -0.32)
(0.1411764706 0.16 -0.32)
(0.1829411765 0.16 -0.32)
(0.2247058824 0.16 -0.32)
(0.2664705882 0.16 -0.32)
(0.3082352941 0.16 -0.32)
(0.35 0.16 -0.32)
(0.3917647059 0.16 -0.32)
(0.4335294118 0.16 -0.32)
(0.4752941176 0.16 -0.32)
(0.5170588235 0.16 -0.32)
(0.5588235294 0.16 -0.32)
(0.6005882353 0.16 -0.32)
(0.6423529412 0.16 -0.32)
(0.6841176471 0.16 -0.32)
(0.7258823529 0.16 -0.32)
(0.7676470588 0.16 -0.32)
(0.8094117647 0.16 -0.32)
(0.8511764706 0.16 -0.32)
(0.8929411765 0.16 -0.32)
(0.9347058824 0.16 -0.32)
(0.9764705882 0.16 -0.32)
(1.018235294 0.16 -0.32)
(1.06 0.16 -0.32)
(-0.36 0.2 -0.32)
(-0.3182352941 0.2 -0.32)
(-0.2764705882 0.2 -0.32)
(-0.2347058824 0.2 -0.32)
(-0.1929411765 0.2 -0.32)
(-0.1511764706 0.2 -0.32)
(-0.1094117647 0.2 -0.32)
(-0.06764705882 0.2 -0.32)
(-0.02588235294 0.2 -0.32)
(0.01588235294 0.2 -0.32)
(0.05764705882 0.2 -0.32)
(0.09941176471 0.2 -0.32)
(0.1411764706 0.2 -0.32)
(0.1829411765 0.2 -0.32)
(0.2247058824 0.2 -0.32)
(0.2664705882 0.2 -0.32)
(0.3082352941 0.2 -0.32)
(0.35 0.2 -0.32)
(0.3917647059 0.2 -0.32)
(0.4335294118 0.2 -0.32)
(0.4752941176 0.2 -0.32)
(0.5170588235 0.2 -0.32)
(0.5588235294 0.2 -0.32)
(0.6005882353 0.2 -0.32)
(0.6423529412 0.2 -0.32)
(0.6841176471 0.2 -0.32)
(0.7258823529 0.2 -0.32)
(0.7676470588 0.2 -0.32)
(0.8094117647 0.2 -0.32)
(0.8511764706 0.2 -0.32)
(0.8929411765 0.2 -0.32)
(0.9347058824 0.2 -0.32)
(0.9764705882 0.2 -0.32)
(1.018235294 0.2 -0.32)
(1.06 0.2 -0.32)
(-0.36 0.24 -0.32)
(-0.3182352941 0.24 -0.32)
(-0.2764705882 0.24 -0.32)
(-0.2347058824 0.24 -0.32)
(-0.1929411765 0.24 -0.32)
(-0.1511764706 0.24 -0.32)
(-0.1094117647 0.24 -0.32)
(-0.06764705882 0.24 -0.32)
(-0.02588235294 0.24 -0.32)
(0.01588235294 0.24 -0.32)
(0.05764705882 0.24 -0.32)
(0.09941176471 0.24 -0.32)
(0.1411764706 0.24 -0.32)
(0.1829411765 0.24 -0.32)
(0.2247058824 0.24 -0.32)
(0.2664705882 0.24 -0.32)
(0.3082352941 0.24 -0.32)
(0.35 0.24 -0.32)
(0.3917647059 0.24 -0.32)
(0.4335294118 0.24 -0.32)
(0.4752941176 0.24 -0.32)
(0.5170588235 0.24 -0.32)
(0.5588235294 0.24 -0.32)
(0.6005882353 0.24 -0.32)
(0.6423529412 0.24 -0.32)
(0.6841176471 0.24 -0.32)
(0.7258823529 0.24 -0.32)
(0.7676470588 0.24 -0.32)
(0.8094117647 0.24 -0.32)
(0.8511764706 0.24 -0.32)
(0.8929411765 0.24 -0.32)
(0.9347058824 0.24 -0.32)
(0.9764705882 0.24 -0.32)
(1.018235294 0.24 -0.32)
(1.06 0.24 -0.32)
(-0.36 0.28 -0.32)
(-0.3182352941 0.28 -0.32)
(-0.2764705882 0.28 -0.32)
(-0.2347058824 0.28 -0.32)
(-0.1929411765 0.28 -0.32)
(-0.1511764706 0.28 -0.32)
(-0.1094117647 0.28 -0.32)
(-0.06764705882 0.28 -0.32)
(-0.02588235294 0.28 -0.32)
(0.01588235294 0.28 -0.32)
(0.05764705882 0.28 -0.32)
(0.09941176471 0.28 -0.32)
(0.1411764706 0.28 -0.32)
(0.1829411765 0.28 -0.32)
(0.2247058824 0.28 -0.32)
(0.2664705882 0.28 -0.32)
(0.3082352941 0.28 -0.32)
(0.35 0.28 -0.32)
(0.3917647059 0.28 -0.32)
(0.4335294118 0.28 -0.32)
(0.4752941176 0.28 -0.32)
(0.5170588235 0.28 -0.32)
(0.5588235294 0.28 -0.32)
(0.6005882353 0.28 -0.32)
(0.6423529412 0.28 -0.32)
(0.6841176471 0.28 -0.32)
(0.7258823529 0.28 -0.32)
(0.7676470588 0.28 -0.32)
(0.8094117647 0.28 -0.32)
(0.8511764706 0.28 -0.32)
(0.8929411765 0.28 -0.32)
(0.9347058824 0.28 -0.32)
(0.9764705882 0.28 -0.32)
(1.018235294 0.28 -0.32)
(1.06 0.28 -0.32)
(-0.36 0.32 -0.32)
(-0.3182352941 0.32 -0.32)
(-0.2764705882 0.32 -0.32)
(-0.2347058824 0.32 -0.32)
(-0.1929411765 0.32 -0.32)
(-0.1511764706 0.32 -0.32)
(-0.1094117647 0.32 -0.32)
(-0.06764705882 0.32 -0.32)
(-0.02588235294 0.32 -0.32)
(0.01588235294 0.32 -0.32)
(0.05764705882 0.32 -0.32)
(0.09941176471 0.32 -0.32)
(0.1411764706 0.32 -0.32)
(0.1829411765 0.32 -0.32)
(0.2247058824 0.32 -0.32)
(0.2664705882 0.32 -0.32)
(0.3082352941 0.32 -0.32)
(0.35 0.32 -0.32)
(0.3917647059 0.32 -0.32)
(0.4335294118 0.32 -0.32)
(0.4752941176 0.32 -0.32)
(0.5170588235 0.32 -0.32)
(0.5588235294 0.32 -0.32)
(0.6005882353 0.32 -0.32)
(0.6423529412 0.32 -0.32)
(0.6841176471 0.32 -0.32)
(0.7258823529 0.32 -0.32)
(0.7676470588 0.32 -0.32)
(0.8094117647 0.32 -0.32)
(0.8511764706 0.32 -0.32)
(0.8929411765 0.32 -0.32)
(0.9347058824 0.32 -0.32)
(0.9764705882 0.32 -0.32)
(1.018235294 0.32 -0.32)
(1.06 0.32 -0.32)
(-0.36 0.36 -0.32)
(-0.3182352941 0.36 -0.32)
(-0.2764705882 0.36 -0.32)
(-0.2347058824 0.36 -0.32)
(-0.1929411765 0.36 -0.32)
(-0.1511764706 0.36 -0.32)
(-0.1094117647 0.36 -0.32)
(-0.06764705882 0.36 -0.32)
(-0.02588235294 0.36 -0.32)
(0.01588235294 0.36 -0.32)
(0.05764705882 0.36 -0.32)
(0.09941176471 0.36 -0.32)
(0.1411764706 0.36 -0.32)
(0.1829411765 0.36 -0.32)
(0.2247058824 0.36 -0.32)
(0.2664705882 0.36 -0.32)
(0.3082352941 0.36 -0.32)
(0.35 0.36 -0.32)
(0.3917647059 0.36 -0.32)
(0.4335294118 0.36 -0.32)
(0.4752941176 0.36 -0.32)
(0.5170588235 0.36 -0.32)
(0.5588235294 0.36 -0.32)
(0.6005882353 0.36 -0.32)
(0.6423529412 0.36 -0.32)
(0.6841176471 0.36 -0.32)
(0.7258823529 0.36 -0.32)
(0.7676470588 0.36 -0.32)
(0.8094117647 0.36 -0.32)
(0.8511764706 0.36 -0.32)
(0.8929411765 0.36 -0.32)
(0.9347058824 0.36 -0.32)
(0.9764705882 0.36 -0.32)
(1.018235294 0.36 -0.32)
(1.06 0.36 -0.32)
(-0.36 -0.36 -0.28)
(-0.3182352941 -0.36 -0.28)
(-0.2764705882 -0.36 -0.28)
(-0.2347058824 -0.36 -0.28)
(-0.1929411765 -0.36 -0.28)
(-0.1511764706 -0.36 -0.28)
(-0.1094117647 -0.36 -0.28)
(-0.06764705882 -0.36 -0.28)
(-0.02588235294 -0.36 -0.28)
(0.01588235294 -0.36 -0.28)
(0.05764705882 -0.36 -0.28)
(0.09941176471 -0.36 -0.28)
(0.1411764706 -0.36 -0.28)
(0.1829411765 -0.36 -0.28)
(0.2247058824 -0.36 -0.28)
(0.2664705882 -0.36 -0.28)
(0.3082352941 -0.36 -0.28)
(0.35 -0.36 -0.28)
(0.3917647059 -0.36 -0.28)
(0.4335294118 -0.36 -0.28)
(0.4752941176 -0.36 -0.28)
(0.5170588235 -0.36 -0.28)
(0.5588235294 -0.36 -0.28)
(0.6005882353 -0.36 -0.28)
(0.6423529412 -0.36 -0.28)
(0.6841176471 -0.36 -0.28)
(0.7258823529 -0.36 -0.28)
(0.7676470588 -0.36 -0.28)
(0.8094117647 -0.36 -0.28)
(0.8511764706 -0.36 -0.28)
(0.8929411765 -0.36 -0.28)
(0.9347058824 -0.36 -0.28)
(0.9764705882 -0.36 -0.28)
(1.018235294 -0.36 -0.28)
(1.06 -0.36 -0.28)
(-0.36 -0.32 -0.28)
(-0.3182352941 -0.32 -0.28)
(-0.2764705882 -0.32 -0.28)
(-0.2347058824 -0.32 -0.28)
(-0.1929411765 -0.32 -0.28)
(-0.1511764706 -0.32 -0.28)
(-0.1094117647 -0.32 -0.28)
(-0.06764705882 -0.32 -0.28)
(-0.02588235294 -0.32 -0.28)
(0.01588235294 -0.32 -0.28)
(0.05764705882 -0.32 -0.28)
(0.09941176471 -0.32 -0.28)
(0.1411764706 -0.32 -0.28)
(0.1829411765 -0.32 -0.28)
(0.2247058824 -0.32 -0.28)
(0.2664705882 -0.32 -0.28)
(0.3082352941 -0.32 -0.28)
(0.35 -0.32 -0.28)
(0.3917647059 -0.32 -0.28)
(0.4335294118 -0.32 -0.28)
(0.4752941176 -0.32 -0.28)
(0.5170588235 -0.32 -0.28)
(0.5588235294 -0.32 -0.28)
(0.6005882353 -0.32 -0.28)
(0.6423529412 -0.32 -0.28)
(0.6841176471 -0.32 -0.28)
(0.7258823529 -0.32 -0.28)
(0.7676470588 -0.32 -0.28)
(0.8094117647 -0.32 -0.28)
(0.8511764706 -0.32 -0.28)
(0.8929411765 -0.32 -0.28)
(0.9347058824 -0.32 -0.28)
(0.9764705882 -0.32 -0.28)
(1.018235294 -0.32 -0.28)
(1.06 -0.32 -0.28)
(-0.36 -0.28 -0.28)
(-0.3182352941 -0.28 -0.28)
(-0.2764705882 -0.28 -0.28)
(-0.2347058824 -0.28 -0.28)
(-0.1929411765 -0.28 -0.28)
(-0.1511764706 -0.28 -0.28)
(-0.1094117647 -0.28 -0.28)
(-0.06764705882 -0.28 -0.28)
(-0.02588235294 -0.28 -0.28)
(0.01588235294 -0.28 -0.28)
(0.05764705882 -0.28 -0.28)
(0.09941176471 -0.28 -0.28)
(0.1411764706 -0.28 -0.28)
(0.1829411765 -0.28 -0.28)
(0.2247058824 -0.28 -0.28)
(0.2664705882 -0.28 -0.28)
(0.3082352941 -0.28 -0.28)
(0.35 -0.28 -0.28)
(0.3917647059 -0.28 -0.28)
(0.4335294118 -0.28 -0.28)
(0.4752941176 -0.28 -0.28)
(0.5170588235 -0.28 -0.28)
(0.5588235294 -0.28 -0.28)
(0.6005882353 -0.28 -0.28)
(0.6423529412 -0.28 -0.28)
(0.6841176471 -0.28 -0.28)
(0.7258823529 -0.28 -0.28)
(0.7676470588 -0.28 -0.28)
(0.8094117647 -0.28 -0.28)
(0.8511764706 -0.28 -0.28)
(0.8929411765 -0.28 -0.28)
(0.9347058824 -0.28 -0.28)
(0.9764705882 -0.28 -0.28)
(1.018235294 -0.28 -0.28)
(1.06 -0.28 -0.28)
(-0.36 -0.24 -0.28)
(-0.3182352941 -0.24 -0.28)
(-0.2764705882 -0.24 -0.28)
(-0.2347058824 -0.24 -0.28)
(-0.1929411765 -0.24 -0.28)
(-0.1511764706 -0.24 -0.28)
(-0.1094117647 -0.24 -0.28)
(-0.06764705882 -0.24 -0.28)
(-0.02588235294 -0.24 -0.28)
(0.01588235294 -0.24 -0.28)
(0.05764705882 -0.24 -0.28)
(0.09941176471 -0.24 -0.28)
(0.1411764706 -0.24 -0.28)
(0.1829411765 -0.24 -0.28)
(0.2247058824 -0.24 -0.28)
(0.2664705882 -0.24 -0.28)
(0.3082352941 -0.24 -0.28)
(0.35 -0.24 -0.28)
(0.3917647059 -0.24 -0.28)
(0.4335294118 -0.24 -0.28)
(0.4752941176 -0.24 -0.28)
(0.5170588235 -0.24 -0.28)
(0.5588235294 -0.24 -0.28)
(0.6005882353 -0.24 -0.28)
(0.6423529412 -0.24 -0.28)
(0.6841176471 -0.24 -0.28)
(0.7258823529 -0.24 -0.28)
(0.7676470588 -0.24 -0.28)
(0.8094117647 -0.24 -0.28)
(0.8511764706 -0.24 -0.28)
(0.8929411765 -0.24 -0.28)
(0.9347058824 -0.24 -0.28)
(0.9764705882 -0.24 -0.28)
(1.018235294 -0.24 -0.28)
(1.06 -0.24 -0.28)
(-0.36 -0.2 -0.28)
(-0.3182352941 -0.2 -0.28)
(-0.2764705882 -0.2 -0.28)
(-0.2347058824 -0.2 -0.28)
(-0.1929411765 -0.2 -0.28)
(-0.1511764706 -0.2 -0.28)
(-0.1094117647 -0.2 -0.28)
(-0.06764705882 -0.2 -0.28)
(-0.02588235294 -0.2 -0.28)
(0.01588235294 -0.2 -0.28)
(0.05764705882 -0.2 -0.28)
(0.09941176471 -0.2 -0.28)
(0.1411764706 -0.2 -0.28)
(0.1829411765 -0.2 -0.28)
(0.2247058824 -0.2 -0.28)
(0.2664705882 -0.2 -0.28)
(0.3082352941 -0.2 -0.28)
(0.35 -0.2 -0.28)
(0.3917647059 -0.2 -0.28)
(0.4335294118 -0.2 -0.28)
(0.4752941176 -0.2 -0.28)
(0.5170588235 -0.2 -0.28)
(0.5588235294 -0.2 -0.28)
(0.6005882353 -0.2 -0.28)
(0.6423529412 -0.2 -0.28)
(0.6841176471 -0.2 -0.28)
(0.7258823529 -0.2 -0.28)
(0.7676470588 -0.2 -0.28)
(0.8094117647 -0.2 -0.28)
(0.8511764706 -0.2 -0.28)
(0.8929411765 -0.2 -0.28)
(0.9347058824 -0.2 -0.28)
(0.9764705882 -0.2 -0.28)
(1.018235294 -0.2 -0.28)
(1.06 -0.2 -0.28)
(-0.36 -0.16 -0.28)
(-0.3182352941 -0.16 -0.28)
(-0.2764705882 -0.16 -0.28)
(-0.2347058824 -0.16 -0.28)
(-0.1929411765 -0.16 -0.28)
(-0.1511764706 -0.16 -0.28)
(-0.1094117647 -0.16 -0.28)
(-0.06764705882 -0.16 -0.28)
(-0.02588235294 -0.16 -0.28)
(0.01588235294 -0.16 -0.28)
(0.05764705882 -0.16 -0.28)
(0.09941176471 -0.16 -0.28)
(0.1411764706 -0.16 -0.28)
(0.1829411765 -0.16 -0.28)
(0.2247058824 -0.16 -0.28)
(0.2664705882 -0.16 -0.28)
(0.3082352941 -0.16 -0.28)
(0.35 -0.16 -0.28)
(0.3917647059 -0.16 -0.28)
(0.4335294118 -0.16 -0.28)
(0.4752941176 -0.16 -0.28)
(0.5170588235 -0.16 -0.28)
(0.5588235294 -0.16 -0.28)
(0.6005882353 -0.16 -0.28)
(0.6423529412 -0.16 -0.28)
(0.6841176471 -0.16 -0.28)
(0.7258823529 -0.16 -0.28)
(0.7676470588 -0.16 -0.28)
(0.8094117647 -0.16 -0.28)
(0.8511764706 -0.16 -0.28)
(0.8929411765 -0.16 -0.28)
(0.9347058824 -0.16 -0.28)
(0.9764705882 -0.16 -0.28)
(1.018235294 -0.16 -0.28)
(1.06 -0.16 -0.28)
(-0.36 -0.12 -0.28)
(-0.3182352941 -0.12 -0.28)
(-0.2764705882 -0.12 -0.28)
(-0.2347058824 -0.12 -0.28)
(-0.1929411765 -0.12 -0.28)
(-0.1511764706 -0.12 -0.28)
(-0.1094117647 -0.12 -0.28)
(-0.06764705882 -0.12 -0.28)
(-0.02588235294 -0.12 -0.28)
(0.01588235294 -0.12 -0.28)
(0.05764705882 -0.12 -0.28)
(0.09941176471 -0.12 -0.28)
(0.1411764706 -0.12 -0.28)
(0.1829411765 -0.12 -0.28)
(0.2247058824 -0.12 -0.28)
(0.2664705882 -0.12 -0.28)
(0.3082352941 -0.12 -0.28)
(0.35 -0.12 -0.28)
(0.3917647059 -0.12 -0.28)
(0.4335294118 -0.12 -0.28)
(0.4752941176 -0.12 -0.28)
(0.5170588235 -0.12 -0.28)
(0.5588235294 -0.12 -0.28)
(0.6005882353 -0.12 -0.28)
(0.6423529412 -0.12 -0.28)
(0.6841176471 -0.12 -0.28)
(0.7258823529 -0.12 -0.28)
(0.7676470588 -0.12 -0.28)
(0.8094117647 -0.12 -0.28)
(0.8511764706 -0.12 -0.28)
(0.8929411765 -0.12 -0.28)
(0.9347058824 -0.12 -0.28)
(0.9764705882 -0.12 -0.28)
(1.018235294 -0.12 -0.28)
(1.06 -0.12 -0.28)
(-0.36 -0.08 -0.28)
(-0.3182352941 -0.08 -0.28)
(-0.2764705882 -0.08 -0.28)
(-0.2347058824 -0.08 -0.28)
(-0.1929411765 -0.08 -0.28)
(-0.1511764706 -0.08 -0.28)
(-0.1094117647 -0.08 -0.28)
(-0.06764705882 -0.08 -0.28)
(-0.02588235294 -0.08 -0.28)
(0.01588235294 -0.08 -0.28)
(0.05764705882 -0.08 -0.28)
(0.09941176471 -0.08 -0.28)
(0.1411764706 -0.08 -0.28)
(0.1829411765 -0.08 -0.28)
(0.2247058824 -0.08 -0.28)
(0.2664705882 -0.08 -0.28)
(0.3082352941 -0.08 -0.28)
(0.35 -0.08 -0.28)
(0.3917647059 -0.08 -0.28)
(0.4335294118 -0.08 -0.28)
(0.4752941176 -0.08 -0.28)
(0.5170588235 -0.08 -0.28)
(0.5588235294 -0.08 -0.28)
(0.6005882353 -0.08 -0.28)
(0.6423529412 -0.08 -0.28)
(0.6841176471 -0.08 -0.28)
(0.7258823529 -0.08 -0.28)
(0.7676470588 -0.08 -0.28)
(0.8094117647 -0.08 -0.28)
(0.8511764706 -0.08 -0.28)
(0.8929411765 -0.08 -0.28)
(0.9347058824 -0.08 -0.28)
(0.9764705882 -0.08 -0.28)
(1.018235294 -0.08 -0.28)
(1.06 -0.08 -0.28)
(-0.36 -0.04 -0.28)
(-0.3182352941 -0.04 -0.28)
(-0.2764705882 -0.04 -0.28)
(-0.2347058824 -0.04 -0.28)
(-0.1929411765 -0.04 -0.28)
(-0.1511764706 -0.04 -0.28)
(-0.1094117647 -0.04 -0.28)
(-0.06764705882 -0.04 -0.28)
(-0.02588235294 -0.04 -0.28)
(0.01588235294 -0.04 -0.28)
(0.05764705882 -0.04 -0.28)
(0.09941176471 -0.04 -0.28)
(0.1411764706 -0.04 -0.28)
(0.1829411765 -0.04 -0.28)
(0.2247058824 -0.04 -0.28)
(0.2664705882 -0.04 -0.28)
(0.3082352941 -0.04 -0.28)
(0.35 -0.04 -0.28)
(0.3917647059 -0.04 -0.28)
(0.4335294118 -0.04 -0.28)
(0.4752941176 -0.04 -0.28)
(0.5170588235 -0.04 -0.28)
(0.5588235294 -0.04 -0.28)
(0.6005882353 -0.04 -0.28)
(0.6423529412 -0.04 -0.28)
(0.6841176471 -0.04 -0.28)
(0.7258823529 -0.04 -0.28)
(0.7676470588 -0.04 -0.28)
(0.8094117647 -0.04 -0.28)
(0.8511764706 -0.04 -0.28)
(0.8929411765 -0.04 -0.28)
(0.9347058824 -0.04 -0.28)
(0.9764705882 -0.04 -0.28)
(1.018235294 -0.04 -0.28)
(1.06 -0.04 -0.28)
(-0.36 0 -0.28)
(-0.3182352941 0 -0.28)
(-0.2764705882 0 -0.28)
(-0.2347058824 -9.251858539e-18 -0.28)
(-0.1929411765 0 -0.28)
(-0.1511764706 0 -0.28)
(-0.1094117647 0 -0.28)
(-0.06764705882 0 -0.28)
(-0.02588235294 0 -0.28)
(0.01588235294 0 -0.28)
(0.05764705882 0 -0.28)
(0.09941176471 0 -0.28)
(0.1411764706 0 -0.28)
(0.1829411765 0 -0.28)
(0.2247058824 0 -0.28)
(0.2664705882 -4.625929269e-18 -0.28)
(0.3082352941 -4.625929269e-18 -0.28)
(0.35 0 -0.28)
(0.3917647059 4.625929269e-18 -0.28)
(0.4335294118 -4.625929269e-18 -0.28)
(0.4752941176 0 -0.28)
(0.5170588235 0 -0.28)
(0.5588235294 0 -0.28)
(0.6005882353 0 -0.28)
(0.6423529412 -2.312964635e-18 -0.28)
(0.6841176471 0 -0.28)
(0.7258823529 0 -0.28)
(0.7676470588 -4.625929269e-18 -0.28)
(0.8094117647 0 -0.28)
(0.8511764706 -3.469446952e-18 -0.28)
(0.8929411765 1.156482317e-18 -0.28)
(0.9347058824 -4.625929269e-18 -0.28)
(0.9764705882 5.782411587e-19 -0.28)
(1.018235294 -4.047688111e-18 -0.28)
(1.06 0 -0.28)
(-0.36 0.04 -0.28)
(-0.3182352941 0.04 -0.28)
(-0.2764705882 0.04 -0.28)
(-0.2347058824 0.04 -0.28)
(-0.1929411765 0.04 -0.28)
(-0.1511764706 0.04 -0.28)
(-0.1094117647 0.04 -0.28)
(-0.06764705882 0.04 -0.28)
(-0.02588235294 0.04 -0.28)
(0.01588235294 0.04 -0.28)
(0.05764705882 0.04 -0.28)
(0.09941176471 0.04 -0.28)
(0.1411764706 0.04 -0.28)
(0.1829411765 0.04 -0.28)
(0.2247058824 0.04 -0.28)
(0.2664705882 0.04 -0.28)
(0.3082352941 0.04 -0.28)
(0.35 0.04 -0.28)
(0.3917647059 0.04 -0.28)
(0.4335294118 0.04 -0.28)
(0.4752941176 0.04 -0.28)
(0.5170588235 0.04 -0.28)
(0.5588235294 0.04 -0.28)
(0.6005882353 0.04 -0.28)
(0.6423529412 0.04 -0.28)
(0.6841176471 0.04 -0.28)
(0.7258823529 0.04 -0.28)
(0.7676470588 0.04 -0.28)
(0.8094117647 0.04 -0.28)
(0.8511764706 0.04 -0.28)
(0.8929411765 0.04 -0.28)
(0.9347058824 0.04 -0.28)
(0.9764705882 0.04 -0.28)
(1.018235294 0.04 -0.28)
(1.06 0.04 -0.28)
(-0.36 0.08 -0.28)
(-0.3182352941 0.08 -0.28)
(-0.2764705882 0.08 -0.28)
(-0.2347058824 0.08 -0.28)
(-0.1929411765 0.08 -0.28)
(-0.1511764706 0.08 -0.28)
(-0.1094117647 0.08 -0.28)
(-0.06764705882 0.08 -0.28)
(-0.02588235294 0.08 -0.28)
(0.01588235294 0.08 -0.28)
(0.05764705882 0.08 -0.28)
(0.09941176471 0.08 -0.28)
(0.1411764706 0.08 -0.28)
(0.1829411765 0.08 -0.28)
(0.2247058824 0.08 -0.28)
(0.2664705882 0.08 -0.28)
(0.3082352941 0.08 -0.28)
(0.35 0.08 -0.28)
(0.3917647059 0.08 -0.28)
(0.4335294118 0.08 -0.28)
(0.4752941176 0.08 -0.28)
(0.5170588235 0.08 -0.28)
(0.5588235294 0.08 -0.28)
(0.6005882353 0.08 -0.28)
(0.6423529412 0.08 -0.28)
(0.6841176471 0.08 -0.28)
(0.7258823529 0.08 -0.28)
(0.7676470588 0.08 -0.28)
(0.8094117647 0.08 -0.28)
(0.8511764706 0.08 -0.28)
(0.8929411765 0.08 -0.28)
(0.9347058824 0.08 -0.28)
(0.9764705882 0.08 -0.28)
(1.018235294 0.08 -0.28)
(1.06 0.08 -0.28)
(-0.36 0.12 -0.28)
(-0.3182352941 0.12 -0.28)
(-0.2764705882 0.12 -0.28)
(-0.2347058824 0.12 -0.28)
(-0.1929411765 0.12 -0.28)
(-0.1511764706 0.12 -0.28)
(-0.1094117647 0.12 -0.28)
(-0.06764705882 0.12 -0.28)
(-0.02588235294 0.12 -0.28)
(0.01588235294 0.12 -0.28)
(0.05764705882 0.12 -0.28)
(0.09941176471 0.12 -0.28)
(0.1411764706 0.12 -0.28)
(0.1829411765 0.12 -0.28)
(0.2247058824 0.12 -0.28)
(0.2664705882 0.12 -0.28)
(0.3082352941 0.12 -0.28)
(0.35 0.12 -0.28)
(0.3917647059 0.12 -0.28)
(0.4335294118 0.12 -0.28)
(0.4752941176 0.12 -0.28)
(0.5170588235 0.12 -0.28)
(0.5588235294 0.12 -0.28)
(0.6005882353 0.12 -0.28)
(0.6423529412 0.12 -0.28)
(0.6841176471 0.12 -0.28)
(0.7258823529 0.12 -0.28)
(0.7676470588 0.12 -0.28)
(0.8094117647 0.12 -0.28)
(0.8511764706 0.12 -0.28)
(0.8929411765 0.12 -0.28)
(0.9347058824 0.12 -0.28)
(0.9764705882 0.12 -0.28)
(1.018235294 0.12 -0.28)
(1.06 0.12 -0.28)
(-0.36 0.16 -0.28)
(-0.3182352941 0.16 -0.28)
(-0.2764705882 0.16 -0.28)
(-0.2347058824 0.16 -0.28)
(-0.1929411765 0.16 -0.28)
(-0.1511764706 0.16 -0.28)
(-0.1094117647 0.16 -0.28)
(-0.06764705882 0.16 -0.28)
(-0.02588235294 0.16 -0.28)
(0.01588235294 0.16 -0.28)
(0.05764705882 0.16 -0.28)
(0.09941176471 0.16 -0.28)
(0.1411764706 0.16 -0.28)
(0.1829411765 0.16 -0.28)
(0.2247058824 0.16 -0.28)
(0.2664705882 0.16 -0.28)
(0.3082352941 0.16 -0.28)
(0.35 0.16 -0.28)
(0.3917647059 0.16 -0.28)
(0.4335294118 0.16 -0.28)
(0.4752941176 0.16 -0.28)
(0.5170588235 0.16 -0.28)
(0.5588235294 0.16 -0.28)
(0.6005882353 0.16 -0.28)
(0.6423529412 0.16 -0.28)
(0.6841176471 0.16 -0.28)
(0.7258823529 0.16 -0.28)
(0.7676470588 0.16 -0.28)
(0.8094117647 0.16 -0.28)
(0.8511764706 0.16 -0.28)
(0.8929411765 0.16 -0.28)
(0.9347058824 0.16 -0.28)
(0.9764705882 0.16 -0.28)
(1.018235294 0.16 -0.28)
(1.06 0.16 -0.28)
(-0.36 0.2 -0.28)
(-0.3182352941 0.2 -0.28)
(-0.2764705882 0.2 -0.28)
(-0.2347058824 0.2 -0.28)
(-0.1929411765 0.2 -0.28)
(-0.1511764706 0.2 -0.28)
(-0.1094117647 0.2 -0.28)
(-0.06764705882 0.2 -0.28)
(-0.02588235294 0.2 -0.28)
(0.01588235294 0.2 -0.28)
(0.05764705882 0.2 -0.28)
(0.09941176471 0.2 -0.28)
(0.1411764706 0.2 -0.28)
(0.1829411765 0.2 -0.28)
(0.2247058824 0.2 -0.28)
(0.2664705882 0.2 -0.28)
(0.3082352941 0.2 -0.28)
(0.35 0.2 -0.28)
(0.3917647059 0.2 -0.28)
(0.4335294118 0.2 -0.28)
(0.4752941176 0.2 -0.28)
(0.5170588235 0.2 -0.28)
(0.5588235294 0.2 -0.28)
(0.6005882353 0.2 -0.28)
(0.6423529412 0.2 -0.28)
(0.6841176471 0.2 -0.28)
(0.7258823529 0.2 -0.28)
(0.7676470588 0.2 -0.28)
(0.8094117647 0.2 -0.28)
(0.8511764706 0.2 -0.28)
(0.8929411765 0.2 -0.28)
(0.9347058824 0.2 -0.28)
(0.9764705882 0.2 -0.28)
(1.018235294 0.2 -0.28)
(1.06 0.2 -0.28)
(-0.36 0.24 -0.28)
(-0.3182352941 0.24 -0.28)
(-0.2764705882 0.24 -0.28)
(-0.2347058824 0.24 -0.28)
(-0.1929411765 0.24 -0.28)
(-0.1511764706 0.24 -0.28)
(-0.1094117647 0.24 -0.28)
(-0.06764705882 0.24 -0.28)
(-0.02588235294 0.24 -0.28)
(0.01588235294 0.24 -0.28)
(0.05764705882 0.24 -0.28)
(0.09941176471 0.24 -0.28)
(0.1411764706 0.24 -0.28)
(0.1829411765 0.24 -0.28)
(0.2247058824 0.24 -0.28)
(0.2664705882 0.24 -0.28)
(0.3082352941 0.24 -0.28)
(0.35 0.24 -0.28)
(0.3917647059 0.24 -0.28)
(0.4335294118 0.24 -0.28)
(0.4752941176 0.24 -0.28)
(0.5170588235 0.24 -0.28)
(0.5588235294 0.24 -0.28)
(0.6005882353 0.24 -0.28)
(0.6423529412 0.24 -0.28)
(0.6841176471 0.24 -0.28)
(0.7258823529 0.24 -0.28)
(0.7676470588 0.24 -0.28)
(0.8094117647 0.24 -0.28)
(0.8511764706 0.24 -0.28)
(0.8929411765 0.24 -0.28)
(0.9347058824 0.24 -0.28)
(0.9764705882 0.24 -0.28)
(1.018235294 0.24 -0.28)
(1.06 0.24 -0.28)
(-0.36 0.28 -0.28)
(-0.3182352941 0.28 -0.28)
(-0.2764705882 0.28 -0.28)
(-0.2347058824 0.28 -0.28)
(-0.1929411765 0.28 -0.28)
(-0.1511764706 0.28 -0.28)
(-0.1094117647 0.28 -0.28)
(-0.06764705882 0.28 -0.28)
(-0.02588235294 0.28 -0.28)
(0.01588235294 0.28 -0.28)
(0.05764705882 0.28 -0.28)
(0.09941176471 0.28 -0.28)
(0.1411764706 0.28 -0.28)
(0.1829411765 0.28 -0.28)
(0.2247058824 0.28 -0.28)
(0.2664705882 0.28 -0.28)
(0.3082352941 0.28 -0.28)
(0.35 0.28 -0.28)
(0.3917647059 0.28 -0.28)
(0.4335294118 0.28 -0.28)
(0.4752941176 0.28 -0.28)
(0.5170588235 0.28 -0.28)
(0.5588235294 0.28 -0.28)
(0.6005882353 0.28 -0.28)
(0.6423529412 0.28 -0.28)
(0.6841176471 0.28 -0.28)
(0.7258823529 0.28 -0.28)
(0.7676470588 0.28 -0.28)
(0.8094117647 0.28 -0.28)
(0.8511764706 0.28 -0.28)
(0.8929411765 0.28 -0.28)
(0.9347058824 0.28 -0.28)
(0.9764705882 0.28 -0.28)
(1.018235294 0.28 -0.28)
(1.06 0.28 -0.28)
(-0.36 0.32 -0.28)
(-0.3182352941 0.32 -0.28)
(-0.2764705882 0.32 -0.28)
(-0.2347058824 0.32 -0.28)
(-0.1929411765 0.32 -0.28)
(-0.1511764706 0.32 -0.28)
(-0.1094117647 0.32 -0.28)
(-0.06764705882 0.32 -0.28)
(-0.02588235294 0.32 -0.28)
(0.01588235294 0.32 -0.28)
(0.05764705882 0.32 -0.28)
(0.09941176471 0.32 -0.28)
(0.1411764706 0.32 -0.28)
(0.1829411765 0.32 -0.28)
(0.2247058824 0.32 -0.28)
(0.2664705882 0.32 -0.28)
(0.3082352941 0.32 -0.28)
(0.35 0.32 -0.28)
(0.3917647059 0.32 -0.28)
(0.4335294118 0.32 -0.28)
(0.4752941176 0.32 -0.28)
(0.5170588235 0.32 -0.28)
(0.5588235294 0.32 -0.28)
(0.6005882353 0.32 -0.28)
(0.6423529412 0.32 -0.28)
(0.6841176471 0.32 -0.28)
(0.7258823529 0.32 -0.28)
(0.7676470588 0.32 -0.28)
(0.8094117647 0.32 -0.28)
(0.8511764706 0.32 -0.28)
(0.8929411765 0.32 -0.28)
(0.9347058824 0.32 -0.28)
(0.9764705882 0.32 -0.28)
(1.018235294 0.32 -0.28)
(1.06 0.32 -0.28)
(-0.36 0.36 -0.28)
(-0.3182352941 0.36 -0.28)
(-0.2764705882 0.36 -0.28)
(-0.2347058824 0.36 -0.28)
(-0.1929411765 0.36 -0.28)
(-0.1511764706 0.36 -0.28)
(-0.1094117647 0.36 -0.28)
(-0.06764705882 0.36 -0.28)
(-0.02588235294 0.36 -0.28)
(0.01588235294 0.36 -0.28)
(0.05764705882 0.36 -0.28)
(0.09941176471 0.36 -0.28)
(0.1411764706 0.36 -0.28)
(0.1829411765 0.36 -0.28)
(0.2247058824 0.36 -0.28)
(0.2664705882 0.36 -0.28)
(0.3082352941 0.36 -0.28)
(0.35 0.36 -0.28)
(0.3917647059 0.36 -0.28)
(0.4335294118 0.36 -0.28)
(0.4752941176 0.36 -0.28)
(0.5170588235 0.36 -0.28)
(0.5588235294 0.36 -0.28)
(0.6005882353 0.36 -0.28)
(0.6423529412 0.36 -0.28)
(0.6841176471 0.36 -0.28)
(0.7258823529 0.36 -0.28)
(0.7676470588 0.36 -0.28)
(0.8094117647 0.36 -0.28)
(0.8511764706 0.36 -0.28)
(0.8929411765 0.36 -0.28)
(0.9347058824 0.36 -0.28)
(0.9764705882 0.36 -0.28)
(1.018235294 0.36 -0.28)
(1.06 0.36 -0.28)
(-0.36 -0.36 -0.24)
(-0.3182352941 -0.36 -0.24)
(-0.2764705882 -0.36 -0.24)
(-0.2347058824 -0.36 -0.24)
(-0.1929411765 -0.36 -0.24)
(-0.1511764706 -0.36 -0.24)
(-0.1094117647 -0.36 -0.24)
(-0.06764705882 -0.36 -0.24)
(-0.02588235294 -0.36 -0.24)
(0.01588235294 -0.36 -0.24)
(0.05764705882 -0.36 -0.24)
(0.09941176471 -0.36 -0.24)
(0.1411764706 -0.36 -0.24)
(0.1829411765 -0.36 -0.24)
(0.2247058824 -0.36 -0.24)
(0.2664705882 -0.36 -0.24)
(0.3082352941 -0.36 -0.24)
(0.35 -0.36 -0.24)
(0.3917647059 -0.36 -0.24)
(0.4335294118 -0.36 -0.24)
(0.4752941176 -0.36 -0.24)
(0.5170588235 -0.36 -0.24)
(0.5588235294 -0.36 -0.24)
(0.6005882353 -0.36 -0.24)
(0.6423529412 -0.36 -0.24)
(0.6841176471 -0.36 -0.24)
(0.7258823529 -0.36 -0.24)
(0.7676470588 -0.36 -0.24)
(0.8094117647 -0.36 -0.24)
(0.8511764706 -0.36 -0.24)
(0.8929411765 -0.36 -0.24)
(0.9347058824 -0.36 -0.24)
(0.9764705882 -0.36 -0.24)
(1.018235294 -0.36 -0.24)
(1.06 -0.36 -0.24)
(-0.36 -0.32 -0.24)
(-0.3182352941 -0.32 -0.24)
(-0.2764705882 -0.32 -0.24)
(-0.2347058824 -0.32 -0.24)
(-0.1929411765 -0.32 -0.24)
(-0.1511764706 -0.32 -0.24)
(-0.1094117647 -0.32 -0.24)
(-0.06764705882 -0.32 -0.24)
(-0.02588235294 -0.32 -0.24)
(0.01588235294 -0.32 -0.24)
(0.05764705882 -0.32 -0.24)
(0.09941176471 -0.32 -0.24)
(0.1411764706 -0.32 -0.24)
(0.1829411765 -0.32 -0.24)
(0.2247058824 -0.32 -0.24)
(0.2664705882 -0.32 -0.24)
(0.3082352941 -0.32 -0.24)
(0.35 -0.32 -0.24)
(0.3917647059 -0.32 -0.24)
(0.4335294118 -0.32 -0.24)
(0.4752941176 -0.32 -0.24)
(0.5170588235 -0.32 -0.24)
(0.5588235294 -0.32 -0.24)
(0.6005882353 -0.32 -0.24)
(0.6423529412 -0.32 -0.24)
(0.6841176471 -0.32 -0.24)
(0.7258823529 -0.32 -0.24)
(0.7676470588 -0.32 -0.24)
(0.8094117647 -0.32 -0.24)
(0.8511764706 -0.32 -0.24)
(0.8929411765 -0.32 -0.24)
(0.9347058824 -0.32 -0.24)
(0.9764705882 -0.32 -0.24)
(1.018235294 -0.32 -0.24)
(1.06 -0.32 -0.24)
(-0.36 -0.28 -0.24)
(-0.3182352941 -0.28 -0.24)
(-0.2764705882 -0.28 -0.24)
(-0.2347058824 -0.28 -0.24)
(-0.1929411765 -0.28 -0.24)
(-0.1511764706 -0.28 -0.24)
(-0.1094117647 -0.28 -0.24)
(-0.06764705882 -0.28 -0.24)
(-0.02588235294 -0.28 -0.24)
(0.01588235294 -0.28 -0.24)
(0.05764705882 -0.28 -0.24)
(0.09941176471 -0.28 -0.24)
(0.1411764706 -0.28 -0.24)
(0.1829411765 -0.28 -0.24)
(0.2247058824 -0.28 -0.24)
(0.2664705882 -0.28 -0.24)
(0.3082352941 -0.28 -0.24)
(0.35 -0.28 -0.24)
(0.3917647059 -0.28 -0.24)
(0.4335294118 -0.28 -0.24)
(0.4752941176 -0.28 -0.24)
(0.5170588235 -0.28 -0.24)
(0.5588235294 -0.28 -0.24)
(0.6005882353 -0.28 -0.24)
(0.6423529412 -0.28 -0.24)
(0.6841176471 -0.28 -0.24)
(0.7258823529 -0.28 -0.24)
(0.7676470588 -0.28 -0.24)
(0.8094117647 -0.28 -0.24)
(0.8511764706 -0.28 -0.24)
(0.8929411765 -0.28 -0.24)
(0.9347058824 -0.28 -0.24)
(0.9764705882 -0.28 -0.24)
(1.018235294 -0.28 -0.24)
(1.06 -0.28 -0.24)
(-0.36 -0.24 -0.24)
(-0.3182352941 -0.24 -0.24)
(-0.2764705882 -0.24 -0.24)
(-0.2347058824 -0.24 -0.24)
(-0.1929411765 -0.24 -0.24)
(-0.1511764706 -0.24 -0.24)
(-0.1094117647 -0.24 -0.24)
(-0.06764705882 -0.24 -0.24)
(-0.02588235294 -0.24 -0.24)
(0.01588235294 -0.24 -0.24)
(0.05764705882 -0.24 -0.24)
(0.09941176471 -0.24 -0.24)
(0.1411764706 -0.24 -0.24)
(0.1829411765 -0.24 -0.24)
(0.2247058824 -0.24 -0.24)
(0.2664705882 -0.24 -0.24)
(0.3082352941 -0.24 -0.24)
(0.35 -0.24 -0.24)
(0.3917647059 -0.24 -0.24)
(0.4335294118 -0.24 -0.24)
(0.4752941176 -0.24 -0.24)
(0.5170588235 -0.24 -0.24)
(0.5588235294 -0.24 -0.24)
(0.6005882353 -0.24 -0.24)
(0.6423529412 -0.24 -0.24)
(0.6841176471 -0.24 -0.24)
(0.7258823529 -0.24 -0.24)
(0.7676470588 -0.24 -0.24)
(0.8094117647 -0.24 -0.24)
(0.8511764706 -0.24 -0.24)
(0.8929411765 -0.24 -0.24)
(0.9347058824 -0.24 -0.24)
(0.9764705882 -0.24 -0.24)
(1.018235294 -0.24 -0.24)
(1.06 -0.24 -0.24)
(-0.36 -0.2 -0.24)
(-0.3182352941 -0.2 -0.24)
(-0.2764705882 -0.2 -0.24)
(-0.2347058824 -0.2 -0.24)
(-0.1929411765 -0.2 -0.24)
(-0.1511764706 -0.2 -0.24)
(-0.1094117647 -0.2 -0.24)
(-0.06764705882 -0.2 -0.24)
(-0.02588235294 -0.2 -0.24)
(0.01588235294 -0.2 -0.24)
(0.05764705882 -0.2 -0.24)
(0.09941176471 -0.2 -0.24)
(0.1411764706 -0.2 -0.24)
(0.1829411765 -0.2 -0.24)
(0.2247058824 -0.2 -0.24)
(0.2664705882 -0.2 -0.24)
(0.3082352941 -0.2 -0.24)
(0.35 -0.2 -0.24)
(0.3917647059 -0.2 -0.24)
(0.4335294118 -0.2 -0.24)
(0.4752941176 -0.2 -0.24)
(0.5170588235 -0.2 -0.24)
(0.5588235294 -0.2 -0.24)
(0.6005882353 -0.2 -0.24)
(0.6423529412 -0.2 -0.24)
(0.6841176471 -0.2 -0.24)
(0.7258823529 -0.2 -0.24)
(0.7676470588 -0.2 -0.24)
(0.8094117647 -0.2 -0.24)
(0.8511764706 -0.2 -0.24)
(0.8929411765 -0.2 -0.24)
(0.9347058824 -0.2 -0.24)
(0.9764705882 -0.2 -0.24)
(1.018235294 -0.2 -0.24)
(1.06 -0.2 -0.24)
(-0.36 -0.16 -0.24)
(-0.3182352941 -0.16 -0.24)
(-0.2764705882 -0.16 -0.24)
(-0.2347058824 -0.16 -0.24)
(-0.1929411765 -0.16 -0.24)
(-0.1511764706 -0.16 -0.24)
(-0.1094117647 -0.16 -0.24)
(-0.06764705882 -0.16 -0.24)
(-0.02588235294 -0.16 -0.24)
(0.01588235294 -0.16 -0.24)
(0.05764705882 -0.16 -0.24)
(0.09941176471 -0.16 -0.24)
(0.1411764706 -0.16 -0.24)
(0.1829411765 -0.16 -0.24)
(0.2247058824 -0.16 -0.24)
(0.2664705882 -0.16 -0.24)
(0.3082352941 -0.16 -0.24)
(0.35 -0.16 -0.24)
(0.3917647059 -0.16 -0.24)
(0.4335294118 -0.16 -0.24)
(0.4752941176 -0.16 -0.24)
(0.5170588235 -0.16 -0.24)
(0.5588235294 -0.16 -0.24)
(0.6005882353 -0.16 -0.24)
(0.6423529412 -0.16 -0.24)
(0.6841176471 -0.16 -0.24)
(0.7258823529 -0.16 -0.24)
(0.7676470588 -0.16 -0.24)
(0.8094117647 -0.16 -0.24)
(0.8511764706 -0.16 -0.24)
(0.8929411765 -0.16 -0.24)
(0.9347058824 -0.16 -0.24)
(0.9764705882 -0.16 -0.24)
(1.018235294 -0.16 -0.24)
(1.06 -0.16 -0.24)
(-0.36 -0.12 -0.24)
(-0.3182352941 -0.12 -0.24)
(-0.2764705882 -0.12 -0.24)
(-0.2347058824 -0.12 -0.24)
(-0.1929411765 -0.12 -0.24)
(-0.1511764706 -0.12 -0.24)
(-0.1094117647 -0.12 -0.24)
(-0.06764705882 -0.12 -0.24)
(-0.02588235294 -0.12 -0.24)
(0.01588235294 -0.12 -0.24)
(0.05764705882 -0.12 -0.24)
(0.09941176471 -0.12 -0.24)
(0.1411764706 -0.12 -0.24)
(0.1829411765 -0.12 -0.24)
(0.2247058824 -0.12 -0.24)
(0.2664705882 -0.12 -0.24)
(0.3082352941 -0.12 -0.24)
(0.35 -0.12 -0.24)
(0.3917647059 -0.12 -0.24)
(0.4335294118 -0.12 -0.24)
(0.4752941176 -0.12 -0.24)
(0.5170588235 -0.12 -0.24)
(0.5588235294 -0.12 -0.24)
(0.6005882353 -0.12 -0.24)
(0.6423529412 -0.12 -0.24)
(0.6841176471 -0.12 -0.24)
(0.7258823529 -0.12 -0.24)
(0.7676470588 -0.12 -0.24)
(0.8094117647 -0.12 -0.24)
(0.8511764706 -0.12 -0.24)
(0.8929411765 -0.12 -0.24)
(0.9347058824 -0.12 -0.24)
(0.9764705882 -0.12 -0.24)
(1.018235294 -0.12 -0.24)
(1.06 -0.12 -0.24)
(-0.36 -0.08 -0.24)
(-0.3182352941 -0.08 -0.24)
(-0.2764705882 -0.08 -0.24)
(-0.2347058824 -0.08 -0.24)
(-0.1929411765 -0.08 -0.24)
(-0.1511764706 -0.08 -0.24)
(-0.1094117647 -0.08 -0.24)
(-0.06764705882 -0.08 -0.24)
(-0.02588235294 -0.08 -0.24)
(0.01588235294 -0.08 -0.24)
(0.05764705882 -0.08 -0.24)
(0.09941176471 -0.08 -0.24)
(0.1411764706 -0.08 -0.24)
(0.1829411765 -0.08 -0.24)
(0.2247058824 -0.08 -0.24)
(0.2664705882 -0.08 -0.24)
(0.3082352941 -0.08 -0.24)
(0.35 -0.08 -0.24)
(0.3917647059 -0.08 -0.24)
(0.4335294118 -0.08 -0.24)
(0.4752941176 -0.08 -0.24)
(0.5170588235 -0.08 -0.24)
(0.5588235294 -0.08 -0.24)
(0.6005882353 -0.08 -0.24)
(0.6423529412 -0.08 -0.24)
(0.6841176471 -0.08 -0.24)
(0.7258823529 -0.08 -0.24)
(0.7676470588 -0.08 -0.24)
(0.8094117647 -0.08 -0.24)
(0.8511764706 -0.08 -0.24)
(0.8929411765 -0.08 -0.24)
(0.9347058824 -0.08 -0.24)
(0.9764705882 -0.08 -0.24)
(1.018235294 -0.08 -0.24)
(1.06 -0.08 -0.24)
(-0.36 -0.04 -0.24)
(-0.3182352941 -0.04 -0.24)
(-0.2764705882 -0.04 -0.24)
(-0.2347058824 -0.04 -0.24)
(-0.1929411765 -0.04 -0.24)
(-0.1511764706 -0.04 -0.24)
(-0.1094117647 -0.04 -0.24)
(-0.06764705882 -0.04 -0.24)
(-0.02588235294 -0.04 -0.24)
(0.01588235294 -0.04 -0.24)
(0.05764705882 -0.04 -0.24)
(0.09941176471 -0.04 -0.24)
(0.1411764706 -0.04 -0.24)
(0.1829411765 -0.04 -0.24)
(0.2247058824 -0.04 -0.24)
(0.2664705882 -0.04 -0.24)
(0.3082352941 -0.04 -0.24)
(0.35 -0.04 -0.24)
(0.3917647059 -0.04 -0.24)
(0.4335294118 -0.04 -0.24)
(0.4752941176 -0.04 -0.24)
(0.5170588235 -0.04 -0.24)
(0.5588235294 -0.04 -0.24)
(0.6005882353 -0.04 -0.24)
(0.6423529412 -0.04 -0.24)
(0.6841176471 -0.04 -0.24)
(0.7258823529 -0.04 -0.24)
(0.7676470588 -0.04 -0.24)
(0.8094117647 -0.04 -0.24)
(0.8511764706 -0.04 -0.24)
(0.8929411765 -0.04 -0.24)
(0.9347058824 -0.04 -0.24)
(0.9764705882 -0.04 -0.24)
(1.018235294 -0.04 -0.24)
(1.06 -0.04 -0.24)
(-0.36 0 -0.24)
(-0.3182352941 0 -0.24)
(-0.2764705882 0 -0.24)
(-0.2347058824 -9.251858539e-18 -0.24)
(-0.1929411765 0 -0.24)
(-0.1511764706 0 -0.24)
(-0.1094117647 0 -0.24)
(-0.06764705882 0 -0.24)
(-0.02588235294 0 -0.24)
(0.01588235294 0 -0.24)
(0.05764705882 0 -0.24)
(0.09941176471 0 -0.24)
(0.1411764706 0 -0.24)
(0.1829411765 0 -0.24)
(0.2247058824 0 -0.24)
(0.2664705882 0 -0.24)
(0.3082352941 0 -0.24)
(0.35 0 -0.24)
(0.3917647059 0 -0.24)
(0.4335294118 0 -0.24)
(0.4752941176 0 -0.24)
(0.5170588235 0 -0.24)
(0.5588235294 0 -0.24)
(0.6005882353 0 -0.24)
(0.6423529412 4.625929269e-18 -0.24)
(0.6841176471 0 -0.24)
(0.7258823529 0 -0.24)
(0.7676470588 -4.625929269e-18 -0.24)
(0.8094117647 0 -0.24)
(0.8511764706 -3.469446952e-18 -0.24)
(0.8929411765 0 -0.24)
(0.9347058824 -4.625929269e-18 -0.24)
(0.9764705882 0 -0.24)
(1.018235294 -4.625929269e-18 -0.24)
(1.06 0 -0.24)
(-0.36 0.04 -0.24)
(-0.3182352941 0.04 -0.24)
(-0.2764705882 0.04 -0.24)
(-0.2347058824 0.04 -0.24)
(-0.1929411765 0.04 -0.24)
(-0.1511764706 0.04 -0.24)
(-0.1094117647 0.04 -0.24)
(-0.06764705882 0.04 -0.24)
(-0.02588235294 0.04 -0.24)
(0.01588235294 0.04 -0.24)
(0.05764705882 0.04 -0.24)
(0.09941176471 0.04 -0.24)
(0.1411764706 0.04 -0.24)
(0.1829411765 0.04 -0.24)
(0.2247058824 0.04 -0.24)
(0.2664705882 0.04 -0.24)
(0.3082352941 0.04 -0.24)
(0.35 0.04 -0.24)
(0.3917647059 0.04 -0.24)
(0.4335294118 0.04 -0.24)
(0.4752941176 0.04 -0.24)
(0.5170588235 0.04 -0.24)
(0.5588235294 0.04 -0.24)
(0.6005882353 0.04 -0.24)
(0.6423529412 0.04 -0.24)
(0.6841176471 0.04 -0.24)
(0.7258823529 0.04 -0.24)
(0.7676470588 0.04 -0.24)
(0.8094117647 0.04 -0.24)
(0.8511764706 0.04 -0.24)
(0.8929411765 0.04 -0.24)
(0.9347058824 0.04 -0.24)
(0.9764705882 0.04 -0.24)
(1.018235294 0.04 -0.24)
(1.06 0.04 -0.24)
(-0.36 0.08 -0.24)
(-0.3182352941 0.08 -0.24)
(-0.2764705882 0.08 -0.24)
(-0.2347058824 0.08 -0.24)
(-0.1929411765 0.08 -0.24)
(-0.1511764706 0.08 -0.24)
(-0.1094117647 0.08 -0.24)
(-0.06764705882 0.08 -0.24)
(-0.02588235294 0.08 -0.24)
(0.01588235294 0.08 -0.24)
(0.05764705882 0.08 -0.24)
(0.09941176471 0.08 -0.24)
(0.1411764706 0.08 -0.24)
(0.1829411765 0.08 -0.24)
(0.2247058824 0.08 -0.24)
(0.2664705882 0.08 -0.24)
(0.3082352941 0.08 -0.24)
(0.35 0.08 -0.24)
(0.3917647059 0.08 -0.24)
(0.4335294118 0.08 -0.24)
(0.4752941176 0.08 -0.24)
(0.5170588235 0.08 -0.24)
(0.5588235294 0.08 -0.24)
(0.6005882353 0.08 -0.24)
(0.6423529412 0.08 -0.24)
(0.6841176471 0.08 -0.24)
(0.7258823529 0.08 -0.24)
(0.7676470588 0.08 -0.24)
(0.8094117647 0.08 -0.24)
(0.8511764706 0.08 -0.24)
(0.8929411765 0.08 -0.24)
(0.9347058824 0.08 -0.24)
(0.9764705882 0.08 -0.24)
(1.018235294 0.08 -0.24)
(1.06 0.08 -0.24)
(-0.36 0.12 -0.24)
(-0.3182352941 0.12 -0.24)
(-0.2764705882 0.12 -0.24)
(-0.2347058824 0.12 -0.24)
(-0.1929411765 0.12 -0.24)
(-0.1511764706 0.12 -0.24)
(-0.1094117647 0.12 -0.24)
(-0.06764705882 0.12 -0.24)
(-0.02588235294 0.12 -0.24)
(0.01588235294 0.12 -0.24)
(0.05764705882 0.12 -0.24)
(0.09941176471 0.12 -0.24)
(0.1411764706 0.12 -0.24)
(0.1829411765 0.12 -0.24)
(0.2247058824 0.12 -0.24)
(0.2664705882 0.12 -0.24)
(0.3082352941 0.12 -0.24)
(0.35 0.12 -0.24)
(0.3917647059 0.12 -0.24)
(0.4335294118 0.12 -0.24)
(0.4752941176 0.12 -0.24)
(0.5170588235 0.12 -0.24)
(0.5588235294 0.12 -0.24)
(0.6005882353 0.12 -0.24)
(0.6423529412 0.12 -0.24)
(0.6841176471 0.12 -0.24)
(0.7258823529 0.12 -0.24)
(0.7676470588 0.12 -0.24)
(0.8094117647 0.12 -0.24)
(0.8511764706 0.12 -0.24)
(0.8929411765 0.12 -0.24)
(0.9347058824 0.12 -0.24)
(0.9764705882 0.12 -0.24)
(1.018235294 0.12 -0.24)
(1.06 0.12 -0.24)
(-0.36 0.16 -0.24)
(-0.3182352941 0.16 -0.24)
(-0.2764705882 0.16 -0.24)
(-0.2347058824 0.16 -0.24)
(-0.1929411765 0.16 -0.24)
(-0.1511764706 0.16 -0.24)
(-0.1094117647 0.16 -0.24)
(-0.06764705882 0.16 -0.24)
(-0.02588235294 0.16 -0.24)
(0.01588235294 0.16 -0.24)
(0.05764705882 0.16 -0.24)
(0.09941176471 0.16 -0.24)
(0.1411764706 0.16 -0.24)
(0.1829411765 0.16 -0.24)
(0.2247058824 0.16 -0.24)
(0.2664705882 0.16 -0.24)
(0.3082352941 0.16 -0.24)
(0.35 0.16 -0.24)
(0.3917647059 0.16 -0.24)
(0.4335294118 0.16 -0.24)
(0.4752941176 0.16 -0.24)
(0.5170588235 0.16 -0.24)
(0.5588235294 0.16 -0.24)
(0.6005882353 0.16 -0.24)
(0.6423529412 0.16 -0.24)
(0.6841176471 0.16 -0.24)
(0.7258823529 0.16 -0.24)
(0.7676470588 0.16 -0.24)
(0.8094117647 0.16 -0.24)
(0.8511764706 0.16 -0.24)
(0.8929411765 0.16 -0.24)
(0.9347058824 0.16 -0.24)
(0.9764705882 0.16 -0.24)
(1.018235294 0.16 -0.24)
(1.06 0.16 -0.24)
(-0.36 0.2 -0.24)
(-0.3182352941 0.2 -0.24)
(-0.2764705882 0.2 -0.24)
(-0.2347058824 0.2 -0.24)
(-0.1929411765 0.2 -0.24)
(-0.1511764706 0.2 -0.24)
(-0.1094117647 0.2 -0.24)
(-0.06764705882 0.2 -0.24)
(-0.02588235294 0.2 -0.24)
(0.01588235294 0.2 -0.24)
(0.05764705882 0.2 -0.24)
(0.09941176471 0.2 -0.24)
(0.1411764706 0.2 -0.24)
(0.1829411765 0.2 -0.24)
(0.2247058824 0.2 -0.24)
(0.2664705882 0.2 -0.24)
(0.3082352941 0.2 -0.24)
(0.35 0.2 -0.24)
(0.3917647059 0.2 -0.24)
(0.4335294118 0.2 -0.24)
(0.4752941176 0.2 -0.24)
(0.5170588235 0.2 -0.24)
(0.5588235294 0.2 -0.24)
(0.6005882353 0.2 -0.24)
(0.6423529412 0.2 -0.24)
(0.6841176471 0.2 -0.24)
(0.7258823529 0.2 -0.24)
(0.7676470588 0.2 -0.24)
(0.8094117647 0.2 -0.24)
(0.8511764706 0.2 -0.24)
(0.8929411765 0.2 -0.24)
(0.9347058824 0.2 -0.24)
(0.9764705882 0.2 -0.24)
(1.018235294 0.2 -0.24)
(1.06 0.2 -0.24)
(-0.36 0.24 -0.24)
(-0.3182352941 0.24 -0.24)
(-0.2764705882 0.24 -0.24)
(-0.2347058824 0.24 -0.24)
(-0.1929411765 0.24 -0.24)
(-0.1511764706 0.24 -0.24)
(-0.1094117647 0.24 -0.24)
(-0.06764705882 0.24 -0.24)
(-0.02588235294 0.24 -0.24)
(0.01588235294 0.24 -0.24)
(0.05764705882 0.24 -0.24)
(0.09941176471 0.24 -0.24)
(0.1411764706 0.24 -0.24)
(0.1829411765 0.24 -0.24)
(0.2247058824 0.24 -0.24)
(0.2664705882 0.24 -0.24)
(0.3082352941 0.24 -0.24)
(0.35 0.24 -0.24)
(0.3917647059 0.24 -0.24)
(0.4335294118 0.24 -0.24)
(0.4752941176 0.24 -0.24)
(0.5170588235 0.24 -0.24)
(0.5588235294 0.24 -0.24)
(0.6005882353 0.24 -0.24)
(0.6423529412 0.24 -0.24)
(0.6841176471 0.24 -0.24)
(0.7258823529 0.24 -0.24)
(0.7676470588 0.24 -0.24)
(0.8094117647 0.24 -0.24)
(0.8511764706 0.24 -0.24)
(0.8929411765 0.24 -0.24)
(0.9347058824 0.24 -0.24)
(0.9764705882 0.24 -0.24)
(1.018235294 0.24 -0.24)
(1.06 0.24 -0.24)
(-0.36 0.28 -0.24)
(-0.3182352941 0.28 -0.24)
(-0.2764705882 0.28 -0.24)
(-0.2347058824 0.28 -0.24)
(-0.1929411765 0.28 -0.24)
(-0.1511764706 0.28 -0.24)
(-0.1094117647 0.28 -0.24)
(-0.06764705882 0.28 -0.24)
(-0.02588235294 0.28 -0.24)
(0.01588235294 0.28 -0.24)
(0.05764705882 0.28 -0.24)
(0.09941176471 0.28 -0.24)
(0.1411764706 0.28 -0.24)
(0.1829411765 0.28 -0.24)
(0.2247058824 0.28 -0.24)
(0.2664705882 0.28 -0.24)
(0.3082352941 0.28 -0.24)
(0.35 0.28 -0.24)
(0.3917647059 0.28 -0.24)
(0.4335294118 0.28 -0.24)
(0.4752941176 0.28 -0.24)
(0.5170588235 0.28 -0.24)
(0.5588235294 0.28 -0.24)
(0.6005882353 0.28 -0.24)
(0.6423529412 0.28 -0.24)
(0.6841176471 0.28 -0.24)
(0.7258823529 0.28 -0.24)
(0.7676470588 0.28 -0.24)
(0.8094117647 0.28 -0.24)
(0.8511764706 0.28 -0.24)
(0.8929411765 0.28 -0.24)
(0.9347058824 0.28 -0.24)
(0.9764705882 0.28 -0.24)
(1.018235294 0.28 -0.24)
(1.06 0.28 -0.24)
(-0.36 0.32 -0.24)
(-0.3182352941 0.32 -0.24)
(-0.2764705882 0.32 -0.24)
(-0.2347058824 0.32 -0.24)
(-0.1929411765 0.32 -0.24)
(-0.1511764706 0.32 -0.24)
(-0.1094117647 0.32 -0.24)
(-0.06764705882 0.32 -0.24)
(-0.02588235294 0.32 -0.24)
(0.01588235294 0.32 -0.24)
(0.05764705882 0.32 -0.24)
(0.09941176471 0.32 -0.24)
(0.1411764706 0.32 -0.24)
(0.1829411765 0.32 -0.24)
(0.2247058824 0.32 -0.24)
(0.2664705882 0.32 -0.24)
(0.3082352941 0.32 -0.24)
(0.35 0.32 -0.24)
(0.3917647059 0.32 -0.24)
(0.4335294118 0.32 -0.24)
(0.4752941176 0.32 -0.24)
(0.5170588235 0.32 -0.24)
(0.5588235294 0.32 -0.24)
(0.6005882353 0.32 -0.24)
(0.6423529412 0.32 -0.24)
(0.6841176471 0.32 -0.24)
(0.7258823529 0.32 -0.24)
(0.7676470588 0.32 -0.24)
(0.8094117647 0.32 -0.24)
(0.8511764706 0.32 -0.24)
(0.8929411765 0.32 -0.24)
(0.9347058824 0.32 -0.24)
(0.9764705882 0.32 -0.24)
(1.018235294 0.32 -0.24)
(1.06 0.32 -0.24)
(-0.36 0.36 -0.24)
(-0.3182352941 0.36 -0.24)
(-0.2764705882 0.36 -0.24)
(-0.2347058824 0.36 -0.24)
(-0.1929411765 0.36 -0.24)
(-0.1511764706 0.36 -0.24)
(-0.1094117647 0.36 -0.24)
(-0.06764705882 0.36 -0.24)
(-0.02588235294 0.36 -0.24)
(0.01588235294 0.36 -0.24)
(0.05764705882 0.36 -0.24)
(0.09941176471 0.36 -0.24)
(0.1411764706 0.36 -0.24)
(0.1829411765 0.36 -0.24)
(0.2247058824 0.36 -0.24)
(0.2664705882 0.36 -0.24)
(0.3082352941 0.36 -0.24)
(0.35 0.36 -0.24)
(0.3917647059 0.36 -0.24)
(0.4335294118 0.36 -0.24)
(0.4752941176 0.36 -0.24)
(0.5170588235 0.36 -0.24)
(0.5588235294 0.36 -0.24)
(0.6005882353 0.36 -0.24)
(0.6423529412 0.36 -0.24)
(0.6841176471 0.36 -0.24)
(0.7258823529 0.36 -0.24)
(0.7676470588 0.36 -0.24)
(0.8094117647 0.36 -0.24)
(0.8511764706 0.36 -0.24)
(0.8929411765 0.36 -0.24)
(0.9347058824 0.36 -0.24)
(0.9764705882 0.36 -0.24)
(1.018235294 0.36 -0.24)
(1.06 0.36 -0.24)
(-0.36 -0.36 -0.2)
(-0.3182352941 -0.36 -0.2)
(-0.2764705882 -0.36 -0.2)
(-0.2347058824 -0.36 -0.2)
(-0.1929411765 -0.36 -0.2)
(-0.1511764706 -0.36 -0.2)
(-0.1094117647 -0.36 -0.2)
(-0.06764705882 -0.36 -0.2)
(-0.02588235294 -0.36 -0.2)
(0.01588235294 -0.36 -0.2)
(0.05764705882 -0.36 -0.2)
(0.09941176471 -0.36 -0.2)
(0.1411764706 -0.36 -0.2)
(0.1829411765 -0.36 -0.2)
(0.2247058824 -0.36 -0.2)
(0.2664705882 -0.36 -0.2)
(0.3082352941 -0.36 -0.2)
(0.35 -0.36 -0.2)
(0.3917647059 -0.36 -0.2)
(0.4335294118 -0.36 -0.2)
(0.4752941176 -0.36 -0.2)
(0.5170588235 -0.36 -0.2)
(0.5588235294 -0.36 -0.2)
(0.6005882353 -0.36 -0.2)
(0.6423529412 -0.36 -0.2)
(0.6841176471 -0.36 -0.2)
(0.7258823529 -0.36 -0.2)
(0.7676470588 -0.36 -0.2)
(0.8094117647 -0.36 -0.2)
(0.8511764706 -0.36 -0.2)
(0.8929411765 -0.36 -0.2)
(0.9347058824 -0.36 -0.2)
(0.9764705882 -0.36 -0.2)
(1.018235294 -0.36 -0.2)
(1.06 -0.36 -0.2)
(-0.36 -0.32 -0.2)
(-0.3182352941 -0.32 -0.2)
(-0.2764705882 -0.32 -0.2)
(-0.2347058824 -0.32 -0.2)
(-0.1929411765 -0.32 -0.2)
(-0.1511764706 -0.32 -0.2)
(-0.1094117647 -0.32 -0.2)
(-0.06764705882 -0.32 -0.2)
(-0.02588235294 -0.32 -0.2)
(0.01588235294 -0.32 -0.2)
(0.05764705882 -0.32 -0.2)
(0.09941176471 -0.32 -0.2)
(0.1411764706 -0.32 -0.2)
(0.1829411765 -0.32 -0.2)
(0.2247058824 -0.32 -0.2)
(0.2664705882 -0.32 -0.2)
(0.3082352941 -0.32 -0.2)
(0.35 -0.32 -0.2)
(0.3917647059 -0.32 -0.2)
(0.4335294118 -0.32 -0.2)
(0.4752941176 -0.32 -0.2)
(0.5170588235 -0.32 -0.2)
(0.5588235294 -0.32 -0.2)
(0.6005882353 -0.32 -0.2)
(0.6423529412 -0.32 -0.2)
(0.6841176471 -0.32 -0.2)
(0.7258823529 -0.32 -0.2)
(0.7676470588 -0.32 -0.2)
(0.8094117647 -0.32 -0.2)
(0.8511764706 -0.32 -0.2)
(0.8929411765 -0.32 -0.2)
(0.9347058824 -0.32 -0.2)
(0.9764705882 -0.32 -0.2)
(1.018235294 -0.32 -0.2)
(1.06 -0.32 -0.2)
(-0.36 -0.28 -0.2)
(-0.3182352941 -0.28 -0.2)
(-0.2764705882 -0.28 -0.2)
(-0.2347058824 -0.28 -0.2)
(-0.1929411765 -0.28 -0.2)
(-0.1511764706 -0.28 -0.2)
(-0.1094117647 -0.28 -0.2)
(-0.06764705882 -0.28 -0.2)
(-0.02588235294 -0.28 -0.2)
(0.01588235294 -0.28 -0.2)
(0.05764705882 -0.28 -0.2)
(0.09941176471 -0.28 -0.2)
(0.1411764706 -0.28 -0.2)
(0.1829411765 -0.28 -0.2)
(0.2247058824 -0.28 -0.2)
(0.2664705882 -0.28 -0.2)
(0.3082352941 -0.28 -0.2)
(0.35 -0.28 -0.2)
(0.3917647059 -0.28 -0.2)
(0.4335294118 -0.28 -0.2)
(0.4752941176 -0.28 -0.2)
(0.5170588235 -0.28 -0.2)
(0.5588235294 -0.28 -0.2)
(0.6005882353 -0.28 -0.2)
(0.6423529412 -0.28 -0.2)
(0.6841176471 -0.28 -0.2)
(0.7258823529 -0.28 -0.2)
(0.7676470588 -0.28 -0.2)
(0.8094117647 -0.28 -0.2)
(0.8511764706 -0.28 -0.2)
(0.8929411765 -0.28 -0.2)
(0.9347058824 -0.28 -0.2)
(0.9764705882 -0.28 -0.2)
(1.018235294 -0.28 -0.2)
(1.06 -0.28 -0.2)
(-0.36 -0.24 -0.2)
(-0.3182352941 -0.24 -0.2)
(-0.2764705882 -0.24 -0.2)
(-0.2347058824 -0.24 -0.2)
(-0.1929411765 -0.24 -0.2)
(-0.1511764706 -0.24 -0.2)
(-0.1094117647 -0.24 -0.2)
(-0.06764705882 -0.24 -0.2)
(-0.02588235294 -0.24 -0.2)
(0.01588235294 -0.24 -0.2)
(0.05764705882 -0.24 -0.2)
(0.09941176471 -0.24 -0.2)
(0.1411764706 -0.24 -0.2)
(0.1829411765 -0.24 -0.2)
(0.2247058824 -0.24 -0.2)
(0.2664705882 -0.24 -0.2)
(0.3082352941 -0.24 -0.2)
(0.35 -0.24 -0.2)
(0.3917647059 -0.24 -0.2)
(0.4335294118 -0.24 -0.2)
(0.4752941176 -0.24 -0.2)
(0.5170588235 -0.24 -0.2)
(0.5588235294 -0.24 -0.2)
(0.6005882353 -0.24 -0.2)
(0.6423529412 -0.24 -0.2)
(0.6841176471 -0.24 -0.2)
(0.7258823529 -0.24 -0.2)
(0.7676470588 -0.24 -0.2)
(0.8094117647 -0.24 -0.2)
(0.8511764706 -0.24 -0.2)
(0.8929411765 -0.24 -0.2)
(0.9347058824 -0.24 -0.2)
(0.9764705882 -0.24 -0.2)
(1.018235294 -0.24 -0.2)
(1.06 -0.24 -0.2)
(-0.36 -0.2 -0.2)
(-0.3182352941 -0.2 -0.2)
(-0.2764705882 -0.2 -0.2)
(-0.2347058824 -0.2 -0.2)
(-0.1929411765 -0.2 -0.2)
(-0.1511764706 -0.2 -0.2)
(-0.1094117647 -0.2 -0.2)
(-0.06764705882 -0.2 -0.2)
(-0.02588235294 -0.2 -0.2)
(0.01588235294 -0.2 -0.2)
(0.05764705882 -0.2 -0.2)
(0.09941176471 -0.2 -0.2)
(0.1411764706 -0.2 -0.2)
(0.1829411765 -0.2 -0.2)
(0.2247058824 -0.2 -0.2)
(0.2664705882 -0.2 -0.2)
(0.3082352941 -0.2 -0.2)
(0.35 -0.2 -0.2)
(0.3917647059 -0.2 -0.2)
(0.4335294118 -0.2 -0.2)
(0.4752941176 -0.2 -0.2)
(0.5170588235 -0.2 -0.2)
(0.5588235294 -0.2 -0.2)
(0.6005882353 -0.2 -0.2)
(0.6423529412 -0.2 -0.2)
(0.6841176471 -0.2 -0.2)
(0.7258823529 -0.2 -0.2)
(0.7676470588 -0.2 -0.2)
(0.8094117647 -0.2 -0.2)
(0.8511764706 -0.2 -0.2)
(0.8929411765 -0.2 -0.2)
(0.9347058824 -0.2 -0.2)
(0.9764705882 -0.2 -0.2)
(1.018235294 -0.2 -0.2)
(1.06 -0.2 -0.2)
(-0.36 -0.16 -0.2)
(-0.3182352941 -0.16 -0.2)
(-0.2764705882 -0.16 -0.2)
(-0.2347058824 -0.16 -0.2)
(-0.1929411765 -0.16 -0.2)
(-0.1511764706 -0.16 -0.2)
(-0.1094117647 -0.16 -0.2)
(-0.06764705882 -0.16 -0.2)
(-0.02588235294 -0.16 -0.2)
(0.01588235294 -0.16 -0.2)
(0.05764705882 -0.16 -0.2)
(0.09941176471 -0.16 -0.2)
(0.1411764706 -0.16 -0.2)
(0.1829411765 -0.16 -0.2)
(0.2247058824 -0.16 -0.2)
(0.2664705882 -0.16 -0.2)
(0.3082352941 -0.16 -0.2)
(0.35 -0.16 -0.2)
(0.3917647059 -0.16 -0.2)
(0.4335294118 -0.16 -0.2)
(0.4752941176 -0.16 -0.2)
(0.5170588235 -0.16 -0.2)
(0.5588235294 -0.16 -0.2)
(0.6005882353 -0.16 -0.2)
(0.6423529412 -0.16 -0.2)
(0.6841176471 -0.16 -0.2)
(0.7258823529 -0.16 -0.2)
(0.7676470588 -0.16 -0.2)
(0.8094117647 -0.16 -0.2)
(0.8511764706 -0.16 -0.2)
(0.8929411765 -0.16 -0.2)
(0.9347058824 -0.16 -0.2)
(0.9764705882 -0.16 -0.2)
(1.018235294 -0.16 -0.2)
(1.06 -0.16 -0.2)
(-0.36 -0.12 -0.2)
(-0.3182352941 -0.12 -0.2)
(-0.2764705882 -0.12 -0.2)
(-0.2347058824 -0.12 -0.2)
(-0.1929411765 -0.12 -0.2)
(-0.1511764706 -0.12 -0.2)
(-0.1094117647 -0.12 -0.2)
(-0.06764705882 -0.12 -0.2)
(-0.02588235294 -0.12 -0.2)
(0.01588235294 -0.12 -0.2)
(0.05764705882 -0.12 -0.2)
(0.09941176471 -0.12 -0.2)
(0.1411764706 -0.12 -0.2)
(0.1829411765 -0.12 -0.2)
(0.2247058824 -0.12 -0.2)
(0.2664705882 -0.12 -0.2)
(0.3082352941 -0.12 -0.2)
(0.35 -0.12 -0.2)
(0.3917647059 -0.12 -0.2)
(0.4335294118 -0.12 -0.2)
(0.4752941176 -0.12 -0.2)
(0.5170588235 -0.12 -0.2)
(0.5588235294 -0.12 -0.2)
(0.6005882353 -0.12 -0.2)
(0.6423529412 -0.12 -0.2)
(0.6841176471 -0.12 -0.2)
(0.7258823529 -0.12 -0.2)
(0.7676470588 -0.12 -0.2)
(0.8094117647 -0.12 -0.2)
(0.8511764706 -0.12 -0.2)
(0.8929411765 -0.12 -0.2)
(0.9347058824 -0.12 -0.2)
(0.9764705882 -0.12 -0.2)
(1.018235294 -0.12 -0.2)
(1.06 -0.12 -0.2)
(-0.36 -0.08 -0.2)
(-0.3182352941 -0.08 -0.2)
(-0.2764705882 -0.08 -0.2)
(-0.2347058824 -0.08 -0.2)
(-0.1929411765 -0.08 -0.2)
(-0.1511764706 -0.08 -0.2)
(-0.1094117647 -0.08 -0.2)
(-0.06764705882 -0.08 -0.2)
(-0.02588235294 -0.08 -0.2)
(0.01588235294 -0.08 -0.2)
(0.05764705882 -0.08 -0.2)
(0.09941176471 -0.08 -0.2)
(0.1411764706 -0.08 -0.2)
(0.1829411765 -0.08 -0.2)
(0.2247058824 -0.08 -0.2)
(0.2664705882 -0.08 -0.2)
(0.3082352941 -0.08 -0.2)
(0.35 -0.08 -0.2)
(0.3917647059 -0.08 -0.2)
(0.4335294118 -0.08 -0.2)
(0.4752941176 -0.08 -0.2)
(0.5170588235 -0.08 -0.2)
(0.5588235294 -0.08 -0.2)
(0.6005882353 -0.08 -0.2)
(0.6423529412 -0.08 -0.2)
(0.6841176471 -0.08 -0.2)
(0.7258823529 -0.08 -0.2)
(0.7676470588 -0.08 -0.2)
(0.8094117647 -0.08 -0.2)
(0.8511764706 -0.08 -0.2)
(0.8929411765 -0.08 -0.2)
(0.9347058824 -0.08 -0.2)
(0.9764705882 -0.08 -0.2)
(1.018235294 -0.08 -0.2)
(1.06 -0.08 -0.2)
(-0.36 -0.04 -0.2)
(-0.3182352941 -0.04 -0.2)
(-0.2764705882 -0.04 -0.2)
(-0.2347058824 -0.04 -0.2)
(-0.1929411765 -0.04 -0.2)
(-0.1511764706 -0.04 -0.2)
(-0.1094117647 -0.04 -0.2)
(-0.06764705882 -0.04 -0.2)
(-0.02588235294 -0.04 -0.2)
(0.01588235294 -0.04 -0.2)
(0.05764705882 -0.04 -0.2)
(0.09941176471 -0.04 -0.2)
(0.1411764706 -0.04 -0.2)
(0.1829411765 -0.04 -0.2)
(0.2247058824 -0.04 -0.2)
(0.2664705882 -0.04 -0.2)
(0.3082352941 -0.04 -0.2)
(0.35 -0.04 -0.2)
(0.3917647059 -0.04 -0.2)
(0.4335294118 -0.04 -0.2)
(0.4752941176 -0.04 -0.2)
(0.5170588235 -0.04 -0.2)
(0.5588235294 -0.04 -0.2)
(0.6005882353 -0.04 -0.2)
(0.6423529412 -0.04 -0.2)
(0.6841176471 -0.04 -0.2)
(0.7258823529 -0.04 -0.2)
(0.7676470588 -0.04 -0.2)
(0.8094117647 -0.04 -0.2)
(0.8511764706 -0.04 -0.2)
(0.8929411765 -0.04 -0.2)
(0.9347058824 -0.04 -0.2)
(0.9764705882 -0.04 -0.2)
(1.018235294 -0.04 -0.2)
(1.06 -0.04 -0.2)
(-0.36 0 -0.2)
(-0.3182352941 0 -0.2)
(-0.2764705882 0 -0.2)
(-0.2347058824 -9.251858539e-18 -0.2)
(-0.1929411765 0 -0.2)
(-0.1511764706 0 -0.2)
(-0.1094117647 0 -0.2)
(-0.06764705882 0 -0.2)
(-0.02588235294 0 -0.2)
(0.01588235294 0 -0.2)
(0.05764705882 0 -0.2)
(0.09941176471 0 -0.2)
(0.1411764706 0 -0.2)
(0.1829411765 0 -0.2)
(0.2247058824 0 -0.2)
(0.2664705882 0 -0.2)
(0.3082352941 0 -0.2)
(0.35 0 -0.2)
(0.3917647059 0 -0.2)
(0.4335294118 0 -0.2)
(0.4752941176 0 -0.2)
(0.5170588235 0 -0.2)
(0.5588235294 -4.625929269e-18 -0.2)
(0.6005882353 0 -0.2)
(0.6423529412 4.625929269e-18 -0.2)
(0.6841176471 0 -0.2)
(0.7258823529 0 -0.2)
(0.7676470588 4.625929269e-18 -0.2)
(0.8094117647 0 -0.2)
(0.8511764706 -3.469446952e-18 -0.2)
(0.8929411765 0 -0.2)
(0.9347058824 -4.625929269e-18 -0.2)
(0.9764705882 0 -0.2)
(1.018235294 -4.625929269e-18 -0.2)
(1.06 0 -0.2)
(-0.36 0.04 -0.2)
(-0.3182352941 0.04 -0.2)
(-0.2764705882 0.04 -0.2)
(-0.2347058824 0.04 -0.2)
(-0.1929411765 0.04 -0.2)
(-0.1511764706 0.04 -0.2)
(-0.1094117647 0.04 -0.2)
(-0.06764705882 0.04 -0.2)
(-0.02588235294 0.04 -0.2)
(0.01588235294 0.04 -0.2)
(0.05764705882 0.04 -0.2)
(0.09941176471 0.04 -0.2)
(0.1411764706 0.04 -0.2)
(0.1829411765 0.04 -0.2)
(0.2247058824 0.04 -0.2)
(0.2664705882 0.04 -0.2)
(0.3082352941 0.04 -0.2)
(0.35 0.04 -0.2)
(0.3917647059 0.04 -0.2)
(0.4335294118 0.04 -0.2)
(0.4752941176 0.04 -0.2)
(0.5170588235 0.04 -0.2)
(0.5588235294 0.04 -0.2)
(0.6005882353 0.04 -0.2)
(0.6423529412 0.04 -0.2)
(0.6841176471 0.04 -0.2)
(0.7258823529 0.04 -0.2)
(0.7676470588 0.04 -0.2)
(0.8094117647 0.04 -0.2)
(0.8511764706 0.04 -0.2)
(0.8929411765 0.04 -0.2)
(0.9347058824 0.04 -0.2)
(0.9764705882 0.04 -0.2)
(1.018235294 0.04 -0.2)
(1.06 0.04 -0.2)
(-0.36 0.08 -0.2)
(-0.3182352941 0.08 -0.2)
(-0.2764705882 0.08 -0.2)
(-0.2347058824 0.08 -0.2)
(-0.1929411765 0.08 -0.2)
(-0.1511764706 0.08 -0.2)
(-0.1094117647 0.08 -0.2)
(-0.06764705882 0.08 -0.2)
(-0.02588235294 0.08 -0.2)
(0.01588235294 0.08 -0.2)
(0.05764705882 0.08 -0.2)
(0.09941176471 0.08 -0.2)
(0.1411764706 0.08 -0.2)
(0.1829411765 0.08 -0.2)
(0.2247058824 0.08 -0.2)
(0.2664705882 0.08 -0.2)
(0.3082352941 0.08 -0.2)
(0.35 0.08 -0.2)
(0.3917647059 0.08 -0.2)
(0.4335294118 0.08 -0.2)
(0.4752941176 0.08 -0.2)
(0.5170588235 0.08 -0.2)
(0.5588235294 0.08 -0.2)
(0.6005882353 0.08 -0.2)
(0.6423529412 0.08 -0.2)
(0.6841176471 0.08 -0.2)
(0.7258823529 0.08 -0.2)
(0.7676470588 0.08 -0.2)
(0.8094117647 0.08 -0.2)
(0.8511764706 0.08 -0.2)
(0.8929411765 0.08 -0.2)
(0.9347058824 0.08 -0.2)
(0.9764705882 0.08 -0.2)
(1.018235294 0.08 -0.2)
(1.06 0.08 -0.2)
(-0.36 0.12 -0.2)
(-0.3182352941 0.12 -0.2)
(-0.2764705882 0.12 -0.2)
(-0.2347058824 0.12 -0.2)
(-0.1929411765 0.12 -0.2)
(-0.1511764706 0.12 -0.2)
(-0.1094117647 0.12 -0.2)
(-0.06764705882 0.12 -0.2)
(-0.02588235294 0.12 -0.2)
(0.01588235294 0.12 -0.2)
(0.05764705882 0.12 -0.2)
(0.09941176471 0.12 -0.2)
(0.1411764706 0.12 -0.2)
(0.1829411765 0.12 -0.2)
(0.2247058824 0.12 -0.2)
(0.2664705882 0.12 -0.2)
(0.3082352941 0.12 -0.2)
(0.35 0.12 -0.2)
(0.3917647059 0.12 -0.2)
(0.4335294118 0.12 -0.2)
(0.4752941176 0.12 -0.2)
(0.5170588235 0.12 -0.2)
(0.5588235294 0.12 -0.2)
(0.6005882353 0.12 -0.2)
(0.6423529412 0.12 -0.2)
(0.6841176471 0.12 -0.2)
(0.7258823529 0.12 -0.2)
(0.7676470588 0.12 -0.2)
(0.8094117647 0.12 -0.2)
(0.8511764706 0.12 -0.2)
(0.8929411765 0.12 -0.2)
(0.9347058824 0.12 -0.2)
(0.9764705882 0.12 -0.2)
(1.018235294 0.12 -0.2)
(1.06 0.12 -0.2)
(-0.36 0.16 -0.2)
(-0.3182352941 0.16 -0.2)
(-0.2764705882 0.16 -0.2)
(-0.2347058824 0.16 -0.2)
(-0.1929411765 0.16 -0.2)
(-0.1511764706 0.16 -0.2)
(-0.1094117647 0.16 -0.2)
(-0.06764705882 0.16 -0.2)
(-0.02588235294 0.16 -0.2)
(0.01588235294 0.16 -0.2)
(0.05764705882 0.16 -0.2)
(0.09941176471 0.16 -0.2)
(0.1411764706 0.16 -0.2)
(0.1829411765 0.16 -0.2)
(0.2247058824 0.16 -0.2)
(0.2664705882 0.16 -0.2)
(0.3082352941 0.16 -0.2)
(0.35 0.16 -0.2)
(0.3917647059 0.16 -0.2)
(0.4335294118 0.16 -0.2)
(0.4752941176 0.16 -0.2)
(0.5170588235 0.16 -0.2)
(0.5588235294 0.16 -0.2)
(0.6005882353 0.16 -0.2)
(0.6423529412 0.16 -0.2)
(0.6841176471 0.16 -0.2)
(0.7258823529 0.16 -0.2)
(0.7676470588 0.16 -0.2)
(0.8094117647 0.16 -0.2)
(0.8511764706 0.16 -0.2)
(0.8929411765 0.16 -0.2)
(0.9347058824 0.16 -0.2)
(0.9764705882 0.16 -0.2)
(1.018235294 0.16 -0.2)
(1.06 0.16 -0.2)
(-0.36 0.2 -0.2)
(-0.3182352941 0.2 -0.2)
(-0.2764705882 0.2 -0.2)
(-0.2347058824 0.2 -0.2)
(-0.1929411765 0.2 -0.2)
(-0.1511764706 0.2 -0.2)
(-0.1094117647 0.2 -0.2)
(-0.06764705882 0.2 -0.2)
(-0.02588235294 0.2 -0.2)
(0.01588235294 0.2 -0.2)
(0.05764705882 0.2 -0.2)
(0.09941176471 0.2 -0.2)
(0.1411764706 0.2 -0.2)
(0.1829411765 0.2 -0.2)
(0.2247058824 0.2 -0.2)
(0.2664705882 0.2 -0.2)
(0.3082352941 0.2 -0.2)
(0.35 0.2 -0.2)
(0.3917647059 0.2 -0.2)
(0.4335294118 0.2 -0.2)
(0.4752941176 0.2 -0.2)
(0.5170588235 0.2 -0.2)
(0.5588235294 0.2 -0.2)
(0.6005882353 0.2 -0.2)
(0.6423529412 0.2 -0.2)
(0.6841176471 0.2 -0.2)
(0.7258823529 0.2 -0.2)
(0.7676470588 0.2 -0.2)
(0.8094117647 0.2 -0.2)
(0.8511764706 0.2 -0.2)
(0.8929411765 0.2 -0.2)
(0.9347058824 0.2 -0.2)
(0.9764705882 0.2 -0.2)
(1.018235294 0.2 -0.2)
(1.06 0.2 -0.2)
(-0.36 0.24 -0.2)
(-0.3182352941 0.24 -0.2)
(-0.2764705882 0.24 -0.2)
(-0.2347058824 0.24 -0.2)
(-0.1929411765 0.24 -0.2)
(-0.1511764706 0.24 -0.2)
(-0.1094117647 0.24 -0.2)
(-0.06764705882 0.24 -0.2)
(-0.02588235294 0.24 -0.2)
(0.01588235294 0.24 -0.2)
(0.05764705882 0.24 -0.2)
(0.09941176471 0.24 -0.2)
(0.1411764706 0.24 -0.2)
(0.1829411765 0.24 -0.2)
(0.2247058824 0.24 -0.2)
(0.2664705882 0.24 -0.2)
(0.3082352941 0.24 -0.2)
(0.35 0.24 -0.2)
(0.3917647059 0.24 -0.2)
(0.4335294118 0.24 -0.2)
(0.4752941176 0.24 -0.2)
(0.5170588235 0.24 -0.2)
(0.5588235294 0.24 -0.2)
(0.6005882353 0.24 -0.2)
(0.6423529412 0.24 -0.2)
(0.6841176471 0.24 -0.2)
(0.7258823529 0.24 -0.2)
(0.7676470588 0.24 -0.2)
(0.8094117647 0.24 -0.2)
(0.8511764706 0.24 -0.2)
(0.8929411765 0.24 -0.2)
(0.9347058824 0.24 -0.2)
(0.9764705882 0.24 -0.2)
(1.018235294 0.24 -0.2)
(1.06 0.24 -0.2)
(-0.36 0.28 -0.2)
(-0.3182352941 0.28 -0.2)
(-0.2764705882 0.28 -0.2)
(-0.2347058824 0.28 -0.2)
(-0.1929411765 0.28 -0.2)
(-0.1511764706 0.28 -0.2)
(-0.1094117647 0.28 -0.2)
(-0.06764705882 0.28 -0.2)
(-0.02588235294 0.28 -0.2)
(0.01588235294 0.28 -0.2)
(0.05764705882 0.28 -0.2)
(0.09941176471 0.28 -0.2)
(0.1411764706 0.28 -0.2)
(0.1829411765 0.28 -0.2)
(0.2247058824 0.28 -0.2)
(0.2664705882 0.28 -0.2)
(0.3082352941 0.28 -0.2)
(0.35 0.28 -0.2)
(0.3917647059 0.28 -0.2)
(0.4335294118 0.28 -0.2)
(0.4752941176 0.28 -0.2)
(0.5170588235 0.28 -0.2)
(0.5588235294 0.28 -0.2)
(0.6005882353 0.28 -0.2)
(0.6423529412 0.28 -0.2)
(0.6841176471 0.28 -0.2)
(0.7258823529 0.28 -0.2)
(0.7676470588 0.28 -0.2)
(0.8094117647 0.28 -0.2)
(0.8511764706 0.28 -0.2)
(0.8929411765 0.28 -0.2)
(0.9347058824 0.28 -0.2)
(0.9764705882 0.28 -0.2)
(1.018235294 0.28 -0.2)
(1.06 0.28 -0.2)
(-0.36 0.32 -0.2)
(-0.3182352941 0.32 -0.2)
(-0.2764705882 0.32 -0.2)
(-0.2347058824 0.32 -0.2)
(-0.1929411765 0.32 -0.2)
(-0.1511764706 0.32 -0.2)
(-0.1094117647 0.32 -0.2)
(-0.06764705882 0.32 -0.2)
(-0.02588235294 0.32 -0.2)
(0.01588235294 0.32 -0.2)
(0.05764705882 0.32 -0.2)
(0.09941176471 0.32 -0.2)
(0.1411764706 0.32 -0.2)
(0.1829411765 0.32 -0.2)
(0.2247058824 0.32 -0.2)
(0.2664705882 0.32 -0.2)
(0.3082352941 0.32 -0.2)
(0.35 0.32 -0.2)
(0.3917647059 0.32 -0.2)
(0.4335294118 0.32 -0.2)
(0.4752941176 0.32 -0.2)
(0.5170588235 0.32 -0.2)
(0.5588235294 0.32 -0.2)
(0.6005882353 0.32 -0.2)
(0.6423529412 0.32 -0.2)
(0.6841176471 0.32 -0.2)
(0.7258823529 0.32 -0.2)
(0.7676470588 0.32 -0.2)
(0.8094117647 0.32 -0.2)
(0.8511764706 0.32 -0.2)
(0.8929411765 0.32 -0.2)
(0.9347058824 0.32 -0.2)
(0.9764705882 0.32 -0.2)
(1.018235294 0.32 -0.2)
(1.06 0.32 -0.2)
(-0.36 0.36 -0.2)
(-0.3182352941 0.36 -0.2)
(-0.2764705882 0.36 -0.2)
(-0.2347058824 0.36 -0.2)
(-0.1929411765 0.36 -0.2)
(-0.1511764706 0.36 -0.2)
(-0.1094117647 0.36 -0.2)
(-0.06764705882 0.36 -0.2)
(-0.02588235294 0.36 -0.2)
(0.01588235294 0.36 -0.2)
(0.05764705882 0.36 -0.2)
(0.09941176471 0.36 -0.2)
(0.1411764706 0.36 -0.2)
(0.1829411765 0.36 -0.2)
(0.2247058824 0.36 -0.2)
(0.2664705882 0.36 -0.2)
(0.3082352941 0.36 -0.2)
(0.35 0.36 -0.2)
(0.3917647059 0.36 -0.2)
(0.4335294118 0.36 -0.2)
(0.4752941176 0.36 -0.2)
(0.5170588235 0.36 -0.2)
(0.5588235294 0.36 -0.2)
(0.6005882353 0.36 -0.2)
(0.6423529412 0.36 -0.2)
(0.6841176471 0.36 -0.2)
(0.7258823529 0.36 -0.2)
(0.7676470588 0.36 -0.2)
(0.8094117647 0.36 -0.2)
(0.8511764706 0.36 -0.2)
(0.8929411765 0.36 -0.2)
(0.9347058824 0.36 -0.2)
(0.9764705882 0.36 -0.2)
(1.018235294 0.36 -0.2)
(1.06 0.36 -0.2)
(-0.36 -0.36 -0.16)
(-0.3182352941 -0.36 -0.16)
(-0.2764705882 -0.36 -0.16)
(-0.2347058824 -0.36 -0.16)
(-0.1929411765 -0.36 -0.16)
(-0.1511764706 -0.36 -0.16)
(-0.1094117647 -0.36 -0.16)
(-0.06764705882 -0.36 -0.16)
(-0.02588235294 -0.36 -0.16)
(0.01588235294 -0.36 -0.16)
(0.05764705882 -0.36 -0.16)
(0.09941176471 -0.36 -0.16)
(0.1411764706 -0.36 -0.16)
(0.1829411765 -0.36 -0.16)
(0.2247058824 -0.36 -0.16)
(0.2664705882 -0.36 -0.16)
(0.3082352941 -0.36 -0.16)
(0.35 -0.36 -0.16)
(0.3917647059 -0.36 -0.16)
(0.4335294118 -0.36 -0.16)
(0.4752941176 -0.36 -0.16)
(0.5170588235 -0.36 -0.16)
(0.5588235294 -0.36 -0.16)
(0.6005882353 -0.36 -0.16)
(0.6423529412 -0.36 -0.16)
(0.6841176471 -0.36 -0.16)
(0.7258823529 -0.36 -0.16)
(0.7676470588 -0.36 -0.16)
(0.8094117647 -0.36 -0.16)
(0.8511764706 -0.36 -0.16)
(0.8929411765 -0.36 -0.16)
(0.9347058824 -0.36 -0.16)
(0.9764705882 -0.36 -0.16)
(1.018235294 -0.36 -0.16)
(1.06 -0.36 -0.16)
(-0.36 -0.32 -0.16)
(-0.3182352941 -0.32 -0.16)
(-0.2764705882 -0.32 -0.16)
(-0.2347058824 -0.32 -0.16)
(-0.1929411765 -0.32 -0.16)
(-0.1511764706 -0.32 -0.16)
(-0.1094117647 -0.32 -0.16)
(-0.06764705882 -0.32 -0.16)
(-0.02588235294 -0.32 -0.16)
(0.01588235294 -0.32 -0.16)
(0.05764705882 -0.32 -0.16)
(0.09941176471 -0.32 -0.16)
(0.1411764706 -0.32 -0.16)
(0.1829411765 -0.32 -0.16)
(0.2247058824 -0.32 -0.16)
(0.2664705882 -0.32 -0.16)
(0.3082352941 -0.32 -0.16)
(0.35 -0.32 -0.16)
(0.3917647059 -0.32 -0.16)
(0.4335294118 -0.32 -0.16)
(0.4752941176 -0.32 -0.16)
(0.5170588235 -0.32 -0.16)
(0.5588235294 -0.32 -0.16)
(0.6005882353 -0.32 -0.16)
(0.6423529412 -0.32 -0.16)
(0.6841176471 -0.32 -0.16)
(0.7258823529 -0.32 -0.16)
(0.7676470588 -0.32 -0.16)
(0.8094117647 -0.32 -0.16)
(0.8511764706 -0.32 -0.16)
(0.8929411765 -0.32 -0.16)
(0.9347058824 -0.32 -0.16)
(0.9764705882 -0.32 -0.16)
(1.018235294 -0.32 -0.16)
(1.06 -0.32 -0.16)
(-0.36 -0.28 -0.16)
(-0.3182352941 -0.28 -0.16)
(-0.2764705882 -0.28 -0.16)
(-0.2347058824 -0.28 -0.16)
(-0.1929411765 -0.28 -0.16)
(-0.1511764706 -0.28 -0.16)
(-0.1094117647 -0.28 -0.16)
(-0.06764705882 -0.28 -0.16)
(-0.02588235294 -0.28 -0.16)
(0.01588235294 -0.28 -0.16)
(0.05764705882 -0.28 -0.16)
(0.09941176471 -0.28 -0.16)
(0.1411764706 -0.28 -0.16)
(0.1829411765 -0.28 -0.16)
(0.2247058824 -0.28 -0.16)
(0.2664705882 -0.28 -0.16)
(0.3082352941 -0.28 -0.16)
(0.35 -0.28 -0.16)
(0.3917647059 -0.28 -0.16)
(0.4335294118 -0.28 -0.16)
(0.4752941176 -0.28 -0.16)
(0.5170588235 -0.28 -0.16)
(0.5588235294 -0.28 -0.16)
(0.6005882353 -0.28 -0.16)
(0.6423529412 -0.28 -0.16)
(0.6841176471 -0.28 -0.16)
(0.7258823529 -0.28 -0.16)
(0.7676470588 -0.28 -0.16)
(0.8094117647 -0.28 -0.16)
(0.8511764706 -0.28 -0.16)
(0.8929411765 -0.28 -0.16)
(0.9347058824 -0.28 -0.16)
(0.9764705882 -0.28 -0.16)
(1.018235294 -0.28 -0.16)
(1.06 -0.28 -0.16)
(-0.36 -0.24 -0.16)
(-0.3182352941 -0.24 -0.16)
(-0.2764705882 -0.24 -0.16)
(-0.2347058824 -0.24 -0.16)
(-0.1929411765 -0.24 -0.16)
(-0.1511764706 -0.24 -0.16)
(-0.1094117647 -0.24 -0.16)
(-0.06764705882 -0.24 -0.16)
(-0.02588235294 -0.24 -0.16)
(0.01588235294 -0.24 -0.16)
(0.05764705882 -0.24 -0.16)
(0.09941176471 -0.24 -0.16)
(0.1411764706 -0.24 -0.16)
(0.1829411765 -0.24 -0.16)
(0.2247058824 -0.24 -0.16)
(0.2664705882 -0.24 -0.16)
(0.3082352941 -0.24 -0.16)
(0.35 -0.24 -0.16)
(0.3917647059 -0.24 -0.16)
(0.4335294118 -0.24 -0.16)
(0.4752941176 -0.24 -0.16)
(0.5170588235 -0.24 -0.16)
(0.5588235294 -0.24 -0.16)
(0.6005882353 -0.24 -0.16)
(0.6423529412 -0.24 -0.16)
(0.6841176471 -0.24 -0.16)
(0.7258823529 -0.24 -0.16)
(0.7676470588 -0.24 -0.16)
(0.8094117647 -0.24 -0.16)
(0.8511764706 -0.24 -0.16)
(0.8929411765 -0.24 -0.16)
(0.9347058824 -0.24 -0.16)
(0.9764705882 -0.24 -0.16)
(1.018235294 -0.24 -0.16)
(1.06 -0.24 -0.16)
(-0.36 -0.2 -0.16)
(-0.3182352941 -0.2 -0.16)
(-0.2764705882 -0.2 -0.16)
(-0.2347058824 -0.2 -0.16)
(-0.1929411765 -0.2 -0.16)
(-0.1511764706 -0.2 -0.16)
(-0.1094117647 -0.2 -0.16)
(-0.06764705882 -0.2 -0.16)
(-0.02588235294 -0.2 -0.16)
(0.01588235294 -0.2 -0.16)
(0.05764705882 -0.2 -0.16)
(0.09941176471 -0.2 -0.16)
(0.1411764706 -0.2 -0.16)
(0.1829411765 -0.2 -0.16)
(0.2247058824 -0.2 -0.16)
(0.2664705882 -0.2 -0.16)
(0.3082352941 -0.2 -0.16)
(0.35 -0.2 -0.16)
(0.3917647059 -0.2 -0.16)
(0.4335294118 -0.2 -0.16)
(0.4752941176 -0.2 -0.16)
(0.5170588235 -0.2 -0.16)
(0.5588235294 -0.2 -0.16)
(0.6005882353 -0.2 -0.16)
(0.6423529412 -0.2 -0.16)
(0.6841176471 -0.2 -0.16)
(0.7258823529 -0.2 -0.16)
(0.7676470588 -0.2 -0.16)
(0.8094117647 -0.2 -0.16)
(0.8511764706 -0.2 -0.16)
(0.8929411765 -0.2 -0.16)
(0.9347058824 -0.2 -0.16)
(0.9764705882 -0.2 -0.16)
(1.018235294 -0.2 -0.16)
(1.06 -0.2 -0.16)
(-0.36 -0.16 -0.16)
(-0.3182352941 -0.16 -0.16)
(-0.2764705882 -0.16 -0.16)
(-0.2347058824 -0.16 -0.16)
(-0.1929411765 -0.16 -0.16)
(-0.1511764706 -0.16 -0.16)
(-0.1094117647 -0.16 -0.16)
(-0.06764705882 -0.16 -0.16)
(-0.02588235294 -0.16 -0.16)
(0.01588235294 -0.16 -0.16)
(0.05764705882 -0.16 -0.16)
(0.09941176471 -0.16 -0.16)
(0.1411764706 -0.16 -0.16)
(0.1829411765 -0.16 -0.16)
(0.2247058824 -0.16 -0.16)
(0.2664705882 -0.16 -0.16)
(0.3082352941 -0.16 -0.16)
(0.35 -0.16 -0.16)
(0.3917647059 -0.16 -0.16)
(0.4335294118 -0.16 -0.16)
(0.4752941176 -0.16 -0.16)
(0.5170588235 -0.16 -0.16)
(0.5588235294 -0.16 -0.16)
(0.6005882353 -0.16 -0.16)
(0.6423529412 -0.16 -0.16)
(0.6841176471 -0.16 -0.16)
(0.7258823529 -0.16 -0.16)
(0.7676470588 -0.16 -0.16)
(0.8094117647 -0.16 -0.16)
(0.8511764706 -0.16 -0.16)
(0.8929411765 -0.16 -0.16)
(0.9347058824 -0.16 -0.16)
(0.9764705882 -0.16 -0.16)
(1.018235294 -0.16 -0.16)
(1.06 -0.16 -0.16)
(-0.36 -0.12 -0.16)
(-0.3182352941 -0.12 -0.16)
(-0.2764705882 -0.12 -0.16)
(-0.2347058824 -0.12 -0.16)
(-0.1929411765 -0.12 -0.16)
(-0.1511764706 -0.12 -0.16)
(-0.1094117647 -0.12 -0.16)
(-0.06764705882 -0.12 -0.16)
(-0.02588235294 -0.12 -0.16)
(0.01588235294 -0.12 -0.16)
(0.05764705882 -0.12 -0.16)
(0.09941176471 -0.12 -0.16)
(0.1411764706 -0.12 -0.16)
(0.1829411765 -0.12 -0.16)
(0.2247058824 -0.12 -0.16)
(0.2664705882 -0.12 -0.16)
(0.3082352941 -0.12 -0.16)
(0.35 -0.12 -0.16)
(0.3917647059 -0.12 -0.16)
(0.4335294118 -0.12 -0.16)
(0.4752941176 -0.12 -0.16)
(0.5170588235 -0.12 -0.16)
(0.5588235294 -0.12 -0.16)
(0.6005882353 -0.12 -0.16)
(0.6423529412 -0.12 -0.16)
(0.6841176471 -0.12 -0.16)
(0.7258823529 -0.12 -0.16)
(0.7676470588 -0.12 -0.16)
(0.8094117647 -0.12 -0.16)
(0.8511764706 -0.12 -0.16)
(0.8929411765 -0.12 -0.16)
(0.9347058824 -0.12 -0.16)
(0.9764705882 -0.12 -0.16)
(1.018235294 -0.12 -0.16)
(1.06 -0.12 -0.16)
(-0.36 -0.08 -0.16)
(-0.3182352941 -0.08 -0.16)
(-0.2764705882 -0.08 -0.16)
(-0.2347058824 -0.08 -0.16)
(-0.1929411765 -0.08 -0.16)
(-0.1511764706 -0.08 -0.16)
(-0.1094117647 -0.08 -0.16)
(-0.06764705882 -0.08 -0.16)
(-0.02588235294 -0.08 -0.16)
(0.01588235294 -0.08 -0.16)
(0.05764705882 -0.08 -0.16)
(0.09941176471 -0.08 -0.16)
(0.1411764706 -0.08 -0.16)
(0.1829411765 -0.08 -0.16)
(0.2247058824 -0.08 -0.16)
(0.2664705882 -0.08 -0.16)
(0.3082352941 -0.08 -0.16)
(0.35 -0.08 -0.16)
(0.3917647059 -0.08 -0.16)
(0.4335294118 -0.08 -0.16)
(0.4752941176 -0.08 -0.16)
(0.5170588235 -0.08 -0.16)
(0.5588235294 -0.08 -0.16)
(0.6005882353 -0.08 -0.16)
(0.6423529412 -0.08 -0.16)
(0.6841176471 -0.08 -0.16)
(0.7258823529 -0.08 -0.16)
(0.7676470588 -0.08 -0.16)
(0.8094117647 -0.08 -0.16)
(0.8511764706 -0.08 -0.16)
(0.8929411765 -0.08 -0.16)
(0.9347058824 -0.08 -0.16)
(0.9764705882 -0.08 -0.16)
(1.018235294 -0.08 -0.16)
(1.06 -0.08 -0.16)
(-0.36 -0.04 -0.16)
(-0.3182352941 -0.04 -0.16)
(-0.2764705882 -0.04 -0.16)
(-0.2347058824 -0.04 -0.16)
(-0.1929411765 -0.04 -0.16)
(-0.1511764706 -0.04 -0.16)
(-0.1094117647 -0.04 -0.16)
(-0.06764705882 -0.04 -0.16)
(-0.02588235294 -0.04 -0.16)
(0.01588235294 -0.04 -0.16)
(0.05764705882 -0.04 -0.16)
(0.09941176471 -0.04 -0.16)
(0.1411764706 -0.04 -0.16)
(0.1829411765 -0.04 -0.16)
(0.2247058824 -0.04 -0.16)
(0.2664705882 -0.04 -0.16)
(0.3082352941 -0.04 -0.16)
(0.35 -0.04 -0.16)
(0.3917647059 -0.04 -0.16)
(0.4335294118 -0.04 -0.16)
(0.4752941176 -0.04 -0.16)
(0.5170588235 -0.04 -0.16)
(0.5588235294 -0.04 -0.16)
(0.6005882353 -0.04 -0.16)
(0.6423529412 -0.04 -0.16)
(0.6841176471 -0.04 -0.16)
(0.7258823529 -0.04 -0.16)
(0.7676470588 -0.04 -0.16)
(0.8094117647 -0.04 -0.16)
(0.8511764706 -0.04 -0.16)
(0.8929411765 -0.04 -0.16)
(0.9347058824 -0.04 -0.16)
(0.9764705882 -0.04 -0.16)
(1.018235294 -0.04 -0.16)
(1.06 -0.04 -0.16)
(-0.36 0 -0.16)
(-0.3182352941 0 -0.16)
(-0.2764705882 0 -0.16)
(-0.2347058824 -9.251858539e-18 -0.16)
(-0.1929411765 0 -0.16)
(-0.1511764706 0 -0.16)
(-0.1094117647 0 -0.16)
(-0.06764705882 0 -0.16)
(-0.02588235294 0 -0.16)
(0.01588235294 0 -0.16)
(0.05764705882 0 -0.16)
(0.09941176471 0 -0.16)
(0.1411764706 0 -0.16)
(0.1829411765 0 -0.16)
(0.2247058824 0 -0.16)
(0.2664705882 0 -0.16)
(0.3082352941 0 -0.16)
(0.35 0 -0.16)
(0.3917647059 0 -0.16)
(0.4335294118 0 -0.16)
(0.4752941176 0 -0.16)
(0.5170588235 0 -0.16)
(0.5588235294 0 -0.16)
(0.6005882353 0 -0.16)
(0.6423529412 4.625929269e-18 -0.16)
(0.6841176471 0 -0.16)
(0.7258823529 0 -0.16)
(0.7676470588 -4.625929269e-18 -0.16)
(0.8094117647 0 -0.16)
(0.8511764706 -2.312964635e-18 -0.16)
(0.8929411765 0 -0.16)
(0.9347058824 -4.625929269e-18 -0.16)
(0.9764705882 0 -0.16)
(1.018235294 -4.047688111e-18 -0.16)
(1.06 0 -0.16)
(-0.36 0.04 -0.16)
(-0.3182352941 0.04 -0.16)
(-0.2764705882 0.04 -0.16)
(-0.2347058824 0.04 -0.16)
(-0.1929411765 0.04 -0.16)
(-0.1511764706 0.04 -0.16)
(-0.1094117647 0.04 -0.16)
(-0.06764705882 0.04 -0.16)
(-0.02588235294 0.04 -0.16)
(0.01588235294 0.04 -0.16)
(0.05764705882 0.04 -0.16)
(0.09941176471 0.04 -0.16)
(0.1411764706 0.04 -0.16)
(0.1829411765 0.04 -0.16)
(0.2247058824 0.04 -0.16)
(0.2664705882 0.04 -0.16)
(0.3082352941 0.04 -0.16)
(0.35 0.04 -0.16)
(0.3917647059 0.04 -0.16)
(0.4335294118 0.04 -0.16)
(0.4752941176 0.04 -0.16)
(0.5170588235 0.04 -0.16)
(0.5588235294 0.04 -0.16)
(0.6005882353 0.04 -0.16)
(0.6423529412 0.04 -0.16)
(0.6841176471 0.04 -0.16)
(0.7258823529 0.04 -0.16)
(0.7676470588 0.04 -0.16)
(0.8094117647 0.04 -0.16)
(0.8511764706 0.04 -0.16)
(0.8929411765 0.04 -0.16)
(0.9347058824 0.04 -0.16)
(0.9764705882 0.04 -0.16)
(1.018235294 0.04 -0.16)
(1.06 0.04 -0.16)
(-0.36 0.08 -0.16)
(-0.3182352941 0.08 -0.16)
(-0.2764705882 0.08 -0.16)
(-0.2347058824 0.08 -0.16)
(-0.1929411765 0.08 -0.16)
(-0.1511764706 0.08 -0.16)
(-0.1094117647 0.08 -0.16)
(-0.06764705882 0.08 -0.16)
(-0.02588235294 0.08 -0.16)
(0.01588235294 0.08 -0.16)
(0.05764705882 0.08 -0.16)
(0.09941176471 0.08 -0.16)
(0.1411764706 0.08 -0.16)
(0.1829411765 0.08 -0.16)
(0.2247058824 0.08 -0.16)
(0.2664705882 0.08 -0.16)
(0.3082352941 0.08 -0.16)
(0.35 0.08 -0.16)
(0.3917647059 0.08 -0.16)
(0.4335294118 0.08 -0.16)
(0.4752941176 0.08 -0.16)
(0.5170588235 0.08 -0.16)
(0.5588235294 0.08 -0.16)
(0.6005882353 0.08 -0.16)
(0.6423529412 0.08 -0.16)
(0.6841176471 0.08 -0.16)
(0.7258823529 0.08 -0.16)
(0.7676470588 0.08 -0.16)
(0.8094117647 0.08 -0.16)
(0.8511764706 0.08 -0.16)
(0.8929411765 0.08 -0.16)
(0.9347058824 0.08 -0.16)
(0.9764705882 0.08 -0.16)
(1.018235294 0.08 -0.16)
(1.06 0.08 -0.16)
(-0.36 0.12 -0.16)
(-0.3182352941 0.12 -0.16)
(-0.2764705882 0.12 -0.16)
(-0.2347058824 0.12 -0.16)
(-0.1929411765 0.12 -0.16)
(-0.1511764706 0.12 -0.16)
(-0.1094117647 0.12 -0.16)
(-0.06764705882 0.12 -0.16)
(-0.02588235294 0.12 -0.16)
(0.01588235294 0.12 -0.16)
(0.05764705882 0.12 -0.16)
(0.09941176471 0.12 -0.16)
(0.1411764706 0.12 -0.16)
(0.1829411765 0.12 -0.16)
(0.2247058824 0.12 -0.16)
(0.2664705882 0.12 -0.16)
(0.3082352941 0.12 -0.16)
(0.35 0.12 -0.16)
(0.3917647059 0.12 -0.16)
(0.4335294118 0.12 -0.16)
(0.4752941176 0.12 -0.16)
(0.5170588235 0.12 -0.16)
(0.5588235294 0.12 -0.16)
(0.6005882353 0.12 -0.16)
(0.6423529412 0.12 -0.16)
(0.6841176471 0.12 -0.16)
(0.7258823529 0.12 -0.16)
(0.7676470588 0.12 -0.16)
(0.8094117647 0.12 -0.16)
(0.8511764706 0.12 -0.16)
(0.8929411765 0.12 -0.16)
(0.9347058824 0.12 -0.16)
(0.9764705882 0.12 -0.16)
(1.018235294 0.12 -0.16)
(1.06 0.12 -0.16)
(-0.36 0.16 -0.16)
(-0.3182352941 0.16 -0.16)
(-0.2764705882 0.16 -0.16)
(-0.2347058824 0.16 -0.16)
(-0.1929411765 0.16 -0.16)
(-0.1511764706 0.16 -0.16)
(-0.1094117647 0.16 -0.16)
(-0.06764705882 0.16 -0.16)
(-0.02588235294 0.16 -0.16)
(0.01588235294 0.16 -0.16)
(0.05764705882 0.16 -0.16)
(0.09941176471 0.16 -0.16)
(0.1411764706 0.16 -0.16)
(0.1829411765 0.16 -0.16)
(0.2247058824 0.16 -0.16)
(0.2664705882 0.16 -0.16)
(0.3082352941 0.16 -0.16)
(0.35 0.16 -0.16)
(0.3917647059 0.16 -0.16)
(0.4335294118 0.16 -0.16)
(0.4752941176 0.16 -0.16)
(0.5170588235 0.16 -0.16)
(0.5588235294 0.16 -0.16)
(0.6005882353 0.16 -0.16)
(0.6423529412 0.16 -0.16)
(0.6841176471 0.16 -0.16)
(0.7258823529 0.16 -0.16)
(0.7676470588 0.16 -0.16)
(0.8094117647 0.16 -0.16)
(0.8511764706 0.16 -0.16)
(0.8929411765 0.16 -0.16)
(0.9347058824 0.16 -0.16)
(0.9764705882 0.16 -0.16)
(1.018235294 0.16 -0.16)
(1.06 0.16 -0.16)
(-0.36 0.2 -0.16)
(-0.3182352941 0.2 -0.16)
(-0.2764705882 0.2 -0.16)
(-0.2347058824 0.2 -0.16)
(-0.1929411765 0.2 -0.16)
(-0.1511764706 0.2 -0.16)
(-0.1094117647 0.2 -0.16)
(-0.06764705882 0.2 -0.16)
(-0.02588235294 0.2 -0.16)
(0.01588235294 0.2 -0.16)
(0.05764705882 0.2 -0.16)
(0.09941176471 0.2 -0.16)
(0.1411764706 0.2 -0.16)
(0.1829411765 0.2 -0.16)
(0.2247058824 0.2 -0.16)
(0.2664705882 0.2 -0.16)
(0.3082352941 0.2 -0.16)
(0.35 0.2 -0.16)
(0.3917647059 0.2 -0.16)
(0.4335294118 0.2 -0.16)
(0.4752941176 0.2 -0.16)
(0.5170588235 0.2 -0.16)
(0.5588235294 0.2 -0.16)
(0.6005882353 0.2 -0.16)
(0.6423529412 0.2 -0.16)
(0.6841176471 0.2 -0.16)
(0.7258823529 0.2 -0.16)
(0.7676470588 0.2 -0.16)
(0.8094117647 0.2 -0.16)
(0.8511764706 0.2 -0.16)
(0.8929411765 0.2 -0.16)
(0.9347058824 0.2 -0.16)
(0.9764705882 0.2 -0.16)
(1.018235294 0.2 -0.16)
(1.06 0.2 -0.16)
(-0.36 0.24 -0.16)
(-0.3182352941 0.24 -0.16)
(-0.2764705882 0.24 -0.16)
(-0.2347058824 0.24 -0.16)
(-0.1929411765 0.24 -0.16)
(-0.1511764706 0.24 -0.16)
(-0.1094117647 0.24 -0.16)
(-0.06764705882 0.24 -0.16)
(-0.02588235294 0.24 -0.16)
(0.01588235294 0.24 -0.16)
(0.05764705882 0.24 -0.16)
(0.09941176471 0.24 -0.16)
(0.1411764706 0.24 -0.16)
(0.1829411765 0.24 -0.16)
(0.2247058824 0.24 -0.16)
(0.2664705882 0.24 -0.16)
(0.3082352941 0.24 -0.16)
(0.35 0.24 -0.16)
(0.3917647059 0.24 -0.16)
(0.4335294118 0.24 -0.16)
(0.4752941176 0.24 -0.16)
(0.5170588235 0.24 -0.16)
(0.5588235294 0.24 -0.16)
(0.6005882353 0.24 -0.16)
(0.6423529412 0.24 -0.16)
(0.6841176471 0.24 -0.16)
(0.7258823529 0.24 -0.16)
(0.7676470588 0.24 -0.16)
(0.8094117647 0.24 -0.16)
(0.8511764706 0.24 -0.16)
(0.8929411765 0.24 -0.16)
(0.9347058824 0.24 -0.16)
(0.9764705882 0.24 -0.16)
(1.018235294 0.24 -0.16)
(1.06 0.24 -0.16)
(-0.36 0.28 -0.16)
(-0.3182352941 0.28 -0.16)
(-0.2764705882 0.28 -0.16)
(-0.2347058824 0.28 -0.16)
(-0.1929411765 0.28 -0.16)
(-0.1511764706 0.28 -0.16)
(-0.1094117647 0.28 -0.16)
(-0.06764705882 0.28 -0.16)
(-0.02588235294 0.28 -0.16)
(0.01588235294 0.28 -0.16)
(0.05764705882 0.28 -0.16)
(0.09941176471 0.28 -0.16)
(0.1411764706 0.28 -0.16)
(0.1829411765 0.28 -0.16)
(0.2247058824 0.28 -0.16)
(0.2664705882 0.28 -0.16)
(0.3082352941 0.28 -0.16)
(0.35 0.28 -0.16)
(0.3917647059 0.28 -0.16)
(0.4335294118 0.28 -0.16)
(0.4752941176 0.28 -0.16)
(0.5170588235 0.28 -0.16)
(0.5588235294 0.28 -0.16)
(0.6005882353 0.28 -0.16)
(0.6423529412 0.28 -0.16)
(0.6841176471 0.28 -0.16)
(0.7258823529 0.28 -0.16)
(0.7676470588 0.28 -0.16)
(0.8094117647 0.28 -0.16)
(0.8511764706 0.28 -0.16)
(0.8929411765 0.28 -0.16)
(0.9347058824 0.28 -0.16)
(0.9764705882 0.28 -0.16)
(1.018235294 0.28 -0.16)
(1.06 0.28 -0.16)
(-0.36 0.32 -0.16)
(-0.3182352941 0.32 -0.16)
(-0.2764705882 0.32 -0.16)
(-0.2347058824 0.32 -0.16)
(-0.1929411765 0.32 -0.16)
(-0.1511764706 0.32 -0.16)
(-0.1094117647 0.32 -0.16)
(-0.06764705882 0.32 -0.16)
(-0.02588235294 0.32 -0.16)
(0.01588235294 0.32 -0.16)
(0.05764705882 0.32 -0.16)
(0.09941176471 0.32 -0.16)
(0.1411764706 0.32 -0.16)
(0.1829411765 0.32 -0.16)
(0.2247058824 0.32 -0.16)
(0.2664705882 0.32 -0.16)
(0.3082352941 0.32 -0.16)
(0.35 0.32 -0.16)
(0.3917647059 0.32 -0.16)
(0.4335294118 0.32 -0.16)
(0.4752941176 0.32 -0.16)
(0.5170588235 0.32 -0.16)
(0.5588235294 0.32 -0.16)
(0.6005882353 0.32 -0.16)
(0.6423529412 0.32 -0.16)
(0.6841176471 0.32 -0.16)
(0.7258823529 0.32 -0.16)
(0.7676470588 0.32 -0.16)
(0.8094117647 0.32 -0.16)
(0.8511764706 0.32 -0.16)
(0.8929411765 0.32 -0.16)
(0.9347058824 0.32 -0.16)
(0.9764705882 0.32 -0.16)
(1.018235294 0.32 -0.16)
(1.06 0.32 -0.16)
(-0.36 0.36 -0.16)
(-0.3182352941 0.36 -0.16)
(-0.2764705882 0.36 -0.16)
(-0.2347058824 0.36 -0.16)
(-0.1929411765 0.36 -0.16)
(-0.1511764706 0.36 -0.16)
(-0.1094117647 0.36 -0.16)
(-0.06764705882 0.36 -0.16)
(-0.02588235294 0.36 -0.16)
(0.01588235294 0.36 -0.16)
(0.05764705882 0.36 -0.16)
(0.09941176471 0.36 -0.16)
(0.1411764706 0.36 -0.16)
(0.1829411765 0.36 -0.16)
(0.2247058824 0.36 -0.16)
(0.2664705882 0.36 -0.16)
(0.3082352941 0.36 -0.16)
(0.35 0.36 -0.16)
(0.3917647059 0.36 -0.16)
(0.4335294118 0.36 -0.16)
(0.4752941176 0.36 -0.16)
(0.5170588235 0.36 -0.16)
(0.5588235294 0.36 -0.16)
(0.6005882353 0.36 -0.16)
(0.6423529412 0.36 -0.16)
(0.6841176471 0.36 -0.16)
(0.7258823529 0.36 -0.16)
(0.7676470588 0.36 -0.16)
(0.8094117647 0.36 -0.16)
(0.8511764706 0.36 -0.16)
(0.8929411765 0.36 -0.16)
(0.9347058824 0.36 -0.16)
(0.9764705882 0.36 -0.16)
(1.018235294 0.36 -0.16)
(1.06 0.36 -0.16)
(-0.36 -0.36 -0.12)
(-0.3182352941 -0.36 -0.12)
(-0.2764705882 -0.36 -0.12)
(-0.2347058824 -0.36 -0.12)
(-0.1929411765 -0.36 -0.12)
(-0.1511764706 -0.36 -0.12)
(-0.1094117647 -0.36 -0.12)
(-0.06764705882 -0.36 -0.12)
(-0.02588235294 -0.36 -0.12)
(0.01588235294 -0.36 -0.12)
(0.05764705882 -0.36 -0.12)
(0.09941176471 -0.36 -0.12)
(0.1411764706 -0.36 -0.12)
(0.1829411765 -0.36 -0.12)
(0.2247058824 -0.36 -0.12)
(0.2664705882 -0.36 -0.12)
(0.3082352941 -0.36 -0.12)
(0.35 -0.36 -0.12)
(0.3917647059 -0.36 -0.12)
(0.4335294118 -0.36 -0.12)
(0.4752941176 -0.36 -0.12)
(0.5170588235 -0.36 -0.12)
(0.5588235294 -0.36 -0.12)
(0.6005882353 -0.36 -0.12)
(0.6423529412 -0.36 -0.12)
(0.6841176471 -0.36 -0.12)
(0.7258823529 -0.36 -0.12)
(0.7676470588 -0.36 -0.12)
(0.8094117647 -0.36 -0.12)
(0.8511764706 -0.36 -0.12)
(0.8929411765 -0.36 -0.12)
(0.9347058824 -0.36 -0.12)
(0.9764705882 -0.36 -0.12)
(1.018235294 -0.36 -0.12)
(1.06 -0.36 -0.12)
(-0.36 -0.32 -0.12)
(-0.3182352941 -0.32 -0.12)
(-0.2764705882 -0.32 -0.12)
(-0.2347058824 -0.32 -0.12)
(-0.1929411765 -0.32 -0.12)
(-0.1511764706 -0.32 -0.12)
(-0.1094117647 -0.32 -0.12)
(-0.06764705882 -0.32 -0.12)
(-0.02588235294 -0.32 -0.12)
(0.01588235294 -0.32 -0.12)
(0.05764705882 -0.32 -0.12)
(0.09941176471 -0.32 -0.12)
(0.1411764706 -0.32 -0.12)
(0.1829411765 -0.32 -0.12)
(0.2247058824 -0.32 -0.12)
(0.2664705882 -0.32 -0.12)
(0.3082352941 -0.32 -0.12)
(0.35 -0.32 -0.12)
(0.3917647059 -0.32 -0.12)
(0.4335294118 -0.32 -0.12)
(0.4752941176 -0.32 -0.12)
(0.5170588235 -0.32 -0.12)
(0.5588235294 -0.32 -0.12)
(0.6005882353 -0.32 -0.12)
(0.6423529412 -0.32 -0.12)
(0.6841176471 -0.32 -0.12)
(0.7258823529 -0.32 -0.12)
(0.7676470588 -0.32 -0.12)
(0.8094117647 -0.32 -0.12)
(0.8511764706 -0.32 -0.12)
(0.8929411765 -0.32 -0.12)
(0.9347058824 -0.32 -0.12)
(0.9764705882 -0.32 -0.12)
(1.018235294 -0.32 -0.12)
(1.06 -0.32 -0.12)
(-0.36 -0.28 -0.12)
(-0.3182352941 -0.28 -0.12)
(-0.2764705882 -0.28 -0.12)
(-0.2347058824 -0.28 -0.12)
(-0.1929411765 -0.28 -0.12)
(-0.1511764706 -0.28 -0.12)
(-0.1094117647 -0.28 -0.12)
(-0.06764705882 -0.28 -0.12)
(-0.02588235294 -0.28 -0.12)
(0.01588235294 -0.28 -0.12)
(0.05764705882 -0.28 -0.12)
(0.09941176471 -0.28 -0.12)
(0.1411764706 -0.28 -0.12)
(0.1829411765 -0.28 -0.12)
(0.2247058824 -0.28 -0.12)
(0.2664705882 -0.28 -0.12)
(0.3082352941 -0.28 -0.12)
(0.35 -0.28 -0.12)
(0.3917647059 -0.28 -0.12)
(0.4335294118 -0.28 -0.12)
(0.4752941176 -0.28 -0.12)
(0.5170588235 -0.28 -0.12)
(0.5588235294 -0.28 -0.12)
(0.6005882353 -0.28 -0.12)
(0.6423529412 -0.28 -0.12)
(0.6841176471 -0.28 -0.12)
(0.7258823529 -0.28 -0.12)
(0.7676470588 -0.28 -0.12)
(0.8094117647 -0.28 -0.12)
(0.8511764706 -0.28 -0.12)
(0.8929411765 -0.28 -0.12)
(0.9347058824 -0.28 -0.12)
(0.9764705882 -0.28 -0.12)
(1.018235294 -0.28 -0.12)
(1.06 -0.28 -0.12)
(-0.36 -0.24 -0.12)
(-0.3182352941 -0.24 -0.12)
(-0.2764705882 -0.24 -0.12)
(-0.2347058824 -0.24 -0.12)
(-0.1929411765 -0.24 -0.12)
(-0.1511764706 -0.24 -0.12)
(-0.1094117647 -0.24 -0.12)
(-0.06764705882 -0.24 -0.12)
(-0.02588235294 -0.24 -0.12)
(0.01588235294 -0.24 -0.12)
(0.05764705882 -0.24 -0.12)
(0.09941176471 -0.24 -0.12)
(0.1411764706 -0.24 -0.12)
(0.1829411765 -0.24 -0.12)
(0.2247058824 -0.24 -0.12)
(0.2664705882 -0.24 -0.12)
(0.3082352941 -0.24 -0.12)
(0.35 -0.24 -0.12)
(0.3917647059 -0.24 -0.12)
(0.4335294118 -0.24 -0.12)
(0.4752941176 -0.24 -0.12)
(0.5170588235 -0.24 -0.12)
(0.5588235294 -0.24 -0.12)
(0.6005882353 -0.24 -0.12)
(0.6423529412 -0.24 -0.12)
(0.6841176471 -0.24 -0.12)
(0.7258823529 -0.24 -0.12)
(0.7676470588 -0.24 -0.12)
(0.8094117647 -0.24 -0.12)
(0.8511764706 -0.24 -0.12)
(0.8929411765 -0.24 -0.12)
(0.9347058824 -0.24 -0.12)
(0.9764705882 -0.24 -0.12)
(1.018235294 -0.24 -0.12)
(1.06 -0.24 -0.12)
(-0.36 -0.2 -0.12)
(-0.3182352941 -0.2 -0.12)
(-0.2764705882 -0.2 -0.12)
(-0.2347058824 -0.2 -0.12)
(-0.1929411765 -0.2 -0.12)
(-0.1511764706 -0.2 -0.12)
(-0.1094117647 -0.2 -0.12)
(-0.06764705882 -0.2 -0.12)
(-0.02588235294 -0.2 -0.12)
(0.01588235294 -0.2 -0.12)
(0.05764705882 -0.2 -0.12)
(0.09941176471 -0.2 -0.12)
(0.1411764706 -0.2 -0.12)
(0.1829411765 -0.2 -0.12)
(0.2247058824 -0.2 -0.12)
(0.2664705882 -0.2 -0.12)
(0.3082352941 -0.2 -0.12)
(0.35 -0.2 -0.12)
(0.3917647059 -0.2 -0.12)
(0.4335294118 -0.2 -0.12)
(0.4752941176 -0.2 -0.12)
(0.5170588235 -0.2 -0.12)
(0.5588235294 -0.2 -0.12)
(0.6005882353 -0.2 -0.12)
(0.6423529412 -0.2 -0.12)
(0.6841176471 -0.2 -0.12)
(0.7258823529 -0.2 -0.12)
(0.7676470588 -0.2 -0.12)
(0.8094117647 -0.2 -0.12)
(0.8511764706 -0.2 -0.12)
(0.8929411765 -0.2 -0.12)
(0.9347058824 -0.2 -0.12)
(0.9764705882 -0.2 -0.12)
(1.018235294 -0.2 -0.12)
(1.06 -0.2 -0.12)
(-0.36 -0.16 -0.12)
(-0.3182352941 -0.16 -0.12)
(-0.2764705882 -0.16 -0.12)
(-0.2347058824 -0.16 -0.12)
(-0.1929411765 -0.16 -0.12)
(-0.1511764706 -0.16 -0.12)
(-0.1094117647 -0.16 -0.12)
(-0.06764705882 -0.16 -0.12)
(-0.02588235294 -0.16 -0.12)
(0.01588235294 -0.16 -0.12)
(0.05764705882 -0.16 -0.12)
(0.09941176471 -0.16 -0.12)
(0.1411764706 -0.16 -0.12)
(0.1829411765 -0.16 -0.12)
(0.2247058824 -0.16 -0.12)
(0.2664705882 -0.16 -0.12)
(0.3082352941 -0.16 -0.12)
(0.35 -0.16 -0.12)
(0.3917647059 -0.16 -0.12)
(0.4335294118 -0.16 -0.12)
(0.4752941176 -0.16 -0.12)
(0.5170588235 -0.16 -0.12)
(0.5588235294 -0.16 -0.12)
(0.6005882353 -0.16 -0.12)
(0.6423529412 -0.16 -0.12)
(0.6841176471 -0.16 -0.12)
(0.7258823529 -0.16 -0.12)
(0.7676470588 -0.16 -0.12)
(0.8094117647 -0.16 -0.12)
(0.8511764706 -0.16 -0.12)
(0.8929411765 -0.16 -0.12)
(0.9347058824 -0.16 -0.12)
(0.9764705882 -0.16 -0.12)
(1.018235294 -0.16 -0.12)
(1.06 -0.16 -0.12)
(-0.36 -0.12 -0.12)
(-0.3182352941 -0.12 -0.12)
(-0.2764705882 -0.12 -0.12)
(-0.2347058824 -0.12 -0.12)
(-0.1929411765 -0.12 -0.12)
(-0.1511764706 -0.12 -0.12)
(-0.1094117647 -0.12 -0.12)
(-0.06764705882 -0.12 -0.12)
(-0.02588235294 -0.12 -0.12)
(0.01588235294 -0.12 -0.12)
(0.05764705882 -0.12 -0.12)
(0.09941176471 -0.12 -0.12)
(0.1411764706 -0.12 -0.12)
(0.1829411765 -0.12 -0.12)
(0.2247058824 -0.12 -0.12)
(0.2664705882 -0.12 -0.12)
(0.3082352941 -0.12 -0.12)
(0.35 -0.12 -0.12)
(0.3917647059 -0.12 -0.12)
(0.4335294118 -0.12 -0.12)
(0.4752941176 -0.12 -0.12)
(0.5170588235 -0.12 -0.12)
(0.5588235294 -0.12 -0.12)
(0.6005882353 -0.12 -0.12)
(0.6423529412 -0.12 -0.12)
(0.6841176471 -0.12 -0.12)
(0.7258823529 -0.12 -0.12)
(0.7676470588 -0.12 -0.12)
(0.8094117647 -0.12 -0.12)
(0.8511764706 -0.12 -0.12)
(0.8929411765 -0.12 -0.12)
(0.9347058824 -0.12 -0.12)
(0.9764705882 -0.12 -0.12)
(1.018235294 -0.12 -0.12)
(1.06 -0.12 -0.12)
(-0.36 -0.08 -0.12)
(-0.3182352941 -0.08 -0.12)
(-0.2764705882 -0.08 -0.12)
(-0.2347058824 -0.08 -0.12)
(-0.1929411765 -0.08 -0.12)
(-0.1511764706 -0.08 -0.12)
(-0.1094117647 -0.08 -0.12)
(-0.06764705882 -0.08 -0.12)
(-0.02588235294 -0.08 -0.12)
(0.01588235294 -0.08 -0.12)
(0.05764705882 -0.08 -0.12)
(0.09941176471 -0.08 -0.12)
(0.1411764706 -0.08 -0.12)
(0.1829411765 -0.08 -0.12)
(0.2247058824 -0.08 -0.12)
(0.2664705882 -0.08 -0.12)
(0.3082352941 -0.08 -0.12)
(0.35 -0.08 -0.12)
(0.3917647059 -0.08 -0.12)
(0.4335294118 -0.08 -0.12)
(0.4752941176 -0.08 -0.12)
(0.5170588235 -0.08 -0.12)
(0.5588235294 -0.08 -0.12)
(0.6005882353 -0.08 -0.12)
(0.6423529412 -0.08 -0.12)
(0.6841176471 -0.08 -0.12)
(0.7258823529 -0.08 -0.12)
(0.7676470588 -0.08 -0.12)
(0.8094117647 -0.08 -0.12)
(0.8511764706 -0.08 -0.12)
(0.8929411765 -0.08 -0.12)
(0.9347058824 -0.08 -0.12)
(0.9764705882 -0.08 -0.12)
(1.018235294 -0.08 -0.12)
(1.06 -0.08 -0.12)
(-0.36 -0.04 -0.12)
(-0.3182352941 -0.04 -0.12)
(-0.2764705882 -0.04 -0.12)
(-0.2347058824 -0.04 -0.12)
(-0.1929411765 -0.04 -0.12)
(-0.1511764706 -0.04 -0.12)
(-0.1094117647 -0.04 -0.12)
(-0.06764705882 -0.04 -0.12)
(-0.02588235294 -0.04 -0.12)
(0.01588235294 -0.04 -0.12)
(0.05764705882 -0.04 -0.12)
(0.09941176471 -0.04 -0.12)
(0.1411764706 -0.04 -0.12)
(0.1829411765 -0.04 -0.12)
(0.2247058824 -0.04 -0.12)
(0.2664705882 -0.04 -0.12)
(0.3082352941 -0.04 -0.12)
(0.35 -0.04 -0.12)
(0.3917647059 -0.04 -0.12)
(0.4335294118 -0.04 -0.12)
(0.4752941176 -0.04 -0.12)
(0.5170588235 -0.04 -0.12)
(0.5588235294 -0.04 -0.12)
(0.6005882353 -0.04 -0.12)
(0.6423529412 -0.04 -0.12)
(0.6841176471 -0.04 -0.12)
(0.7258823529 -0.04 -0.12)
(0.7676470588 -0.04 -0.12)
(0.8094117647 -0.04 -0.12)
(0.8511764706 -0.04 -0.12)
(0.8929411765 -0.04 -0.12)
(0.9347058824 -0.04 -0.12)
(0.9764705882 -0.04 -0.12)
(1.018235294 -0.04 -0.12)
(1.06 -0.04 -0.12)
(-0.36 0 -0.12)
(-0.3182352941 0 -0.12)
(-0.2764705882 0 -0.12)
(-0.2347058824 0 -0.12)
(-0.1929411765 0 -0.12)
(-0.1511764706 0 -0.12)
(-0.1094117647 0 -0.12)
(-0.06764705882 0 -0.12)
(-0.02588235294 0 -0.12)
(0.01588235294 0 -0.12)
(0.05764705882 0 -0.12)
(0.09941176471 0 -0.12)
(0.1411764706 0 -0.12)
(0.1829411765 4.625929269e-18 -0.12)
(0.2247058824 0 -0.12)
(0.2664705882 0 -0.12)
(0.3082352941 4.625929269e-18 -0.12)
(0.35 0 -0.12)
(0.3917647059 4.625929269e-18 -0.12)
(0.4335294118 0 -0.12)
(0.4752941176 0 -0.12)
(0.5170588235 4.625929269e-18 -0.12)
(0.5588235294 0 -0.12)
(0.6005882353 0 -0.12)
(0.6423529412 4.625929269e-18 -0.12)
(0.6841176471 0 -0.12)
(0.7258823529 0 -0.12)
(0.7676470588 -4.625929269e-18 -0.12)
(0.8094117647 0 -0.12)
(0.8511764706 -3.469446952e-18 -0.12)
(0.8929411765 0 -0.12)
(0.9347058824 4.625929269e-18 -0.12)
(0.9764705882 0 -0.12)
(1.018235294 -4.625929269e-18 -0.12)
(1.06 0 -0.12)
(-0.36 0.04 -0.12)
(-0.3182352941 0.04 -0.12)
(-0.2764705882 0.04 -0.12)
(-0.2347058824 0.04 -0.12)
(-0.1929411765 0.04 -0.12)
(-0.1511764706 0.04 -0.12)
(-0.1094117647 0.04 -0.12)
(-0.06764705882 0.04 -0.12)
(-0.02588235294 0.04 -0.12)
(0.01588235294 0.04 -0.12)
(0.05764705882 0.04 -0.12)
(0.09941176471 0.04 -0.12)
(0.1411764706 0.04 -0.12)
(0.1829411765 0.04 -0.12)
(0.2247058824 0.04 -0.12)
(0.2664705882 0.04 -0.12)
(0.3082352941 0.04 -0.12)
(0.35 0.04 -0.12)
(0.3917647059 0.04 -0.12)
(0.4335294118 0.04 -0.12)
(0.4752941176 0.04 -0.12)
(0.5170588235 0.04 -0.12)
(0.5588235294 0.04 -0.12)
(0.6005882353 0.04 -0.12)
(0.6423529412 0.04 -0.12)
(0.6841176471 0.04 -0.12)
(0.7258823529 0.04 -0.12)
(0.7676470588 0.04 -0.12)
(0.8094117647 0.04 -0.12)
(0.8511764706 0.04 -0.12)
(0.8929411765 0.04 -0.12)
(0.9347058824 0.04 -0.12)
(0.9764705882 0.04 -0.12)
(1.018235294 0.04 -0.12)
(1.06 0.04 -0.12)
(-0.36 0.08 -0.12)
(-0.3182352941 0.08 -0.12)
(-0.2764705882 0.08 -0.12)
(-0.2347058824 0.08 -0.12)
(-0.1929411765 0.08 -0.12)
(-0.1511764706 0.08 -0.12)
(-0.1094117647 0.08 -0.12)
(-0.06764705882 0.08 -0.12)
(-0.02588235294 0.08 -0.12)
(0.01588235294 0.08 -0.12)
(0.05764705882 0.08 -0.12)
(0.09941176471 0.08 -0.12)
(0.1411764706 0.08 -0.12)
(0.1829411765 0.08 -0.12)
(0.2247058824 0.08 -0.12)
(0.2664705882 0.08 -0.12)
(0.3082352941 0.08 -0.12)
(0.35 0.08 -0.12)
(0.3917647059 0.08 -0.12)
(0.4335294118 0.08 -0.12)
(0.4752941176 0.08 -0.12)
(0.5170588235 0.08 -0.12)
(0.5588235294 0.08 -0.12)
(0.6005882353 0.08 -0.12)
(0.6423529412 0.08 -0.12)
(0.6841176471 0.08 -0.12)
(0.7258823529 0.08 -0.12)
(0.7676470588 0.08 -0.12)
(0.8094117647 0.08 -0.12)
(0.8511764706 0.08 -0.12)
(0.8929411765 0.08 -0.12)
(0.9347058824 0.08 -0.12)
(0.9764705882 0.08 -0.12)
(1.018235294 0.08 -0.12)
(1.06 0.08 -0.12)
(-0.36 0.12 -0.12)
(-0.3182352941 0.12 -0.12)
(-0.2764705882 0.12 -0.12)
(-0.2347058824 0.12 -0.12)
(-0.1929411765 0.12 -0.12)
(-0.1511764706 0.12 -0.12)
(-0.1094117647 0.12 -0.12)
(-0.06764705882 0.12 -0.12)
(-0.02588235294 0.12 -0.12)
(0.01588235294 0.12 -0.12)
(0.05764705882 0.12 -0.12)
(0.09941176471 0.12 -0.12)
(0.1411764706 0.12 -0.12)
(0.1829411765 0.12 -0.12)
(0.2247058824 0.12 -0.12)
(0.2664705882 0.12 -0.12)
(0.3082352941 0.12 -0.12)
(0.35 0.12 -0.12)
(0.3917647059 0.12 -0.12)
(0.4335294118 0.12 -0.12)
(0.4752941176 0.12 -0.12)
(0.5170588235 0.12 -0.12)
(0.5588235294 0.12 -0.12)
(0.6005882353 0.12 -0.12)
(0.6423529412 0.12 -0.12)
(0.6841176471 0.12 -0.12)
(0.7258823529 0.12 -0.12)
(0.7676470588 0.12 -0.12)
(0.8094117647 0.12 -0.12)
(0.8511764706 0.12 -0.12)
(0.8929411765 0.12 -0.12)
(0.9347058824 0.12 -0.12)
(0.9764705882 0.12 -0.12)
(1.018235294 0.12 -0.12)
(1.06 0.12 -0.12)
(-0.36 0.16 -0.12)
(-0.3182352941 0.16 -0.12)
(-0.2764705882 0.16 -0.12)
(-0.2347058824 0.16 -0.12)
(-0.1929411765 0.16 -0.12)
(-0.1511764706 0.16 -0.12)
(-0.1094117647 0.16 -0.12)
(-0.06764705882 0.16 -0.12)
(-0.02588235294 0.16 -0.12)
(0.01588235294 0.16 -0.12)
(0.05764705882 0.16 -0.12)
(0.09941176471 0.16 -0.12)
(0.1411764706 0.16 -0.12)
(0.1829411765 0.16 -0.12)
(0.2247058824 0.16 -0.12)
(0.2664705882 0.16 -0.12)
(0.3082352941 0.16 -0.12)
(0.35 0.16 -0.12)
(0.3917647059 0.16 -0.12)
(0.4335294118 0.16 -0.12)
(0.4752941176 0.16 -0.12)
(0.5170588235 0.16 -0.12)
(0.5588235294 0.16 -0.12)
(0.6005882353 0.16 -0.12)
(0.6423529412 0.16 -0.12)
(0.6841176471 0.16 -0.12)
(0.7258823529 0.16 -0.12)
(0.7676470588 0.16 -0.12)
(0.8094117647 0.16 -0.12)
(0.8511764706 0.16 -0.12)
(0.8929411765 0.16 -0.12)
(0.9347058824 0.16 -0.12)
(0.9764705882 0.16 -0.12)
(1.018235294 0.16 -0.12)
(1.06 0.16 -0.12)
(-0.36 0.2 -0.12)
(-0.3182352941 0.2 -0.12)
(-0.2764705882 0.2 -0.12)
(-0.2347058824 0.2 -0.12)
(-0.1929411765 0.2 -0.12)
(-0.1511764706 0.2 -0.12)
(-0.1094117647 0.2 -0.12)
(-0.06764705882 0.2 -0.12)
(-0.02588235294 0.2 -0.12)
(0.01588235294 0.2 -0.12)
(0.05764705882 0.2 -0.12)
(0.09941176471 0.2 -0.12)
(0.1411764706 0.2 -0.12)
(0.1829411765 0.2 -0.12)
(0.2247058824 0.2 -0.12)
(0.2664705882 0.2 -0.12)
(0.3082352941 0.2 -0.12)
(0.35 0.2 -0.12)
(0.3917647059 0.2 -0.12)
(0.4335294118 0.2 -0.12)
(0.4752941176 0.2 -0.12)
(0.5170588235 0.2 -0.12)
(0.5588235294 0.2 -0.12)
(0.6005882353 0.2 -0.12)
(0.6423529412 0.2 -0.12)
(0.6841176471 0.2 -0.12)
(0.7258823529 0.2 -0.12)
(0.7676470588 0.2 -0.12)
(0.8094117647 0.2 -0.12)
(0.8511764706 0.2 -0.12)
(0.8929411765 0.2 -0.12)
(0.9347058824 0.2 -0.12)
(0.9764705882 0.2 -0.12)
(1.018235294 0.2 -0.12)
(1.06 0.2 -0.12)
(-0.36 0.24 -0.12)
(-0.3182352941 0.24 -0.12)
(-0.2764705882 0.24 -0.12)
(-0.2347058824 0.24 -0.12)
(-0.1929411765 0.24 -0.12)
(-0.1511764706 0.24 -0.12)
(-0.1094117647 0.24 -0.12)
(-0.06764705882 0.24 -0.12)
(-0.02588235294 0.24 -0.12)
(0.01588235294 0.24 -0.12)
(0.05764705882 0.24 -0.12)
(0.09941176471 0.24 -0.12)
(0.1411764706 0.24 -0.12)
(0.1829411765 0.24 -0.12)
(0.2247058824 0.24 -0.12)
(0.2664705882 0.24 -0.12)
(0.3082352941 0.24 -0.12)
(0.35 0.24 -0.12)
(0.3917647059 0.24 -0.12)
(0.4335294118 0.24 -0.12)
(0.4752941176 0.24 -0.12)
(0.5170588235 0.24 -0.12)
(0.5588235294 0.24 -0.12)
(0.6005882353 0.24 -0.12)
(0.6423529412 0.24 -0.12)
(0.6841176471 0.24 -0.12)
(0.7258823529 0.24 -0.12)
(0.7676470588 0.24 -0.12)
(0.8094117647 0.24 -0.12)
(0.8511764706 0.24 -0.12)
(0.8929411765 0.24 -0.12)
(0.9347058824 0.24 -0.12)
(0.9764705882 0.24 -0.12)
(1.018235294 0.24 -0.12)
(1.06 0.24 -0.12)
(-0.36 0.28 -0.12)
(-0.3182352941 0.28 -0.12)
(-0.2764705882 0.28 -0.12)
(-0.2347058824 0.28 -0.12)
(-0.1929411765 0.28 -0.12)
(-0.1511764706 0.28 -0.12)
(-0.1094117647 0.28 -0.12)
(-0.06764705882 0.28 -0.12)
(-0.02588235294 0.28 -0.12)
(0.01588235294 0.28 -0.12)
(0.05764705882 0.28 -0.12)
(0.09941176471 0.28 -0.12)
(0.1411764706 0.28 -0.12)
(0.1829411765 0.28 -0.12)
(0.2247058824 0.28 -0.12)
(0.2664705882 0.28 -0.12)
(0.3082352941 0.28 -0.12)
(0.35 0.28 -0.12)
(0.3917647059 0.28 -0.12)
(0.4335294118 0.28 -0.12)
(0.4752941176 0.28 -0.12)
(0.5170588235 0.28 -0.12)
(0.5588235294 0.28 -0.12)
(0.6005882353 0.28 -0.12)
(0.6423529412 0.28 -0.12)
(0.6841176471 0.28 -0.12)
(0.7258823529 0.28 -0.12)
(0.7676470588 0.28 -0.12)
(0.8094117647 0.28 -0.12)
(0.8511764706 0.28 -0.12)
(0.8929411765 0.28 -0.12)
(0.9347058824 0.28 -0.12)
(0.9764705882 0.28 -0.12)
(1.018235294 0.28 -0.12)
(1.06 0.28 -0.12)
(-0.36 0.32 -0.12)
(-0.3182352941 0.32 -0.12)
(-0.2764705882 0.32 -0.12)
(-0.2347058824 0.32 -0.12)
(-0.1929411765 0.32 -0.12)
(-0.1511764706 0.32 -0.12)
(-0.1094117647 0.32 -0.12)
(-0.06764705882 0.32 -0.12)
(-0.02588235294 0.32 -0.12)
(0.01588235294 0.32 -0.12)
(0.05764705882 0.32 -0.12)
(0.09941176471 0.32 -0.12)
(0.1411764706 0.32 -0.12)
(0.1829411765 0.32 -0.12)
(0.2247058824 0.32 -0.12)
(0.2664705882 0.32 -0.12)
(0.3082352941 0.32 -0.12)
(0.35 0.32 -0.12)
(0.3917647059 0.32 -0.12)
(0.4335294118 0.32 -0.12)
(0.4752941176 0.32 -0.12)
(0.5170588235 0.32 -0.12)
(0.5588235294 0.32 -0.12)
(0.6005882353 0.32 -0.12)
(0.6423529412 0.32 -0.12)
(0.6841176471 0.32 -0.12)
(0.7258823529 0.32 -0.12)
(0.7676470588 0.32 -0.12)
(0.8094117647 0.32 -0.12)
(0.8511764706 0.32 -0.12)
(0.8929411765 0.32 -0.12)
(0.9347058824 0.32 -0.12)
(0.9764705882 0.32 -0.12)
(1.018235294 0.32 -0.12)
(1.06 0.32 -0.12)
(-0.36 0.36 -0.12)
(-0.3182352941 0.36 -0.12)
(-0.2764705882 0.36 -0.12)
(-0.2347058824 0.36 -0.12)
(-0.1929411765 0.36 -0.12)
(-0.1511764706 0.36 -0.12)
(-0.1094117647 0.36 -0.12)
(-0.06764705882 0.36 -0.12)
(-0.02588235294 0.36 -0.12)
(0.01588235294 0.36 -0.12)
(0.05764705882 0.36 -0.12)
(0.09941176471 0.36 -0.12)
(0.1411764706 0.36 -0.12)
(0.1829411765 0.36 -0.12)
(0.2247058824 0.36 -0.12)
(0.2664705882 0.36 -0.12)
(0.3082352941 0.36 -0.12)
(0.35 0.36 -0.12)
(0.3917647059 0.36 -0.12)
(0.4335294118 0.36 -0.12)
(0.4752941176 0.36 -0.12)
(0.5170588235 0.36 -0.12)
(0.5588235294 0.36 -0.12)
(0.6005882353 0.36 -0.12)
(0.6423529412 0.36 -0.12)
(0.6841176471 0.36 -0.12)
(0.7258823529 0.36 -0.12)
(0.7676470588 0.36 -0.12)
(0.8094117647 0.36 -0.12)
(0.8511764706 0.36 -0.12)
(0.8929411765 0.36 -0.12)
(0.9347058824 0.36 -0.12)
(0.9764705882 0.36 -0.12)
(1.018235294 0.36 -0.12)
(1.06 0.36 -0.12)
(-0.36 -0.36 -0.08)
(-0.3182352941 -0.36 -0.08)
(-0.2764705882 -0.36 -0.08)
(-0.2347058824 -0.36 -0.08)
(-0.1929411765 -0.36 -0.08)
(-0.1511764706 -0.36 -0.08)
(-0.1094117647 -0.36 -0.08)
(-0.06764705882 -0.36 -0.08)
(-0.02588235294 -0.36 -0.08)
(0.01588235294 -0.36 -0.08)
(0.05764705882 -0.36 -0.08)
(0.09941176471 -0.36 -0.08)
(0.1411764706 -0.36 -0.08)
(0.1829411765 -0.36 -0.08)
(0.2247058824 -0.36 -0.08)
(0.2664705882 -0.36 -0.08)
(0.3082352941 -0.36 -0.08)
(0.35 -0.36 -0.08)
(0.3917647059 -0.36 -0.08)
(0.4335294118 -0.36 -0.08)
(0.4752941176 -0.36 -0.08)
(0.5170588235 -0.36 -0.08)
(0.5588235294 -0.36 -0.08)
(0.6005882353 -0.36 -0.08)
(0.6423529412 -0.36 -0.08)
(0.6841176471 -0.36 -0.08)
(0.7258823529 -0.36 -0.08)
(0.7676470588 -0.36 -0.08)
(0.8094117647 -0.36 -0.08)
(0.8511764706 -0.36 -0.08)
(0.8929411765 -0.36 -0.08)
(0.9347058824 -0.36 -0.08)
(0.9764705882 -0.36 -0.08)
(1.018235294 -0.36 -0.08)
(1.06 -0.36 -0.08)
(-0.36 -0.32 -0.08)
(-0.3182352941 -0.32 -0.08)
(-0.2764705882 -0.32 -0.08)
(-0.2347058824 -0.32 -0.08)
(-0.1929411765 -0.32 -0.08)
(-0.1511764706 -0.32 -0.08)
(-0.1094117647 -0.32 -0.08)
(-0.06764705882 -0.32 -0.08)
(-0.02588235294 -0.32 -0.08)
(0.01588235294 -0.32 -0.08)
(0.05764705882 -0.32 -0.08)
(0.09941176471 -0.32 -0.08)
(0.1411764706 -0.32 -0.08)
(0.1829411765 -0.32 -0.08)
(0.2247058824 -0.32 -0.08)
(0.2664705882 -0.32 -0.08)
(0.3082352941 -0.32 -0.08)
(0.35 -0.32 -0.08)
(0.3917647059 -0.32 -0.08)
(0.4335294118 -0.32 -0.08)
(0.4752941176 -0.32 -0.08)
(0.5170588235 -0.32 -0.08)
(0.5588235294 -0.32 -0.08)
(0.6005882353 -0.32 -0.08)
(0.6423529412 -0.32 -0.08)
(0.6841176471 -0.32 -0.08)
(0.7258823529 -0.32 -0.08)
(0.7676470588 -0.32 -0.08)
(0.8094117647 -0.32 -0.08)
(0.8511764706 -0.32 -0.08)
(0.8929411765 -0.32 -0.08)
(0.9347058824 -0.32 -0.08)
(0.9764705882 -0.32 -0.08)
(1.018235294 -0.32 -0.08)
(1.06 -0.32 -0.08)
(-0.36 -0.28 -0.08)
(-0.3182352941 -0.28 -0.08)
(-0.2764705882 -0.28 -0.08)
(-0.2347058824 -0.28 -0.08)
(-0.1929411765 -0.28 -0.08)
(-0.1511764706 -0.28 -0.08)
(-0.1094117647 -0.28 -0.08)
(-0.06764705882 -0.28 -0.08)
(-0.02588235294 -0.28 -0.08)
(0.01588235294 -0.28 -0.08)
(0.05764705882 -0.28 -0.08)
(0.09941176471 -0.28 -0.08)
(0.1411764706 -0.28 -0.08)
(0.1829411765 -0.28 -0.08)
(0.2247058824 -0.28 -0.08)
(0.2664705882 -0.28 -0.08)
(0.3082352941 -0.28 -0.08)
(0.35 -0.28 -0.08)
(0.3917647059 -0.28 -0.08)
(0.4335294118 -0.28 -0.08)
(0.4752941176 -0.28 -0.08)
(0.5170588235 -0.28 -0.08)
(0.5588235294 -0.28 -0.08)
(0.6005882353 -0.28 -0.08)
(0.6423529412 -0.28 -0.08)
(0.6841176471 -0.28 -0.08)
(0.7258823529 -0.28 -0.08)
(0.7676470588 -0.28 -0.08)
(0.8094117647 -0.28 -0.08)
(0.8511764706 -0.28 -0.08)
(0.8929411765 -0.28 -0.08)
(0.9347058824 -0.28 -0.08)
(0.9764705882 -0.28 -0.08)
(1.018235294 -0.28 -0.08)
(1.06 -0.28 -0.08)
(-0.36 -0.24 -0.08)
(-0.3182352941 -0.24 -0.08)
(-0.2764705882 -0.24 -0.08)
(-0.2347058824 -0.24 -0.08)
(-0.1929411765 -0.24 -0.08)
(-0.1511764706 -0.24 -0.08)
(-0.1094117647 -0.24 -0.08)
(-0.06764705882 -0.24 -0.08)
(-0.02588235294 -0.24 -0.08)
(0.01588235294 -0.24 -0.08)
(0.05764705882 -0.24 -0.08)
(0.09941176471 -0.24 -0.08)
(0.1411764706 -0.24 -0.08)
(0.1829411765 -0.24 -0.08)
(0.2247058824 -0.24 -0.08)
(0.2664705882 -0.24 -0.08)
(0.3082352941 -0.24 -0.08)
(0.35 -0.24 -0.08)
(0.3917647059 -0.24 -0.08)
(0.4335294118 -0.24 -0.08)
(0.4752941176 -0.24 -0.08)
(0.5170588235 -0.24 -0.08)
(0.5588235294 -0.24 -0.08)
(0.6005882353 -0.24 -0.08)
(0.6423529412 -0.24 -0.08)
(0.6841176471 -0.24 -0.08)
(0.7258823529 -0.24 -0.08)
(0.7676470588 -0.24 -0.08)
(0.8094117647 -0.24 -0.08)
(0.8511764706 -0.24 -0.08)
(0.8929411765 -0.24 -0.08)
(0.9347058824 -0.24 -0.08)
(0.9764705882 -0.24 -0.08)
(1.018235294 -0.24 -0.08)
(1.06 -0.24 -0.08)
(-0.36 -0.2 -0.08)
(-0.3182352941 -0.2 -0.08)
(-0.2764705882 -0.2 -0.08)
(-0.2347058824 -0.2 -0.08)
(-0.1929411765 -0.2 -0.08)
(-0.1511764706 -0.2 -0.08)
(-0.1094117647 -0.2 -0.08)
(-0.06764705882 -0.2 -0.08)
(-0.02588235294 -0.2 -0.08)
(0.01588235294 -0.2 -0.08)
(0.05764705882 -0.2 -0.08)
(0.09941176471 -0.2 -0.08)
(0.1411764706 -0.2 -0.08)
(0.1829411765 -0.2 -0.08)
(0.2247058824 -0.2 -0.08)
(0.2664705882 -0.2 -0.08)
(0.3082352941 -0.2 -0.08)
(0.35 -0.2 -0.08)
(0.3917647059 -0.2 -0.08)
(0.4335294118 -0.2 -0.08)
(0.4752941176 -0.2 -0.08)
(0.5170588235 -0.2 -0.08)
(0.5588235294 -0.2 -0.08)
(0.6005882353 -0.2 -0.08)
(0.6423529412 -0.2 -0.08)
(0.6841176471 -0.2 -0.08)
(0.7258823529 -0.2 -0.08)
(0.7676470588 -0.2 -0.08)
(0.8094117647 -0.2 -0.08)
(0.8511764706 -0.2 -0.08)
(0.8929411765 -0.2 -0.08)
(0.9347058824 -0.2 -0.08)
(0.9764705882 -0.2 -0.08)
(1.018235294 -0.2 -0.08)
(1.06 -0.2 -0.08)
(-0.36 -0.16 -0.08)
(-0.3182352941 -0.16 -0.08)
(-0.2764705882 -0.16 -0.08)
(-0.2347058824 -0.16 -0.08)
(-0.1929411765 -0.16 -0.08)
(-0.1511764706 -0.16 -0.08)
(-0.1094117647 -0.16 -0.08)
(-0.06764705882 -0.16 -0.08)
(-0.02588235294 -0.16 -0.08)
(0.01588235294 -0.16 -0.08)
(0.05764705882 -0.16 -0.08)
(0.09941176471 -0.16 -0.08)
(0.1411764706 -0.16 -0.08)
(0.1829411765 -0.16 -0.08)
(0.2247058824 -0.16 -0.08)
(0.2664705882 -0.16 -0.08)
(0.3082352941 -0.16 -0.08)
(0.35 -0.16 -0.08)
(0.3917647059 -0.16 -0.08)
(0.4335294118 -0.16 -0.08)
(0.4752941176 -0.16 -0.08)
(0.5170588235 -0.16 -0.08)
(0.5588235294 -0.16 -0.08)
(0.6005882353 -0.16 -0.08)
(0.6423529412 -0.16 -0.08)
(0.6841176471 -0.16 -0.08)
(0.7258823529 -0.16 -0.08)
(0.7676470588 -0.16 -0.08)
(0.8094117647 -0.16 -0.08)
(0.8511764706 -0.16 -0.08)
(0.8929411765 -0.16 -0.08)
(0.9347058824 -0.16 -0.08)
(0.9764705882 -0.16 -0.08)
(1.018235294 -0.16 -0.08)
(1.06 -0.16 -0.08)
(-0.36 -0.12 -0.08)
(-0.3182352941 -0.12 -0.08)
(-0.2764705882 -0.12 -0.08)
(-0.2347058824 -0.12 -0.08)
(-0.1929411765 -0.12 -0.08)
(-0.1511764706 -0.12 -0.08)
(-0.1094117647 -0.12 -0.08)
(-0.06764705882 -0.12 -0.08)
(-0.02588235294 -0.12 -0.08)
(0.01588235294 -0.12 -0.08)
(0.05764705882 -0.12 -0.08)
(0.09941176471 -0.12 -0.08)
(0.1411764706 -0.12 -0.08)
(0.1829411765 -0.12 -0.08)
(0.2247058824 -0.12 -0.08)
(0.2664705882 -0.12 -0.08)
(0.3082352941 -0.12 -0.08)
(0.35 -0.12 -0.08)
(0.3917647059 -0.12 -0.08)
(0.4335294118 -0.12 -0.08)
(0.4752941176 -0.12 -0.08)
(0.5170588235 -0.12 -0.08)
(0.5588235294 -0.12 -0.08)
(0.6005882353 -0.12 -0.08)
(0.6423529412 -0.12 -0.08)
(0.6841176471 -0.12 -0.08)
(0.7258823529 -0.12 -0.08)
(0.7676470588 -0.12 -0.08)
(0.8094117647 -0.12 -0.08)
(0.8511764706 -0.12 -0.08)
(0.8929411765 -0.12 -0.08)
(0.9347058824 -0.12 -0.08)
(0.9764705882 -0.12 -0.08)
(1.018235294 -0.12 -0.08)
(1.06 -0.12 -0.08)
(-0.36 -0.08 -0.08)
(-0.3182352941 -0.08 -0.08)
(-0.2764705882 -0.08 -0.08)
(-0.2347058824 -0.08 -0.08)
(-0.1929411765 -0.08 -0.08)
(-0.1511764706 -0.08 -0.08)
(-0.1094117647 -0.08 -0.08)
(-0.06764705882 -0.08 -0.08)
(-0.02588235294 -0.08 -0.08)
(0.01588235294 -0.08 -0.08)
(0.05764705882 -0.08 -0.08)
(0.09941176471 -0.08 -0.08)
(0.1411764706 -0.08 -0.08)
(0.1829411765 -0.08 -0.08)
(0.2247058824 -0.08 -0.08)
(0.2664705882 -0.08 -0.08)
(0.3082352941 -0.08 -0.08)
(0.35 -0.08 -0.08)
(0.3917647059 -0.08 -0.08)
(0.4335294118 -0.08 -0.08)
(0.4752941176 -0.08 -0.08)
(0.5170588235 -0.08 -0.08)
(0.5588235294 -0.08 -0.08)
(0.6005882353 -0.08 -0.08)
(0.6423529412 -0.08 -0.08)
(0.6841176471 -0.08 -0.08)
(0.7258823529 -0.08 -0.08)
(0.7676470588 -0.08 -0.08)
(0.8094117647 -0.08 -0.08)
(0.8511764706 -0.08 -0.08)
(0.8929411765 -0.08 -0.08)
(0.9347058824 -0.08 -0.08)
(0.9764705882 -0.08 -0.08)
(1.018235294 -0.08 -0.08)
(1.06 -0.08 -0.08)
(-0.36 -0.04 -0.08)
(-0.3182352941 -0.04 -0.08)
(-0.2764705882 -0.04 -0.08)
(-0.2347058824 -0.04 -0.08)
(-0.1929411765 -0.04 -0.08)
(-0.1511764706 -0.04 -0.08)
(-0.1094117647 -0.04 -0.08)
(-0.06764705882 -0.04 -0.08)
(-0.02588235294 -0.04 -0.08)
(0.01588235294 -0.04 -0.08)
(0.05764705882 -0.04 -0.08)
(0.09941176471 -0.04 -0.08)
(0.1411764706 -0.04 -0.08)
(0.1829411765 -0.04 -0.08)
(0.2247058824 -0.04 -0.08)
(0.2664705882 -0.04 -0.08)
(0.3082352941 -0.04 -0.08)
(0.35 -0.04 -0.08)
(0.3917647059 -0.04 -0.08)
(0.4335294118 -0.04 -0.08)
(0.4752941176 -0.04 -0.08)
(0.5170588235 -0.04 -0.08)
(0.5588235294 -0.04 -0.08)
(0.6005882353 -0.04 -0.08)
(0.6423529412 -0.04 -0.08)
(0.6841176471 -0.04 -0.08)
(0.7258823529 -0.04 -0.08)
(0.7676470588 -0.04 -0.08)
(0.8094117647 -0.04 -0.08)
(0.8511764706 -0.04 -0.08)
(0.8929411765 -0.04 -0.08)
(0.9347058824 -0.04 -0.08)
(0.9764705882 -0.04 -0.08)
(1.018235294 -0.04 -0.08)
(1.06 -0.04 -0.08)
(-0.36 0 -0.08)
(-0.3182352941 0 -0.08)
(-0.2764705882 0 -0.08)
(-0.2347058824 0 -0.08)
(-0.1929411765 0 -0.08)
(-0.1511764706 0 -0.08)
(-0.1094117647 0 -0.08)
(-0.06764705882 0 -0.08)
(-0.02588235294 0 -0.08)
(0.01588235294 0 -0.08)
(0.05764705882 0 -0.08)
(0.09941176471 0 -0.08)
(0.1411764706 0 -0.08)
(0.1829411765 0 -0.08)
(0.2247058824 0 -0.08)
(0.2664705882 4.625929269e-18 -0.08)
(0.3082352941 0 -0.08)
(0.35 0 -0.08)
(0.3917647059 0 -0.08)
(0.4335294118 4.625929269e-18 -0.08)
(0.4752941176 0 -0.08)
(0.5170588235 0 -0.08)
(0.5588235294 0 -0.08)
(0.6005882353 0 -0.08)
(0.6423529412 4.625929269e-18 -0.08)
(0.6841176471 0 -0.08)
(0.7258823529 0 -0.08)
(0.7676470588 4.625929269e-18 -0.08)
(0.8094117647 0 -0.08)
(0.8511764706 -3.469446952e-18 -0.08)
(0.8929411765 0 -0.08)
(0.9347058824 4.625929269e-18 -0.08)
(0.9764705882 0 -0.08)
(1.018235294 -4.625929269e-18 -0.08)
(1.06 0 -0.08)
(-0.36 0.04 -0.08)
(-0.3182352941 0.04 -0.08)
(-0.2764705882 0.04 -0.08)
(-0.2347058824 0.04 -0.08)
(-0.1929411765 0.04 -0.08)
(-0.1511764706 0.04 -0.08)
(-0.1094117647 0.04 -0.08)
(-0.06764705882 0.04 -0.08)
(-0.02588235294 0.04 -0.08)
(0.01588235294 0.04 -0.08)
(0.05764705882 0.04 -0.08)
(0.09941176471 0.04 -0.08)
(0.1411764706 0.04 -0.08)
(0.1829411765 0.04 -0.08)
(0.2247058824 0.04 -0.08)
(0.2664705882 0.04 -0.08)
(0.3082352941 0.04 -0.08)
(0.35 0.04 -0.08)
(0.3917647059 0.04 -0.08)
(0.4335294118 0.04 -0.08)
(0.4752941176 0.04 -0.08)
(0.5170588235 0.04 -0.08)
(0.5588235294 0.04 -0.08)
(0.6005882353 0.04 -0.08)
(0.6423529412 0.04 -0.08)
(0.6841176471 0.04 -0.08)
(0.7258823529 0.04 -0.08)
(0.7676470588 0.04 -0.08)
(0.8094117647 0.04 -0.08)
(0.8511764706 0.04 -0.08)
(0.8929411765 0.04 -0.08)
(0.9347058824 0.04 -0.08)
(0.9764705882 0.04 -0.08)
(1.018235294 0.04 -0.08)
(1.06 0.04 -0.08)
(-0.36 0.08 -0.08)
(-0.3182352941 0.08 -0.08)
(-0.2764705882 0.08 -0.08)
(-0.2347058824 0.08 -0.08)
(-0.1929411765 0.08 -0.08)
(-0.1511764706 0.08 -0.08)
(-0.1094117647 0.08 -0.08)
(-0.06764705882 0.08 -0.08)
(-0.02588235294 0.08 -0.08)
(0.01588235294 0.08 -0.08)
(0.05764705882 0.08 -0.08)
(0.09941176471 0.08 -0.08)
(0.1411764706 0.08 -0.08)
(0.1829411765 0.08 -0.08)
(0.2247058824 0.08 -0.08)
(0.2664705882 0.08 -0.08)
(0.3082352941 0.08 -0.08)
(0.35 0.08 -0.08)
(0.3917647059 0.08 -0.08)
(0.4335294118 0.08 -0.08)
(0.4752941176 0.08 -0.08)
(0.5170588235 0.08 -0.08)
(0.5588235294 0.08 -0.08)
(0.6005882353 0.08 -0.08)
(0.6423529412 0.08 -0.08)
(0.6841176471 0.08 -0.08)
(0.7258823529 0.08 -0.08)
(0.7676470588 0.08 -0.08)
(0.8094117647 0.08 -0.08)
(0.8511764706 0.08 -0.08)
(0.8929411765 0.08 -0.08)
(0.9347058824 0.08 -0.08)
(0.9764705882 0.08 -0.08)
(1.018235294 0.08 -0.08)
(1.06 0.08 -0.08)
(-0.36 0.12 -0.08)
(-0.3182352941 0.12 -0.08)
(-0.2764705882 0.12 -0.08)
(-0.2347058824 0.12 -0.08)
(-0.1929411765 0.12 -0.08)
(-0.1511764706 0.12 -0.08)
(-0.1094117647 0.12 -0.08)
(-0.06764705882 0.12 -0.08)
(-0.02588235294 0.12 -0.08)
(0.01588235294 0.12 -0.08)
(0.05764705882 0.12 -0.08)
(0.09941176471 0.12 -0.08)
(0.1411764706 0.12 -0.08)
(0.1829411765 0.12 -0.08)
(0.2247058824 0.12 -0.08)
(0.2664705882 0.12 -0.08)
(0.3082352941 0.12 -0.08)
(0.35 0.12 -0.08)
(0.3917647059 0.12 -0.08)
(0.4335294118 0.12 -0.08)
(0.4752941176 0.12 -0.08)
(0.5170588235 0.12 -0.08)
(0.5588235294 0.12 -0.08)
(0.6005882353 0.12 -0.08)
(0.6423529412 0.12 -0.08)
(0.6841176471 0.12 -0.08)
(0.7258823529 0.12 -0.08)
(0.7676470588 0.12 -0.08)
(0.8094117647 0.12 -0.08)
(0.8511764706 0.12 -0.08)
(0.8929411765 0.12 -0.08)
(0.9347058824 0.12 -0.08)
(0.9764705882 0.12 -0.08)
(1.018235294 0.12 -0.08)
(1.06 0.12 -0.08)
(-0.36 0.16 -0.08)
(-0.3182352941 0.16 -0.08)
(-0.2764705882 0.16 -0.08)
(-0.2347058824 0.16 -0.08)
(-0.1929411765 0.16 -0.08)
(-0.1511764706 0.16 -0.08)
(-0.1094117647 0.16 -0.08)
(-0.06764705882 0.16 -0.08)
(-0.02588235294 0.16 -0.08)
(0.01588235294 0.16 -0.08)
(0.05764705882 0.16 -0.08)
(0.09941176471 0.16 -0.08)
(0.1411764706 0.16 -0.08)
(0.1829411765 0.16 -0.08)
(0.2247058824 0.16 -0.08)
(0.2664705882 0.16 -0.08)
(0.3082352941 0.16 -0.08)
(0.35 0.16 -0.08)
(0.3917647059 0.16 -0.08)
(0.4335294118 0.16 -0.08)
(0.4752941176 0.16 -0.08)
(0.5170588235 0.16 -0.08)
(0.5588235294 0.16 -0.08)
(0.6005882353 0.16 -0.08)
(0.6423529412 0.16 -0.08)
(0.6841176471 0.16 -0.08)
(0.7258823529 0.16 -0.08)
(0.7676470588 0.16 -0.08)
(0.8094117647 0.16 -0.08)
(0.8511764706 0.16 -0.08)
(0.8929411765 0.16 -0.08)
(0.9347058824 0.16 -0.08)
(0.9764705882 0.16 -0.08)
(1.018235294 0.16 -0.08)
(1.06 0.16 -0.08)
(-0.36 0.2 -0.08)
(-0.3182352941 0.2 -0.08)
(-0.2764705882 0.2 -0.08)
(-0.2347058824 0.2 -0.08)
(-0.1929411765 0.2 -0.08)
(-0.1511764706 0.2 -0.08)
(-0.1094117647 0.2 -0.08)
(-0.06764705882 0.2 -0.08)
(-0.02588235294 0.2 -0.08)
(0.01588235294 0.2 -0.08)
(0.05764705882 0.2 -0.08)
(0.09941176471 0.2 -0.08)
(0.1411764706 0.2 -0.08)
(0.1829411765 0.2 -0.08)
(0.2247058824 0.2 -0.08)
(0.2664705882 0.2 -0.08)
(0.3082352941 0.2 -0.08)
(0.35 0.2 -0.08)
(0.3917647059 0.2 -0.08)
(0.4335294118 0.2 -0.08)
(0.4752941176 0.2 -0.08)
(0.5170588235 0.2 -0.08)
(0.5588235294 0.2 -0.08)
(0.6005882353 0.2 -0.08)
(0.6423529412 0.2 -0.08)
(0.6841176471 0.2 -0.08)
(0.7258823529 0.2 -0.08)
(0.7676470588 0.2 -0.08)
(0.8094117647 0.2 -0.08)
(0.8511764706 0.2 -0.08)
(0.8929411765 0.2 -0.08)
(0.9347058824 0.2 -0.08)
(0.9764705882 0.2 -0.08)
(1.018235294 0.2 -0.08)
(1.06 0.2 -0.08)
(-0.36 0.24 -0.08)
(-0.3182352941 0.24 -0.08)
(-0.2764705882 0.24 -0.08)
(-0.2347058824 0.24 -0.08)
(-0.1929411765 0.24 -0.08)
(-0.1511764706 0.24 -0.08)
(-0.1094117647 0.24 -0.08)
(-0.06764705882 0.24 -0.08)
(-0.02588235294 0.24 -0.08)
(0.01588235294 0.24 -0.08)
(0.05764705882 0.24 -0.08)
(0.09941176471 0.24 -0.08)
(0.1411764706 0.24 -0.08)
(0.1829411765 0.24 -0.08)
(0.2247058824 0.24 -0.08)
(0.2664705882 0.24 -0.08)
(0.3082352941 0.24 -0.08)
(0.35 0.24 -0.08)
(0.3917647059 0.24 -0.08)
(0.4335294118 0.24 -0.08)
(0.4752941176 0.24 -0.08)
(0.5170588235 0.24 -0.08)
(0.5588235294 0.24 -0.08)
(0.6005882353 0.24 -0.08)
(0.6423529412 0.24 -0.08)
(0.6841176471 0.24 -0.08)
(0.7258823529 0.24 -0.08)
(0.7676470588 0.24 -0.08)
(0.8094117647 0.24 -0.08)
(0.8511764706 0.24 -0.08)
(0.8929411765 0.24 -0.08)
(0.9347058824 0.24 -0.08)
(0.9764705882 0.24 -0.08)
(1.018235294 0.24 -0.08)
(1.06 0.24 -0.08)
(-0.36 0.28 -0.08)
(-0.3182352941 0.28 -0.08)
(-0.2764705882 0.28 -0.08)
(-0.2347058824 0.28 -0.08)
(-0.1929411765 0.28 -0.08)
(-0.1511764706 0.28 -0.08)
(-0.1094117647 0.28 -0.08)
(-0.06764705882 0.28 -0.08)
(-0.02588235294 0.28 -0.08)
(0.01588235294 0.28 -0.08)
(0.05764705882 0.28 -0.08)
(0.09941176471 0.28 -0.08)
(0.1411764706 0.28 -0.08)
(0.1829411765 0.28 -0.08)
(0.2247058824 0.28 -0.08)
(0.2664705882 0.28 -0.08)
(0.3082352941 0.28 -0.08)
(0.35 0.28 -0.08)
(0.3917647059 0.28 -0.08)
(0.4335294118 0.28 -0.08)
(0.4752941176 0.28 -0.08)
(0.5170588235 0.28 -0.08)
(0.5588235294 0.28 -0.08)
(0.6005882353 0.28 -0.08)
(0.6423529412 0.28 -0.08)
(0.6841176471 0.28 -0.08)
(0.7258823529 0.28 -0.08)
(0.7676470588 0.28 -0.08)
(0.8094117647 0.28 -0.08)
(0.8511764706 0.28 -0.08)
(0.8929411765 0.28 -0.08)
(0.9347058824 0.28 -0.08)
(0.9764705882 0.28 -0.08)
(1.018235294 0.28 -0.08)
(1.06 0.28 -0.08)
(-0.36 0.32 -0.08)
(-0.3182352941 0.32 -0.08)
(-0.2764705882 0.32 -0.08)
(-0.2347058824 0.32 -0.08)
(-0.1929411765 0.32 -0.08)
(-0.1511764706 0.32 -0.08)
(-0.1094117647 0.32 -0.08)
(-0.06764705882 0.32 -0.08)
(-0.02588235294 0.32 -0.08)
(0.01588235294 0.32 -0.08)
(0.05764705882 0.32 -0.08)
(0.09941176471 0.32 -0.08)
(0.1411764706 0.32 -0.08)
(0.1829411765 0.32 -0.08)
(0.2247058824 0.32 -0.08)
(0.2664705882 0.32 -0.08)
(0.3082352941 0.32 -0.08)
(0.35 0.32 -0.08)
(0.3917647059 0.32 -0.08)
(0.4335294118 0.32 -0.08)
(0.4752941176 0.32 -0.08)
(0.5170588235 0.32 -0.08)
(0.5588235294 0.32 -0.08)
(0.6005882353 0.32 -0.08)
(0.6423529412 0.32 -0.08)
(0.6841176471 0.32 -0.08)
(0.7258823529 0.32 -0.08)
(0.7676470588 0.32 -0.08)
(0.8094117647 0.32 -0.08)
(0.8511764706 0.32 -0.08)
(0.8929411765 0.32 -0.08)
(0.9347058824 0.32 -0.08)
(0.9764705882 0.32 -0.08)
(1.018235294 0.32 -0.08)
(1.06 0.32 -0.08)
(-0.36 0.36 -0.08)
(-0.3182352941 0.36 -0.08)
(-0.2764705882 0.36 -0.08)
(-0.2347058824 0.36 -0.08)
(-0.1929411765 0.36 -0.08)
(-0.1511764706 0.36 -0.08)
(-0.1094117647 0.36 -0.08)
(-0.06764705882 0.36 -0.08)
(-0.02588235294 0.36 -0.08)
(0.01588235294 0.36 -0.08)
(0.05764705882 0.36 -0.08)
(0.09941176471 0.36 -0.08)
(0.1411764706 0.36 -0.08)
(0.1829411765 0.36 -0.08)
(0.2247058824 0.36 -0.08)
(0.2664705882 0.36 -0.08)
(0.3082352941 0.36 -0.08)
(0.35 0.36 -0.08)
(0.3917647059 0.36 -0.08)
(0.4335294118 0.36 -0.08)
(0.4752941176 0.36 -0.08)
(0.5170588235 0.36 -0.08)
(0.5588235294 0.36 -0.08)
(0.6005882353 0.36 -0.08)
(0.6423529412 0.36 -0.08)
(0.6841176471 0.36 -0.08)
(0.7258823529 0.36 -0.08)
(0.7676470588 0.36 -0.08)
(0.8094117647 0.36 -0.08)
(0.8511764706 0.36 -0.08)
(0.8929411765 0.36 -0.08)
(0.9347058824 0.36 -0.08)
(0.9764705882 0.36 -0.08)
(1.018235294 0.36 -0.08)
(1.06 0.36 -0.08)
(-0.36 -0.36 -0.04)
(-0.3182352941 -0.36 -0.04)
(-0.2764705882 -0.36 -0.04)
(-0.2347058824 -0.36 -0.04)
(-0.1929411765 -0.36 -0.04)
(-0.1511764706 -0.36 -0.04)
(-0.1094117647 -0.36 -0.04)
(-0.06764705882 -0.36 -0.04)
(-0.02588235294 -0.36 -0.04)
(0.01588235294 -0.36 -0.04)
(0.05764705882 -0.36 -0.04)
(0.09941176471 -0.36 -0.04)
(0.1411764706 -0.36 -0.04)
(0.1829411765 -0.36 -0.04)
(0.2247058824 -0.36 -0.04)
(0.2664705882 -0.36 -0.04)
(0.3082352941 -0.36 -0.04)
(0.35 -0.36 -0.04)
(0.3917647059 -0.36 -0.04)
(0.4335294118 -0.36 -0.04)
(0.4752941176 -0.36 -0.04)
(0.5170588235 -0.36 -0.04)
(0.5588235294 -0.36 -0.04)
(0.6005882353 -0.36 -0.04)
(0.6423529412 -0.36 -0.04)
(0.6841176471 -0.36 -0.04)
(0.7258823529 -0.36 -0.04)
(0.7676470588 -0.36 -0.04)
(0.8094117647 -0.36 -0.04)
(0.8511764706 -0.36 -0.04)
(0.8929411765 -0.36 -0.04)
(0.9347058824 -0.36 -0.04)
(0.9764705882 -0.36 -0.04)
(1.018235294 -0.36 -0.04)
(1.06 -0.36 -0.04)
(-0.36 -0.32 -0.04)
(-0.3182352941 -0.32 -0.04)
(-0.2764705882 -0.32 -0.04)
(-0.2347058824 -0.32 -0.04)
(-0.1929411765 -0.32 -0.04)
(-0.1511764706 -0.32 -0.04)
(-0.1094117647 -0.32 -0.04)
(-0.06764705882 -0.32 -0.04)
(-0.02588235294 -0.32 -0.04)
(0.01588235294 -0.32 -0.04)
(0.05764705882 -0.32 -0.04)
(0.09941176471 -0.32 -0.04)
(0.1411764706 -0.32 -0.04)
(0.1829411765 -0.32 -0.04)
(0.2247058824 -0.32 -0.04)
(0.2664705882 -0.32 -0.04)
(0.3082352941 -0.32 -0.04)
(0.35 -0.32 -0.04)
(0.3917647059 -0.32 -0.04)
(0.4335294118 -0.32 -0.04)
(0.4752941176 -0.32 -0.04)
(0.5170588235 -0.32 -0.04)
(0.5588235294 -0.32 -0.04)
(0.6005882353 -0.32 -0.04)
(0.6423529412 -0.32 -0.04)
(0.6841176471 -0.32 -0.04)
(0.7258823529 -0.32 -0.04)
(0.7676470588 -0.32 -0.04)
(0.8094117647 -0.32 -0.04)
(0.8511764706 -0.32 -0.04)
(0.8929411765 -0.32 -0.04)
(0.9347058824 -0.32 -0.04)
(0.9764705882 -0.32 -0.04)
(1.018235294 -0.32 -0.04)
(1.06 -0.32 -0.04)
(-0.36 -0.28 -0.04)
(-0.3182352941 -0.28 -0.04)
(-0.2764705882 -0.28 -0.04)
(-0.2347058824 -0.28 -0.04)
(-0.1929411765 -0.28 -0.04)
(-0.1511764706 -0.28 -0.04)
(-0.1094117647 -0.28 -0.04)
(-0.06764705882 -0.28 -0.04)
(-0.02588235294 -0.28 -0.04)
(0.01588235294 -0.28 -0.04)
(0.05764705882 -0.28 -0.04)
(0.09941176471 -0.28 -0.04)
(0.1411764706 -0.28 -0.04)
(0.1829411765 -0.28 -0.04)
(0.2247058824 -0.28 -0.04)
(0.2664705882 -0.28 -0.04)
(0.3082352941 -0.28 -0.04)
(0.35 -0.28 -0.04)
(0.3917647059 -0.28 -0.04)
(0.4335294118 -0.28 -0.04)
(0.4752941176 -0.28 -0.04)
(0.5170588235 -0.28 -0.04)
(0.5588235294 -0.28 -0.04)
(0.6005882353 -0.28 -0.04)
(0.6423529412 -0.28 -0.04)
(0.6841176471 -0.28 -0.04)
(0.7258823529 -0.28 -0.04)
(0.7676470588 -0.28 -0.04)
(0.8094117647 -0.28 -0.04)
(0.8511764706 -0.28 -0.04)
(0.8929411765 -0.28 -0.04)
(0.9347058824 -0.28 -0.04)
(0.9764705882 -0.28 -0.04)
(1.018235294 -0.28 -0.04)
(1.06 -0.28 -0.04)
(-0.36 -0.24 -0.04)
(-0.3182352941 -0.24 -0.04)
(-0.2764705882 -0.24 -0.04)
(-0.2347058824 -0.24 -0.04)
(-0.1929411765 -0.24 -0.04)
(-0.1511764706 -0.24 -0.04)
(-0.1094117647 -0.24 -0.04)
(-0.06764705882 -0.24 -0.04)
(-0.02588235294 -0.24 -0.04)
(0.01588235294 -0.24 -0.04)
(0.05764705882 -0.24 -0.04)
(0.09941176471 -0.24 -0.04)
(0.1411764706 -0.24 -0.04)
(0.1829411765 -0.24 -0.04)
(0.2247058824 -0.24 -0.04)
(0.2664705882 -0.24 -0.04)
(0.3082352941 -0.24 -0.04)
(0.35 -0.24 -0.04)
(0.3917647059 -0.24 -0.04)
(0.4335294118 -0.24 -0.04)
(0.4752941176 -0.24 -0.04)
(0.5170588235 -0.24 -0.04)
(0.5588235294 -0.24 -0.04)
(0.6005882353 -0.24 -0.04)
(0.6423529412 -0.24 -0.04)
(0.6841176471 -0.24 -0.04)
(0.7258823529 -0.24 -0.04)
(0.7676470588 -0.24 -0.04)
(0.8094117647 -0.24 -0.04)
(0.8511764706 -0.24 -0.04)
(0.8929411765 -0.24 -0.04)
(0.9347058824 -0.24 -0.04)
(0.9764705882 -0.24 -0.04)
(1.018235294 -0.24 -0.04)
(1.06 -0.24 -0.04)
(-0.36 -0.2 -0.04)
(-0.3182352941 -0.2 -0.04)
(-0.2764705882 -0.2 -0.04)
(-0.2347058824 -0.2 -0.04)
(-0.1929411765 -0.2 -0.04)
(-0.1511764706 -0.2 -0.04)
(-0.1094117647 -0.2 -0.04)
(-0.06764705882 -0.2 -0.04)
(-0.02588235294 -0.2 -0.04)
(0.01588235294 -0.2 -0.04)
(0.05764705882 -0.2 -0.04)
(0.09941176471 -0.2 -0.04)
(0.1411764706 -0.2 -0.04)
(0.1829411765 -0.2 -0.04)
(0.2247058824 -0.2 -0.04)
(0.2664705882 -0.2 -0.04)
(0.3082352941 -0.2 -0.04)
(0.35 -0.2 -0.04)
(0.3917647059 -0.2 -0.04)
(0.4335294118 -0.2 -0.04)
(0.4752941176 -0.2 -0.04)
(0.5170588235 -0.2 -0.04)
(0.5588235294 -0.2 -0.04)
(0.6005882353 -0.2 -0.04)
(0.6423529412 -0.2 -0.04)
(0.6841176471 -0.2 -0.04)
(0.7258823529 -0.2 -0.04)
(0.7676470588 -0.2 -0.04)
(0.8094117647 -0.2 -0.04)
(0.8511764706 -0.2 -0.04)
(0.8929411765 -0.2 -0.04)
(0.9347058824 -0.2 -0.04)
(0.9764705882 -0.2 -0.04)
(1.018235294 -0.2 -0.04)
(1.06 -0.2 -0.04)
(-0.36 -0.16 -0.04)
(-0.3182352941 -0.16 -0.04)
(-0.2764705882 -0.16 -0.04)
(-0.2347058824 -0.16 -0.04)
(-0.1929411765 -0.16 -0.04)
(-0.1511764706 -0.16 -0.04)
(-0.1094117647 -0.16 -0.04)
(-0.06764705882 -0.16 -0.04)
(-0.02588235294 -0.16 -0.04)
(0.01588235294 -0.16 -0.04)
(0.05764705882 -0.16 -0.04)
(0.09941176471 -0.16 -0.04)
(0.1411764706 -0.16 -0.04)
(0.1829411765 -0.16 -0.04)
(0.2247058824 -0.16 -0.04)
(0.2664705882 -0.16 -0.04)
(0.3082352941 -0.16 -0.04)
(0.35 -0.16 -0.04)
(0.3917647059 -0.16 -0.04)
(0.4335294118 -0.16 -0.04)
(0.4752941176 -0.16 -0.04)
(0.5170588235 -0.16 -0.04)
(0.5588235294 -0.16 -0.04)
(0.6005882353 -0.16 -0.04)
(0.6423529412 -0.16 -0.04)
(0.6841176471 -0.16 -0.04)
(0.7258823529 -0.16 -0.04)
(0.7676470588 -0.16 -0.04)
(0.8094117647 -0.16 -0.04)
(0.8511764706 -0.16 -0.04)
(0.8929411765 -0.16 -0.04)
(0.9347058824 -0.16 -0.04)
(0.9764705882 -0.16 -0.04)
(1.018235294 -0.16 -0.04)
(1.06 -0.16 -0.04)
(-0.36 -0.12 -0.04)
(-0.3182352941 -0.12 -0.04)
(-0.2764705882 -0.12 -0.04)
(-0.2347058824 -0.12 -0.04)
(-0.1929411765 -0.12 -0.04)
(-0.1511764706 -0.12 -0.04)
(-0.1094117647 -0.12 -0.04)
(-0.06764705882 -0.12 -0.04)
(-0.02588235294 -0.12 -0.04)
(0.01588235294 -0.12 -0.04)
(0.05764705882 -0.12 -0.04)
(0.09941176471 -0.12 -0.04)
(0.1411764706 -0.12 -0.04)
(0.1829411765 -0.12 -0.04)
(0.2247058824 -0.12 -0.04)
(0.2664705882 -0.12 -0.04)
(0.3082352941 -0.12 -0.04)
(0.35 -0.12 -0.04)
(0.3917647059 -0.12 -0.04)
(0.4335294118 -0.12 -0.04)
(0.4752941176 -0.12 -0.04)
(0.5170588235 -0.12 -0.04)
(0.5588235294 -0.12 -0.04)
(0.6005882353 -0.12 -0.04)
(0.6423529412 -0.12 -0.04)
(0.6841176471 -0.12 -0.04)
(0.7258823529 -0.12 -0.04)
(0.7676470588 -0.12 -0.04)
(0.8094117647 -0.12 -0.04)
(0.8511764706 -0.12 -0.04)
(0.8929411765 -0.12 -0.04)
(0.9347058824 -0.12 -0.04)
(0.9764705882 -0.12 -0.04)
(1.018235294 -0.12 -0.04)
(1.06 -0.12 -0.04)
(-0.36 -0.08 -0.04)
(-0.3182352941 -0.08 -0.04)
(-0.2764705882 -0.08 -0.04)
(-0.2347058824 -0.08 -0.04)
(-0.1929411765 -0.08 -0.04)
(-0.1511764706 -0.08 -0.04)
(-0.1094117647 -0.08 -0.04)
(-0.06764705882 -0.08 -0.04)
(-0.02588235294 -0.08 -0.04)
(0.01588235294 -0.08 -0.04)
(0.05764705882 -0.08 -0.04)
(0.09941176471 -0.08 -0.04)
(0.1411764706 -0.08 -0.04)
(0.1829411765 -0.08 -0.04)
(0.2247058824 -0.08 -0.04)
(0.2664705882 -0.08 -0.04)
(0.3082352941 -0.08 -0.04)
(0.35 -0.08 -0.04)
(0.3917647059 -0.08 -0.04)
(0.4335294118 -0.08 -0.04)
(0.4752941176 -0.08 -0.04)
(0.5170588235 -0.08 -0.04)
(0.5588235294 -0.08 -0.04)
(0.6005882353 -0.08 -0.04)
(0.6423529412 -0.08 -0.04)
(0.6841176471 -0.08 -0.04)
(0.7258823529 -0.08 -0.04)
(0.7676470588 -0.08 -0.04)
(0.8094117647 -0.08 -0.04)
(0.8511764706 -0.08 -0.04)
(0.8929411765 -0.08 -0.04)
(0.9347058824 -0.08 -0.04)
(0.9764705882 -0.08 -0.04)
(1.018235294 -0.08 -0.04)
(1.06 -0.08 -0.04)
(-0.36 -0.04 -0.04)
(-0.3182352941 -0.04 -0.04)
(-0.2764705882 -0.04 -0.04)
(-0.2347058824 -0.04 -0.04)
(-0.1929411765 -0.04 -0.04)
(-0.1511764706 -0.04 -0.04)
(-0.1094117647 -0.04 -0.04)
(-0.06764705882 -0.04 -0.04)
(-0.02588235294 -0.04 -0.04)
(0.01588235294 -0.04 -0.04)
(0.05764705882 -0.04 -0.04)
(0.09941176471 -0.04 -0.04)
(0.1411764706 -0.04 -0.04)
(0.1829411765 -0.04 -0.04)
(0.2247058824 -0.04 -0.04)
(0.2664705882 -0.04 -0.04)
(0.3082352941 -0.04 -0.04)
(0.35 -0.04 -0.04)
(0.3917647059 -0.04 -0.04)
(0.4335294118 -0.04 -0.04)
(0.4752941176 -0.04 -0.04)
(0.5170588235 -0.04 -0.04)
(0.5588235294 -0.04 -0.04)
(0.6005882353 -0.04 -0.04)
(0.6423529412 -0.04 -0.04)
(0.6841176471 -0.04 -0.04)
(0.7258823529 -0.04 -0.04)
(0.7676470588 -0.04 -0.04)
(0.8094117647 -0.04 -0.04)
(0.8511764706 -0.04 -0.04)
(0.8929411765 -0.04 -0.04)
(0.9347058824 -0.04 -0.04)
(0.9764705882 -0.04 -0.04)
(1.018235294 -0.04 -0.04)
(1.06 -0.04 -0.04)
(-0.36 0 -0.04)
(-0.3182352941 0 -0.04)
(-0.2764705882 0 -0.04)
(-0.2347058824 -9.251858539e-18 -0.04)
(-0.1929411765 0 -0.04)
(-0.1511764706 0 -0.04)
(-0.1094117647 0 -0.04)
(-0.06764705882 0 -0.04)
(-0.02588235294 0 -0.04)
(0.01588235294 0 -0.04)
(0.05764705882 0 -0.04)
(0.09941176471 0 -0.04)
(0.1411764706 0 -0.04)
(0.1829411765 0 -0.04)
(0.2247058824 0 -0.04)
(0.2664705882 0 -0.04)
(0.3082352941 0 -0.04)
(0.35 0 -0.04)
(0.3917647059 0 -0.04)
(0.4335294118 0 -0.04)
(0.4752941176 0 -0.04)
(0.5170588235 0 -0.04)
(0.5588235294 0 -0.04)
(0.6005882353 0 -0.04)
(0.6423529412 4.625929269e-18 -0.04)
(0.6841176471 0 -0.04)
(0.7258823529 0 -0.04)
(0.7676470588 -4.625929269e-18 -0.04)
(0.8094117647 0 -0.04)
(0.8511764706 -3.469446952e-18 -0.04)
(0.8929411765 0 -0.04)
(0.9347058824 -4.625929269e-18 -0.04)
(0.9764705882 0 -0.04)
(1.018235294 -4.047688111e-18 -0.04)
(1.06 0 -0.04)
(-0.36 0.04 -0.04)
(-0.3182352941 0.04 -0.04)
(-0.2764705882 0.04 -0.04)
(-0.2347058824 0.04 -0.04)
(-0.1929411765 0.04 -0.04)
(-0.1511764706 0.04 -0.04)
(-0.1094117647 0.04 -0.04)
(-0.06764705882 0.04 -0.04)
(-0.02588235294 0.04 -0.04)
(0.01588235294 0.04 -0.04)
(0.05764705882 0.04 -0.04)
(0.09941176471 0.04 -0.04)
(0.1411764706 0.04 -0.04)
(0.1829411765 0.04 -0.04)
(0.2247058824 0.04 -0.04)
(0.2664705882 0.04 -0.04)
(0.3082352941 0.04 -0.04)
(0.35 0.04 -0.04)
(0.3917647059 0.04 -0.04)
(0.4335294118 0.04 -0.04)
(0.4752941176 0.04 -0.04)
(0.5170588235 0.04 -0.04)
(0.5588235294 0.04 -0.04)
(0.6005882353 0.04 -0.04)
(0.6423529412 0.04 -0.04)
(0.6841176471 0.04 -0.04)
(0.7258823529 0.04 -0.04)
(0.7676470588 0.04 -0.04)
(0.8094117647 0.04 -0.04)
(0.8511764706 0.04 -0.04)
(0.8929411765 0.04 -0.04)
(0.9347058824 0.04 -0.04)
(0.9764705882 0.04 -0.04)
(1.018235294 0.04 -0.04)
(1.06 0.04 -0.04)
(-0.36 0.08 -0.04)
(-0.3182352941 0.08 -0.04)
(-0.2764705882 0.08 -0.04)
(-0.2347058824 0.08 -0.04)
(-0.1929411765 0.08 -0.04)
(-0.1511764706 0.08 -0.04)
(-0.1094117647 0.08 -0.04)
(-0.06764705882 0.08 -0.04)
(-0.02588235294 0.08 -0.04)
(0.01588235294 0.08 -0.04)
(0.05764705882 0.08 -0.04)
(0.09941176471 0.08 -0.04)
(0.1411764706 0.08 -0.04)
(0.1829411765 0.08 -0.04)
(0.2247058824 0.08 -0.04)
(0.2664705882 0.08 -0.04)
(0.3082352941 0.08 -0.04)
(0.35 0.08 -0.04)
(0.3917647059 0.08 -0.04)
(0.4335294118 0.08 -0.04)
(0.4752941176 0.08 -0.04)
(0.5170588235 0.08 -0.04)
(0.5588235294 0.08 -0.04)
(0.6005882353 0.08 -0.04)
(0.6423529412 0.08 -0.04)
(0.6841176471 0.08 -0.04)
(0.7258823529 0.08 -0.04)
(0.7676470588 0.08 -0.04)
(0.8094117647 0.08 -0.04)
(0.8511764706 0.08 -0.04)
(0.8929411765 0.08 -0.04)
(0.9347058824 0.08 -0.04)
(0.9764705882 0.08 -0.04)
(1.018235294 0.08 -0.04)
(1.06 0.08 -0.04)
(-0.36 0.12 -0.04)
(-0.3182352941 0.12 -0.04)
(-0.2764705882 0.12 -0.04)
(-0.2347058824 0.12 -0.04)
(-0.1929411765 0.12 -0.04)
(-0.1511764706 0.12 -0.04)
(-0.1094117647 0.12 -0.04)
(-0.06764705882 0.12 -0.04)
(-0.02588235294 0.12 -0.04)
(0.01588235294 0.12 -0.04)
(0.05764705882 0.12 -0.04)
(0.09941176471 0.12 -0.04)
(0.1411764706 0.12 -0.04)
(0.1829411765 0.12 -0.04)
(0.2247058824 0.12 -0.04)
(0.2664705882 0.12 -0.04)
(0.3082352941 0.12 -0.04)
(0.35 0.12 -0.04)
(0.3917647059 0.12 -0.04)
(0.4335294118 0.12 -0.04)
(0.4752941176 0.12 -0.04)
(0.5170588235 0.12 -0.04)
(0.5588235294 0.12 -0.04)
(0.6005882353 0.12 -0.04)
(0.6423529412 0.12 -0.04)
(0.6841176471 0.12 -0.04)
(0.7258823529 0.12 -0.04)
(0.7676470588 0.12 -0.04)
(0.8094117647 0.12 -0.04)
(0.8511764706 0.12 -0.04)
(0.8929411765 0.12 -0.04)
(0.9347058824 0.12 -0.04)
(0.9764705882 0.12 -0.04)
(1.018235294 0.12 -0.04)
(1.06 0.12 -0.04)
(-0.36 0.16 -0.04)
(-0.3182352941 0.16 -0.04)
(-0.2764705882 0.16 -0.04)
(-0.2347058824 0.16 -0.04)
(-0.1929411765 0.16 -0.04)
(-0.1511764706 0.16 -0.04)
(-0.1094117647 0.16 -0.04)
(-0.06764705882 0.16 -0.04)
(-0.02588235294 0.16 -0.04)
(0.01588235294 0.16 -0.04)
(0.05764705882 0.16 -0.04)
(0.09941176471 0.16 -0.04)
(0.1411764706 0.16 -0.04)
(0.1829411765 0.16 -0.04)
(0.2247058824 0.16 -0.04)
(0.2664705882 0.16 -0.04)
(0.3082352941 0.16 -0.04)
(0.35 0.16 -0.04)
(0.3917647059 0.16 -0.04)
(0.4335294118 0.16 -0.04)
(0.4752941176 0.16 -0.04)
(0.5170588235 0.16 -0.04)
(0.5588235294 0.16 -0.04)
(0.6005882353 0.16 -0.04)
(0.6423529412 0.16 -0.04)
(0.6841176471 0.16 -0.04)
(0.7258823529 0.16 -0.04)
(0.7676470588 0.16 -0.04)
(0.8094117647 0.16 -0.04)
(0.8511764706 0.16 -0.04)
(0.8929411765 0.16 -0.04)
(0.9347058824 0.16 -0.04)
(0.9764705882 0.16 -0.04)
(1.018235294 0.16 -0.04)
(1.06 0.16 -0.04)
(-0.36 0.2 -0.04)
(-0.3182352941 0.2 -0.04)
(-0.2764705882 0.2 -0.04)
(-0.2347058824 0.2 -0.04)
(-0.1929411765 0.2 -0.04)
(-0.1511764706 0.2 -0.04)
(-0.1094117647 0.2 -0.04)
(-0.06764705882 0.2 -0.04)
(-0.02588235294 0.2 -0.04)
(0.01588235294 0.2 -0.04)
(0.05764705882 0.2 -0.04)
(0.09941176471 0.2 -0.04)
(0.1411764706 0.2 -0.04)
(0.1829411765 0.2 -0.04)
(0.2247058824 0.2 -0.04)
(0.2664705882 0.2 -0.04)
(0.3082352941 0.2 -0.04)
(0.35 0.2 -0.04)
(0.3917647059 0.2 -0.04)
(0.4335294118 0.2 -0.04)
(0.4752941176 0.2 -0.04)
(0.5170588235 0.2 -0.04)
(0.5588235294 0.2 -0.04)
(0.6005882353 0.2 -0.04)
(0.6423529412 0.2 -0.04)
(0.6841176471 0.2 -0.04)
(0.7258823529 0.2 -0.04)
(0.7676470588 0.2 -0.04)
(0.8094117647 0.2 -0.04)
(0.8511764706 0.2 -0.04)
(0.8929411765 0.2 -0.04)
(0.9347058824 0.2 -0.04)
(0.9764705882 0.2 -0.04)
(1.018235294 0.2 -0.04)
(1.06 0.2 -0.04)
(-0.36 0.24 -0.04)
(-0.3182352941 0.24 -0.04)
(-0.2764705882 0.24 -0.04)
(-0.2347058824 0.24 -0.04)
(-0.1929411765 0.24 -0.04)
(-0.1511764706 0.24 -0.04)
(-0.1094117647 0.24 -0.04)
(-0.06764705882 0.24 -0.04)
(-0.02588235294 0.24 -0.04)
(0.01588235294 0.24 -0.04)
(0.05764705882 0.24 -0.04)
(0.09941176471 0.24 -0.04)
(0.1411764706 0.24 -0.04)
(0.1829411765 0.24 -0.04)
(0.2247058824 0.24 -0.04)
(0.2664705882 0.24 -0.04)
(0.3082352941 0.24 -0.04)
(0.35 0.24 -0.04)
(0.3917647059 0.24 -0.04)
(0.4335294118 0.24 -0.04)
(0.4752941176 0.24 -0.04)
(0.5170588235 0.24 -0.04)
(0.5588235294 0.24 -0.04)
(0.6005882353 0.24 -0.04)
(0.6423529412 0.24 -0.04)
(0.6841176471 0.24 -0.04)
(0.7258823529 0.24 -0.04)
(0.7676470588 0.24 -0.04)
(0.8094117647 0.24 -0.04)
(0.8511764706 0.24 -0.04)
(0.8929411765 0.24 -0.04)
(0.9347058824 0.24 -0.04)
(0.9764705882 0.24 -0.04)
(1.018235294 0.24 -0.04)
(1.06 0.24 -0.04)
(-0.36 0.28 -0.04)
(-0.3182352941 0.28 -0.04)
(-0.2764705882 0.28 -0.04)
(-0.2347058824 0.28 -0.04)
(-0.1929411765 0.28 -0.04)
(-0.1511764706 0.28 -0.04)
(-0.1094117647 0.28 -0.04)
(-0.06764705882 0.28 -0.04)
(-0.02588235294 0.28 -0.04)
(0.01588235294 0.28 -0.04)
(0.05764705882 0.28 -0.04)
(0.09941176471 0.28 -0.04)
(0.1411764706 0.28 -0.04)
(0.1829411765 0.28 -0.04)
(0.2247058824 0.28 -0.04)
(0.2664705882 0.28 -0.04)
(0.3082352941 0.28 -0.04)
(0.35 0.28 -0.04)
(0.3917647059 0.28 -0.04)
(0.4335294118 0.28 -0.04)
(0.4752941176 0.28 -0.04)
(0.5170588235 0.28 -0.04)
(0.5588235294 0.28 -0.04)
(0.6005882353 0.28 -0.04)
(0.6423529412 0.28 -0.04)
(0.6841176471 0.28 -0.04)
(0.7258823529 0.28 -0.04)
(0.7676470588 0.28 -0.04)
(0.8094117647 0.28 -0.04)
(0.8511764706 0.28 -0.04)
(0.8929411765 0.28 -0.04)
(0.9347058824 0.28 -0.04)
(0.9764705882 0.28 -0.04)
(1.018235294 0.28 -0.04)
(1.06 0.28 -0.04)
(-0.36 0.32 -0.04)
(-0.3182352941 0.32 -0.04)
(-0.2764705882 0.32 -0.04)
(-0.2347058824 0.32 -0.04)
(-0.1929411765 0.32 -0.04)
(-0.1511764706 0.32 -0.04)
(-0.1094117647 0.32 -0.04)
(-0.06764705882 0.32 -0.04)
(-0.02588235294 0.32 -0.04)
(0.01588235294 0.32 -0.04)
(0.05764705882 0.32 -0.04)
(0.09941176471 0.32 -0.04)
(0.1411764706 0.32 -0.04)
(0.1829411765 0.32 -0.04)
(0.2247058824 0.32 -0.04)
(0.2664705882 0.32 -0.04)
(0.3082352941 0.32 -0.04)
(0.35 0.32 -0.04)
(0.3917647059 0.32 -0.04)
(0.4335294118 0.32 -0.04)
(0.4752941176 0.32 -0.04)
(0.5170588235 0.32 -0.04)
(0.5588235294 0.32 -0.04)
(0.6005882353 0.32 -0.04)
(0.6423529412 0.32 -0.04)
(0.6841176471 0.32 -0.04)
(0.7258823529 0.32 -0.04)
(0.7676470588 0.32 -0.04)
(0.8094117647 0.32 -0.04)
(0.8511764706 0.32 -0.04)
(0.8929411765 0.32 -0.04)
(0.9347058824 0.32 -0.04)
(0.9764705882 0.32 -0.04)
(1.018235294 0.32 -0.04)
(1.06 0.32 -0.04)
(-0.36 0.36 -0.04)
(-0.3182352941 0.36 -0.04)
(-0.2764705882 0.36 -0.04)
(-0.2347058824 0.36 -0.04)
(-0.1929411765 0.36 -0.04)
(-0.1511764706 0.36 -0.04)
(-0.1094117647 0.36 -0.04)
(-0.06764705882 0.36 -0.04)
(-0.02588235294 0.36 -0.04)
(0.01588235294 0.36 -0.04)
(0.05764705882 0.36 -0.04)
(0.09941176471 0.36 -0.04)
(0.1411764706 0.36 -0.04)
(0.1829411765 0.36 -0.04)
(0.2247058824 0.36 -0.04)
(0.2664705882 0.36 -0.04)
(0.3082352941 0.36 -0.04)
(0.35 0.36 -0.04)
(0.3917647059 0.36 -0.04)
(0.4335294118 0.36 -0.04)
(0.4752941176 0.36 -0.04)
(0.5170588235 0.36 -0.04)
(0.5588235294 0.36 -0.04)
(0.6005882353 0.36 -0.04)
(0.6423529412 0.36 -0.04)
(0.6841176471 0.36 -0.04)
(0.7258823529 0.36 -0.04)
(0.7676470588 0.36 -0.04)
(0.8094117647 0.36 -0.04)
(0.8511764706 0.36 -0.04)
(0.8929411765 0.36 -0.04)
(0.9347058824 0.36 -0.04)
(0.9764705882 0.36 -0.04)
(1.018235294 0.36 -0.04)
(1.06 0.36 -0.04)
(-0.36 -0.36 0)
(-0.3182352941 -0.36 0)
(-0.2764705882 -0.36 0)
(-0.2347058824 -0.36 -9.251858539e-18)
(-0.1929411765 -0.36 0)
(-0.1511764706 -0.36 0)
(-0.1094117647 -0.36 0)
(-0.06764705882 -0.36 0)
(-0.02588235294 -0.36 0)
(0.01588235294 -0.36 0)
(0.05764705882 -0.36 0)
(0.09941176471 -0.36 0)
(0.1411764706 -0.36 0)
(0.1829411765 -0.36 0)
(0.2247058824 -0.36 0)
(0.2664705882 -0.36 0)
(0.3082352941 -0.36 0)
(0.35 -0.36 0)
(0.3917647059 -0.36 0)
(0.4335294118 -0.36 0)
(0.4752941176 -0.36 0)
(0.5170588235 -0.36 0)
(0.5588235294 -0.36 0)
(0.6005882353 -0.36 0)
(0.6423529412 -0.36 4.625929269e-18)
(0.6841176471 -0.36 0)
(0.7258823529 -0.36 0)
(0.7676470588 -0.36 -4.625929269e-18)
(0.8094117647 -0.36 0)
(0.8511764706 -0.36 -3.469446952e-18)
(0.8929411765 -0.36 0)
(0.9347058824 -0.36 -4.625929269e-18)
(0.9764705882 -0.36 0)
(1.018235294 -0.36 -4.625929269e-18)
(1.06 -0.36 0)
(-0.36 -0.32 0)
(-0.3182352941 -0.32 0)
(-0.2764705882 -0.32 0)
(-0.2347058824 -0.32 -9.251858539e-18)
(-0.1929411765 -0.32 0)
(-0.1511764706 -0.32 0)
(-0.1094117647 -0.32 0)
(-0.06764705882 -0.32 0)
(-0.02588235294 -0.32 0)
(0.01588235294 -0.32 0)
(0.05764705882 -0.32 0)
(0.09941176471 -0.32 0)
(0.1411764706 -0.32 0)
(0.1829411765 -0.32 -4.625929269e-18)
(0.2247058824 -0.32 -4.625929269e-18)
(0.2664705882 -0.32 0)
(0.3082352941 -0.32 0)
(0.35 -0.32 0)
(0.3917647059 -0.32 0)
(0.4335294118 -0.32 0)
(0.4752941176 -0.32 -4.625929269e-18)
(0.5170588235 -0.32 -4.625929269e-18)
(0.5588235294 -0.32 0)
(0.6005882353 -0.32 0)
(0.6423529412 -0.32 4.625929269e-18)
(0.6841176471 -0.32 0)
(0.7258823529 -0.32 2.312964635e-18)
(0.7676470588 -0.32 -4.625929269e-18)
(0.8094117647 -0.32 2.312964635e-18)
(0.8511764706 -0.32 -2.312964635e-18)
(0.8929411765 -0.32 0)
(0.9347058824 -0.32 -4.625929269e-18)
(0.9764705882 -0.32 0)
(1.018235294 -0.32 -4.625929269e-18)
(1.06 -0.32 0)
(-0.36 -0.28 0)
(-0.3182352941 -0.28 0)
(-0.2764705882 -0.28 0)
(-0.2347058824 -0.28 -9.251858539e-18)
(-0.1929411765 -0.28 0)
(-0.1511764706 -0.28 0)
(-0.1094117647 -0.28 0)
(-0.06764705882 -0.28 0)
(-0.02588235294 -0.28 0)
(0.01588235294 -0.28 0)
(0.05764705882 -0.28 0)
(0.09941176471 -0.28 0)
(0.1411764706 -0.28 0)
(0.1829411765 -0.28 0)
(0.2247058824 -0.28 0)
(0.2664705882 -0.28 -4.625929269e-18)
(0.3082352941 -0.28 -4.625929269e-18)
(0.35 -0.28 0)
(0.3917647059 -0.28 4.625929269e-18)
(0.4335294118 -0.28 -4.625929269e-18)
(0.4752941176 -0.28 0)
(0.5170588235 -0.28 0)
(0.5588235294 -0.28 0)
(0.6005882353 -0.28 0)
(0.6423529412 -0.28 -2.312964635e-18)
(0.6841176471 -0.28 0)
(0.7258823529 -0.28 0)
(0.7676470588 -0.28 -4.625929269e-18)
(0.8094117647 -0.28 0)
(0.8511764706 -0.28 -3.469446952e-18)
(0.8929411765 -0.28 1.156482317e-18)
(0.9347058824 -0.28 -4.625929269e-18)
(0.9764705882 -0.28 5.782411587e-19)
(1.018235294 -0.28 -4.047688111e-18)
(1.06 -0.28 0)
(-0.36 -0.24 0)
(-0.3182352941 -0.24 0)
(-0.2764705882 -0.24 0)
(-0.2347058824 -0.24 -9.251858539e-18)
(-0.1929411765 -0.24 0)
(-0.1511764706 -0.24 0)
(-0.1094117647 -0.24 0)
(-0.06764705882 -0.24 0)
(-0.02588235294 -0.24 0)
(0.01588235294 -0.24 0)
(0.05764705882 -0.24 0)
(0.09941176471 -0.24 0)
(0.1411764706 -0.24 0)
(0.1829411765 -0.24 0)
(0.2247058824 -0.24 0)
(0.2664705882 -0.24 0)
(0.3082352941 -0.24 0)
(0.35 -0.24 0)
(0.3917647059 -0.24 0)
(0.4335294118 -0.24 0)
(0.4752941176 -0.24 0)
(0.5170588235 -0.24 0)
(0.5588235294 -0.24 0)
(0.6005882353 -0.24 0)
(0.6423529412 -0.24 4.625929269e-18)
(0.6841176471 -0.24 0)
(0.7258823529 -0.24 0)
(0.7676470588 -0.24 -4.625929269e-18)
(0.8094117647 -0.24 0)
(0.8511764706 -0.24 -3.469446952e-18)
(0.8929411765 -0.24 0)
(0.9347058824 -0.24 -4.625929269e-18)
(0.9764705882 -0.24 0)
(1.018235294 -0.24 -4.625929269e-18)
(1.06 -0.24 0)
(-0.36 -0.2 -9.251858539e-18)
(-0.3182352941 -0.2 -9.251858539e-18)
(-0.2764705882 -0.2 0)
(-0.2347058824 -0.2 -9.251858539e-18)
(-0.1929411765 -0.2 -9.251858539e-18)
(-0.1511764706 -0.2 -9.251858539e-18)
(-0.1094117647 -0.2 0)
(-0.06764705882 -0.2 0)
(-0.02588235294 -0.2 -9.251858539e-18)
(0.01588235294 -0.2 0)
(0.05764705882 -0.2 0)
(0.09941176471 -0.2 -9.251858539e-18)
(0.1411764706 -0.2 -9.251858539e-18)
(0.1829411765 -0.2 -9.251858539e-18)
(0.2247058824 -0.2 -9.251858539e-18)
(0.2664705882 -0.2 -9.251858539e-18)
(0.3082352941 -0.2 -9.251858539e-18)
(0.35 -0.2 -9.251858539e-18)
(0.3917647059 -0.2 -9.251858539e-18)
(0.4335294118 -0.2 -9.251858539e-18)
(0.4752941176 -0.2 -9.251858539e-18)
(0.5170588235 -0.2 -9.251858539e-18)
(0.5588235294 -0.2 -4.625929269e-18)
(0.6005882353 -0.2 -9.251858539e-18)
(0.6423529412 -0.2 -1.387778781e-17)
(0.6841176471 -0.2 -9.251858539e-18)
(0.7258823529 -0.2 -9.251858539e-18)
(0.7676470588 -0.2 4.625929269e-18)
(0.8094117647 -0.2 -9.251858539e-18)
(0.8511764706 -0.2 -1.272130549e-17)
(0.8929411765 -0.2 -9.251858539e-18)
(0.9347058824 -0.2 -4.625929269e-18)
(0.9764705882 -0.2 -9.251858539e-18)
(1.018235294 -0.2 -4.625929269e-18)
(1.06 -0.2 -9.251858539e-18)
(-0.36 -0.16 0)
(-0.3182352941 -0.16 0)
(-0.2764705882 -0.16 0)
(-0.2347058824 -0.16 -9.251858539e-18)
(-0.1929411765 -0.16 0)
(-0.1511764706 -0.16 0)
(-0.1094117647 -0.16 0)
(-0.06764705882 -0.16 0)
(-0.02588235294 -0.16 0)
(0.01588235294 -0.16 0)
(0.05764705882 -0.16 0)
(0.09941176471 -0.16 0)
(0.1411764706 -0.16 0)
(0.1829411765 -0.16 0)
(0.2247058824 -0.16 0)
(0.2664705882 -0.16 0)
(0.3082352941 -0.16 0)
(0.35 -0.16 0)
(0.3917647059 -0.16 0)
(0.4335294118 -0.16 0)
(0.4752941176 -0.16 0)
(0.5170588235 -0.16 0)
(0.5588235294 -0.16 0)
(0.6005882353 -0.16 0)
(0.6423529412 -0.16 4.625929269e-18)
(0.6841176471 -0.16 0)
(0.7258823529 -0.16 0)
(0.7676470588 -0.16 -4.625929269e-18)
(0.8094117647 -0.16 0)
(0.8511764706 -0.16 -2.312964635e-18)
(0.8929411765 -0.16 0)
(0.9347058824 -0.16 -4.625929269e-18)
(0.9764705882 -0.16 0)
(1.018235294 -0.16 -4.047688111e-18)
(1.06 -0.16 0)
(-0.36 -0.12 0)
(-0.3182352941 -0.12 0)
(-0.2764705882 -0.12 0)
(-0.2347058824 -0.12 0)
(-0.1929411765 -0.12 0)
(-0.1511764706 -0.12 9.251858539e-18)
(-0.1094117647 -0.12 9.251858539e-18)
(-0.06764705882 -0.12 0)
(-0.02588235294 -0.12 9.251858539e-18)
(0.01588235294 -0.12 -9.251858539e-18)
(0.05764705882 -0.12 9.251858539e-18)
(0.09941176471 -0.12 0)
(0.1411764706 -0.12 0)
(0.1829411765 -0.12 4.625929269e-18)
(0.2247058824 -0.12 0)
(0.2664705882 -0.12 0)
(0.3082352941 -0.12 4.625929269e-18)
(0.35 -0.12 0)
(0.3917647059 -0.12 4.625929269e-18)
(0.4335294118 -0.12 0)
(0.4752941176 -0.12 0)
(0.5170588235 -0.12 4.625929269e-18)
(0.5588235294 -0.12 9.251858539e-18)
(0.6005882353 -0.12 0)
(0.6423529412 -0.12 4.625929269e-18)
(0.6841176471 -0.12 0)
(0.7258823529 -0.12 9.251858539e-18)
(0.7676470588 -0.12 -4.625929269e-18)
(0.8094117647 -0.12 0)
(0.8511764706 -0.12 5.782411587e-18)
(0.8929411765 -0.12 0)
(0.9347058824 -0.12 4.625929269e-18)
(0.9764705882 -0.12 9.251858539e-18)
(1.018235294 -0.12 4.625929269e-18)
(1.06 -0.12 0)
(-0.36 -0.08 0)
(-0.3182352941 -0.08 0)
(-0.2764705882 -0.08 0)
(-0.2347058824 -0.08 0)
(-0.1929411765 -0.08 0)
(-0.1511764706 -0.08 0)
(-0.1094117647 -0.08 0)
(-0.06764705882 -0.08 0)
(-0.02588235294 -0.08 0)
(0.01588235294 -0.08 9.251858539e-18)
(0.05764705882 -0.08 0)
(0.09941176471 -0.08 0)
(0.1411764706 -0.08 0)
(0.1829411765 -0.08 0)
(0.2247058824 -0.08 0)
(0.2664705882 -0.08 4.625929269e-18)
(0.3082352941 -0.08 0)
(0.35 -0.08 0)
(0.3917647059 -0.08 0)
(0.4335294118 -0.08 4.625929269e-18)
(0.4752941176 -0.08 0)
(0.5170588235 -0.08 0)
(0.5588235294 -0.08 0)
(0.6005882353 -0.08 0)
(0.6423529412 -0.08 4.625929269e-18)
(0.6841176471 -0.08 0)
(0.7258823529 -0.08 0)
(0.7676470588 -0.08 4.625929269e-18)
(0.8094117647 -0.08 0)
(0.8511764706 -0.08 -3.469446952e-18)
(0.8929411765 -0.08 0)
(0.9347058824 -0.08 4.625929269e-18)
(0.9764705882 -0.08 0)
(1.018235294 -0.08 -4.625929269e-18)
(1.06 -0.08 0)
(-0.36 -0.04 0)
(-0.3182352941 -0.04 0)
(-0.2764705882 -0.04 0)
(-0.2347058824 -0.04 -9.251858539e-18)
(-0.1929411765 -0.04 0)
(-0.1511764706 -0.04 0)
(-0.1094117647 -0.04 0)
(-0.06764705882 -0.04 0)
(-0.02588235294 -0.04 0)
(0.01588235294 -0.04 0)
(0.05764705882 -0.04 0)
(0.09941176471 -0.04 0)
(0.1411764706 -0.04 0)
(0.1829411765 -0.04 0)
(0.2247058824 -0.04 0)
(0.2664705882 -0.04 0)
(0.3082352941 -0.04 0)
(0.35 -0.04 0)
(0.3917647059 -0.04 0)
(0.4335294118 -0.04 0)
(0.4752941176 -0.04 0)
(0.5170588235 -0.04 0)
(0.5588235294 -0.04 0)
(0.6005882353 -0.04 0)
(0.6423529412 -0.04 4.625929269e-18)
(0.6841176471 -0.04 0)
(0.7258823529 -0.04 0)
(0.7676470588 -0.04 -4.625929269e-18)
(0.8094117647 -0.04 0)
(0.8511764706 -0.04 -3.469446952e-18)
(0.8929411765 -0.04 0)
(0.9347058824 -0.04 -4.625929269e-18)
(0.9764705882 -0.04 0)
(1.018235294 -0.04 -4.047688111e-18)
(1.06 -0.04 0)
(-0.36 0 0)
(-0.3182352941 0 0)
(-0.2764705882 0 0)
(-0.2347058824 -9.251858539e-18 -9.251858539e-18)
(-0.1929411765 0 0)
(-0.1511764706 0 0)
(-0.1094117647 0 0)
(-0.06764705882 0 0)
(-0.02588235294 0 0)
(0.01588235294 0 0)
(0.05764705882 0 0)
(0.09941176471 0 0)
(0.1411764706 0 0)
(0.1829411765 0 0)
(0.2247058824 0 0)
(0.2664705882 0 0)
(0.3082352941 0 0)
(0.35 0 0)
(0.3917647059 0 0)
(0.4335294118 0 0)
(0.4752941176 0 0)
(0.5170588235 0 0)
(0.5588235294 0 0)
(0.6005882353 0 0)
(0.6423529412 4.625929269e-18 4.625929269e-18)
(0.6841176471 0 0)
(0.7258823529 0 0)
(0.7676470588 -4.625929269e-18 -4.625929269e-18)
(0.8094117647 0 0)
(0.8511764706 -3.469446952e-18 -3.469446952e-18)
(0.8929411765 0 0)
(0.9347058824 -4.625929269e-18 -4.625929269e-18)
(0.9764705882 0 0)
(1.018235294 -4.625929269e-18 -4.625929269e-18)
(1.06 0 0)
(-0.36 0.04 0)
(-0.3182352941 0.04 0)
(-0.2764705882 0.04 0)
(-0.2347058824 0.04 -9.251858539e-18)
(-0.1929411765 0.04 0)
(-0.1511764706 0.04 0)
(-0.1094117647 0.04 0)
(-0.06764705882 0.04 0)
(-0.02588235294 0.04 0)
(0.01588235294 0.04 0)
(0.05764705882 0.04 0)
(0.09941176471 0.04 0)
(0.1411764706 0.04 0)
(0.1829411765 0.04 0)
(0.2247058824 0.04 0)
(0.2664705882 0.04 0)
(0.3082352941 0.04 0)
(0.35 0.04 0)
(0.3917647059 0.04 0)
(0.4335294118 0.04 0)
(0.4752941176 0.04 0)
(0.5170588235 0.04 0)
(0.5588235294 0.04 0)
(0.6005882353 0.04 0)
(0.6423529412 0.04 4.625929269e-18)
(0.6841176471 0.04 0)
(0.7258823529 0.04 0)
(0.7676470588 0.04 -4.625929269e-18)
(0.8094117647 0.04 0)
(0.8511764706 0.04 -3.469446952e-18)
(0.8929411765 0.04 0)
(0.9347058824 0.04 -4.625929269e-18)
(0.9764705882 0.04 0)
(1.018235294 0.04 -4.047688111e-18)
(1.06 0.04 0)
(-0.36 0.08 0)
(-0.3182352941 0.08 0)
(-0.2764705882 0.08 -9.251858539e-18)
(-0.2347058824 0.08 -9.251858539e-18)
(-0.1929411765 0.08 0)
(-0.1511764706 0.08 0)
(-0.1094117647 0.08 -9.251858539e-18)
(-0.06764705882 0.08 0)
(-0.02588235294 0.08 0)
(0.01588235294 0.08 0)
(0.05764705882 0.08 -9.251858539e-18)
(0.09941176471 0.08 0)
(0.1411764706 0.08 0)
(0.1829411765 0.08 0)
(0.2247058824 0.08 0)
(0.2664705882 0.08 0)
(0.3082352941 0.08 0)
(0.35 0.08 0)
(0.3917647059 0.08 0)
(0.4335294118 0.08 0)
(0.4752941176 0.08 0)
(0.5170588235 0.08 0)
(0.5588235294 0.08 0)
(0.6005882353 0.08 0)
(0.6423529412 0.08 4.625929269e-18)
(0.6841176471 0.08 0)
(0.7258823529 0.08 0)
(0.7676470588 0.08 -4.625929269e-18)
(0.8094117647 0.08 0)
(0.8511764706 0.08 -3.469446952e-18)
(0.8929411765 0.08 0)
(0.9347058824 0.08 -4.625929269e-18)
(0.9764705882 0.08 0)
(1.018235294 0.08 -4.047688111e-18)
(1.06 0.08 0)
(-0.36 0.12 0)
(-0.3182352941 0.12 0)
(-0.2764705882 0.12 0)
(-0.2347058824 0.12 -9.251858539e-18)
(-0.1929411765 0.12 0)
(-0.1511764706 0.12 0)
(-0.1094117647 0.12 0)
(-0.06764705882 0.12 0)
(-0.02588235294 0.12 0)
(0.01588235294 0.12 0)
(0.05764705882 0.12 0)
(0.09941176471 0.12 0)
(0.1411764706 0.12 0)
(0.1829411765 0.12 0)
(0.2247058824 0.12 0)
(0.2664705882 0.12 0)
(0.3082352941 0.12 0)
(0.35 0.12 0)
(0.3917647059 0.12 0)
(0.4335294118 0.12 0)
(0.4752941176 0.12 0)
(0.5170588235 0.12 0)
(0.5588235294 0.12 0)
(0.6005882353 0.12 0)
(0.6423529412 0.12 4.625929269e-18)
(0.6841176471 0.12 0)
(0.7258823529 0.12 0)
(0.7676470588 0.12 4.625929269e-18)
(0.8094117647 0.12 0)
(0.8511764706 0.12 5.782411587e-18)
(0.8929411765 0.12 0)
(0.9347058824 0.12 4.625929269e-18)
(0.9764705882 0.12 0)
(1.018235294 0.12 5.204170428e-18)
(1.06 0.12 0)
(-0.36 0.16 0)
(-0.3182352941 0.16 0)
(-0.2764705882 0.16 9.251858539e-18)
(-0.2347058824 0.16 9.251858539e-18)
(-0.1929411765 0.16 0)
(-0.1511764706 0.16 0)
(-0.1094117647 0.16 9.251858539e-18)
(-0.06764705882 0.16 0)
(-0.02588235294 0.16 0)
(0.01588235294 0.16 9.251858539e-18)
(0.05764705882 0.16 9.251858539e-18)
(0.09941176471 0.16 0)
(0.1411764706 0.16 0)
(0.1829411765 0.16 0)
(0.2247058824 0.16 0)
(0.2664705882 0.16 0)
(0.3082352941 0.16 0)
(0.35 0.16 0)
(0.3917647059 0.16 0)
(0.4335294118 0.16 0)
(0.4752941176 0.16 0)
(0.5170588235 0.16 0)
(0.5588235294 0.16 0)
(0.6005882353 0.16 0)
(0.6423529412 0.16 4.625929269e-18)
(0.6841176471 0.16 0)
(0.7258823529 0.16 0)
(0.7676470588 0.16 4.625929269e-18)
(0.8094117647 0.16 0)
(0.8511764706 0.16 6.938893904e-18)
(0.8929411765 0.16 0)
(0.9347058824 0.16 4.625929269e-18)
(0.9764705882 0.16 0)
(1.018235294 0.16 5.204170428e-18)
(1.06 0.16 0)
(-0.36 0.2 0)
(-0.3182352941 0.2 0)
(-0.2764705882 0.2 -9.251858539e-18)
(-0.2347058824 0.2 -9.251858539e-18)
(-0.1929411765 0.2 0)
(-0.1511764706 0.2 0)
(-0.1094117647 0.2 -9.251858539e-18)
(-0.06764705882 0.2 0)
(-0.02588235294 0.2 0)
(0.01588235294 0.2 9.251858539e-18)
(0.05764705882 0.2 -9.251858539e-18)
(0.09941176471 0.2 0)
(0.1411764706 0.2 0)
(0.1829411765 0.2 0)
(0.2247058824 0.2 0)
(0.2664705882 0.2 0)
(0.3082352941 0.2 0)
(0.35 0.2 0)
(0.3917647059 0.2 0)
(0.4335294118 0.2 0)
(0.4752941176 0.2 0)
(0.5170588235 0.2 0)
(0.5588235294 0.2 -4.625929269e-18)
(0.6005882353 0.2 0)
(0.6423529412 0.2 -4.625929269e-18)
(0.6841176471 0.2 0)
(0.7258823529 0.2 0)
(0.7676470588 0.2 4.625929269e-18)
(0.8094117647 0.2 0)
(0.8511764706 0.2 -3.469446952e-18)
(0.8929411765 0.2 0)
(0.9347058824 0.2 -4.625929269e-18)
(0.9764705882 0.2 0)
(1.018235294 0.2 -4.625929269e-18)
(1.06 0.2 0)
(-0.36 0.24 0)
(-0.3182352941 0.24 0)
(-0.2764705882 0.24 0)
(-0.2347058824 0.24 -9.251858539e-18)
(-0.1929411765 0.24 0)
(-0.1511764706 0.24 0)
(-0.1094117647 0.24 0)
(-0.06764705882 0.24 0)
(-0.02588235294 0.24 0)
(0.01588235294 0.24 0)
(0.05764705882 0.24 0)
(0.09941176471 0.24 0)
(0.1411764706 0.24 0)
(0.1829411765 0.24 0)
(0.2247058824 0.24 0)
(0.2664705882 0.24 0)
(0.3082352941 0.24 0)
(0.35 0.24 0)
(0.3917647059 0.24 0)
(0.4335294118 0.24 0)
(0.4752941176 0.24 0)
(0.5170588235 0.24 0)
(0.5588235294 0.24 0)
(0.6005882353 0.24 0)
(0.6423529412 0.24 4.625929269e-18)
(0.6841176471 0.24 0)
(0.7258823529 0.24 0)
(0.7676470588 0.24 -4.625929269e-18)
(0.8094117647 0.24 0)
(0.8511764706 0.24 -3.469446952e-18)
(0.8929411765 0.24 0)
(0.9347058824 0.24 -4.625929269e-18)
(0.9764705882 0.24 0)
(1.018235294 0.24 -4.625929269e-18)
(1.06 0.24 0)
(-0.36 0.28 0)
(-0.3182352941 0.28 0)
(-0.2764705882 0.28 0)
(-0.2347058824 0.28 -9.251858539e-18)
(-0.1929411765 0.28 0)
(-0.1511764706 0.28 0)
(-0.1094117647 0.28 0)
(-0.06764705882 0.28 0)
(-0.02588235294 0.28 0)
(0.01588235294 0.28 0)
(0.05764705882 0.28 0)
(0.09941176471 0.28 -9.251858539e-18)
(0.1411764706 0.28 0)
(0.1829411765 0.28 0)
(0.2247058824 0.28 0)
(0.2664705882 0.28 0)
(0.3082352941 0.28 0)
(0.35 0.28 0)
(0.3917647059 0.28 0)
(0.4335294118 0.28 0)
(0.4752941176 0.28 0)
(0.5170588235 0.28 0)
(0.5588235294 0.28 0)
(0.6005882353 0.28 0)
(0.6423529412 0.28 -4.625929269e-18)
(0.6841176471 0.28 0)
(0.7258823529 0.28 0)
(0.7676470588 0.28 -4.625929269e-18)
(0.8094117647 0.28 0)
(0.8511764706 0.28 -3.469446952e-18)
(0.8929411765 0.28 0)
(0.9347058824 0.28 -4.625929269e-18)
(0.9764705882 0.28 0)
(1.018235294 0.28 -4.625929269e-18)
(1.06 0.28 0)
(-0.36 0.32 0)
(-0.3182352941 0.32 0)
(-0.2764705882 0.32 0)
(-0.2347058824 0.32 -9.251858539e-18)
(-0.1929411765 0.32 0)
(-0.1511764706 0.32 0)
(-0.1094117647 0.32 0)
(-0.06764705882 0.32 0)
(-0.02588235294 0.32 0)
(0.01588235294 0.32 0)
(0.05764705882 0.32 0)
(0.09941176471 0.32 0)
(0.1411764706 0.32 0)
(0.1829411765 0.32 0)
(0.2247058824 0.32 0)
(0.2664705882 0.32 0)
(0.3082352941 0.32 0)
(0.35 0.32 0)
(0.3917647059 0.32 0)
(0.4335294118 0.32 0)
(0.4752941176 0.32 0)
(0.5170588235 0.32 0)
(0.5588235294 0.32 0)
(0.6005882353 0.32 0)
(0.6423529412 0.32 -4.625929269e-18)
(0.6841176471 0.32 0)
(0.7258823529 0.32 0)
(0.7676470588 0.32 -4.625929269e-18)
(0.8094117647 0.32 0)
(0.8511764706 0.32 -3.469446952e-18)
(0.8929411765 0.32 0)
(0.9347058824 0.32 -4.625929269e-18)
(0.9764705882 0.32 0)
(1.018235294 0.32 -4.625929269e-18)
(1.06 0.32 0)
(-0.36 0.36 0)
(-0.3182352941 0.36 0)
(-0.2764705882 0.36 0)
(-0.2347058824 0.36 -9.251858539e-18)
(-0.1929411765 0.36 0)
(-0.1511764706 0.36 0)
(-0.1094117647 0.36 0)
(-0.06764705882 0.36 0)
(-0.02588235294 0.36 0)
(0.01588235294 0.36 0)
(0.05764705882 0.36 0)
(0.09941176471 0.36 0)
(0.1411764706 0.36 0)
(0.1829411765 0.36 0)
(0.2247058824 0.36 0)
(0.2664705882 0.36 0)
(0.3082352941 0.36 0)
(0.35 0.36 0)
(0.3917647059 0.36 0)
(0.4335294118 0.36 0)
(0.4752941176 0.36 0)
(0.5170588235 0.36 0)
(0.5588235294 0.36 0)
(0.6005882353 0.36 0)
(0.6423529412 0.36 4.625929269e-18)
(0.6841176471 0.36 0)
(0.7258823529 0.36 0)
(0.7676470588 0.36 -4.625929269e-18)
(0.8094117647 0.36 0)
(0.8511764706 0.36 -3.469446952e-18)
(0.8929411765 0.36 0)
(0.9347058824 0.36 -4.625929269e-18)
(0.9764705882 0.36 0)
(1.018235294 0.36 -4.625929269e-18)
(1.06 0.36 0)
(-0.36 -0.36 0.04)
(-0.3182352941 -0.36 0.04)
(-0.2764705882 -0.36 0.04)
(-0.2347058824 -0.36 0.04)
(-0.1929411765 -0.36 0.04)
(-0.1511764706 -0.36 0.04)
(-0.1094117647 -0.36 0.04)
(-0.06764705882 -0.36 0.04)
(-0.02588235294 -0.36 0.04)
(0.01588235294 -0.36 0.04)
(0.05764705882 -0.36 0.04)
(0.09941176471 -0.36 0.04)
(0.1411764706 -0.36 0.04)
(0.1829411765 -0.36 0.04)
(0.2247058824 -0.36 0.04)
(0.2664705882 -0.36 0.04)
(0.3082352941 -0.36 0.04)
(0.35 -0.36 0.04)
(0.3917647059 -0.36 0.04)
(0.4335294118 -0.36 0.04)
(0.4752941176 -0.36 0.04)
(0.5170588235 -0.36 0.04)
(0.5588235294 -0.36 0.04)
(0.6005882353 -0.36 0.04)
(0.6423529412 -0.36 0.04)
(0.6841176471 -0.36 0.04)
(0.7258823529 -0.36 0.04)
(0.7676470588 -0.36 0.04)
(0.8094117647 -0.36 0.04)
(0.8511764706 -0.36 0.04)
(0.8929411765 -0.36 0.04)
(0.9347058824 -0.36 0.04)
(0.9764705882 -0.36 0.04)
(1.018235294 -0.36 0.04)
(1.06 -0.36 0.04)
(-0.36 -0.32 0.04)
(-0.3182352941 -0.32 0.04)
(-0.2764705882 -0.32 0.04)
(-0.2347058824 -0.32 0.04)
(-0.1929411765 -0.32 0.04)
(-0.1511764706 -0.32 0.04)
(-0.1094117647 -0.32 0.04)
(-0.06764705882 -0.32 0.04)
(-0.02588235294 -0.32 0.04)
(0.01588235294 -0.32 0.04)
(0.05764705882 -0.32 0.04)
(0.09941176471 -0.32 0.04)
(0.1411764706 -0.32 0.04)
(0.1829411765 -0.32 0.04)
(0.2247058824 -0.32 0.04)
(0.2664705882 -0.32 0.04)
(0.3082352941 -0.32 0.04)
(0.35 -0.32 0.04)
(0.3917647059 -0.32 0.04)
(0.4335294118 -0.32 0.04)
(0.4752941176 -0.32 0.04)
(0.5170588235 -0.32 0.04)
(0.5588235294 -0.32 0.04)
(0.6005882353 -0.32 0.04)
(0.6423529412 -0.32 0.04)
(0.6841176471 -0.32 0.04)
(0.7258823529 -0.32 0.04)
(0.7676470588 -0.32 0.04)
(0.8094117647 -0.32 0.04)
(0.8511764706 -0.32 0.04)
(0.8929411765 -0.32 0.04)
(0.9347058824 -0.32 0.04)
(0.9764705882 -0.32 0.04)
(1.018235294 -0.32 0.04)
(1.06 -0.32 0.04)
(-0.36 -0.28 0.04)
(-0.3182352941 -0.28 0.04)
(-0.2764705882 -0.28 0.04)
(-0.2347058824 -0.28 0.04)
(-0.1929411765 -0.28 0.04)
(-0.1511764706 -0.28 0.04)
(-0.1094117647 -0.28 0.04)
(-0.06764705882 -0.28 0.04)
(-0.02588235294 -0.28 0.04)
(0.01588235294 -0.28 0.04)
(0.05764705882 -0.28 0.04)
(0.09941176471 -0.28 0.04)
(0.1411764706 -0.28 0.04)
(0.1829411765 -0.28 0.04)
(0.2247058824 -0.28 0.04)
(0.2664705882 -0.28 0.04)
(0.3082352941 -0.28 0.04)
(0.35 -0.28 0.04)
(0.3917647059 -0.28 0.04)
(0.4335294118 -0.28 0.04)
(0.4752941176 -0.28 0.04)
(0.5170588235 -0.28 0.04)
(0.5588235294 -0.28 0.04)
(0.6005882353 -0.28 0.04)
(0.6423529412 -0.28 0.04)
(0.6841176471 -0.28 0.04)
(0.7258823529 -0.28 0.04)
(0.7676470588 -0.28 0.04)
(0.8094117647 -0.28 0.04)
(0.8511764706 -0.28 0.04)
(0.8929411765 -0.28 0.04)
(0.9347058824 -0.28 0.04)
(0.9764705882 -0.28 0.04)
(1.018235294 -0.28 0.04)
(1.06 -0.28 0.04)
(-0.36 -0.24 0.04)
(-0.3182352941 -0.24 0.04)
(-0.2764705882 -0.24 0.04)
(-0.2347058824 -0.24 0.04)
(-0.1929411765 -0.24 0.04)
(-0.1511764706 -0.24 0.04)
(-0.1094117647 -0.24 0.04)
(-0.06764705882 -0.24 0.04)
(-0.02588235294 -0.24 0.04)
(0.01588235294 -0.24 0.04)
(0.05764705882 -0.24 0.04)
(0.09941176471 -0.24 0.04)
(0.1411764706 -0.24 0.04)
(0.1829411765 -0.24 0.04)
(0.2247058824 -0.24 0.04)
(0.2664705882 -0.24 0.04)
(0.3082352941 -0.24 0.04)
(0.35 -0.24 0.04)
(0.3917647059 -0.24 0.04)
(0.4335294118 -0.24 0.04)
(0.4752941176 -0.24 0.04)
(0.5170588235 -0.24 0.04)
(0.5588235294 -0.24 0.04)
(0.6005882353 -0.24 0.04)
(0.6423529412 -0.24 0.04)
(0.6841176471 -0.24 0.04)
(0.7258823529 -0.24 0.04)
(0.7676470588 -0.24 0.04)
(0.8094117647 -0.24 0.04)
(0.8511764706 -0.24 0.04)
(0.8929411765 -0.24 0.04)
(0.9347058824 -0.24 0.04)
(0.9764705882 -0.24 0.04)
(1.018235294 -0.24 0.04)
(1.06 -0.24 0.04)
(-0.36 -0.2 0.04)
(-0.3182352941 -0.2 0.04)
(-0.2764705882 -0.2 0.04)
(-0.2347058824 -0.2 0.04)
(-0.1929411765 -0.2 0.04)
(-0.1511764706 -0.2 0.04)
(-0.1094117647 -0.2 0.04)
(-0.06764705882 -0.2 0.04)
(-0.02588235294 -0.2 0.04)
(0.01588235294 -0.2 0.04)
(0.05764705882 -0.2 0.04)
(0.09941176471 -0.2 0.04)
(0.1411764706 -0.2 0.04)
(0.1829411765 -0.2 0.04)
(0.2247058824 -0.2 0.04)
(0.2664705882 -0.2 0.04)
(0.3082352941 -0.2 0.04)
(0.35 -0.2 0.04)
(0.3917647059 -0.2 0.04)
(0.4335294118 -0.2 0.04)
(0.4752941176 -0.2 0.04)
(0.5170588235 -0.2 0.04)
(0.5588235294 -0.2 0.04)
(0.6005882353 -0.2 0.04)
(0.6423529412 -0.2 0.04)
(0.6841176471 -0.2 0.04)
(0.7258823529 -0.2 0.04)
(0.7676470588 -0.2 0.04)
(0.8094117647 -0.2 0.04)
(0.8511764706 -0.2 0.04)
(0.8929411765 -0.2 0.04)
(0.9347058824 -0.2 0.04)
(0.9764705882 -0.2 0.04)
(1.018235294 -0.2 0.04)
(1.06 -0.2 0.04)
(-0.36 -0.16 0.04)
(-0.3182352941 -0.16 0.04)
(-0.2764705882 -0.16 0.04)
(-0.2347058824 -0.16 0.04)
(-0.1929411765 -0.16 0.04)
(-0.1511764706 -0.16 0.04)
(-0.1094117647 -0.16 0.04)
(-0.06764705882 -0.16 0.04)
(-0.02588235294 -0.16 0.04)
(0.01588235294 -0.16 0.04)
(0.05764705882 -0.16 0.04)
(0.09941176471 -0.16 0.04)
(0.1411764706 -0.16 0.04)
(0.1829411765 -0.16 0.04)
(0.2247058824 -0.16 0.04)
(0.2664705882 -0.16 0.04)
(0.3082352941 -0.16 0.04)
(0.35 -0.16 0.04)
(0.3917647059 -0.16 0.04)
(0.4335294118 -0.16 0.04)
(0.4752941176 -0.16 0.04)
(0.5170588235 -0.16 0.04)
(0.5588235294 -0.16 0.04)
(0.6005882353 -0.16 0.04)
(0.6423529412 -0.16 0.04)
(0.6841176471 -0.16 0.04)
(0.7258823529 -0.16 0.04)
(0.7676470588 -0.16 0.04)
(0.8094117647 -0.16 0.04)
(0.8511764706 -0.16 0.04)
(0.8929411765 -0.16 0.04)
(0.9347058824 -0.16 0.04)
(0.9764705882 -0.16 0.04)
(1.018235294 -0.16 0.04)
(1.06 -0.16 0.04)
(-0.36 -0.12 0.04)
(-0.3182352941 -0.12 0.04)
(-0.2764705882 -0.12 0.04)
(-0.2347058824 -0.12 0.04)
(-0.1929411765 -0.12 0.04)
(-0.1511764706 -0.12 0.04)
(-0.1094117647 -0.12 0.04)
(-0.06764705882 -0.12 0.04)
(-0.02588235294 -0.12 0.04)
(0.01588235294 -0.12 0.04)
(0.05764705882 -0.12 0.04)
(0.09941176471 -0.12 0.04)
(0.1411764706 -0.12 0.04)
(0.1829411765 -0.12 0.04)
(0.2247058824 -0.12 0.04)
(0.2664705882 -0.12 0.04)
(0.3082352941 -0.12 0.04)
(0.35 -0.12 0.04)
(0.3917647059 -0.12 0.04)
(0.4335294118 -0.12 0.04)
(0.4752941176 -0.12 0.04)
(0.5170588235 -0.12 0.04)
(0.5588235294 -0.12 0.04)
(0.6005882353 -0.12 0.04)
(0.6423529412 -0.12 0.04)
(0.6841176471 -0.12 0.04)
(0.7258823529 -0.12 0.04)
(0.7676470588 -0.12 0.04)
(0.8094117647 -0.12 0.04)
(0.8511764706 -0.12 0.04)
(0.8929411765 -0.12 0.04)
(0.9347058824 -0.12 0.04)
(0.9764705882 -0.12 0.04)
(1.018235294 -0.12 0.04)
(1.06 -0.12 0.04)
(-0.36 -0.08 0.04)
(-0.3182352941 -0.08 0.04)
(-0.2764705882 -0.08 0.04)
(-0.2347058824 -0.08 0.04)
(-0.1929411765 -0.08 0.04)
(-0.1511764706 -0.08 0.04)
(-0.1094117647 -0.08 0.04)
(-0.06764705882 -0.08 0.04)
(-0.02588235294 -0.08 0.04)
(0.01588235294 -0.08 0.04)
(0.05764705882 -0.08 0.04)
(0.09941176471 -0.08 0.04)
(0.1411764706 -0.08 0.04)
(0.1829411765 -0.08 0.04)
(0.2247058824 -0.08 0.04)
(0.2664705882 -0.08 0.04)
(0.3082352941 -0.08 0.04)
(0.35 -0.08 0.04)
(0.3917647059 -0.08 0.04)
(0.4335294118 -0.08 0.04)
(0.4752941176 -0.08 0.04)
(0.5170588235 -0.08 0.04)
(0.5588235294 -0.08 0.04)
(0.6005882353 -0.08 0.04)
(0.6423529412 -0.08 0.04)
(0.6841176471 -0.08 0.04)
(0.7258823529 -0.08 0.04)
(0.7676470588 -0.08 0.04)
(0.8094117647 -0.08 0.04)
(0.8511764706 -0.08 0.04)
(0.8929411765 -0.08 0.04)
(0.9347058824 -0.08 0.04)
(0.9764705882 -0.08 0.04)
(1.018235294 -0.08 0.04)
(1.06 -0.08 0.04)
(-0.36 -0.04 0.04)
(-0.3182352941 -0.04 0.04)
(-0.2764705882 -0.04 0.04)
(-0.2347058824 -0.04 0.04)
(-0.1929411765 -0.04 0.04)
(-0.1511764706 -0.04 0.04)
(-0.1094117647 -0.04 0.04)
(-0.06764705882 -0.04 0.04)
(-0.02588235294 -0.04 0.04)
(0.01588235294 -0.04 0.04)
(0.05764705882 -0.04 0.04)
(0.09941176471 -0.04 0.04)
(0.1411764706 -0.04 0.04)
(0.1829411765 -0.04 0.04)
(0.2247058824 -0.04 0.04)
(0.2664705882 -0.04 0.04)
(0.3082352941 -0.04 0.04)
(0.35 -0.04 0.04)
(0.3917647059 -0.04 0.04)
(0.4335294118 -0.04 0.04)
(0.4752941176 -0.04 0.04)
(0.5170588235 -0.04 0.04)
(0.5588235294 -0.04 0.04)
(0.6005882353 -0.04 0.04)
(0.6423529412 -0.04 0.04)
(0.6841176471 -0.04 0.04)
(0.7258823529 -0.04 0.04)
(0.7676470588 -0.04 0.04)
(0.8094117647 -0.04 0.04)
(0.8511764706 -0.04 0.04)
(0.8929411765 -0.04 0.04)
(0.9347058824 -0.04 0.04)
(0.9764705882 -0.04 0.04)
(1.018235294 -0.04 0.04)
(1.06 -0.04 0.04)
(-0.36 0 0.04)
(-0.3182352941 0 0.04)
(-0.2764705882 0 0.04)
(-0.2347058824 -9.251858539e-18 0.04)
(-0.1929411765 0 0.04)
(-0.1511764706 0 0.04)
(-0.1094117647 0 0.04)
(-0.06764705882 0 0.04)
(-0.02588235294 0 0.04)
(0.01588235294 0 0.04)
(0.05764705882 0 0.04)
(0.09941176471 0 0.04)
(0.1411764706 0 0.04)
(0.1829411765 0 0.04)
(0.2247058824 0 0.04)
(0.2664705882 0 0.04)
(0.3082352941 0 0.04)
(0.35 0 0.04)
(0.3917647059 0 0.04)
(0.4335294118 0 0.04)
(0.4752941176 0 0.04)
(0.5170588235 0 0.04)
(0.5588235294 0 0.04)
(0.6005882353 0 0.04)
(0.6423529412 4.625929269e-18 0.04)
(0.6841176471 0 0.04)
(0.7258823529 0 0.04)
(0.7676470588 -4.625929269e-18 0.04)
(0.8094117647 0 0.04)
(0.8511764706 -3.469446952e-18 0.04)
(0.8929411765 0 0.04)
(0.9347058824 -4.625929269e-18 0.04)
(0.9764705882 0 0.04)
(1.018235294 -4.047688111e-18 0.04)
(1.06 0 0.04)
(-0.36 0.04 0.04)
(-0.3182352941 0.04 0.04)
(-0.2764705882 0.04 0.04)
(-0.2347058824 0.04 0.04)
(-0.1929411765 0.04 0.04)
(-0.1511764706 0.04 0.04)
(-0.1094117647 0.04 0.04)
(-0.06764705882 0.04 0.04)
(-0.02588235294 0.04 0.04)
(0.01588235294 0.04 0.04)
(0.05764705882 0.04 0.04)
(0.09941176471 0.04 0.04)
(0.1411764706 0.04 0.04)
(0.1829411765 0.04 0.04)
(0.2247058824 0.04 0.04)
(0.2664705882 0.04 0.04)
(0.3082352941 0.04 0.04)
(0.35 0.04 0.04)
(0.3917647059 0.04 0.04)
(0.4335294118 0.04 0.04)
(0.4752941176 0.04 0.04)
(0.5170588235 0.04 0.04)
(0.5588235294 0.04 0.04)
(0.6005882353 0.04 0.04)
(0.6423529412 0.04 0.04)
(0.6841176471 0.04 0.04)
(0.7258823529 0.04 0.04)
(0.7676470588 0.04 0.04)
(0.8094117647 0.04 0.04)
(0.8511764706 0.04 0.04)
(0.8929411765 0.04 0.04)
(0.9347058824 0.04 0.04)
(0.9764705882 0.04 0.04)
(1.018235294 0.04 0.04)
(1.06 0.04 0.04)
(-0.36 0.08 0.04)
(-0.3182352941 0.08 0.04)
(-0.2764705882 0.08 0.04)
(-0.2347058824 0.08 0.04)
(-0.1929411765 0.08 0.04)
(-0.1511764706 0.08 0.04)
(-0.1094117647 0.08 0.04)
(-0.06764705882 0.08 0.04)
(-0.02588235294 0.08 0.04)
(0.01588235294 0.08 0.04)
(0.05764705882 0.08 0.04)
(0.09941176471 0.08 0.04)
(0.1411764706 0.08 0.04)
(0.1829411765 0.08 0.04)
(0.2247058824 0.08 0.04)
(0.2664705882 0.08 0.04)
(0.3082352941 0.08 0.04)
(0.35 0.08 0.04)
(0.3917647059 0.08 0.04)
(0.4335294118 0.08 0.04)
(0.4752941176 0.08 0.04)
(0.5170588235 0.08 0.04)
(0.5588235294 0.08 0.04)
(0.6005882353 0.08 0.04)
(0.6423529412 0.08 0.04)
(0.6841176471 0.08 0.04)
(0.7258823529 0.08 0.04)
(0.7676470588 0.08 0.04)
(0.8094117647 0.08 0.04)
(0.8511764706 0.08 0.04)
(0.8929411765 0.08 0.04)
(0.9347058824 0.08 0.04)
(0.9764705882 0.08 0.04)
(1.018235294 0.08 0.04)
(1.06 0.08 0.04)
(-0.36 0.12 0.04)
(-0.3182352941 0.12 0.04)
(-0.2764705882 0.12 0.04)
(-0.2347058824 0.12 0.04)
(-0.1929411765 0.12 0.04)
(-0.1511764706 0.12 0.04)
(-0.1094117647 0.12 0.04)
(-0.06764705882 0.12 0.04)
(-0.02588235294 0.12 0.04)
(0.01588235294 0.12 0.04)
(0.05764705882 0.12 0.04)
(0.09941176471 0.12 0.04)
(0.1411764706 0.12 0.04)
(0.1829411765 0.12 0.04)
(0.2247058824 0.12 0.04)
(0.2664705882 0.12 0.04)
(0.3082352941 0.12 0.04)
(0.35 0.12 0.04)
(0.3917647059 0.12 0.04)
(0.4335294118 0.12 0.04)
(0.4752941176 0.12 0.04)
(0.5170588235 0.12 0.04)
(0.5588235294 0.12 0.04)
(0.6005882353 0.12 0.04)
(0.6423529412 0.12 0.04)
(0.6841176471 0.12 0.04)
(0.7258823529 0.12 0.04)
(0.7676470588 0.12 0.04)
(0.8094117647 0.12 0.04)
(0.8511764706 0.12 0.04)
(0.8929411765 0.12 0.04)
(0.9347058824 0.12 0.04)
(0.9764705882 0.12 0.04)
(1.018235294 0.12 0.04)
(1.06 0.12 0.04)
(-0.36 0.16 0.04)
(-0.3182352941 0.16 0.04)
(-0.2764705882 0.16 0.04)
(-0.2347058824 0.16 0.04)
(-0.1929411765 0.16 0.04)
(-0.1511764706 0.16 0.04)
(-0.1094117647 0.16 0.04)
(-0.06764705882 0.16 0.04)
(-0.02588235294 0.16 0.04)
(0.01588235294 0.16 0.04)
(0.05764705882 0.16 0.04)
(0.09941176471 0.16 0.04)
(0.1411764706 0.16 0.04)
(0.1829411765 0.16 0.04)
(0.2247058824 0.16 0.04)
(0.2664705882 0.16 0.04)
(0.3082352941 0.16 0.04)
(0.35 0.16 0.04)
(0.3917647059 0.16 0.04)
(0.4335294118 0.16 0.04)
(0.4752941176 0.16 0.04)
(0.5170588235 0.16 0.04)
(0.5588235294 0.16 0.04)
(0.6005882353 0.16 0.04)
(0.6423529412 0.16 0.04)
(0.6841176471 0.16 0.04)
(0.7258823529 0.16 0.04)
(0.7676470588 0.16 0.04)
(0.8094117647 0.16 0.04)
(0.8511764706 0.16 0.04)
(0.8929411765 0.16 0.04)
(0.9347058824 0.16 0.04)
(0.9764705882 0.16 0.04)
(1.018235294 0.16 0.04)
(1.06 0.16 0.04)
(-0.36 0.2 0.04)
(-0.3182352941 0.2 0.04)
(-0.2764705882 0.2 0.04)
(-0.2347058824 0.2 0.04)
(-0.1929411765 0.2 0.04)
(-0.1511764706 0.2 0.04)
(-0.1094117647 0.2 0.04)
(-0.06764705882 0.2 0.04)
(-0.02588235294 0.2 0.04)
(0.01588235294 0.2 0.04)
(0.05764705882 0.2 0.04)
(0.09941176471 0.2 0.04)
(0.1411764706 0.2 0.04)
(0.1829411765 0.2 0.04)
(0.2247058824 0.2 0.04)
(0.2664705882 0.2 0.04)
(0.3082352941 0.2 0.04)
(0.35 0.2 0.04)
(0.3917647059 0.2 0.04)
(0.4335294118 0.2 0.04)
(0.4752941176 0.2 0.04)
(0.5170588235 0.2 0.04)
(0.5588235294 0.2 0.04)
(0.6005882353 0.2 0.04)
(0.6423529412 0.2 0.04)
(0.6841176471 0.2 0.04)
(0.7258823529 0.2 0.04)
(0.7676470588 0.2 0.04)
(0.8094117647 0.2 0.04)
(0.8511764706 0.2 0.04)
(0.8929411765 0.2 0.04)
(0.9347058824 0.2 0.04)
(0.9764705882 0.2 0.04)
(1.018235294 0.2 0.04)
(1.06 0.2 0.04)
(-0.36 0.24 0.04)
(-0.3182352941 0.24 0.04)
(-0.2764705882 0.24 0.04)
(-0.2347058824 0.24 0.04)
(-0.1929411765 0.24 0.04)
(-0.1511764706 0.24 0.04)
(-0.1094117647 0.24 0.04)
(-0.06764705882 0.24 0.04)
(-0.02588235294 0.24 0.04)
(0.01588235294 0.24 0.04)
(0.05764705882 0.24 0.04)
(0.09941176471 0.24 0.04)
(0.1411764706 0.24 0.04)
(0.1829411765 0.24 0.04)
(0.2247058824 0.24 0.04)
(0.2664705882 0.24 0.04)
(0.3082352941 0.24 0.04)
(0.35 0.24 0.04)
(0.3917647059 0.24 0.04)
(0.4335294118 0.24 0.04)
(0.4752941176 0.24 0.04)
(0.5170588235 0.24 0.04)
(0.5588235294 0.24 0.04)
(0.6005882353 0.24 0.04)
(0.6423529412 0.24 0.04)
(0.6841176471 0.24 0.04)
(0.7258823529 0.24 0.04)
(0.7676470588 0.24 0.04)
(0.8094117647 0.24 0.04)
(0.8511764706 0.24 0.04)
(0.8929411765 0.24 0.04)
(0.9347058824 0.24 0.04)
(0.9764705882 0.24 0.04)
(1.018235294 0.24 0.04)
(1.06 0.24 0.04)
(-0.36 0.28 0.04)
(-0.3182352941 0.28 0.04)
(-0.2764705882 0.28 0.04)
(-0.2347058824 0.28 0.04)
(-0.1929411765 0.28 0.04)
(-0.1511764706 0.28 0.04)
(-0.1094117647 0.28 0.04)
(-0.06764705882 0.28 0.04)
(-0.02588235294 0.28 0.04)
(0.01588235294 0.28 0.04)
(0.05764705882 0.28 0.04)
(0.09941176471 0.28 0.04)
(0.1411764706 0.28 0.04)
(0.1829411765 0.28 0.04)
(0.2247058824 0.28 0.04)
(0.2664705882 0.28 0.04)
(0.3082352941 0.28 0.04)
(0.35 0.28 0.04)
(0.3917647059 0.28 0.04)
(0.4335294118 0.28 0.04)
(0.4752941176 0.28 0.04)
(0.5170588235 0.28 0.04)
(0.5588235294 0.28 0.04)
(0.6005882353 0.28 0.04)
(0.6423529412 0.28 0.04)
(0.6841176471 0.28 0.04)
(0.7258823529 0.28 0.04)
(0.7676470588 0.28 0.04)
(0.8094117647 0.28 0.04)
(0.8511764706 0.28 0.04)
(0.8929411765 0.28 0.04)
(0.9347058824 0.28 0.04)
(0.9764705882 0.28 0.04)
(1.018235294 0.28 0.04)
(1.06 0.28 0.04)
(-0.36 0.32 0.04)
(-0.3182352941 0.32 0.04)
(-0.2764705882 0.32 0.04)
(-0.2347058824 0.32 0.04)
(-0.1929411765 0.32 0.04)
(-0.1511764706 0.32 0.04)
(-0.1094117647 0.32 0.04)
(-0.06764705882 0.32 0.04)
(-0.02588235294 0.32 0.04)
(0.01588235294 0.32 0.04)
(0.05764705882 0.32 0.04)
(0.09941176471 0.32 0.04)
(0.1411764706 0.32 0.04)
(0.1829411765 0.32 0.04)
(0.2247058824 0.32 0.04)
(0.2664705882 0.32 0.04)
(0.3082352941 0.32 0.04)
(0.35 0.32 0.04)
(0.3917647059 0.32 0.04)
(0.4335294118 0.32 0.04)
(0.4752941176 0.32 0.04)
(0.5170588235 0.32 0.04)
(0.5588235294 0.32 0.04)
(0.6005882353 0.32 0.04)
(0.6423529412 0.32 0.04)
(0.6841176471 0.32 0.04)
(0.7258823529 0.32 0.04)
(0.7676470588 0.32 0.04)
(0.8094117647 0.32 0.04)
(0.8511764706 0.32 0.04)
(0.8929411765 0.32 0.04)
(0.9347058824 0.32 0.04)
(0.9764705882 0.32 0.04)
(1.018235294 0.32 0.04)
(1.06 0.32 0.04)
(-0.36 0.36 0.04)
(-0.3182352941 0.36 0.04)
(-0.2764705882 0.36 0.04)
(-0.2347058824 0.36 0.04)
(-0.1929411765 0.36 0.04)
(-0.1511764706 0.36 0.04)
(-0.1094117647 0.36 0.04)
(-0.06764705882 0.36 0.04)
(-0.02588235294 0.36 0.04)
(0.01588235294 0.36 0.04)
(0.05764705882 0.36 0.04)
(0.09941176471 0.36 0.04)
(0.1411764706 0.36 0.04)
(0.1829411765 0.36 0.04)
(0.2247058824 0.36 0.04)
(0.2664705882 0.36 0.04)
(0.3082352941 0.36 0.04)
(0.35 0.36 0.04)
(0.3917647059 0.36 0.04)
(0.4335294118 0.36 0.04)
(0.4752941176 0.36 0.04)
(0.5170588235 0.36 0.04)
(0.5588235294 0.36 0.04)
(0.6005882353 0.36 0.04)
(0.6423529412 0.36 0.04)
(0.6841176471 0.36 0.04)
(0.7258823529 0.36 0.04)
(0.7676470588 0.36 0.04)
(0.8094117647 0.36 0.04)
(0.8511764706 0.36 0.04)
(0.8929411765 0.36 0.04)
(0.9347058824 0.36 0.04)
(0.9764705882 0.36 0.04)
(1.018235294 0.36 0.04)
(1.06 0.36 0.04)
(-0.36 -0.36 0.08)
(-0.3182352941 -0.36 0.08)
(-0.2764705882 -0.36 0.08)
(-0.2347058824 -0.36 0.08)
(-0.1929411765 -0.36 0.08)
(-0.1511764706 -0.36 0.08)
(-0.1094117647 -0.36 0.08)
(-0.06764705882 -0.36 0.08)
(-0.02588235294 -0.36 0.08)
(0.01588235294 -0.36 0.08)
(0.05764705882 -0.36 0.08)
(0.09941176471 -0.36 0.08)
(0.1411764706 -0.36 0.08)
(0.1829411765 -0.36 0.08)
(0.2247058824 -0.36 0.08)
(0.2664705882 -0.36 0.08)
(0.3082352941 -0.36 0.08)
(0.35 -0.36 0.08)
(0.3917647059 -0.36 0.08)
(0.4335294118 -0.36 0.08)
(0.4752941176 -0.36 0.08)
(0.5170588235 -0.36 0.08)
(0.5588235294 -0.36 0.08)
(0.6005882353 -0.36 0.08)
(0.6423529412 -0.36 0.08)
(0.6841176471 -0.36 0.08)
(0.7258823529 -0.36 0.08)
(0.7676470588 -0.36 0.08)
(0.8094117647 -0.36 0.08)
(0.8511764706 -0.36 0.08)
(0.8929411765 -0.36 0.08)
(0.9347058824 -0.36 0.08)
(0.9764705882 -0.36 0.08)
(1.018235294 -0.36 0.08)
(1.06 -0.36 0.08)
(-0.36 -0.32 0.08)
(-0.3182352941 -0.32 0.08)
(-0.2764705882 -0.32 0.08)
(-0.2347058824 -0.32 0.08)
(-0.1929411765 -0.32 0.08)
(-0.1511764706 -0.32 0.08)
(-0.1094117647 -0.32 0.08)
(-0.06764705882 -0.32 0.08)
(-0.02588235294 -0.32 0.08)
(0.01588235294 -0.32 0.08)
(0.05764705882 -0.32 0.08)
(0.09941176471 -0.32 0.08)
(0.1411764706 -0.32 0.08)
(0.1829411765 -0.32 0.08)
(0.2247058824 -0.32 0.08)
(0.2664705882 -0.32 0.08)
(0.3082352941 -0.32 0.08)
(0.35 -0.32 0.08)
(0.3917647059 -0.32 0.08)
(0.4335294118 -0.32 0.08)
(0.4752941176 -0.32 0.08)
(0.5170588235 -0.32 0.08)
(0.5588235294 -0.32 0.08)
(0.6005882353 -0.32 0.08)
(0.6423529412 -0.32 0.08)
(0.6841176471 -0.32 0.08)
(0.7258823529 -0.32 0.08)
(0.7676470588 -0.32 0.08)
(0.8094117647 -0.32 0.08)
(0.8511764706 -0.32 0.08)
(0.8929411765 -0.32 0.08)
(0.9347058824 -0.32 0.08)
(0.9764705882 -0.32 0.08)
(1.018235294 -0.32 0.08)
(1.06 -0.32 0.08)
(-0.36 -0.28 0.08)
(-0.3182352941 -0.28 0.08)
(-0.2764705882 -0.28 0.08)
(-0.2347058824 -0.28 0.08)
(-0.1929411765 -0.28 0.08)
(-0.1511764706 -0.28 0.08)
(-0.1094117647 -0.28 0.08)
(-0.06764705882 -0.28 0.08)
(-0.02588235294 -0.28 0.08)
(0.01588235294 -0.28 0.08)
(0.05764705882 -0.28 0.08)
(0.09941176471 -0.28 0.08)
(0.1411764706 -0.28 0.08)
(0.1829411765 -0.28 0.08)
(0.2247058824 -0.28 0.08)
(0.2664705882 -0.28 0.08)
(0.3082352941 -0.28 0.08)
(0.35 -0.28 0.08)
(0.3917647059 -0.28 0.08)
(0.4335294118 -0.28 0.08)
(0.4752941176 -0.28 0.08)
(0.5170588235 -0.28 0.08)
(0.5588235294 -0.28 0.08)
(0.6005882353 -0.28 0.08)
(0.6423529412 -0.28 0.08)
(0.6841176471 -0.28 0.08)
(0.7258823529 -0.28 0.08)
(0.7676470588 -0.28 0.08)
(0.8094117647 -0.28 0.08)
(0.8511764706 -0.28 0.08)
(0.8929411765 -0.28 0.08)
(0.9347058824 -0.28 0.08)
(0.9764705882 -0.28 0.08)
(1.018235294 -0.28 0.08)
(1.06 -0.28 0.08)
(-0.36 -0.24 0.08)
(-0.3182352941 -0.24 0.08)
(-0.2764705882 -0.24 0.08)
(-0.2347058824 -0.24 0.08)
(-0.1929411765 -0.24 0.08)
(-0.1511764706 -0.24 0.08)
(-0.1094117647 -0.24 0.08)
(-0.06764705882 -0.24 0.08)
(-0.02588235294 -0.24 0.08)
(0.01588235294 -0.24 0.08)
(0.05764705882 -0.24 0.08)
(0.09941176471 -0.24 0.08)
(0.1411764706 -0.24 0.08)
(0.1829411765 -0.24 0.08)
(0.2247058824 -0.24 0.08)
(0.2664705882 -0.24 0.08)
(0.3082352941 -0.24 0.08)
(0.35 -0.24 0.08)
(0.3917647059 -0.24 0.08)
(0.4335294118 -0.24 0.08)
(0.4752941176 -0.24 0.08)
(0.5170588235 -0.24 0.08)
(0.5588235294 -0.24 0.08)
(0.6005882353 -0.24 0.08)
(0.6423529412 -0.24 0.08)
(0.6841176471 -0.24 0.08)
(0.7258823529 -0.24 0.08)
(0.7676470588 -0.24 0.08)
(0.8094117647 -0.24 0.08)
(0.8511764706 -0.24 0.08)
(0.8929411765 -0.24 0.08)
(0.9347058824 -0.24 0.08)
(0.9764705882 -0.24 0.08)
(1.018235294 -0.24 0.08)
(1.06 -0.24 0.08)
(-0.36 -0.2 0.08)
(-0.3182352941 -0.2 0.08)
(-0.2764705882 -0.2 0.08)
(-0.2347058824 -0.2 0.08)
(-0.1929411765 -0.2 0.08)
(-0.1511764706 -0.2 0.08)
(-0.1094117647 -0.2 0.08)
(-0.06764705882 -0.2 0.08)
(-0.02588235294 -0.2 0.08)
(0.01588235294 -0.2 0.08)
(0.05764705882 -0.2 0.08)
(0.09941176471 -0.2 0.08)
(0.1411764706 -0.2 0.08)
(0.1829411765 -0.2 0.08)
(0.2247058824 -0.2 0.08)
(0.2664705882 -0.2 0.08)
(0.3082352941 -0.2 0.08)
(0.35 -0.2 0.08)
(0.3917647059 -0.2 0.08)
(0.4335294118 -0.2 0.08)
(0.4752941176 -0.2 0.08)
(0.5170588235 -0.2 0.08)
(0.5588235294 -0.2 0.08)
(0.6005882353 -0.2 0.08)
(0.6423529412 -0.2 0.08)
(0.6841176471 -0.2 0.08)
(0.7258823529 -0.2 0.08)
(0.7676470588 -0.2 0.08)
(0.8094117647 -0.2 0.08)
(0.8511764706 -0.2 0.08)
(0.8929411765 -0.2 0.08)
(0.9347058824 -0.2 0.08)
(0.9764705882 -0.2 0.08)
(1.018235294 -0.2 0.08)
(1.06 -0.2 0.08)
(-0.36 -0.16 0.08)
(-0.3182352941 -0.16 0.08)
(-0.2764705882 -0.16 0.08)
(-0.2347058824 -0.16 0.08)
(-0.1929411765 -0.16 0.08)
(-0.1511764706 -0.16 0.08)
(-0.1094117647 -0.16 0.08)
(-0.06764705882 -0.16 0.08)
(-0.02588235294 -0.16 0.08)
(0.01588235294 -0.16 0.08)
(0.05764705882 -0.16 0.08)
(0.09941176471 -0.16 0.08)
(0.1411764706 -0.16 0.08)
(0.1829411765 -0.16 0.08)
(0.2247058824 -0.16 0.08)
(0.2664705882 -0.16 0.08)
(0.3082352941 -0.16 0.08)
(0.35 -0.16 0.08)
(0.3917647059 -0.16 0.08)
(0.4335294118 -0.16 0.08)
(0.4752941176 -0.16 0.08)
(0.5170588235 -0.16 0.08)
(0.5588235294 -0.16 0.08)
(0.6005882353 -0.16 0.08)
(0.6423529412 -0.16 0.08)
(0.6841176471 -0.16 0.08)
(0.7258823529 -0.16 0.08)
(0.7676470588 -0.16 0.08)
(0.8094117647 -0.16 0.08)
(0.8511764706 -0.16 0.08)
(0.8929411765 -0.16 0.08)
(0.9347058824 -0.16 0.08)
(0.9764705882 -0.16 0.08)
(1.018235294 -0.16 0.08)
(1.06 -0.16 0.08)
(-0.36 -0.12 0.08)
(-0.3182352941 -0.12 0.08)
(-0.2764705882 -0.12 0.08)
(-0.2347058824 -0.12 0.08)
(-0.1929411765 -0.12 0.08)
(-0.1511764706 -0.12 0.08)
(-0.1094117647 -0.12 0.08)
(-0.06764705882 -0.12 0.08)
(-0.02588235294 -0.12 0.08)
(0.01588235294 -0.12 0.08)
(0.05764705882 -0.12 0.08)
(0.09941176471 -0.12 0.08)
(0.1411764706 -0.12 0.08)
(0.1829411765 -0.12 0.08)
(0.2247058824 -0.12 0.08)
(0.2664705882 -0.12 0.08)
(0.3082352941 -0.12 0.08)
(0.35 -0.12 0.08)
(0.3917647059 -0.12 0.08)
(0.4335294118 -0.12 0.08)
(0.4752941176 -0.12 0.08)
(0.5170588235 -0.12 0.08)
(0.5588235294 -0.12 0.08)
(0.6005882353 -0.12 0.08)
(0.6423529412 -0.12 0.08)
(0.6841176471 -0.12 0.08)
(0.7258823529 -0.12 0.08)
(0.7676470588 -0.12 0.08)
(0.8094117647 -0.12 0.08)
(0.8511764706 -0.12 0.08)
(0.8929411765 -0.12 0.08)
(0.9347058824 -0.12 0.08)
(0.9764705882 -0.12 0.08)
(1.018235294 -0.12 0.08)
(1.06 -0.12 0.08)
(-0.36 -0.08 0.08)
(-0.3182352941 -0.08 0.08)
(-0.2764705882 -0.08 0.08)
(-0.2347058824 -0.08 0.08)
(-0.1929411765 -0.08 0.08)
(-0.1511764706 -0.08 0.08)
(-0.1094117647 -0.08 0.08)
(-0.06764705882 -0.08 0.08)
(-0.02588235294 -0.08 0.08)
(0.01588235294 -0.08 0.08)
(0.05764705882 -0.08 0.08)
(0.09941176471 -0.08 0.08)
(0.1411764706 -0.08 0.08)
(0.1829411765 -0.08 0.08)
(0.2247058824 -0.08 0.08)
(0.2664705882 -0.08 0.08)
(0.3082352941 -0.08 0.08)
(0.35 -0.08 0.08)
(0.3917647059 -0.08 0.08)
(0.4335294118 -0.08 0.08)
(0.4752941176 -0.08 0.08)
(0.5170588235 -0.08 0.08)
(0.5588235294 -0.08 0.08)
(0.6005882353 -0.08 0.08)
(0.6423529412 -0.08 0.08)
(0.6841176471 -0.08 0.08)
(0.7258823529 -0.08 0.08)
(0.7676470588 -0.08 0.08)
(0.8094117647 -0.08 0.08)
(0.8511764706 -0.08 0.08)
(0.8929411765 -0.08 0.08)
(0.9347058824 -0.08 0.08)
(0.9764705882 -0.08 0.08)
(1.018235294 -0.08 0.08)
(1.06 -0.08 0.08)
(-0.36 -0.04 0.08)
(-0.3182352941 -0.04 0.08)
(-0.2764705882 -0.04 0.08)
(-0.2347058824 -0.04 0.08)
(-0.1929411765 -0.04 0.08)
(-0.1511764706 -0.04 0.08)
(-0.1094117647 -0.04 0.08)
(-0.06764705882 -0.04 0.08)
(-0.02588235294 -0.04 0.08)
(0.01588235294 -0.04 0.08)
(0.05764705882 -0.04 0.08)
(0.09941176471 -0.04 0.08)
(0.1411764706 -0.04 0.08)
(0.1829411765 -0.04 0.08)
(0.2247058824 -0.04 0.08)
(0.2664705882 -0.04 0.08)
(0.3082352941 -0.04 0.08)
(0.35 -0.04 0.08)
(0.3917647059 -0.04 0.08)
(0.4335294118 -0.04 0.08)
(0.4752941176 -0.04 0.08)
(0.5170588235 -0.04 0.08)
(0.5588235294 -0.04 0.08)
(0.6005882353 -0.04 0.08)
(0.6423529412 -0.04 0.08)
(0.6841176471 -0.04 0.08)
(0.7258823529 -0.04 0.08)
(0.7676470588 -0.04 0.08)
(0.8094117647 -0.04 0.08)
(0.8511764706 -0.04 0.08)
(0.8929411765 -0.04 0.08)
(0.9347058824 -0.04 0.08)
(0.9764705882 -0.04 0.08)
(1.018235294 -0.04 0.08)
(1.06 -0.04 0.08)
(-0.36 0 0.08)
(-0.3182352941 0 0.08)
(-0.2764705882 0 0.08)
(-0.2347058824 -9.251858539e-18 0.08)
(-0.1929411765 0 0.08)
(-0.1511764706 0 0.08)
(-0.1094117647 0 0.08)
(-0.06764705882 0 0.08)
(-0.02588235294 0 0.08)
(0.01588235294 0 0.08)
(0.05764705882 0 0.08)
(0.09941176471 0 0.08)
(0.1411764706 0 0.08)
(0.1829411765 0 0.08)
(0.2247058824 0 0.08)
(0.2664705882 0 0.08)
(0.3082352941 0 0.08)
(0.35 0 0.08)
(0.3917647059 0 0.08)
(0.4335294118 0 0.08)
(0.4752941176 0 0.08)
(0.5170588235 0 0.08)
(0.5588235294 0 0.08)
(0.6005882353 0 0.08)
(0.6423529412 4.625929269e-18 0.08)
(0.6841176471 0 0.08)
(0.7258823529 0 0.08)
(0.7676470588 -4.625929269e-18 0.08)
(0.8094117647 0 0.08)
(0.8511764706 -3.469446952e-18 0.08)
(0.8929411765 0 0.08)
(0.9347058824 -4.625929269e-18 0.08)
(0.9764705882 0 0.08)
(1.018235294 -4.047688111e-18 0.08)
(1.06 0 0.08)
(-0.36 0.04 0.08)
(-0.3182352941 0.04 0.08)
(-0.2764705882 0.04 0.08)
(-0.2347058824 0.04 0.08)
(-0.1929411765 0.04 0.08)
(-0.1511764706 0.04 0.08)
(-0.1094117647 0.04 0.08)
(-0.06764705882 0.04 0.08)
(-0.02588235294 0.04 0.08)
(0.01588235294 0.04 0.08)
(0.05764705882 0.04 0.08)
(0.09941176471 0.04 0.08)
(0.1411764706 0.04 0.08)
(0.1829411765 0.04 0.08)
(0.2247058824 0.04 0.08)
(0.2664705882 0.04 0.08)
(0.3082352941 0.04 0.08)
(0.35 0.04 0.08)
(0.3917647059 0.04 0.08)
(0.4335294118 0.04 0.08)
(0.4752941176 0.04 0.08)
(0.5170588235 0.04 0.08)
(0.5588235294 0.04 0.08)
(0.6005882353 0.04 0.08)
(0.6423529412 0.04 0.08)
(0.6841176471 0.04 0.08)
(0.7258823529 0.04 0.08)
(0.7676470588 0.04 0.08)
(0.8094117647 0.04 0.08)
(0.8511764706 0.04 0.08)
(0.8929411765 0.04 0.08)
(0.9347058824 0.04 0.08)
(0.9764705882 0.04 0.08)
(1.018235294 0.04 0.08)
(1.06 0.04 0.08)
(-0.36 0.08 0.08)
(-0.3182352941 0.08 0.08)
(-0.2764705882 0.08 0.08)
(-0.2347058824 0.08 0.08)
(-0.1929411765 0.08 0.08)
(-0.1511764706 0.08 0.08)
(-0.1094117647 0.08 0.08)
(-0.06764705882 0.08 0.08)
(-0.02588235294 0.08 0.08)
(0.01588235294 0.08 0.08)
(0.05764705882 0.08 0.08)
(0.09941176471 0.08 0.08)
(0.1411764706 0.08 0.08)
(0.1829411765 0.08 0.08)
(0.2247058824 0.08 0.08)
(0.2664705882 0.08 0.08)
(0.3082352941 0.08 0.08)
(0.35 0.08 0.08)
(0.3917647059 0.08 0.08)
(0.4335294118 0.08 0.08)
(0.4752941176 0.08 0.08)
(0.5170588235 0.08 0.08)
(0.5588235294 0.08 0.08)
(0.6005882353 0.08 0.08)
(0.6423529412 0.08 0.08)
(0.6841176471 0.08 0.08)
(0.7258823529 0.08 0.08)
(0.7676470588 0.08 0.08)
(0.8094117647 0.08 0.08)
(0.8511764706 0.08 0.08)
(0.8929411765 0.08 0.08)
(0.9347058824 0.08 0.08)
(0.9764705882 0.08 0.08)
(1.018235294 0.08 0.08)
(1.06 0.08 0.08)
(-0.36 0.12 0.08)
(-0.3182352941 0.12 0.08)
(-0.2764705882 0.12 0.08)
(-0.2347058824 0.12 0.08)
(-0.1929411765 0.12 0.08)
(-0.1511764706 0.12 0.08)
(-0.1094117647 0.12 0.08)
(-0.06764705882 0.12 0.08)
(-0.02588235294 0.12 0.08)
(0.01588235294 0.12 0.08)
(0.05764705882 0.12 0.08)
(0.09941176471 0.12 0.08)
(0.1411764706 0.12 0.08)
(0.1829411765 0.12 0.08)
(0.2247058824 0.12 0.08)
(0.2664705882 0.12 0.08)
(0.3082352941 0.12 0.08)
(0.35 0.12 0.08)
(0.3917647059 0.12 0.08)
(0.4335294118 0.12 0.08)
(0.4752941176 0.12 0.08)
(0.5170588235 0.12 0.08)
(0.5588235294 0.12 0.08)
(0.6005882353 0.12 0.08)
(0.6423529412 0.12 0.08)
(0.6841176471 0.12 0.08)
(0.7258823529 0.12 0.08)
(0.7676470588 0.12 0.08)
(0.8094117647 0.12 0.08)
(0.8511764706 0.12 0.08)
(0.8929411765 0.12 0.08)
(0.9347058824 0.12 0.08)
(0.9764705882 0.12 0.08)
(1.018235294 0.12 0.08)
(1.06 0.12 0.08)
(-0.36 0.16 0.08)
(-0.3182352941 0.16 0.08)
(-0.2764705882 0.16 0.08)
(-0.2347058824 0.16 0.08)
(-0.1929411765 0.16 0.08)
(-0.1511764706 0.16 0.08)
(-0.1094117647 0.16 0.08)
(-0.06764705882 0.16 0.08)
(-0.02588235294 0.16 0.08)
(0.01588235294 0.16 0.08)
(0.05764705882 0.16 0.08)
(0.09941176471 0.16 0.08)
(0.1411764706 0.16 0.08)
(0.1829411765 0.16 0.08)
(0.2247058824 0.16 0.08)
(0.2664705882 0.16 0.08)
(0.3082352941 0.16 0.08)
(0.35 0.16 0.08)
(0.3917647059 0.16 0.08)
(0.4335294118 0.16 0.08)
(0.4752941176 0.16 0.08)
(0.5170588235 0.16 0.08)
(0.5588235294 0.16 0.08)
(0.6005882353 0.16 0.08)
(0.6423529412 0.16 0.08)
(0.6841176471 0.16 0.08)
(0.7258823529 0.16 0.08)
(0.7676470588 0.16 0.08)
(0.8094117647 0.16 0.08)
(0.8511764706 0.16 0.08)
(0.8929411765 0.16 0.08)
(0.9347058824 0.16 0.08)
(0.9764705882 0.16 0.08)
(1.018235294 0.16 0.08)
(1.06 0.16 0.08)
(-0.36 0.2 0.08)
(-0.3182352941 0.2 0.08)
(-0.2764705882 0.2 0.08)
(-0.2347058824 0.2 0.08)
(-0.1929411765 0.2 0.08)
(-0.1511764706 0.2 0.08)
(-0.1094117647 0.2 0.08)
(-0.06764705882 0.2 0.08)
(-0.02588235294 0.2 0.08)
(0.01588235294 0.2 0.08)
(0.05764705882 0.2 0.08)
(0.09941176471 0.2 0.08)
(0.1411764706 0.2 0.08)
(0.1829411765 0.2 0.08)
(0.2247058824 0.2 0.08)
(0.2664705882 0.2 0.08)
(0.3082352941 0.2 0.08)
(0.35 0.2 0.08)
(0.3917647059 0.2 0.08)
(0.4335294118 0.2 0.08)
(0.4752941176 0.2 0.08)
(0.5170588235 0.2 0.08)
(0.5588235294 0.2 0.08)
(0.6005882353 0.2 0.08)
(0.6423529412 0.2 0.08)
(0.6841176471 0.2 0.08)
(0.7258823529 0.2 0.08)
(0.7676470588 0.2 0.08)
(0.8094117647 0.2 0.08)
(0.8511764706 0.2 0.08)
(0.8929411765 0.2 0.08)
(0.9347058824 0.2 0.08)
(0.9764705882 0.2 0.08)
(1.018235294 0.2 0.08)
(1.06 0.2 0.08)
(-0.36 0.24 0.08)
(-0.3182352941 0.24 0.08)
(-0.2764705882 0.24 0.08)
(-0.2347058824 0.24 0.08)
(-0.1929411765 0.24 0.08)
(-0.1511764706 0.24 0.08)
(-0.1094117647 0.24 0.08)
(-0.06764705882 0.24 0.08)
(-0.02588235294 0.24 0.08)
(0.01588235294 0.24 0.08)
(0.05764705882 0.24 0.08)
(0.09941176471 0.24 0.08)
(0.1411764706 0.24 0.08)
(0.1829411765 0.24 0.08)
(0.2247058824 0.24 0.08)
(0.2664705882 0.24 0.08)
(0.3082352941 0.24 0.08)
(0.35 0.24 0.08)
(0.3917647059 0.24 0.08)
(0.4335294118 0.24 0.08)
(0.4752941176 0.24 0.08)
(0.5170588235 0.24 0.08)
(0.5588235294 0.24 0.08)
(0.6005882353 0.24 0.08)
(0.6423529412 0.24 0.08)
(0.6841176471 0.24 0.08)
(0.7258823529 0.24 0.08)
(0.7676470588 0.24 0.08)
(0.8094117647 0.24 0.08)
(0.8511764706 0.24 0.08)
(0.8929411765 0.24 0.08)
(0.9347058824 0.24 0.08)
(0.9764705882 0.24 0.08)
(1.018235294 0.24 0.08)
(1.06 0.24 0.08)
(-0.36 0.28 0.08)
(-0.3182352941 0.28 0.08)
(-0.2764705882 0.28 0.08)
(-0.2347058824 0.28 0.08)
(-0.1929411765 0.28 0.08)
(-0.1511764706 0.28 0.08)
(-0.1094117647 0.28 0.08)
(-0.06764705882 0.28 0.08)
(-0.02588235294 0.28 0.08)
(0.01588235294 0.28 0.08)
(0.05764705882 0.28 0.08)
(0.09941176471 0.28 0.08)
(0.1411764706 0.28 0.08)
(0.1829411765 0.28 0.08)
(0.2247058824 0.28 0.08)
(0.2664705882 0.28 0.08)
(0.3082352941 0.28 0.08)
(0.35 0.28 0.08)
(0.3917647059 0.28 0.08)
(0.4335294118 0.28 0.08)
(0.4752941176 0.28 0.08)
(0.5170588235 0.28 0.08)
(0.5588235294 0.28 0.08)
(0.6005882353 0.28 0.08)
(0.6423529412 0.28 0.08)
(0.6841176471 0.28 0.08)
(0.7258823529 0.28 0.08)
(0.7676470588 0.28 0.08)
(0.8094117647 0.28 0.08)
(0.8511764706 0.28 0.08)
(0.8929411765 0.28 0.08)
(0.9347058824 0.28 0.08)
(0.9764705882 0.28 0.08)
(1.018235294 0.28 0.08)
(1.06 0.28 0.08)
(-0.36 0.32 0.08)
(-0.3182352941 0.32 0.08)
(-0.2764705882 0.32 0.08)
(-0.2347058824 0.32 0.08)
(-0.1929411765 0.32 0.08)
(-0.1511764706 0.32 0.08)
(-0.1094117647 0.32 0.08)
(-0.06764705882 0.32 0.08)
(-0.02588235294 0.32 0.08)
(0.01588235294 0.32 0.08)
(0.05764705882 0.32 0.08)
(0.09941176471 0.32 0.08)
(0.1411764706 0.32 0.08)
(0.1829411765 0.32 0.08)
(0.2247058824 0.32 0.08)
(0.2664705882 0.32 0.08)
(0.3082352941 0.32 0.08)
(0.35 0.32 0.08)
(0.3917647059 0.32 0.08)
(0.4335294118 0.32 0.08)
(0.4752941176 0.32 0.08)
(0.5170588235 0.32 0.08)
(0.5588235294 0.32 0.08)
(0.6005882353 0.32 0.08)
(0.6423529412 0.32 0.08)
(0.6841176471 0.32 0.08)
(0.7258823529 0.32 0.08)
(0.7676470588 0.32 0.08)
(0.8094117647 0.32 0.08)
(0.8511764706 0.32 0.08)
(0.8929411765 0.32 0.08)
(0.9347058824 0.32 0.08)
(0.9764705882 0.32 0.08)
(1.018235294 0.32 0.08)
(1.06 0.32 0.08)
(-0.36 0.36 0.08)
(-0.3182352941 0.36 0.08)
(-0.2764705882 0.36 0.08)
(-0.2347058824 0.36 0.08)
(-0.1929411765 0.36 0.08)
(-0.1511764706 0.36 0.08)
(-0.1094117647 0.36 0.08)
(-0.06764705882 0.36 0.08)
(-0.02588235294 0.36 0.08)
(0.01588235294 0.36 0.08)
(0.05764705882 0.36 0.08)
(0.09941176471 0.36 0.08)
(0.1411764706 0.36 0.08)
(0.1829411765 0.36 0.08)
(0.2247058824 0.36 0.08)
(0.2664705882 0.36 0.08)
(0.3082352941 0.36 0.08)
(0.35 0.36 0.08)
(0.3917647059 0.36 0.08)
(0.4335294118 0.36 0.08)
(0.4752941176 0.36 0.08)
(0.5170588235 0.36 0.08)
(0.5588235294 0.36 0.08)
(0.6005882353 0.36 0.08)
(0.6423529412 0.36 0.08)
(0.6841176471 0.36 0.08)
(0.7258823529 0.36 0.08)
(0.7676470588 0.36 0.08)
(0.8094117647 0.36 0.08)
(0.8511764706 0.36 0.08)
(0.8929411765 0.36 0.08)
(0.9347058824 0.36 0.08)
(0.9764705882 0.36 0.08)
(1.018235294 0.36 0.08)
(1.06 0.36 0.08)
(-0.36 -0.36 0.12)
(-0.3182352941 -0.36 0.12)
(-0.2764705882 -0.36 0.12)
(-0.2347058824 -0.36 0.12)
(-0.1929411765 -0.36 0.12)
(-0.1511764706 -0.36 0.12)
(-0.1094117647 -0.36 0.12)
(-0.06764705882 -0.36 0.12)
(-0.02588235294 -0.36 0.12)
(0.01588235294 -0.36 0.12)
(0.05764705882 -0.36 0.12)
(0.09941176471 -0.36 0.12)
(0.1411764706 -0.36 0.12)
(0.1829411765 -0.36 0.12)
(0.2247058824 -0.36 0.12)
(0.2664705882 -0.36 0.12)
(0.3082352941 -0.36 0.12)
(0.35 -0.36 0.12)
(0.3917647059 -0.36 0.12)
(0.4335294118 -0.36 0.12)
(0.4752941176 -0.36 0.12)
(0.5170588235 -0.36 0.12)
(0.5588235294 -0.36 0.12)
(0.6005882353 -0.36 0.12)
(0.6423529412 -0.36 0.12)
(0.6841176471 -0.36 0.12)
(0.7258823529 -0.36 0.12)
(0.7676470588 -0.36 0.12)
(0.8094117647 -0.36 0.12)
(0.8511764706 -0.36 0.12)
(0.8929411765 -0.36 0.12)
(0.9347058824 -0.36 0.12)
(0.9764705882 -0.36 0.12)
(1.018235294 -0.36 0.12)
(1.06 -0.36 0.12)
(-0.36 -0.32 0.12)
(-0.3182352941 -0.32 0.12)
(-0.2764705882 -0.32 0.12)
(-0.2347058824 -0.32 0.12)
(-0.1929411765 -0.32 0.12)
(-0.1511764706 -0.32 0.12)
(-0.1094117647 -0.32 0.12)
(-0.06764705882 -0.32 0.12)
(-0.02588235294 -0.32 0.12)
(0.01588235294 -0.32 0.12)
(0.05764705882 -0.32 0.12)
(0.09941176471 -0.32 0.12)
(0.1411764706 -0.32 0.12)
(0.1829411765 -0.32 0.12)
(0.2247058824 -0.32 0.12)
(0.2664705882 -0.32 0.12)
(0.3082352941 -0.32 0.12)
(0.35 -0.32 0.12)
(0.3917647059 -0.32 0.12)
(0.4335294118 -0.32 0.12)
(0.4752941176 -0.32 0.12)
(0.5170588235 -0.32 0.12)
(0.5588235294 -0.32 0.12)
(0.6005882353 -0.32 0.12)
(0.6423529412 -0.32 0.12)
(0.6841176471 -0.32 0.12)
(0.7258823529 -0.32 0.12)
(0.7676470588 -0.32 0.12)
(0.8094117647 -0.32 0.12)
(0.8511764706 -0.32 0.12)
(0.8929411765 -0.32 0.12)
(0.9347058824 -0.32 0.12)
(0.9764705882 -0.32 0.12)
(1.018235294 -0.32 0.12)
(1.06 -0.32 0.12)
(-0.36 -0.28 0.12)
(-0.3182352941 -0.28 0.12)
(-0.2764705882 -0.28 0.12)
(-0.2347058824 -0.28 0.12)
(-0.1929411765 -0.28 0.12)
(-0.1511764706 -0.28 0.12)
(-0.1094117647 -0.28 0.12)
(-0.06764705882 -0.28 0.12)
(-0.02588235294 -0.28 0.12)
(0.01588235294 -0.28 0.12)
(0.05764705882 -0.28 0.12)
(0.09941176471 -0.28 0.12)
(0.1411764706 -0.28 0.12)
(0.1829411765 -0.28 0.12)
(0.2247058824 -0.28 0.12)
(0.2664705882 -0.28 0.12)
(0.3082352941 -0.28 0.12)
(0.35 -0.28 0.12)
(0.3917647059 -0.28 0.12)
(0.4335294118 -0.28 0.12)
(0.4752941176 -0.28 0.12)
(0.5170588235 -0.28 0.12)
(0.5588235294 -0.28 0.12)
(0.6005882353 -0.28 0.12)
(0.6423529412 -0.28 0.12)
(0.6841176471 -0.28 0.12)
(0.7258823529 -0.28 0.12)
(0.7676470588 -0.28 0.12)
(0.8094117647 -0.28 0.12)
(0.8511764706 -0.28 0.12)
(0.8929411765 -0.28 0.12)
(0.9347058824 -0.28 0.12)
(0.9764705882 -0.28 0.12)
(1.018235294 -0.28 0.12)
(1.06 -0.28 0.12)
(-0.36 -0.24 0.12)
(-0.3182352941 -0.24 0.12)
(-0.2764705882 -0.24 0.12)
(-0.2347058824 -0.24 0.12)
(-0.1929411765 -0.24 0.12)
(-0.1511764706 -0.24 0.12)
(-0.1094117647 -0.24 0.12)
(-0.06764705882 -0.24 0.12)
(-0.02588235294 -0.24 0.12)
(0.01588235294 -0.24 0.12)
(0.05764705882 -0.24 0.12)
(0.09941176471 -0.24 0.12)
(0.1411764706 -0.24 0.12)
(0.1829411765 -0.24 0.12)
(0.2247058824 -0.24 0.12)
(0.2664705882 -0.24 0.12)
(0.3082352941 -0.24 0.12)
(0.35 -0.24 0.12)
(0.3917647059 -0.24 0.12)
(0.4335294118 -0.24 0.12)
(0.4752941176 -0.24 0.12)
(0.5170588235 -0.24 0.12)
(0.5588235294 -0.24 0.12)
(0.6005882353 -0.24 0.12)
(0.6423529412 -0.24 0.12)
(0.6841176471 -0.24 0.12)
(0.7258823529 -0.24 0.12)
(0.7676470588 -0.24 0.12)
(0.8094117647 -0.24 0.12)
(0.8511764706 -0.24 0.12)
(0.8929411765 -0.24 0.12)
(0.9347058824 -0.24 0.12)
(0.9764705882 -0.24 0.12)
(1.018235294 -0.24 0.12)
(1.06 -0.24 0.12)
(-0.36 -0.2 0.12)
(-0.3182352941 -0.2 0.12)
(-0.2764705882 -0.2 0.12)
(-0.2347058824 -0.2 0.12)
(-0.1929411765 -0.2 0.12)
(-0.1511764706 -0.2 0.12)
(-0.1094117647 -0.2 0.12)
(-0.06764705882 -0.2 0.12)
(-0.02588235294 -0.2 0.12)
(0.01588235294 -0.2 0.12)
(0.05764705882 -0.2 0.12)
(0.09941176471 -0.2 0.12)
(0.1411764706 -0.2 0.12)
(0.1829411765 -0.2 0.12)
(0.2247058824 -0.2 0.12)
(0.2664705882 -0.2 0.12)
(0.3082352941 -0.2 0.12)
(0.35 -0.2 0.12)
(0.3917647059 -0.2 0.12)
(0.4335294118 -0.2 0.12)
(0.4752941176 -0.2 0.12)
(0.5170588235 -0.2 0.12)
(0.5588235294 -0.2 0.12)
(0.6005882353 -0.2 0.12)
(0.6423529412 -0.2 0.12)
(0.6841176471 -0.2 0.12)
(0.7258823529 -0.2 0.12)
(0.7676470588 -0.2 0.12)
(0.8094117647 -0.2 0.12)
(0.8511764706 -0.2 0.12)
(0.8929411765 -0.2 0.12)
(0.9347058824 -0.2 0.12)
(0.9764705882 -0.2 0.12)
(1.018235294 -0.2 0.12)
(1.06 -0.2 0.12)
(-0.36 -0.16 0.12)
(-0.3182352941 -0.16 0.12)
(-0.2764705882 -0.16 0.12)
(-0.2347058824 -0.16 0.12)
(-0.1929411765 -0.16 0.12)
(-0.1511764706 -0.16 0.12)
(-0.1094117647 -0.16 0.12)
(-0.06764705882 -0.16 0.12)
(-0.02588235294 -0.16 0.12)
(0.01588235294 -0.16 0.12)
(0.05764705882 -0.16 0.12)
(0.09941176471 -0.16 0.12)
(0.1411764706 -0.16 0.12)
(0.1829411765 -0.16 0.12)
(0.2247058824 -0.16 0.12)
(0.2664705882 -0.16 0.12)
(0.3082352941 -0.16 0.12)
(0.35 -0.16 0.12)
(0.3917647059 -0.16 0.12)
(0.4335294118 -0.16 0.12)
(0.4752941176 -0.16 0.12)
(0.5170588235 -0.16 0.12)
(0.5588235294 -0.16 0.12)
(0.6005882353 -0.16 0.12)
(0.6423529412 -0.16 0.12)
(0.6841176471 -0.16 0.12)
(0.7258823529 -0.16 0.12)
(0.7676470588 -0.16 0.12)
(0.8094117647 -0.16 0.12)
(0.8511764706 -0.16 0.12)
(0.8929411765 -0.16 0.12)
(0.9347058824 -0.16 0.12)
(0.9764705882 -0.16 0.12)
(1.018235294 -0.16 0.12)
(1.06 -0.16 0.12)
(-0.36 -0.12 0.12)
(-0.3182352941 -0.12 0.12)
(-0.2764705882 -0.12 0.12)
(-0.2347058824 -0.12 0.12)
(-0.1929411765 -0.12 0.12)
(-0.1511764706 -0.12 0.12)
(-0.1094117647 -0.12 0.12)
(-0.06764705882 -0.12 0.12)
(-0.02588235294 -0.12 0.12)
(0.01588235294 -0.12 0.12)
(0.05764705882 -0.12 0.12)
(0.09941176471 -0.12 0.12)
(0.1411764706 -0.12 0.12)
(0.1829411765 -0.12 0.12)
(0.2247058824 -0.12 0.12)
(0.2664705882 -0.12 0.12)
(0.3082352941 -0.12 0.12)
(0.35 -0.12 0.12)
(0.3917647059 -0.12 0.12)
(0.4335294118 -0.12 0.12)
(0.4752941176 -0.12 0.12)
(0.5170588235 -0.12 0.12)
(0.5588235294 -0.12 0.12)
(0.6005882353 -0.12 0.12)
(0.6423529412 -0.12 0.12)
(0.6841176471 -0.12 0.12)
(0.7258823529 -0.12 0.12)
(0.7676470588 -0.12 0.12)
(0.8094117647 -0.12 0.12)
(0.8511764706 -0.12 0.12)
(0.8929411765 -0.12 0.12)
(0.9347058824 -0.12 0.12)
(0.9764705882 -0.12 0.12)
(1.018235294 -0.12 0.12)
(1.06 -0.12 0.12)
(-0.36 -0.08 0.12)
(-0.3182352941 -0.08 0.12)
(-0.2764705882 -0.08 0.12)
(-0.2347058824 -0.08 0.12)
(-0.1929411765 -0.08 0.12)
(-0.1511764706 -0.08 0.12)
(-0.1094117647 -0.08 0.12)
(-0.06764705882 -0.08 0.12)
(-0.02588235294 -0.08 0.12)
(0.01588235294 -0.08 0.12)
(0.05764705882 -0.08 0.12)
(0.09941176471 -0.08 0.12)
(0.1411764706 -0.08 0.12)
(0.1829411765 -0.08 0.12)
(0.2247058824 -0.08 0.12)
(0.2664705882 -0.08 0.12)
(0.3082352941 -0.08 0.12)
(0.35 -0.08 0.12)
(0.3917647059 -0.08 0.12)
(0.4335294118 -0.08 0.12)
(0.4752941176 -0.08 0.12)
(0.5170588235 -0.08 0.12)
(0.5588235294 -0.08 0.12)
(0.6005882353 -0.08 0.12)
(0.6423529412 -0.08 0.12)
(0.6841176471 -0.08 0.12)
(0.7258823529 -0.08 0.12)
(0.7676470588 -0.08 0.12)
(0.8094117647 -0.08 0.12)
(0.8511764706 -0.08 0.12)
(0.8929411765 -0.08 0.12)
(0.9347058824 -0.08 0.12)
(0.9764705882 -0.08 0.12)
(1.018235294 -0.08 0.12)
(1.06 -0.08 0.12)
(-0.36 -0.04 0.12)
(-0.3182352941 -0.04 0.12)
(-0.2764705882 -0.04 0.12)
(-0.2347058824 -0.04 0.12)
(-0.1929411765 -0.04 0.12)
(-0.1511764706 -0.04 0.12)
(-0.1094117647 -0.04 0.12)
(-0.06764705882 -0.04 0.12)
(-0.02588235294 -0.04 0.12)
(0.01588235294 -0.04 0.12)
(0.05764705882 -0.04 0.12)
(0.09941176471 -0.04 0.12)
(0.1411764706 -0.04 0.12)
(0.1829411765 -0.04 0.12)
(0.2247058824 -0.04 0.12)
(0.2664705882 -0.04 0.12)
(0.3082352941 -0.04 0.12)
(0.35 -0.04 0.12)
(0.3917647059 -0.04 0.12)
(0.4335294118 -0.04 0.12)
(0.4752941176 -0.04 0.12)
(0.5170588235 -0.04 0.12)
(0.5588235294 -0.04 0.12)
(0.6005882353 -0.04 0.12)
(0.6423529412 -0.04 0.12)
(0.6841176471 -0.04 0.12)
(0.7258823529 -0.04 0.12)
(0.7676470588 -0.04 0.12)
(0.8094117647 -0.04 0.12)
(0.8511764706 -0.04 0.12)
(0.8929411765 -0.04 0.12)
(0.9347058824 -0.04 0.12)
(0.9764705882 -0.04 0.12)
(1.018235294 -0.04 0.12)
(1.06 -0.04 0.12)
(-0.36 0 0.12)
(-0.3182352941 0 0.12)
(-0.2764705882 0 0.12)
(-0.2347058824 -9.251858539e-18 0.12)
(-0.1929411765 0 0.12)
(-0.1511764706 0 0.12)
(-0.1094117647 0 0.12)
(-0.06764705882 0 0.12)
(-0.02588235294 0 0.12)
(0.01588235294 0 0.12)
(0.05764705882 0 0.12)
(0.09941176471 0 0.12)
(0.1411764706 0 0.12)
(0.1829411765 0 0.12)
(0.2247058824 0 0.12)
(0.2664705882 0 0.12)
(0.3082352941 0 0.12)
(0.35 0 0.12)
(0.3917647059 0 0.12)
(0.4335294118 0 0.12)
(0.4752941176 0 0.12)
(0.5170588235 0 0.12)
(0.5588235294 0 0.12)
(0.6005882353 0 0.12)
(0.6423529412 4.625929269e-18 0.12)
(0.6841176471 0 0.12)
(0.7258823529 0 0.12)
(0.7676470588 -4.625929269e-18 0.12)
(0.8094117647 0 0.12)
(0.8511764706 -3.469446952e-18 0.12)
(0.8929411765 0 0.12)
(0.9347058824 -4.625929269e-18 0.12)
(0.9764705882 0 0.12)
(1.018235294 -4.047688111e-18 0.12)
(1.06 0 0.12)
(-0.36 0.04 0.12)
(-0.3182352941 0.04 0.12)
(-0.2764705882 0.04 0.12)
(-0.2347058824 0.04 0.12)
(-0.1929411765 0.04 0.12)
(-0.1511764706 0.04 0.12)
(-0.1094117647 0.04 0.12)
(-0.06764705882 0.04 0.12)
(-0.02588235294 0.04 0.12)
(0.01588235294 0.04 0.12)
(0.05764705882 0.04 0.12)
(0.09941176471 0.04 0.12)
(0.1411764706 0.04 0.12)
(0.1829411765 0.04 0.12)
(0.2247058824 0.04 0.12)
(0.2664705882 0.04 0.12)
(0.3082352941 0.04 0.12)
(0.35 0.04 0.12)
(0.3917647059 0.04 0.12)
(0.4335294118 0.04 0.12)
(0.4752941176 0.04 0.12)
(0.5170588235 0.04 0.12)
(0.5588235294 0.04 0.12)
(0.6005882353 0.04 0.12)
(0.6423529412 0.04 0.12)
(0.6841176471 0.04 0.12)
(0.7258823529 0.04 0.12)
(0.7676470588 0.04 0.12)
(0.8094117647 0.04 0.12)
(0.8511764706 0.04 0.12)
(0.8929411765 0.04 0.12)
(0.9347058824 0.04 0.12)
(0.9764705882 0.04 0.12)
(1.018235294 0.04 0.12)
(1.06 0.04 0.12)
(-0.36 0.08 0.12)
(-0.3182352941 0.08 0.12)
(-0.2764705882 0.08 0.12)
(-0.2347058824 0.08 0.12)
(-0.1929411765 0.08 0.12)
(-0.1511764706 0.08 0.12)
(-0.1094117647 0.08 0.12)
(-0.06764705882 0.08 0.12)
(-0.02588235294 0.08 0.12)
(0.01588235294 0.08 0.12)
(0.05764705882 0.08 0.12)
(0.09941176471 0.08 0.12)
(0.1411764706 0.08 0.12)
(0.1829411765 0.08 0.12)
(0.2247058824 0.08 0.12)
(0.2664705882 0.08 0.12)
(0.3082352941 0.08 0.12)
(0.35 0.08 0.12)
(0.3917647059 0.08 0.12)
(0.4335294118 0.08 0.12)
(0.4752941176 0.08 0.12)
(0.5170588235 0.08 0.12)
(0.5588235294 0.08 0.12)
(0.6005882353 0.08 0.12)
(0.6423529412 0.08 0.12)
(0.6841176471 0.08 0.12)
(0.7258823529 0.08 0.12)
(0.7676470588 0.08 0.12)
(0.8094117647 0.08 0.12)
(0.8511764706 0.08 0.12)
(0.8929411765 0.08 0.12)
(0.9347058824 0.08 0.12)
(0.9764705882 0.08 0.12)
(1.018235294 0.08 0.12)
(1.06 0.08 0.12)
(-0.36 0.12 0.12)
(-0.3182352941 0.12 0.12)
(-0.2764705882 0.12 0.12)
(-0.2347058824 0.12 0.12)
(-0.1929411765 0.12 0.12)
(-0.1511764706 0.12 0.12)
(-0.1094117647 0.12 0.12)
(-0.06764705882 0.12 0.12)
(-0.02588235294 0.12 0.12)
(0.01588235294 0.12 0.12)
(0.05764705882 0.12 0.12)
(0.09941176471 0.12 0.12)
(0.1411764706 0.12 0.12)
(0.1829411765 0.12 0.12)
(0.2247058824 0.12 0.12)
(0.2664705882 0.12 0.12)
(0.3082352941 0.12 0.12)
(0.35 0.12 0.12)
(0.3917647059 0.12 0.12)
(0.4335294118 0.12 0.12)
(0.4752941176 0.12 0.12)
(0.5170588235 0.12 0.12)
(0.5588235294 0.12 0.12)
(0.6005882353 0.12 0.12)
(0.6423529412 0.12 0.12)
(0.6841176471 0.12 0.12)
(0.7258823529 0.12 0.12)
(0.7676470588 0.12 0.12)
(0.8094117647 0.12 0.12)
(0.8511764706 0.12 0.12)
(0.8929411765 0.12 0.12)
(0.9347058824 0.12 0.12)
(0.9764705882 0.12 0.12)
(1.018235294 0.12 0.12)
(1.06 0.12 0.12)
(-0.36 0.16 0.12)
(-0.3182352941 0.16 0.12)
(-0.2764705882 0.16 0.12)
(-0.2347058824 0.16 0.12)
(-0.1929411765 0.16 0.12)
(-0.1511764706 0.16 0.12)
(-0.1094117647 0.16 0.12)
(-0.06764705882 0.16 0.12)
(-0.02588235294 0.16 0.12)
(0.01588235294 0.16 0.12)
(0.05764705882 0.16 0.12)
(0.09941176471 0.16 0.12)
(0.1411764706 0.16 0.12)
(0.1829411765 0.16 0.12)
(0.2247058824 0.16 0.12)
(0.2664705882 0.16 0.12)
(0.3082352941 0.16 0.12)
(0.35 0.16 0.12)
(0.3917647059 0.16 0.12)
(0.4335294118 0.16 0.12)
(0.4752941176 0.16 0.12)
(0.5170588235 0.16 0.12)
(0.5588235294 0.16 0.12)
(0.6005882353 0.16 0.12)
(0.6423529412 0.16 0.12)
(0.6841176471 0.16 0.12)
(0.7258823529 0.16 0.12)
(0.7676470588 0.16 0.12)
(0.8094117647 0.16 0.12)
(0.8511764706 0.16 0.12)
(0.8929411765 0.16 0.12)
(0.9347058824 0.16 0.12)
(0.9764705882 0.16 0.12)
(1.018235294 0.16 0.12)
(1.06 0.16 0.12)
(-0.36 0.2 0.12)
(-0.3182352941 0.2 0.12)
(-0.2764705882 0.2 0.12)
(-0.2347058824 0.2 0.12)
(-0.1929411765 0.2 0.12)
(-0.1511764706 0.2 0.12)
(-0.1094117647 0.2 0.12)
(-0.06764705882 0.2 0.12)
(-0.02588235294 0.2 0.12)
(0.01588235294 0.2 0.12)
(0.05764705882 0.2 0.12)
(0.09941176471 0.2 0.12)
(0.1411764706 0.2 0.12)
(0.1829411765 0.2 0.12)
(0.2247058824 0.2 0.12)
(0.2664705882 0.2 0.12)
(0.3082352941 0.2 0.12)
(0.35 0.2 0.12)
(0.3917647059 0.2 0.12)
(0.4335294118 0.2 0.12)
(0.4752941176 0.2 0.12)
(0.5170588235 0.2 0.12)
(0.5588235294 0.2 0.12)
(0.6005882353 0.2 0.12)
(0.6423529412 0.2 0.12)
(0.6841176471 0.2 0.12)
(0.7258823529 0.2 0.12)
(0.7676470588 0.2 0.12)
(0.8094117647 0.2 0.12)
(0.8511764706 0.2 0.12)
(0.8929411765 0.2 0.12)
(0.9347058824 0.2 0.12)
(0.9764705882 0.2 0.12)
(1.018235294 0.2 0.12)
(1.06 0.2 0.12)
(-0.36 0.24 0.12)
(-0.3182352941 0.24 0.12)
(-0.2764705882 0.24 0.12)
(-0.2347058824 0.24 0.12)
(-0.1929411765 0.24 0.12)
(-0.1511764706 0.24 0.12)
(-0.1094117647 0.24 0.12)
(-0.06764705882 0.24 0.12)
(-0.02588235294 0.24 0.12)
(0.01588235294 0.24 0.12)
(0.05764705882 0.24 0.12)
(0.09941176471 0.24 0.12)
(0.1411764706 0.24 0.12)
(0.1829411765 0.24 0.12)
(0.2247058824 0.24 0.12)
(0.2664705882 0.24 0.12)
(0.3082352941 0.24 0.12)
(0.35 0.24 0.12)
(0.3917647059 0.24 0.12)
(0.4335294118 0.24 0.12)
(0.4752941176 0.24 0.12)
(0.5170588235 0.24 0.12)
(0.5588235294 0.24 0.12)
(0.6005882353 0.24 0.12)
(0.6423529412 0.24 0.12)
(0.6841176471 0.24 0.12)
(0.7258823529 0.24 0.12)
(0.7676470588 0.24 0.12)
(0.8094117647 0.24 0.12)
(0.8511764706 0.24 0.12)
(0.8929411765 0.24 0.12)
(0.9347058824 0.24 0.12)
(0.9764705882 0.24 0.12)
(1.018235294 0.24 0.12)
(1.06 0.24 0.12)
(-0.36 0.28 0.12)
(-0.3182352941 0.28 0.12)
(-0.2764705882 0.28 0.12)
(-0.2347058824 0.28 0.12)
(-0.1929411765 0.28 0.12)
(-0.1511764706 0.28 0.12)
(-0.1094117647 0.28 0.12)
(-0.06764705882 0.28 0.12)
(-0.02588235294 0.28 0.12)
(0.01588235294 0.28 0.12)
(0.05764705882 0.28 0.12)
(0.09941176471 0.28 0.12)
(0.1411764706 0.28 0.12)
(0.1829411765 0.28 0.12)
(0.2247058824 0.28 0.12)
(0.2664705882 0.28 0.12)
(0.3082352941 0.28 0.12)
(0.35 0.28 0.12)
(0.3917647059 0.28 0.12)
(0.4335294118 0.28 0.12)
(0.4752941176 0.28 0.12)
(0.5170588235 0.28 0.12)
(0.5588235294 0.28 0.12)
(0.6005882353 0.28 0.12)
(0.6423529412 0.28 0.12)
(0.6841176471 0.28 0.12)
(0.7258823529 0.28 0.12)
(0.7676470588 0.28 0.12)
(0.8094117647 0.28 0.12)
(0.8511764706 0.28 0.12)
(0.8929411765 0.28 0.12)
(0.9347058824 0.28 0.12)
(0.9764705882 0.28 0.12)
(1.018235294 0.28 0.12)
(1.06 0.28 0.12)
(-0.36 0.32 0.12)
(-0.3182352941 0.32 0.12)
(-0.2764705882 0.32 0.12)
(-0.2347058824 0.32 0.12)
(-0.1929411765 0.32 0.12)
(-0.1511764706 0.32 0.12)
(-0.1094117647 0.32 0.12)
(-0.06764705882 0.32 0.12)
(-0.02588235294 0.32 0.12)
(0.01588235294 0.32 0.12)
(0.05764705882 0.32 0.12)
(0.09941176471 0.32 0.12)
(0.1411764706 0.32 0.12)
(0.1829411765 0.32 0.12)
(0.2247058824 0.32 0.12)
(0.2664705882 0.32 0.12)
(0.3082352941 0.32 0.12)
(0.35 0.32 0.12)
(0.3917647059 0.32 0.12)
(0.4335294118 0.32 0.12)
(0.4752941176 0.32 0.12)
(0.5170588235 0.32 0.12)
(0.5588235294 0.32 0.12)
(0.6005882353 0.32 0.12)
(0.6423529412 0.32 0.12)
(0.6841176471 0.32 0.12)
(0.7258823529 0.32 0.12)
(0.7676470588 0.32 0.12)
(0.8094117647 0.32 0.12)
(0.8511764706 0.32 0.12)
(0.8929411765 0.32 0.12)
(0.9347058824 0.32 0.12)
(0.9764705882 0.32 0.12)
(1.018235294 0.32 0.12)
(1.06 0.32 0.12)
(-0.36 0.36 0.12)
(-0.3182352941 0.36 0.12)
(-0.2764705882 0.36 0.12)
(-0.2347058824 0.36 0.12)
(-0.1929411765 0.36 0.12)
(-0.1511764706 0.36 0.12)
(-0.1094117647 0.36 0.12)
(-0.06764705882 0.36 0.12)
(-0.02588235294 0.36 0.12)
(0.01588235294 0.36 0.12)
(0.05764705882 0.36 0.12)
(0.09941176471 0.36 0.12)
(0.1411764706 0.36 0.12)
(0.1829411765 0.36 0.12)
(0.2247058824 0.36 0.12)
(0.2664705882 0.36 0.12)
(0.3082352941 0.36 0.12)
(0.35 0.36 0.12)
(0.3917647059 0.36 0.12)
(0.4335294118 0.36 0.12)
(0.4752941176 0.36 0.12)
(0.5170588235 0.36 0.12)
(0.5588235294 0.36 0.12)
(0.6005882353 0.36 0.12)
(0.6423529412 0.36 0.12)
(0.6841176471 0.36 0.12)
(0.7258823529 0.36 0.12)
(0.7676470588 0.36 0.12)
(0.8094117647 0.36 0.12)
(0.8511764706 0.36 0.12)
(0.8929411765 0.36 0.12)
(0.9347058824 0.36 0.12)
(0.9764705882 0.36 0.12)
(1.018235294 0.36 0.12)
(1.06 0.36 0.12)
(-0.36 -0.36 0.16)
(-0.3182352941 -0.36 0.16)
(-0.2764705882 -0.36 0.16)
(-0.2347058824 -0.36 0.16)
(-0.1929411765 -0.36 0.16)
(-0.1511764706 -0.36 0.16)
(-0.1094117647 -0.36 0.16)
(-0.06764705882 -0.36 0.16)
(-0.02588235294 -0.36 0.16)
(0.01588235294 -0.36 0.16)
(0.05764705882 -0.36 0.16)
(0.09941176471 -0.36 0.16)
(0.1411764706 -0.36 0.16)
(0.1829411765 -0.36 0.16)
(0.2247058824 -0.36 0.16)
(0.2664705882 -0.36 0.16)
(0.3082352941 -0.36 0.16)
(0.35 -0.36 0.16)
(0.3917647059 -0.36 0.16)
(0.4335294118 -0.36 0.16)
(0.4752941176 -0.36 0.16)
(0.5170588235 -0.36 0.16)
(0.5588235294 -0.36 0.16)
(0.6005882353 -0.36 0.16)
(0.6423529412 -0.36 0.16)
(0.6841176471 -0.36 0.16)
(0.7258823529 -0.36 0.16)
(0.7676470588 -0.36 0.16)
(0.8094117647 -0.36 0.16)
(0.8511764706 -0.36 0.16)
(0.8929411765 -0.36 0.16)
(0.9347058824 -0.36 0.16)
(0.9764705882 -0.36 0.16)
(1.018235294 -0.36 0.16)
(1.06 -0.36 0.16)
(-0.36 -0.32 0.16)
(-0.3182352941 -0.32 0.16)
(-0.2764705882 -0.32 0.16)
(-0.2347058824 -0.32 0.16)
(-0.1929411765 -0.32 0.16)
(-0.1511764706 -0.32 0.16)
(-0.1094117647 -0.32 0.16)
(-0.06764705882 -0.32 0.16)
(-0.02588235294 -0.32 0.16)
(0.01588235294 -0.32 0.16)
(0.05764705882 -0.32 0.16)
(0.09941176471 -0.32 0.16)
(0.1411764706 -0.32 0.16)
(0.1829411765 -0.32 0.16)
(0.2247058824 -0.32 0.16)
(0.2664705882 -0.32 0.16)
(0.3082352941 -0.32 0.16)
(0.35 -0.32 0.16)
(0.3917647059 -0.32 0.16)
(0.4335294118 -0.32 0.16)
(0.4752941176 -0.32 0.16)
(0.5170588235 -0.32 0.16)
(0.5588235294 -0.32 0.16)
(0.6005882353 -0.32 0.16)
(0.6423529412 -0.32 0.16)
(0.6841176471 -0.32 0.16)
(0.7258823529 -0.32 0.16)
(0.7676470588 -0.32 0.16)
(0.8094117647 -0.32 0.16)
(0.8511764706 -0.32 0.16)
(0.8929411765 -0.32 0.16)
(0.9347058824 -0.32 0.16)
(0.9764705882 -0.32 0.16)
(1.018235294 -0.32 0.16)
(1.06 -0.32 0.16)
(-0.36 -0.28 0.16)
(-0.3182352941 -0.28 0.16)
(-0.2764705882 -0.28 0.16)
(-0.2347058824 -0.28 0.16)
(-0.1929411765 -0.28 0.16)
(-0.1511764706 -0.28 0.16)
(-0.1094117647 -0.28 0.16)
(-0.06764705882 -0.28 0.16)
(-0.02588235294 -0.28 0.16)
(0.01588235294 -0.28 0.16)
(0.05764705882 -0.28 0.16)
(0.09941176471 -0.28 0.16)
(0.1411764706 -0.28 0.16)
(0.1829411765 -0.28 0.16)
(0.2247058824 -0.28 0.16)
(0.2664705882 -0.28 0.16)
(0.3082352941 -0.28 0.16)
(0.35 -0.28 0.16)
(0.3917647059 -0.28 0.16)
(0.4335294118 -0.28 0.16)
(0.4752941176 -0.28 0.16)
(0.5170588235 -0.28 0.16)
(0.5588235294 -0.28 0.16)
(0.6005882353 -0.28 0.16)
(0.6423529412 -0.28 0.16)
(0.6841176471 -0.28 0.16)
(0.7258823529 -0.28 0.16)
(0.7676470588 -0.28 0.16)
(0.8094117647 -0.28 0.16)
(0.8511764706 -0.28 0.16)
(0.8929411765 -0.28 0.16)
(0.9347058824 -0.28 0.16)
(0.9764705882 -0.28 0.16)
(1.018235294 -0.28 0.16)
(1.06 -0.28 0.16)
(-0.36 -0.24 0.16)
(-0.3182352941 -0.24 0.16)
(-0.2764705882 -0.24 0.16)
(-0.2347058824 -0.24 0.16)
(-0.1929411765 -0.24 0.16)
(-0.1511764706 -0.24 0.16)
(-0.1094117647 -0.24 0.16)
(-0.06764705882 -0.24 0.16)
(-0.02588235294 -0.24 0.16)
(0.01588235294 -0.24 0.16)
(0.05764705882 -0.24 0.16)
(0.09941176471 -0.24 0.16)
(0.1411764706 -0.24 0.16)
(0.1829411765 -0.24 0.16)
(0.2247058824 -0.24 0.16)
(0.2664705882 -0.24 0.16)
(0.3082352941 -0.24 0.16)
(0.35 -0.24 0.16)
(0.3917647059 -0.24 0.16)
(0.4335294118 -0.24 0.16)
(0.4752941176 -0.24 0.16)
(0.5170588235 -0.24 0.16)
(0.5588235294 -0.24 0.16)
(0.6005882353 -0.24 0.16)
(0.6423529412 -0.24 0.16)
(0.6841176471 -0.24 0.16)
(0.7258823529 -0.24 0.16)
(0.7676470588 -0.24 0.16)
(0.8094117647 -0.24 0.16)
(0.8511764706 -0.24 0.16)
(0.8929411765 -0.24 0.16)
(0.9347058824 -0.24 0.16)
(0.9764705882 -0.24 0.16)
(1.018235294 -0.24 0.16)
(1.06 -0.24 0.16)
(-0.36 -0.2 0.16)
(-0.3182352941 -0.2 0.16)
(-0.2764705882 -0.2 0.16)
(-0.2347058824 -0.2 0.16)
(-0.1929411765 -0.2 0.16)
(-0.1511764706 -0.2 0.16)
(-0.1094117647 -0.2 0.16)
(-0.06764705882 -0.2 0.16)
(-0.02588235294 -0.2 0.16)
(0.01588235294 -0.2 0.16)
(0.05764705882 -0.2 0.16)
(0.09941176471 -0.2 0.16)
(0.1411764706 -0.2 0.16)
(0.1829411765 -0.2 0.16)
(0.2247058824 -0.2 0.16)
(0.2664705882 -0.2 0.16)
(0.3082352941 -0.2 0.16)
(0.35 -0.2 0.16)
(0.3917647059 -0.2 0.16)
(0.4335294118 -0.2 0.16)
(0.4752941176 -0.2 0.16)
(0.5170588235 -0.2 0.16)
(0.5588235294 -0.2 0.16)
(0.6005882353 -0.2 0.16)
(0.6423529412 -0.2 0.16)
(0.6841176471 -0.2 0.16)
(0.7258823529 -0.2 0.16)
(0.7676470588 -0.2 0.16)
(0.8094117647 -0.2 0.16)
(0.8511764706 -0.2 0.16)
(0.8929411765 -0.2 0.16)
(0.9347058824 -0.2 0.16)
(0.9764705882 -0.2 0.16)
(1.018235294 -0.2 0.16)
(1.06 -0.2 0.16)
(-0.36 -0.16 0.16)
(-0.3182352941 -0.16 0.16)
(-0.2764705882 -0.16 0.16)
(-0.2347058824 -0.16 0.16)
(-0.1929411765 -0.16 0.16)
(-0.1511764706 -0.16 0.16)
(-0.1094117647 -0.16 0.16)
(-0.06764705882 -0.16 0.16)
(-0.02588235294 -0.16 0.16)
(0.01588235294 -0.16 0.16)
(0.05764705882 -0.16 0.16)
(0.09941176471 -0.16 0.16)
(0.1411764706 -0.16 0.16)
(0.1829411765 -0.16 0.16)
(0.2247058824 -0.16 0.16)
(0.2664705882 -0.16 0.16)
(0.3082352941 -0.16 0.16)
(0.35 -0.16 0.16)
(0.3917647059 -0.16 0.16)
(0.4335294118 -0.16 0.16)
(0.4752941176 -0.16 0.16)
(0.5170588235 -0.16 0.16)
(0.5588235294 -0.16 0.16)
(0.6005882353 -0.16 0.16)
(0.6423529412 -0.16 0.16)
(0.6841176471 -0.16 0.16)
(0.7258823529 -0.16 0.16)
(0.7676470588 -0.16 0.16)
(0.8094117647 -0.16 0.16)
(0.8511764706 -0.16 0.16)
(0.8929411765 -0.16 0.16)
(0.9347058824 -0.16 0.16)
(0.9764705882 -0.16 0.16)
(1.018235294 -0.16 0.16)
(1.06 -0.16 0.16)
(-0.36 -0.12 0.16)
(-0.3182352941 -0.12 0.16)
(-0.2764705882 -0.12 0.16)
(-0.2347058824 -0.12 0.16)
(-0.1929411765 -0.12 0.16)
(-0.1511764706 -0.12 0.16)
(-0.1094117647 -0.12 0.16)
(-0.06764705882 -0.12 0.16)
(-0.02588235294 -0.12 0.16)
(0.01588235294 -0.12 0.16)
(0.05764705882 -0.12 0.16)
(0.09941176471 -0.12 0.16)
(0.1411764706 -0.12 0.16)
(0.1829411765 -0.12 0.16)
(0.2247058824 -0.12 0.16)
(0.2664705882 -0.12 0.16)
(0.3082352941 -0.12 0.16)
(0.35 -0.12 0.16)
(0.3917647059 -0.12 0.16)
(0.4335294118 -0.12 0.16)
(0.4752941176 -0.12 0.16)
(0.5170588235 -0.12 0.16)
(0.5588235294 -0.12 0.16)
(0.6005882353 -0.12 0.16)
(0.6423529412 -0.12 0.16)
(0.6841176471 -0.12 0.16)
(0.7258823529 -0.12 0.16)
(0.7676470588 -0.12 0.16)
(0.8094117647 -0.12 0.16)
(0.8511764706 -0.12 0.16)
(0.8929411765 -0.12 0.16)
(0.9347058824 -0.12 0.16)
(0.9764705882 -0.12 0.16)
(1.018235294 -0.12 0.16)
(1.06 -0.12 0.16)
(-0.36 -0.08 0.16)
(-0.3182352941 -0.08 0.16)
(-0.2764705882 -0.08 0.16)
(-0.2347058824 -0.08 0.16)
(-0.1929411765 -0.08 0.16)
(-0.1511764706 -0.08 0.16)
(-0.1094117647 -0.08 0.16)
(-0.06764705882 -0.08 0.16)
(-0.02588235294 -0.08 0.16)
(0.01588235294 -0.08 0.16)
(0.05764705882 -0.08 0.16)
(0.09941176471 -0.08 0.16)
(0.1411764706 -0.08 0.16)
(0.1829411765 -0.08 0.16)
(0.2247058824 -0.08 0.16)
(0.2664705882 -0.08 0.16)
(0.3082352941 -0.08 0.16)
(0.35 -0.08 0.16)
(0.3917647059 -0.08 0.16)
(0.4335294118 -0.08 0.16)
(0.4752941176 -0.08 0.16)
(0.5170588235 -0.08 0.16)
(0.5588235294 -0.08 0.16)
(0.6005882353 -0.08 0.16)
(0.6423529412 -0.08 0.16)
(0.6841176471 -0.08 0.16)
(0.7258823529 -0.08 0.16)
(0.7676470588 -0.08 0.16)
(0.8094117647 -0.08 0.16)
(0.8511764706 -0.08 0.16)
(0.8929411765 -0.08 0.16)
(0.9347058824 -0.08 0.16)
(0.9764705882 -0.08 0.16)
(1.018235294 -0.08 0.16)
(1.06 -0.08 0.16)
(-0.36 -0.04 0.16)
(-0.3182352941 -0.04 0.16)
(-0.2764705882 -0.04 0.16)
(-0.2347058824 -0.04 0.16)
(-0.1929411765 -0.04 0.16)
(-0.1511764706 -0.04 0.16)
(-0.1094117647 -0.04 0.16)
(-0.06764705882 -0.04 0.16)
(-0.02588235294 -0.04 0.16)
(0.01588235294 -0.04 0.16)
(0.05764705882 -0.04 0.16)
(0.09941176471 -0.04 0.16)
(0.1411764706 -0.04 0.16)
(0.1829411765 -0.04 0.16)
(0.2247058824 -0.04 0.16)
(0.2664705882 -0.04 0.16)
(0.3082352941 -0.04 0.16)
(0.35 -0.04 0.16)
(0.3917647059 -0.04 0.16)
(0.4335294118 -0.04 0.16)
(0.4752941176 -0.04 0.16)
(0.5170588235 -0.04 0.16)
(0.5588235294 -0.04 0.16)
(0.6005882353 -0.04 0.16)
(0.6423529412 -0.04 0.16)
(0.6841176471 -0.04 0.16)
(0.7258823529 -0.04 0.16)
(0.7676470588 -0.04 0.16)
(0.8094117647 -0.04 0.16)
(0.8511764706 -0.04 0.16)
(0.8929411765 -0.04 0.16)
(0.9347058824 -0.04 0.16)
(0.9764705882 -0.04 0.16)
(1.018235294 -0.04 0.16)
(1.06 -0.04 0.16)
(-0.36 0 0.16)
(-0.3182352941 0 0.16)
(-0.2764705882 0 0.16)
(-0.2347058824 -9.251858539e-18 0.16)
(-0.1929411765 0 0.16)
(-0.1511764706 0 0.16)
(-0.1094117647 0 0.16)
(-0.06764705882 0 0.16)
(-0.02588235294 0 0.16)
(0.01588235294 0 0.16)
(0.05764705882 0 0.16)
(0.09941176471 0 0.16)
(0.1411764706 0 0.16)
(0.1829411765 0 0.16)
(0.2247058824 0 0.16)
(0.2664705882 0 0.16)
(0.3082352941 0 0.16)
(0.35 0 0.16)
(0.3917647059 0 0.16)
(0.4335294118 0 0.16)
(0.4752941176 0 0.16)
(0.5170588235 0 0.16)
(0.5588235294 0 0.16)
(0.6005882353 0 0.16)
(0.6423529412 4.625929269e-18 0.16)
(0.6841176471 0 0.16)
(0.7258823529 0 0.16)
(0.7676470588 -4.625929269e-18 0.16)
(0.8094117647 0 0.16)
(0.8511764706 -2.312964635e-18 0.16)
(0.8929411765 0 0.16)
(0.9347058824 -4.625929269e-18 0.16)
(0.9764705882 0 0.16)
(1.018235294 -4.047688111e-18 0.16)
(1.06 0 0.16)
(-0.36 0.04 0.16)
(-0.3182352941 0.04 0.16)
(-0.2764705882 0.04 0.16)
(-0.2347058824 0.04 0.16)
(-0.1929411765 0.04 0.16)
(-0.1511764706 0.04 0.16)
(-0.1094117647 0.04 0.16)
(-0.06764705882 0.04 0.16)
(-0.02588235294 0.04 0.16)
(0.01588235294 0.04 0.16)
(0.05764705882 0.04 0.16)
(0.09941176471 0.04 0.16)
(0.1411764706 0.04 0.16)
(0.1829411765 0.04 0.16)
(0.2247058824 0.04 0.16)
(0.2664705882 0.04 0.16)
(0.3082352941 0.04 0.16)
(0.35 0.04 0.16)
(0.3917647059 0.04 0.16)
(0.4335294118 0.04 0.16)
(0.4752941176 0.04 0.16)
(0.5170588235 0.04 0.16)
(0.5588235294 0.04 0.16)
(0.6005882353 0.04 0.16)
(0.6423529412 0.04 0.16)
(0.6841176471 0.04 0.16)
(0.7258823529 0.04 0.16)
(0.7676470588 0.04 0.16)
(0.8094117647 0.04 0.16)
(0.8511764706 0.04 0.16)
(0.8929411765 0.04 0.16)
(0.9347058824 0.04 0.16)
(0.9764705882 0.04 0.16)
(1.018235294 0.04 0.16)
(1.06 0.04 0.16)
(-0.36 0.08 0.16)
(-0.3182352941 0.08 0.16)
(-0.2764705882 0.08 0.16)
(-0.2347058824 0.08 0.16)
(-0.1929411765 0.08 0.16)
(-0.1511764706 0.08 0.16)
(-0.1094117647 0.08 0.16)
(-0.06764705882 0.08 0.16)
(-0.02588235294 0.08 0.16)
(0.01588235294 0.08 0.16)
(0.05764705882 0.08 0.16)
(0.09941176471 0.08 0.16)
(0.1411764706 0.08 0.16)
(0.1829411765 0.08 0.16)
(0.2247058824 0.08 0.16)
(0.2664705882 0.08 0.16)
(0.3082352941 0.08 0.16)
(0.35 0.08 0.16)
(0.3917647059 0.08 0.16)
(0.4335294118 0.08 0.16)
(0.4752941176 0.08 0.16)
(0.5170588235 0.08 0.16)
(0.5588235294 0.08 0.16)
(0.6005882353 0.08 0.16)
(0.6423529412 0.08 0.16)
(0.6841176471 0.08 0.16)
(0.7258823529 0.08 0.16)
(0.7676470588 0.08 0.16)
(0.8094117647 0.08 0.16)
(0.8511764706 0.08 0.16)
(0.8929411765 0.08 0.16)
(0.9347058824 0.08 0.16)
(0.9764705882 0.08 0.16)
(1.018235294 0.08 0.16)
(1.06 0.08 0.16)
(-0.36 0.12 0.16)
(-0.3182352941 0.12 0.16)
(-0.2764705882 0.12 0.16)
(-0.2347058824 0.12 0.16)
(-0.1929411765 0.12 0.16)
(-0.1511764706 0.12 0.16)
(-0.1094117647 0.12 0.16)
(-0.06764705882 0.12 0.16)
(-0.02588235294 0.12 0.16)
(0.01588235294 0.12 0.16)
(0.05764705882 0.12 0.16)
(0.09941176471 0.12 0.16)
(0.1411764706 0.12 0.16)
(0.1829411765 0.12 0.16)
(0.2247058824 0.12 0.16)
(0.2664705882 0.12 0.16)
(0.3082352941 0.12 0.16)
(0.35 0.12 0.16)
(0.3917647059 0.12 0.16)
(0.4335294118 0.12 0.16)
(0.4752941176 0.12 0.16)
(0.5170588235 0.12 0.16)
(0.5588235294 0.12 0.16)
(0.6005882353 0.12 0.16)
(0.6423529412 0.12 0.16)
(0.6841176471 0.12 0.16)
(0.7258823529 0.12 0.16)
(0.7676470588 0.12 0.16)
(0.8094117647 0.12 0.16)
(0.8511764706 0.12 0.16)
(0.8929411765 0.12 0.16)
(0.9347058824 0.12 0.16)
(0.9764705882 0.12 0.16)
(1.018235294 0.12 0.16)
(1.06 0.12 0.16)
(-0.36 0.16 0.16)
(-0.3182352941 0.16 0.16)
(-0.2764705882 0.16 0.16)
(-0.2347058824 0.16 0.16)
(-0.1929411765 0.16 0.16)
(-0.1511764706 0.16 0.16)
(-0.1094117647 0.16 0.16)
(-0.06764705882 0.16 0.16)
(-0.02588235294 0.16 0.16)
(0.01588235294 0.16 0.16)
(0.05764705882 0.16 0.16)
(0.09941176471 0.16 0.16)
(0.1411764706 0.16 0.16)
(0.1829411765 0.16 0.16)
(0.2247058824 0.16 0.16)
(0.2664705882 0.16 0.16)
(0.3082352941 0.16 0.16)
(0.35 0.16 0.16)
(0.3917647059 0.16 0.16)
(0.4335294118 0.16 0.16)
(0.4752941176 0.16 0.16)
(0.5170588235 0.16 0.16)
(0.5588235294 0.16 0.16)
(0.6005882353 0.16 0.16)
(0.6423529412 0.16 0.16)
(0.6841176471 0.16 0.16)
(0.7258823529 0.16 0.16)
(0.7676470588 0.16 0.16)
(0.8094117647 0.16 0.16)
(0.8511764706 0.16 0.16)
(0.8929411765 0.16 0.16)
(0.9347058824 0.16 0.16)
(0.9764705882 0.16 0.16)
(1.018235294 0.16 0.16)
(1.06 0.16 0.16)
(-0.36 0.2 0.16)
(-0.3182352941 0.2 0.16)
(-0.2764705882 0.2 0.16)
(-0.2347058824 0.2 0.16)
(-0.1929411765 0.2 0.16)
(-0.1511764706 0.2 0.16)
(-0.1094117647 0.2 0.16)
(-0.06764705882 0.2 0.16)
(-0.02588235294 0.2 0.16)
(0.01588235294 0.2 0.16)
(0.05764705882 0.2 0.16)
(0.09941176471 0.2 0.16)
(0.1411764706 0.2 0.16)
(0.1829411765 0.2 0.16)
(0.2247058824 0.2 0.16)
(0.2664705882 0.2 0.16)
(0.3082352941 0.2 0.16)
(0.35 0.2 0.16)
(0.3917647059 0.2 0.16)
(0.4335294118 0.2 0.16)
(0.4752941176 0.2 0.16)
(0.5170588235 0.2 0.16)
(0.5588235294 0.2 0.16)
(0.6005882353 0.2 0.16)
(0.6423529412 0.2 0.16)
(0.6841176471 0.2 0.16)
(0.7258823529 0.2 0.16)
(0.7676470588 0.2 0.16)
(0.8094117647 0.2 0.16)
(0.8511764706 0.2 0.16)
(0.8929411765 0.2 0.16)
(0.9347058824 0.2 0.16)
(0.9764705882 0.2 0.16)
(1.018235294 0.2 0.16)
(1.06 0.2 0.16)
(-0.36 0.24 0.16)
(-0.3182352941 0.24 0.16)
(-0.2764705882 0.24 0.16)
(-0.2347058824 0.24 0.16)
(-0.1929411765 0.24 0.16)
(-0.1511764706 0.24 0.16)
(-0.1094117647 0.24 0.16)
(-0.06764705882 0.24 0.16)
(-0.02588235294 0.24 0.16)
(0.01588235294 0.24 0.16)
(0.05764705882 0.24 0.16)
(0.09941176471 0.24 0.16)
(0.1411764706 0.24 0.16)
(0.1829411765 0.24 0.16)
(0.2247058824 0.24 0.16)
(0.2664705882 0.24 0.16)
(0.3082352941 0.24 0.16)
(0.35 0.24 0.16)
(0.3917647059 0.24 0.16)
(0.4335294118 0.24 0.16)
(0.4752941176 0.24 0.16)
(0.5170588235 0.24 0.16)
(0.5588235294 0.24 0.16)
(0.6005882353 0.24 0.16)
(0.6423529412 0.24 0.16)
(0.6841176471 0.24 0.16)
(0.7258823529 0.24 0.16)
(0.7676470588 0.24 0.16)
(0.8094117647 0.24 0.16)
(0.8511764706 0.24 0.16)
(0.8929411765 0.24 0.16)
(0.9347058824 0.24 0.16)
(0.9764705882 0.24 0.16)
(1.018235294 0.24 0.16)
(1.06 0.24 0.16)
(-0.36 0.28 0.16)
(-0.3182352941 0.28 0.16)
(-0.2764705882 0.28 0.16)
(-0.2347058824 0.28 0.16)
(-0.1929411765 0.28 0.16)
(-0.1511764706 0.28 0.16)
(-0.1094117647 0.28 0.16)
(-0.06764705882 0.28 0.16)
(-0.02588235294 0.28 0.16)
(0.01588235294 0.28 0.16)
(0.05764705882 0.28 0.16)
(0.09941176471 0.28 0.16)
(0.1411764706 0.28 0.16)
(0.1829411765 0.28 0.16)
(0.2247058824 0.28 0.16)
(0.2664705882 0.28 0.16)
(0.3082352941 0.28 0.16)
(0.35 0.28 0.16)
(0.3917647059 0.28 0.16)
(0.4335294118 0.28 0.16)
(0.4752941176 0.28 0.16)
(0.5170588235 0.28 0.16)
(0.5588235294 0.28 0.16)
(0.6005882353 0.28 0.16)
(0.6423529412 0.28 0.16)
(0.6841176471 0.28 0.16)
(0.7258823529 0.28 0.16)
(0.7676470588 0.28 0.16)
(0.8094117647 0.28 0.16)
(0.8511764706 0.28 0.16)
(0.8929411765 0.28 0.16)
(0.9347058824 0.28 0.16)
(0.9764705882 0.28 0.16)
(1.018235294 0.28 0.16)
(1.06 0.28 0.16)
(-0.36 0.32 0.16)
(-0.3182352941 0.32 0.16)
(-0.2764705882 0.32 0.16)
(-0.2347058824 0.32 0.16)
(-0.1929411765 0.32 0.16)
(-0.1511764706 0.32 0.16)
(-0.1094117647 0.32 0.16)
(-0.06764705882 0.32 0.16)
(-0.02588235294 0.32 0.16)
(0.01588235294 0.32 0.16)
(0.05764705882 0.32 0.16)
(0.09941176471 0.32 0.16)
(0.1411764706 0.32 0.16)
(0.1829411765 0.32 0.16)
(0.2247058824 0.32 0.16)
(0.2664705882 0.32 0.16)
(0.3082352941 0.32 0.16)
(0.35 0.32 0.16)
(0.3917647059 0.32 0.16)
(0.4335294118 0.32 0.16)
(0.4752941176 0.32 0.16)
(0.5170588235 0.32 0.16)
(0.5588235294 0.32 0.16)
(0.6005882353 0.32 0.16)
(0.6423529412 0.32 0.16)
(0.6841176471 0.32 0.16)
(0.7258823529 0.32 0.16)
(0.7676470588 0.32 0.16)
(0.8094117647 0.32 0.16)
(0.8511764706 0.32 0.16)
(0.8929411765 0.32 0.16)
(0.9347058824 0.32 0.16)
(0.9764705882 0.32 0.16)
(1.018235294 0.32 0.16)
(1.06 0.32 0.16)
(-0.36 0.36 0.16)
(-0.3182352941 0.36 0.16)
(-0.2764705882 0.36 0.16)
(-0.2347058824 0.36 0.16)
(-0.1929411765 0.36 0.16)
(-0.1511764706 0.36 0.16)
(-0.1094117647 0.36 0.16)
(-0.06764705882 0.36 0.16)
(-0.02588235294 0.36 0.16)
(0.01588235294 0.36 0.16)
(0.05764705882 0.36 0.16)
(0.09941176471 0.36 0.16)
(0.1411764706 0.36 0.16)
(0.1829411765 0.36 0.16)
(0.2247058824 0.36 0.16)
(0.2664705882 0.36 0.16)
(0.3082352941 0.36 0.16)
(0.35 0.36 0.16)
(0.3917647059 0.36 0.16)
(0.4335294118 0.36 0.16)
(0.4752941176 0.36 0.16)
(0.5170588235 0.36 0.16)
(0.5588235294 0.36 0.16)
(0.6005882353 0.36 0.16)
(0.6423529412 0.36 0.16)
(0.6841176471 0.36 0.16)
(0.7258823529 0.36 0.16)
(0.7676470588 0.36 0.16)
(0.8094117647 0.36 0.16)
(0.8511764706 0.36 0.16)
(0.8929411765 0.36 0.16)
(0.9347058824 0.36 0.16)
(0.9764705882 0.36 0.16)
(1.018235294 0.36 0.16)
(1.06 0.36 0.16)
(-0.36 -0.36 0.2)
(-0.3182352941 -0.36 0.2)
(-0.2764705882 -0.36 0.2)
(-0.2347058824 -0.36 0.2)
(-0.1929411765 -0.36 0.2)
(-0.1511764706 -0.36 0.2)
(-0.1094117647 -0.36 0.2)
(-0.06764705882 -0.36 0.2)
(-0.02588235294 -0.36 0.2)
(0.01588235294 -0.36 0.2)
(0.05764705882 -0.36 0.2)
(0.09941176471 -0.36 0.2)
(0.1411764706 -0.36 0.2)
(0.1829411765 -0.36 0.2)
(0.2247058824 -0.36 0.2)
(0.2664705882 -0.36 0.2)
(0.3082352941 -0.36 0.2)
(0.35 -0.36 0.2)
(0.3917647059 -0.36 0.2)
(0.4335294118 -0.36 0.2)
(0.4752941176 -0.36 0.2)
(0.5170588235 -0.36 0.2)
(0.5588235294 -0.36 0.2)
(0.6005882353 -0.36 0.2)
(0.6423529412 -0.36 0.2)
(0.6841176471 -0.36 0.2)
(0.7258823529 -0.36 0.2)
(0.7676470588 -0.36 0.2)
(0.8094117647 -0.36 0.2)
(0.8511764706 -0.36 0.2)
(0.8929411765 -0.36 0.2)
(0.9347058824 -0.36 0.2)
(0.9764705882 -0.36 0.2)
(1.018235294 -0.36 0.2)
(1.06 -0.36 0.2)
(-0.36 -0.32 0.2)
(-0.3182352941 -0.32 0.2)
(-0.2764705882 -0.32 0.2)
(-0.2347058824 -0.32 0.2)
(-0.1929411765 -0.32 0.2)
(-0.1511764706 -0.32 0.2)
(-0.1094117647 -0.32 0.2)
(-0.06764705882 -0.32 0.2)
(-0.02588235294 -0.32 0.2)
(0.01588235294 -0.32 0.2)
(0.05764705882 -0.32 0.2)
(0.09941176471 -0.32 0.2)
(0.1411764706 -0.32 0.2)
(0.1829411765 -0.32 0.2)
(0.2247058824 -0.32 0.2)
(0.2664705882 -0.32 0.2)
(0.3082352941 -0.32 0.2)
(0.35 -0.32 0.2)
(0.3917647059 -0.32 0.2)
(0.4335294118 -0.32 0.2)
(0.4752941176 -0.32 0.2)
(0.5170588235 -0.32 0.2)
(0.5588235294 -0.32 0.2)
(0.6005882353 -0.32 0.2)
(0.6423529412 -0.32 0.2)
(0.6841176471 -0.32 0.2)
(0.7258823529 -0.32 0.2)
(0.7676470588 -0.32 0.2)
(0.8094117647 -0.32 0.2)
(0.8511764706 -0.32 0.2)
(0.8929411765 -0.32 0.2)
(0.9347058824 -0.32 0.2)
(0.9764705882 -0.32 0.2)
(1.018235294 -0.32 0.2)
(1.06 -0.32 0.2)
(-0.36 -0.28 0.2)
(-0.3182352941 -0.28 0.2)
(-0.2764705882 -0.28 0.2)
(-0.2347058824 -0.28 0.2)
(-0.1929411765 -0.28 0.2)
(-0.1511764706 -0.28 0.2)
(-0.1094117647 -0.28 0.2)
(-0.06764705882 -0.28 0.2)
(-0.02588235294 -0.28 0.2)
(0.01588235294 -0.28 0.2)
(0.05764705882 -0.28 0.2)
(0.09941176471 -0.28 0.2)
(0.1411764706 -0.28 0.2)
(0.1829411765 -0.28 0.2)
(0.2247058824 -0.28 0.2)
(0.2664705882 -0.28 0.2)
(0.3082352941 -0.28 0.2)
(0.35 -0.28 0.2)
(0.3917647059 -0.28 0.2)
(0.4335294118 -0.28 0.2)
(0.4752941176 -0.28 0.2)
(0.5170588235 -0.28 0.2)
(0.5588235294 -0.28 0.2)
(0.6005882353 -0.28 0.2)
(0.6423529412 -0.28 0.2)
(0.6841176471 -0.28 0.2)
(0.7258823529 -0.28 0.2)
(0.7676470588 -0.28 0.2)
(0.8094117647 -0.28 0.2)
(0.8511764706 -0.28 0.2)
(0.8929411765 -0.28 0.2)
(0.9347058824 -0.28 0.2)
(0.9764705882 -0.28 0.2)
(1.018235294 -0.28 0.2)
(1.06 -0.28 0.2)
(-0.36 -0.24 0.2)
(-0.3182352941 -0.24 0.2)
(-0.2764705882 -0.24 0.2)
(-0.2347058824 -0.24 0.2)
(-0.1929411765 -0.24 0.2)
(-0.1511764706 -0.24 0.2)
(-0.1094117647 -0.24 0.2)
(-0.06764705882 -0.24 0.2)
(-0.02588235294 -0.24 0.2)
(0.01588235294 -0.24 0.2)
(0.05764705882 -0.24 0.2)
(0.09941176471 -0.24 0.2)
(0.1411764706 -0.24 0.2)
(0.1829411765 -0.24 0.2)
(0.2247058824 -0.24 0.2)
(0.2664705882 -0.24 0.2)
(0.3082352941 -0.24 0.2)
(0.35 -0.24 0.2)
(0.3917647059 -0.24 0.2)
(0.4335294118 -0.24 0.2)
(0.4752941176 -0.24 0.2)
(0.5170588235 -0.24 0.2)
(0.5588235294 -0.24 0.2)
(0.6005882353 -0.24 0.2)
(0.6423529412 -0.24 0.2)
(0.6841176471 -0.24 0.2)
(0.7258823529 -0.24 0.2)
(0.7676470588 -0.24 0.2)
(0.8094117647 -0.24 0.2)
(0.8511764706 -0.24 0.2)
(0.8929411765 -0.24 0.2)
(0.9347058824 -0.24 0.2)
(0.9764705882 -0.24 0.2)
(1.018235294 -0.24 0.2)
(1.06 -0.24 0.2)
(-0.36 -0.2 0.2)
(-0.3182352941 -0.2 0.2)
(-0.2764705882 -0.2 0.2)
(-0.2347058824 -0.2 0.2)
(-0.1929411765 -0.2 0.2)
(-0.1511764706 -0.2 0.2)
(-0.1094117647 -0.2 0.2)
(-0.06764705882 -0.2 0.2)
(-0.02588235294 -0.2 0.2)
(0.01588235294 -0.2 0.2)
(0.05764705882 -0.2 0.2)
(0.09941176471 -0.2 0.2)
(0.1411764706 -0.2 0.2)
(0.1829411765 -0.2 0.2)
(0.2247058824 -0.2 0.2)
(0.2664705882 -0.2 0.2)
(0.3082352941 -0.2 0.2)
(0.35 -0.2 0.2)
(0.3917647059 -0.2 0.2)
(0.4335294118 -0.2 0.2)
(0.4752941176 -0.2 0.2)
(0.5170588235 -0.2 0.2)
(0.5588235294 -0.2 0.2)
(0.6005882353 -0.2 0.2)
(0.6423529412 -0.2 0.2)
(0.6841176471 -0.2 0.2)
(0.7258823529 -0.2 0.2)
(0.7676470588 -0.2 0.2)
(0.8094117647 -0.2 0.2)
(0.8511764706 -0.2 0.2)
(0.8929411765 -0.2 0.2)
(0.9347058824 -0.2 0.2)
(0.9764705882 -0.2 0.2)
(1.018235294 -0.2 0.2)
(1.06 -0.2 0.2)
(-0.36 -0.16 0.2)
(-0.3182352941 -0.16 0.2)
(-0.2764705882 -0.16 0.2)
(-0.2347058824 -0.16 0.2)
(-0.1929411765 -0.16 0.2)
(-0.1511764706 -0.16 0.2)
(-0.1094117647 -0.16 0.2)
(-0.06764705882 -0.16 0.2)
(-0.02588235294 -0.16 0.2)
(0.01588235294 -0.16 0.2)
(0.05764705882 -0.16 0.2)
(0.09941176471 -0.16 0.2)
(0.1411764706 -0.16 0.2)
(0.1829411765 -0.16 0.2)
(0.2247058824 -0.16 0.2)
(0.2664705882 -0.16 0.2)
(0.3082352941 -0.16 0.2)
(0.35 -0.16 0.2)
(0.3917647059 -0.16 0.2)
(0.4335294118 -0.16 0.2)
(0.4752941176 -0.16 0.2)
(0.5170588235 -0.16 0.2)
(0.5588235294 -0.16 0.2)
(0.6005882353 -0.16 0.2)
(0.6423529412 -0.16 0.2)
(0.6841176471 -0.16 0.2)
(0.7258823529 -0.16 0.2)
(0.7676470588 -0.16 0.2)
(0.8094117647 -0.16 0.2)
(0.8511764706 -0.16 0.2)
(0.8929411765 -0.16 0.2)
(0.9347058824 -0.16 0.2)
(0.9764705882 -0.16 0.2)
(1.018235294 -0.16 0.2)
(1.06 -0.16 0.2)
(-0.36 -0.12 0.2)
(-0.3182352941 -0.12 0.2)
(-0.2764705882 -0.12 0.2)
(-0.2347058824 -0.12 0.2)
(-0.1929411765 -0.12 0.2)
(-0.1511764706 -0.12 0.2)
(-0.1094117647 -0.12 0.2)
(-0.06764705882 -0.12 0.2)
(-0.02588235294 -0.12 0.2)
(0.01588235294 -0.12 0.2)
(0.05764705882 -0.12 0.2)
(0.09941176471 -0.12 0.2)
(0.1411764706 -0.12 0.2)
(0.1829411765 -0.12 0.2)
(0.2247058824 -0.12 0.2)
(0.2664705882 -0.12 0.2)
(0.3082352941 -0.12 0.2)
(0.35 -0.12 0.2)
(0.3917647059 -0.12 0.2)
(0.4335294118 -0.12 0.2)
(0.4752941176 -0.12 0.2)
(0.5170588235 -0.12 0.2)
(0.5588235294 -0.12 0.2)
(0.6005882353 -0.12 0.2)
(0.6423529412 -0.12 0.2)
(0.6841176471 -0.12 0.2)
(0.7258823529 -0.12 0.2)
(0.7676470588 -0.12 0.2)
(0.8094117647 -0.12 0.2)
(0.8511764706 -0.12 0.2)
(0.8929411765 -0.12 0.2)
(0.9347058824 -0.12 0.2)
(0.9764705882 -0.12 0.2)
(1.018235294 -0.12 0.2)
(1.06 -0.12 0.2)
(-0.36 -0.08 0.2)
(-0.3182352941 -0.08 0.2)
(-0.2764705882 -0.08 0.2)
(-0.2347058824 -0.08 0.2)
(-0.1929411765 -0.08 0.2)
(-0.1511764706 -0.08 0.2)
(-0.1094117647 -0.08 0.2)
(-0.06764705882 -0.08 0.2)
(-0.02588235294 -0.08 0.2)
(0.01588235294 -0.08 0.2)
(0.05764705882 -0.08 0.2)
(0.09941176471 -0.08 0.2)
(0.1411764706 -0.08 0.2)
(0.1829411765 -0.08 0.2)
(0.2247058824 -0.08 0.2)
(0.2664705882 -0.08 0.2)
(0.3082352941 -0.08 0.2)
(0.35 -0.08 0.2)
(0.3917647059 -0.08 0.2)
(0.4335294118 -0.08 0.2)
(0.4752941176 -0.08 0.2)
(0.5170588235 -0.08 0.2)
(0.5588235294 -0.08 0.2)
(0.6005882353 -0.08 0.2)
(0.6423529412 -0.08 0.2)
(0.6841176471 -0.08 0.2)
(0.7258823529 -0.08 0.2)
(0.7676470588 -0.08 0.2)
(0.8094117647 -0.08 0.2)
(0.8511764706 -0.08 0.2)
(0.8929411765 -0.08 0.2)
(0.9347058824 -0.08 0.2)
(0.9764705882 -0.08 0.2)
(1.018235294 -0.08 0.2)
(1.06 -0.08 0.2)
(-0.36 -0.04 0.2)
(-0.3182352941 -0.04 0.2)
(-0.2764705882 -0.04 0.2)
(-0.2347058824 -0.04 0.2)
(-0.1929411765 -0.04 0.2)
(-0.1511764706 -0.04 0.2)
(-0.1094117647 -0.04 0.2)
(-0.06764705882 -0.04 0.2)
(-0.02588235294 -0.04 0.2)
(0.01588235294 -0.04 0.2)
(0.05764705882 -0.04 0.2)
(0.09941176471 -0.04 0.2)
(0.1411764706 -0.04 0.2)
(0.1829411765 -0.04 0.2)
(0.2247058824 -0.04 0.2)
(0.2664705882 -0.04 0.2)
(0.3082352941 -0.04 0.2)
(0.35 -0.04 0.2)
(0.3917647059 -0.04 0.2)
(0.4335294118 -0.04 0.2)
(0.4752941176 -0.04 0.2)
(0.5170588235 -0.04 0.2)
(0.5588235294 -0.04 0.2)
(0.6005882353 -0.04 0.2)
(0.6423529412 -0.04 0.2)
(0.6841176471 -0.04 0.2)
(0.7258823529 -0.04 0.2)
(0.7676470588 -0.04 0.2)
(0.8094117647 -0.04 0.2)
(0.8511764706 -0.04 0.2)
(0.8929411765 -0.04 0.2)
(0.9347058824 -0.04 0.2)
(0.9764705882 -0.04 0.2)
(1.018235294 -0.04 0.2)
(1.06 -0.04 0.2)
(-0.36 0 0.2)
(-0.3182352941 0 0.2)
(-0.2764705882 0 0.2)
(-0.2347058824 -9.251858539e-18 0.2)
(-0.1929411765 0 0.2)
(-0.1511764706 0 0.2)
(-0.1094117647 0 0.2)
(-0.06764705882 0 0.2)
(-0.02588235294 0 0.2)
(0.01588235294 0 0.2)
(0.05764705882 0 0.2)
(0.09941176471 0 0.2)
(0.1411764706 0 0.2)
(0.1829411765 0 0.2)
(0.2247058824 0 0.2)
(0.2664705882 0 0.2)
(0.3082352941 0 0.2)
(0.35 0 0.2)
(0.3917647059 0 0.2)
(0.4335294118 0 0.2)
(0.4752941176 0 0.2)
(0.5170588235 0 0.2)
(0.5588235294 -4.625929269e-18 0.2)
(0.6005882353 0 0.2)
(0.6423529412 4.625929269e-18 0.2)
(0.6841176471 0 0.2)
(0.7258823529 0 0.2)
(0.7676470588 4.625929269e-18 0.2)
(0.8094117647 0 0.2)
(0.8511764706 -3.469446952e-18 0.2)
(0.8929411765 0 0.2)
(0.9347058824 -4.625929269e-18 0.2)
(0.9764705882 0 0.2)
(1.018235294 -4.625929269e-18 0.2)
(1.06 0 0.2)
(-0.36 0.04 0.2)
(-0.3182352941 0.04 0.2)
(-0.2764705882 0.04 0.2)
(-0.2347058824 0.04 0.2)
(-0.1929411765 0.04 0.2)
(-0.1511764706 0.04 0.2)
(-0.1094117647 0.04 0.2)
(-0.06764705882 0.04 0.2)
(-0.02588235294 0.04 0.2)
(0.01588235294 0.04 0.2)
(0.05764705882 0.04 0.2)
(0.09941176471 0.04 0.2)
(0.1411764706 0.04 0.2)
(0.1829411765 0.04 0.2)
(0.2247058824 0.04 0.2)
(0.2664705882 0.04 0.2)
(0.3082352941 0.04 0.2)
(0.35 0.04 0.2)
(0.3917647059 0.04 0.2)
(0.4335294118 0.04 0.2)
(0.4752941176 0.04 0.2)
(0.5170588235 0.04 0.2)
(0.5588235294 0.04 0.2)
(0.6005882353 0.04 0.2)
(0.6423529412 0.04 0.2)
(0.6841176471 0.04 0.2)
(0.7258823529 0.04 0.2)
(0.7676470588 0.04 0.2)
(0.8094117647 0.04 0.2)
(0.8511764706 0.04 0.2)
(0.8929411765 0.04 0.2)
(0.9347058824 0.04 0.2)
(0.9764705882 0.04 0.2)
(1.018235294 0.04 0.2)
(1.06 0.04 0.2)
(-0.36 0.08 0.2)
(-0.3182352941 0.08 0.2)
(-0.2764705882 0.08 0.2)
(-0.2347058824 0.08 0.2)
(-0.1929411765 0.08 0.2)
(-0.1511764706 0.08 0.2)
(-0.1094117647 0.08 0.2)
(-0.06764705882 0.08 0.2)
(-0.02588235294 0.08 0.2)
(0.01588235294 0.08 0.2)
(0.05764705882 0.08 0.2)
(0.09941176471 0.08 0.2)
(0.1411764706 0.08 0.2)
(0.1829411765 0.08 0.2)
(0.2247058824 0.08 0.2)
(0.2664705882 0.08 0.2)
(0.3082352941 0.08 0.2)
(0.35 0.08 0.2)
(0.3917647059 0.08 0.2)
(0.4335294118 0.08 0.2)
(0.4752941176 0.08 0.2)
(0.5170588235 0.08 0.2)
(0.5588235294 0.08 0.2)
(0.6005882353 0.08 0.2)
(0.6423529412 0.08 0.2)
(0.6841176471 0.08 0.2)
(0.7258823529 0.08 0.2)
(0.7676470588 0.08 0.2)
(0.8094117647 0.08 0.2)
(0.8511764706 0.08 0.2)
(0.8929411765 0.08 0.2)
(0.9347058824 0.08 0.2)
(0.9764705882 0.08 0.2)
(1.018235294 0.08 0.2)
(1.06 0.08 0.2)
(-0.36 0.12 0.2)
(-0.3182352941 0.12 0.2)
(-0.2764705882 0.12 0.2)
(-0.2347058824 0.12 0.2)
(-0.1929411765 0.12 0.2)
(-0.1511764706 0.12 0.2)
(-0.1094117647 0.12 0.2)
(-0.06764705882 0.12 0.2)
(-0.02588235294 0.12 0.2)
(0.01588235294 0.12 0.2)
(0.05764705882 0.12 0.2)
(0.09941176471 0.12 0.2)
(0.1411764706 0.12 0.2)
(0.1829411765 0.12 0.2)
(0.2247058824 0.12 0.2)
(0.2664705882 0.12 0.2)
(0.3082352941 0.12 0.2)
(0.35 0.12 0.2)
(0.3917647059 0.12 0.2)
(0.4335294118 0.12 0.2)
(0.4752941176 0.12 0.2)
(0.5170588235 0.12 0.2)
(0.5588235294 0.12 0.2)
(0.6005882353 0.12 0.2)
(0.6423529412 0.12 0.2)
(0.6841176471 0.12 0.2)
(0.7258823529 0.12 0.2)
(0.7676470588 0.12 0.2)
(0.8094117647 0.12 0.2)
(0.8511764706 0.12 0.2)
(0.8929411765 0.12 0.2)
(0.9347058824 0.12 0.2)
(0.9764705882 0.12 0.2)
(1.018235294 0.12 0.2)
(1.06 0.12 0.2)
(-0.36 0.16 0.2)
(-0.3182352941 0.16 0.2)
(-0.2764705882 0.16 0.2)
(-0.2347058824 0.16 0.2)
(-0.1929411765 0.16 0.2)
(-0.1511764706 0.16 0.2)
(-0.1094117647 0.16 0.2)
(-0.06764705882 0.16 0.2)
(-0.02588235294 0.16 0.2)
(0.01588235294 0.16 0.2)
(0.05764705882 0.16 0.2)
(0.09941176471 0.16 0.2)
(0.1411764706 0.16 0.2)
(0.1829411765 0.16 0.2)
(0.2247058824 0.16 0.2)
(0.2664705882 0.16 0.2)
(0.3082352941 0.16 0.2)
(0.35 0.16 0.2)
(0.3917647059 0.16 0.2)
(0.4335294118 0.16 0.2)
(0.4752941176 0.16 0.2)
(0.5170588235 0.16 0.2)
(0.5588235294 0.16 0.2)
(0.6005882353 0.16 0.2)
(0.6423529412 0.16 0.2)
(0.6841176471 0.16 0.2)
(0.7258823529 0.16 0.2)
(0.7676470588 0.16 0.2)
(0.8094117647 0.16 0.2)
(0.8511764706 0.16 0.2)
(0.8929411765 0.16 0.2)
(0.9347058824 0.16 0.2)
(0.9764705882 0.16 0.2)
(1.018235294 0.16 0.2)
(1.06 0.16 0.2)
(-0.36 0.2 0.2)
(-0.3182352941 0.2 0.2)
(-0.2764705882 0.2 0.2)
(-0.2347058824 0.2 0.2)
(-0.1929411765 0.2 0.2)
(-0.1511764706 0.2 0.2)
(-0.1094117647 0.2 0.2)
(-0.06764705882 0.2 0.2)
(-0.02588235294 0.2 0.2)
(0.01588235294 0.2 0.2)
(0.05764705882 0.2 0.2)
(0.09941176471 0.2 0.2)
(0.1411764706 0.2 0.2)
(0.1829411765 0.2 0.2)
(0.2247058824 0.2 0.2)
(0.2664705882 0.2 0.2)
(0.3082352941 0.2 0.2)
(0.35 0.2 0.2)
(0.3917647059 0.2 0.2)
(0.4335294118 0.2 0.2)
(0.4752941176 0.2 0.2)
(0.5170588235 0.2 0.2)
(0.5588235294 0.2 0.2)
(0.6005882353 0.2 0.2)
(0.6423529412 0.2 0.2)
(0.6841176471 0.2 0.2)
(0.7258823529 0.2 0.2)
(0.7676470588 0.2 0.2)
(0.8094117647 0.2 0.2)
(0.8511764706 0.2 0.2)
(0.8929411765 0.2 0.2)
(0.9347058824 0.2 0.2)
(0.9764705882 0.2 0.2)
(1.018235294 0.2 0.2)
(1.06 0.2 0.2)
(-0.36 0.24 0.2)
(-0.3182352941 0.24 0.2)
(-0.2764705882 0.24 0.2)
(-0.2347058824 0.24 0.2)
(-0.1929411765 0.24 0.2)
(-0.1511764706 0.24 0.2)
(-0.1094117647 0.24 0.2)
(-0.06764705882 0.24 0.2)
(-0.02588235294 0.24 0.2)
(0.01588235294 0.24 0.2)
(0.05764705882 0.24 0.2)
(0.09941176471 0.24 0.2)
(0.1411764706 0.24 0.2)
(0.1829411765 0.24 0.2)
(0.2247058824 0.24 0.2)
(0.2664705882 0.24 0.2)
(0.3082352941 0.24 0.2)
(0.35 0.24 0.2)
(0.3917647059 0.24 0.2)
(0.4335294118 0.24 0.2)
(0.4752941176 0.24 0.2)
(0.5170588235 0.24 0.2)
(0.5588235294 0.24 0.2)
(0.6005882353 0.24 0.2)
(0.6423529412 0.24 0.2)
(0.6841176471 0.24 0.2)
(0.7258823529 0.24 0.2)
(0.7676470588 0.24 0.2)
(0.8094117647 0.24 0.2)
(0.8511764706 0.24 0.2)
(0.8929411765 0.24 0.2)
(0.9347058824 0.24 0.2)
(0.9764705882 0.24 0.2)
(1.018235294 0.24 0.2)
(1.06 0.24 0.2)
(-0.36 0.28 0.2)
(-0.3182352941 0.28 0.2)
(-0.2764705882 0.28 0.2)
(-0.2347058824 0.28 0.2)
(-0.1929411765 0.28 0.2)
(-0.1511764706 0.28 0.2)
(-0.1094117647 0.28 0.2)
(-0.06764705882 0.28 0.2)
(-0.02588235294 0.28 0.2)
(0.01588235294 0.28 0.2)
(0.05764705882 0.28 0.2)
(0.09941176471 0.28 0.2)
(0.1411764706 0.28 0.2)
(0.1829411765 0.28 0.2)
(0.2247058824 0.28 0.2)
(0.2664705882 0.28 0.2)
(0.3082352941 0.28 0.2)
(0.35 0.28 0.2)
(0.3917647059 0.28 0.2)
(0.4335294118 0.28 0.2)
(0.4752941176 0.28 0.2)
(0.5170588235 0.28 0.2)
(0.5588235294 0.28 0.2)
(0.6005882353 0.28 0.2)
(0.6423529412 0.28 0.2)
(0.6841176471 0.28 0.2)
(0.7258823529 0.28 0.2)
(0.7676470588 0.28 0.2)
(0.8094117647 0.28 0.2)
(0.8511764706 0.28 0.2)
(0.8929411765 0.28 0.2)
(0.9347058824 0.28 0.2)
(0.9764705882 0.28 0.2)
(1.018235294 0.28 0.2)
(1.06 0.28 0.2)
(-0.36 0.32 0.2)
(-0.3182352941 0.32 0.2)
(-0.2764705882 0.32 0.2)
(-0.2347058824 0.32 0.2)
(-0.1929411765 0.32 0.2)
(-0.1511764706 0.32 0.2)
(-0.1094117647 0.32 0.2)
(-0.06764705882 0.32 0.2)
(-0.02588235294 0.32 0.2)
(0.01588235294 0.32 0.2)
(0.05764705882 0.32 0.2)
(0.09941176471 0.32 0.2)
(0.1411764706 0.32 0.2)
(0.1829411765 0.32 0.2)
(0.2247058824 0.32 0.2)
(0.2664705882 0.32 0.2)
(0.3082352941 0.32 0.2)
(0.35 0.32 0.2)
(0.3917647059 0.32 0.2)
(0.4335294118 0.32 0.2)
(0.4752941176 0.32 0.2)
(0.5170588235 0.32 0.2)
(0.5588235294 0.32 0.2)
(0.6005882353 0.32 0.2)
(0.6423529412 0.32 0.2)
(0.6841176471 0.32 0.2)
(0.7258823529 0.32 0.2)
(0.7676470588 0.32 0.2)
(0.8094117647 0.32 0.2)
(0.8511764706 0.32 0.2)
(0.8929411765 0.32 0.2)
(0.9347058824 0.32 0.2)
(0.9764705882 0.32 0.2)
(1.018235294 0.32 0.2)
(1.06 0.32 0.2)
(-0.36 0.36 0.2)
(-0.3182352941 0.36 0.2)
(-0.2764705882 0.36 0.2)
(-0.2347058824 0.36 0.2)
(-0.1929411765 0.36 0.2)
(-0.1511764706 0.36 0.2)
(-0.1094117647 0.36 0.2)
(-0.06764705882 0.36 0.2)
(-0.02588235294 0.36 0.2)
(0.01588235294 0.36 0.2)
(0.05764705882 0.36 0.2)
(0.09941176471 0.36 0.2)
(0.1411764706 0.36 0.2)
(0.1829411765 0.36 0.2)
(0.2247058824 0.36 0.2)
(0.2664705882 0.36 0.2)
(0.3082352941 0.36 0.2)
(0.35 0.36 0.2)
(0.3917647059 0.36 0.2)
(0.4335294118 0.36 0.2)
(0.4752941176 0.36 0.2)
(0.5170588235 0.36 0.2)
(0.5588235294 0.36 0.2)
(0.6005882353 0.36 0.2)
(0.6423529412 0.36 0.2)
(0.6841176471 0.36 0.2)
(0.7258823529 0.36 0.2)
(0.7676470588 0.36 0.2)
(0.8094117647 0.36 0.2)
(0.8511764706 0.36 0.2)
(0.8929411765 0.36 0.2)
(0.9347058824 0.36 0.2)
(0.9764705882 0.36 0.2)
(1.018235294 0.36 0.2)
(1.06 0.36 0.2)
(-0.36 -0.36 0.24)
(-0.3182352941 -0.36 0.24)
(-0.2764705882 -0.36 0.24)
(-0.2347058824 -0.36 0.24)
(-0.1929411765 -0.36 0.24)
(-0.1511764706 -0.36 0.24)
(-0.1094117647 -0.36 0.24)
(-0.06764705882 -0.36 0.24)
(-0.02588235294 -0.36 0.24)
(0.01588235294 -0.36 0.24)
(0.05764705882 -0.36 0.24)
(0.09941176471 -0.36 0.24)
(0.1411764706 -0.36 0.24)
(0.1829411765 -0.36 0.24)
(0.2247058824 -0.36 0.24)
(0.2664705882 -0.36 0.24)
(0.3082352941 -0.36 0.24)
(0.35 -0.36 0.24)
(0.3917647059 -0.36 0.24)
(0.4335294118 -0.36 0.24)
(0.4752941176 -0.36 0.24)
(0.5170588235 -0.36 0.24)
(0.5588235294 -0.36 0.24)
(0.6005882353 -0.36 0.24)
(0.6423529412 -0.36 0.24)
(0.6841176471 -0.36 0.24)
(0.7258823529 -0.36 0.24)
(0.7676470588 -0.36 0.24)
(0.8094117647 -0.36 0.24)
(0.8511764706 -0.36 0.24)
(0.8929411765 -0.36 0.24)
(0.9347058824 -0.36 0.24)
(0.9764705882 -0.36 0.24)
(1.018235294 -0.36 0.24)
(1.06 -0.36 0.24)
(-0.36 -0.32 0.24)
(-0.3182352941 -0.32 0.24)
(-0.2764705882 -0.32 0.24)
(-0.2347058824 -0.32 0.24)
(-0.1929411765 -0.32 0.24)
(-0.1511764706 -0.32 0.24)
(-0.1094117647 -0.32 0.24)
(-0.06764705882 -0.32 0.24)
(-0.02588235294 -0.32 0.24)
(0.01588235294 -0.32 0.24)
(0.05764705882 -0.32 0.24)
(0.09941176471 -0.32 0.24)
(0.1411764706 -0.32 0.24)
(0.1829411765 -0.32 0.24)
(0.2247058824 -0.32 0.24)
(0.2664705882 -0.32 0.24)
(0.3082352941 -0.32 0.24)
(0.35 -0.32 0.24)
(0.3917647059 -0.32 0.24)
(0.4335294118 -0.32 0.24)
(0.4752941176 -0.32 0.24)
(0.5170588235 -0.32 0.24)
(0.5588235294 -0.32 0.24)
(0.6005882353 -0.32 0.24)
(0.6423529412 -0.32 0.24)
(0.6841176471 -0.32 0.24)
(0.7258823529 -0.32 0.24)
(0.7676470588 -0.32 0.24)
(0.8094117647 -0.32 0.24)
(0.8511764706 -0.32 0.24)
(0.8929411765 -0.32 0.24)
(0.9347058824 -0.32 0.24)
(0.9764705882 -0.32 0.24)
(1.018235294 -0.32 0.24)
(1.06 -0.32 0.24)
(-0.36 -0.28 0.24)
(-0.3182352941 -0.28 0.24)
(-0.2764705882 -0.28 0.24)
(-0.2347058824 -0.28 0.24)
(-0.1929411765 -0.28 0.24)
(-0.1511764706 -0.28 0.24)
(-0.1094117647 -0.28 0.24)
(-0.06764705882 -0.28 0.24)
(-0.02588235294 -0.28 0.24)
(0.01588235294 -0.28 0.24)
(0.05764705882 -0.28 0.24)
(0.09941176471 -0.28 0.24)
(0.1411764706 -0.28 0.24)
(0.1829411765 -0.28 0.24)
(0.2247058824 -0.28 0.24)
(0.2664705882 -0.28 0.24)
(0.3082352941 -0.28 0.24)
(0.35 -0.28 0.24)
(0.3917647059 -0.28 0.24)
(0.4335294118 -0.28 0.24)
(0.4752941176 -0.28 0.24)
(0.5170588235 -0.28 0.24)
(0.5588235294 -0.28 0.24)
(0.6005882353 -0.28 0.24)
(0.6423529412 -0.28 0.24)
(0.6841176471 -0.28 0.24)
(0.7258823529 -0.28 0.24)
(0.7676470588 -0.28 0.24)
(0.8094117647 -0.28 0.24)
(0.8511764706 -0.28 0.24)
(0.8929411765 -0.28 0.24)
(0.9347058824 -0.28 0.24)
(0.9764705882 -0.28 0.24)
(1.018235294 -0.28 0.24)
(1.06 -0.28 0.24)
(-0.36 -0.24 0.24)
(-0.3182352941 -0.24 0.24)
(-0.2764705882 -0.24 0.24)
(-0.2347058824 -0.24 0.24)
(-0.1929411765 -0.24 0.24)
(-0.1511764706 -0.24 0.24)
(-0.1094117647 -0.24 0.24)
(-0.06764705882 -0.24 0.24)
(-0.02588235294 -0.24 0.24)
(0.01588235294 -0.24 0.24)
(0.05764705882 -0.24 0.24)
(0.09941176471 -0.24 0.24)
(0.1411764706 -0.24 0.24)
(0.1829411765 -0.24 0.24)
(0.2247058824 -0.24 0.24)
(0.2664705882 -0.24 0.24)
(0.3082352941 -0.24 0.24)
(0.35 -0.24 0.24)
(0.3917647059 -0.24 0.24)
(0.4335294118 -0.24 0.24)
(0.4752941176 -0.24 0.24)
(0.5170588235 -0.24 0.24)
(0.5588235294 -0.24 0.24)
(0.6005882353 -0.24 0.24)
(0.6423529412 -0.24 0.24)
(0.6841176471 -0.24 0.24)
(0.7258823529 -0.24 0.24)
(0.7676470588 -0.24 0.24)
(0.8094117647 -0.24 0.24)
(0.8511764706 -0.24 0.24)
(0.8929411765 -0.24 0.24)
(0.9347058824 -0.24 0.24)
(0.9764705882 -0.24 0.24)
(1.018235294 -0.24 0.24)
(1.06 -0.24 0.24)
(-0.36 -0.2 0.24)
(-0.3182352941 -0.2 0.24)
(-0.2764705882 -0.2 0.24)
(-0.2347058824 -0.2 0.24)
(-0.1929411765 -0.2 0.24)
(-0.1511764706 -0.2 0.24)
(-0.1094117647 -0.2 0.24)
(-0.06764705882 -0.2 0.24)
(-0.02588235294 -0.2 0.24)
(0.01588235294 -0.2 0.24)
(0.05764705882 -0.2 0.24)
(0.09941176471 -0.2 0.24)
(0.1411764706 -0.2 0.24)
(0.1829411765 -0.2 0.24)
(0.2247058824 -0.2 0.24)
(0.2664705882 -0.2 0.24)
(0.3082352941 -0.2 0.24)
(0.35 -0.2 0.24)
(0.3917647059 -0.2 0.24)
(0.4335294118 -0.2 0.24)
(0.4752941176 -0.2 0.24)
(0.5170588235 -0.2 0.24)
(0.5588235294 -0.2 0.24)
(0.6005882353 -0.2 0.24)
(0.6423529412 -0.2 0.24)
(0.6841176471 -0.2 0.24)
(0.7258823529 -0.2 0.24)
(0.7676470588 -0.2 0.24)
(0.8094117647 -0.2 0.24)
(0.8511764706 -0.2 0.24)
(0.8929411765 -0.2 0.24)
(0.9347058824 -0.2 0.24)
(0.9764705882 -0.2 0.24)
(1.018235294 -0.2 0.24)
(1.06 -0.2 0.24)
(-0.36 -0.16 0.24)
(-0.3182352941 -0.16 0.24)
(-0.2764705882 -0.16 0.24)
(-0.2347058824 -0.16 0.24)
(-0.1929411765 -0.16 0.24)
(-0.1511764706 -0.16 0.24)
(-0.1094117647 -0.16 0.24)
(-0.06764705882 -0.16 0.24)
(-0.02588235294 -0.16 0.24)
(0.01588235294 -0.16 0.24)
(0.05764705882 -0.16 0.24)
(0.09941176471 -0.16 0.24)
(0.1411764706 -0.16 0.24)
(0.1829411765 -0.16 0.24)
(0.2247058824 -0.16 0.24)
(0.2664705882 -0.16 0.24)
(0.3082352941 -0.16 0.24)
(0.35 -0.16 0.24)
(0.3917647059 -0.16 0.24)
(0.4335294118 -0.16 0.24)
(0.4752941176 -0.16 0.24)
(0.5170588235 -0.16 0.24)
(0.5588235294 -0.16 0.24)
(0.6005882353 -0.16 0.24)
(0.6423529412 -0.16 0.24)
(0.6841176471 -0.16 0.24)
(0.7258823529 -0.16 0.24)
(0.7676470588 -0.16 0.24)
(0.8094117647 -0.16 0.24)
(0.8511764706 -0.16 0.24)
(0.8929411765 -0.16 0.24)
(0.9347058824 -0.16 0.24)
(0.9764705882 -0.16 0.24)
(1.018235294 -0.16 0.24)
(1.06 -0.16 0.24)
(-0.36 -0.12 0.24)
(-0.3182352941 -0.12 0.24)
(-0.2764705882 -0.12 0.24)
(-0.2347058824 -0.12 0.24)
(-0.1929411765 -0.12 0.24)
(-0.1511764706 -0.12 0.24)
(-0.1094117647 -0.12 0.24)
(-0.06764705882 -0.12 0.24)
(-0.02588235294 -0.12 0.24)
(0.01588235294 -0.12 0.24)
(0.05764705882 -0.12 0.24)
(0.09941176471 -0.12 0.24)
(0.1411764706 -0.12 0.24)
(0.1829411765 -0.12 0.24)
(0.2247058824 -0.12 0.24)
(0.2664705882 -0.12 0.24)
(0.3082352941 -0.12 0.24)
(0.35 -0.12 0.24)
(0.3917647059 -0.12 0.24)
(0.4335294118 -0.12 0.24)
(0.4752941176 -0.12 0.24)
(0.5170588235 -0.12 0.24)
(0.5588235294 -0.12 0.24)
(0.6005882353 -0.12 0.24)
(0.6423529412 -0.12 0.24)
(0.6841176471 -0.12 0.24)
(0.7258823529 -0.12 0.24)
(0.7676470588 -0.12 0.24)
(0.8094117647 -0.12 0.24)
(0.8511764706 -0.12 0.24)
(0.8929411765 -0.12 0.24)
(0.9347058824 -0.12 0.24)
(0.9764705882 -0.12 0.24)
(1.018235294 -0.12 0.24)
(1.06 -0.12 0.24)
(-0.36 -0.08 0.24)
(-0.3182352941 -0.08 0.24)
(-0.2764705882 -0.08 0.24)
(-0.2347058824 -0.08 0.24)
(-0.1929411765 -0.08 0.24)
(-0.1511764706 -0.08 0.24)
(-0.1094117647 -0.08 0.24)
(-0.06764705882 -0.08 0.24)
(-0.02588235294 -0.08 0.24)
(0.01588235294 -0.08 0.24)
(0.05764705882 -0.08 0.24)
(0.09941176471 -0.08 0.24)
(0.1411764706 -0.08 0.24)
(0.1829411765 -0.08 0.24)
(0.2247058824 -0.08 0.24)
(0.2664705882 -0.08 0.24)
(0.3082352941 -0.08 0.24)
(0.35 -0.08 0.24)
(0.3917647059 -0.08 0.24)
(0.4335294118 -0.08 0.24)
(0.4752941176 -0.08 0.24)
(0.5170588235 -0.08 0.24)
(0.5588235294 -0.08 0.24)
(0.6005882353 -0.08 0.24)
(0.6423529412 -0.08 0.24)
(0.6841176471 -0.08 0.24)
(0.7258823529 -0.08 0.24)
(0.7676470588 -0.08 0.24)
(0.8094117647 -0.08 0.24)
(0.8511764706 -0.08 0.24)
(0.8929411765 -0.08 0.24)
(0.9347058824 -0.08 0.24)
(0.9764705882 -0.08 0.24)
(1.018235294 -0.08 0.24)
(1.06 -0.08 0.24)
(-0.36 -0.04 0.24)
(-0.3182352941 -0.04 0.24)
(-0.2764705882 -0.04 0.24)
(-0.2347058824 -0.04 0.24)
(-0.1929411765 -0.04 0.24)
(-0.1511764706 -0.04 0.24)
(-0.1094117647 -0.04 0.24)
(-0.06764705882 -0.04 0.24)
(-0.02588235294 -0.04 0.24)
(0.01588235294 -0.04 0.24)
(0.05764705882 -0.04 0.24)
(0.09941176471 -0.04 0.24)
(0.1411764706 -0.04 0.24)
(0.1829411765 -0.04 0.24)
(0.2247058824 -0.04 0.24)
(0.2664705882 -0.04 0.24)
(0.3082352941 -0.04 0.24)
(0.35 -0.04 0.24)
(0.3917647059 -0.04 0.24)
(0.4335294118 -0.04 0.24)
(0.4752941176 -0.04 0.24)
(0.5170588235 -0.04 0.24)
(0.5588235294 -0.04 0.24)
(0.6005882353 -0.04 0.24)
(0.6423529412 -0.04 0.24)
(0.6841176471 -0.04 0.24)
(0.7258823529 -0.04 0.24)
(0.7676470588 -0.04 0.24)
(0.8094117647 -0.04 0.24)
(0.8511764706 -0.04 0.24)
(0.8929411765 -0.04 0.24)
(0.9347058824 -0.04 0.24)
(0.9764705882 -0.04 0.24)
(1.018235294 -0.04 0.24)
(1.06 -0.04 0.24)
(-0.36 0 0.24)
(-0.3182352941 0 0.24)
(-0.2764705882 0 0.24)
(-0.2347058824 -9.251858539e-18 0.24)
(-0.1929411765 0 0.24)
(-0.1511764706 0 0.24)
(-0.1094117647 0 0.24)
(-0.06764705882 0 0.24)
(-0.02588235294 0 0.24)
(0.01588235294 0 0.24)
(0.05764705882 0 0.24)
(0.09941176471 0 0.24)
(0.1411764706 0 0.24)
(0.1829411765 0 0.24)
(0.2247058824 0 0.24)
(0.2664705882 0 0.24)
(0.3082352941 0 0.24)
(0.35 0 0.24)
(0.3917647059 0 0.24)
(0.4335294118 0 0.24)
(0.4752941176 0 0.24)
(0.5170588235 0 0.24)
(0.5588235294 0 0.24)
(0.6005882353 0 0.24)
(0.6423529412 4.625929269e-18 0.24)
(0.6841176471 0 0.24)
(0.7258823529 0 0.24)
(0.7676470588 -4.625929269e-18 0.24)
(0.8094117647 0 0.24)
(0.8511764706 -3.469446952e-18 0.24)
(0.8929411765 0 0.24)
(0.9347058824 -4.625929269e-18 0.24)
(0.9764705882 0 0.24)
(1.018235294 -4.625929269e-18 0.24)
(1.06 0 0.24)
(-0.36 0.04 0.24)
(-0.3182352941 0.04 0.24)
(-0.2764705882 0.04 0.24)
(-0.2347058824 0.04 0.24)
(-0.1929411765 0.04 0.24)
(-0.1511764706 0.04 0.24)
(-0.1094117647 0.04 0.24)
(-0.06764705882 0.04 0.24)
(-0.02588235294 0.04 0.24)
(0.01588235294 0.04 0.24)
(0.05764705882 0.04 0.24)
(0.09941176471 0.04 0.24)
(0.1411764706 0.04 0.24)
(0.1829411765 0.04 0.24)
(0.2247058824 0.04 0.24)
(0.2664705882 0.04 0.24)
(0.3082352941 0.04 0.24)
(0.35 0.04 0.24)
(0.3917647059 0.04 0.24)
(0.4335294118 0.04 0.24)
(0.4752941176 0.04 0.24)
(0.5170588235 0.04 0.24)
(0.5588235294 0.04 0.24)
(0.6005882353 0.04 0.24)
(0.6423529412 0.04 0.24)
(0.6841176471 0.04 0.24)
(0.7258823529 0.04 0.24)
(0.7676470588 0.04 0.24)
(0.8094117647 0.04 0.24)
(0.8511764706 0.04 0.24)
(0.8929411765 0.04 0.24)
(0.9347058824 0.04 0.24)
(0.9764705882 0.04 0.24)
(1.018235294 0.04 0.24)
(1.06 0.04 0.24)
(-0.36 0.08 0.24)
(-0.3182352941 0.08 0.24)
(-0.2764705882 0.08 0.24)
(-0.2347058824 0.08 0.24)
(-0.1929411765 0.08 0.24)
(-0.1511764706 0.08 0.24)
(-0.1094117647 0.08 0.24)
(-0.06764705882 0.08 0.24)
(-0.02588235294 0.08 0.24)
(0.01588235294 0.08 0.24)
(0.05764705882 0.08 0.24)
(0.09941176471 0.08 0.24)
(0.1411764706 0.08 0.24)
(0.1829411765 0.08 0.24)
(0.2247058824 0.08 0.24)
(0.2664705882 0.08 0.24)
(0.3082352941 0.08 0.24)
(0.35 0.08 0.24)
(0.3917647059 0.08 0.24)
(0.4335294118 0.08 0.24)
(0.4752941176 0.08 0.24)
(0.5170588235 0.08 0.24)
(0.5588235294 0.08 0.24)
(0.6005882353 0.08 0.24)
(0.6423529412 0.08 0.24)
(0.6841176471 0.08 0.24)
(0.7258823529 0.08 0.24)
(0.7676470588 0.08 0.24)
(0.8094117647 0.08 0.24)
(0.8511764706 0.08 0.24)
(0.8929411765 0.08 0.24)
(0.9347058824 0.08 0.24)
(0.9764705882 0.08 0.24)
(1.018235294 0.08 0.24)
(1.06 0.08 0.24)
(-0.36 0.12 0.24)
(-0.3182352941 0.12 0.24)
(-0.2764705882 0.12 0.24)
(-0.2347058824 0.12 0.24)
(-0.1929411765 0.12 0.24)
(-0.1511764706 0.12 0.24)
(-0.1094117647 0.12 0.24)
(-0.06764705882 0.12 0.24)
(-0.02588235294 0.12 0.24)
(0.01588235294 0.12 0.24)
(0.05764705882 0.12 0.24)
(0.09941176471 0.12 0.24)
(0.1411764706 0.12 0.24)
(0.1829411765 0.12 0.24)
(0.2247058824 0.12 0.24)
(0.2664705882 0.12 0.24)
(0.3082352941 0.12 0.24)
(0.35 0.12 0.24)
(0.3917647059 0.12 0.24)
(0.4335294118 0.12 0.24)
(0.4752941176 0.12 0.24)
(0.5170588235 0.12 0.24)
(0.5588235294 0.12 0.24)
(0.6005882353 0.12 0.24)
(0.6423529412 0.12 0.24)
(0.6841176471 0.12 0.24)
(0.7258823529 0.12 0.24)
(0.7676470588 0.12 0.24)
(0.8094117647 0.12 0.24)
(0.8511764706 0.12 0.24)
(0.8929411765 0.12 0.24)
(0.9347058824 0.12 0.24)
(0.9764705882 0.12 0.24)
(1.018235294 0.12 0.24)
(1.06 0.12 0.24)
(-0.36 0.16 0.24)
(-0.3182352941 0.16 0.24)
(-0.2764705882 0.16 0.24)
(-0.2347058824 0.16 0.24)
(-0.1929411765 0.16 0.24)
(-0.1511764706 0.16 0.24)
(-0.1094117647 0.16 0.24)
(-0.06764705882 0.16 0.24)
(-0.02588235294 0.16 0.24)
(0.01588235294 0.16 0.24)
(0.05764705882 0.16 0.24)
(0.09941176471 0.16 0.24)
(0.1411764706 0.16 0.24)
(0.1829411765 0.16 0.24)
(0.2247058824 0.16 0.24)
(0.2664705882 0.16 0.24)
(0.3082352941 0.16 0.24)
(0.35 0.16 0.24)
(0.3917647059 0.16 0.24)
(0.4335294118 0.16 0.24)
(0.4752941176 0.16 0.24)
(0.5170588235 0.16 0.24)
(0.5588235294 0.16 0.24)
(0.6005882353 0.16 0.24)
(0.6423529412 0.16 0.24)
(0.6841176471 0.16 0.24)
(0.7258823529 0.16 0.24)
(0.7676470588 0.16 0.24)
(0.8094117647 0.16 0.24)
(0.8511764706 0.16 0.24)
(0.8929411765 0.16 0.24)
(0.9347058824 0.16 0.24)
(0.9764705882 0.16 0.24)
(1.018235294 0.16 0.24)
(1.06 0.16 0.24)
(-0.36 0.2 0.24)
(-0.3182352941 0.2 0.24)
(-0.2764705882 0.2 0.24)
(-0.2347058824 0.2 0.24)
(-0.1929411765 0.2 0.24)
(-0.1511764706 0.2 0.24)
(-0.1094117647 0.2 0.24)
(-0.06764705882 0.2 0.24)
(-0.02588235294 0.2 0.24)
(0.01588235294 0.2 0.24)
(0.05764705882 0.2 0.24)
(0.09941176471 0.2 0.24)
(0.1411764706 0.2 0.24)
(0.1829411765 0.2 0.24)
(0.2247058824 0.2 0.24)
(0.2664705882 0.2 0.24)
(0.3082352941 0.2 0.24)
(0.35 0.2 0.24)
(0.3917647059 0.2 0.24)
(0.4335294118 0.2 0.24)
(0.4752941176 0.2 0.24)
(0.5170588235 0.2 0.24)
(0.5588235294 0.2 0.24)
(0.6005882353 0.2 0.24)
(0.6423529412 0.2 0.24)
(0.6841176471 0.2 0.24)
(0.7258823529 0.2 0.24)
(0.7676470588 0.2 0.24)
(0.8094117647 0.2 0.24)
(0.8511764706 0.2 0.24)
(0.8929411765 0.2 0.24)
(0.9347058824 0.2 0.24)
(0.9764705882 0.2 0.24)
(1.018235294 0.2 0.24)
(1.06 0.2 0.24)
(-0.36 0.24 0.24)
(-0.3182352941 0.24 0.24)
(-0.2764705882 0.24 0.24)
(-0.2347058824 0.24 0.24)
(-0.1929411765 0.24 0.24)
(-0.1511764706 0.24 0.24)
(-0.1094117647 0.24 0.24)
(-0.06764705882 0.24 0.24)
(-0.02588235294 0.24 0.24)
(0.01588235294 0.24 0.24)
(0.05764705882 0.24 0.24)
(0.09941176471 0.24 0.24)
(0.1411764706 0.24 0.24)
(0.1829411765 0.24 0.24)
(0.2247058824 0.24 0.24)
(0.2664705882 0.24 0.24)
(0.3082352941 0.24 0.24)
(0.35 0.24 0.24)
(0.3917647059 0.24 0.24)
(0.4335294118 0.24 0.24)
(0.4752941176 0.24 0.24)
(0.5170588235 0.24 0.24)
(0.5588235294 0.24 0.24)
(0.6005882353 0.24 0.24)
(0.6423529412 0.24 0.24)
(0.6841176471 0.24 0.24)
(0.7258823529 0.24 0.24)
(0.7676470588 0.24 0.24)
(0.8094117647 0.24 0.24)
(0.8511764706 0.24 0.24)
(0.8929411765 0.24 0.24)
(0.9347058824 0.24 0.24)
(0.9764705882 0.24 0.24)
(1.018235294 0.24 0.24)
(1.06 0.24 0.24)
(-0.36 0.28 0.24)
(-0.3182352941 0.28 0.24)
(-0.2764705882 0.28 0.24)
(-0.2347058824 0.28 0.24)
(-0.1929411765 0.28 0.24)
(-0.1511764706 0.28 0.24)
(-0.1094117647 0.28 0.24)
(-0.06764705882 0.28 0.24)
(-0.02588235294 0.28 0.24)
(0.01588235294 0.28 0.24)
(0.05764705882 0.28 0.24)
(0.09941176471 0.28 0.24)
(0.1411764706 0.28 0.24)
(0.1829411765 0.28 0.24)
(0.2247058824 0.28 0.24)
(0.2664705882 0.28 0.24)
(0.3082352941 0.28 0.24)
(0.35 0.28 0.24)
(0.3917647059 0.28 0.24)
(0.4335294118 0.28 0.24)
(0.4752941176 0.28 0.24)
(0.5170588235 0.28 0.24)
(0.5588235294 0.28 0.24)
(0.6005882353 0.28 0.24)
(0.6423529412 0.28 0.24)
(0.6841176471 0.28 0.24)
(0.7258823529 0.28 0.24)
(0.7676470588 0.28 0.24)
(0.8094117647 0.28 0.24)
(0.8511764706 0.28 0.24)
(0.8929411765 0.28 0.24)
(0.9347058824 0.28 0.24)
(0.9764705882 0.28 0.24)
(1.018235294 0.28 0.24)
(1.06 0.28 0.24)
(-0.36 0.32 0.24)
(-0.3182352941 0.32 0.24)
(-0.2764705882 0.32 0.24)
(-0.2347058824 0.32 0.24)
(-0.1929411765 0.32 0.24)
(-0.1511764706 0.32 0.24)
(-0.1094117647 0.32 0.24)
(-0.06764705882 0.32 0.24)
(-0.02588235294 0.32 0.24)
(0.01588235294 0.32 0.24)
(0.05764705882 0.32 0.24)
(0.09941176471 0.32 0.24)
(0.1411764706 0.32 0.24)
(0.1829411765 0.32 0.24)
(0.2247058824 0.32 0.24)
(0.2664705882 0.32 0.24)
(0.3082352941 0.32 0.24)
(0.35 0.32 0.24)
(0.3917647059 0.32 0.24)
(0.4335294118 0.32 0.24)
(0.4752941176 0.32 0.24)
(0.5170588235 0.32 0.24)
(0.5588235294 0.32 0.24)
(0.6005882353 0.32 0.24)
(0.6423529412 0.32 0.24)
(0.6841176471 0.32 0.24)
(0.7258823529 0.32 0.24)
(0.7676470588 0.32 0.24)
(0.8094117647 0.32 0.24)
(0.8511764706 0.32 0.24)
(0.8929411765 0.32 0.24)
(0.9347058824 0.32 0.24)
(0.9764705882 0.32 0.24)
(1.018235294 0.32 0.24)
(1.06 0.32 0.24)
(-0.36 0.36 0.24)
(-0.3182352941 0.36 0.24)
(-0.2764705882 0.36 0.24)
(-0.2347058824 0.36 0.24)
(-0.1929411765 0.36 0.24)
(-0.1511764706 0.36 0.24)
(-0.1094117647 0.36 0.24)
(-0.06764705882 0.36 0.24)
(-0.02588235294 0.36 0.24)
(0.01588235294 0.36 0.24)
(0.05764705882 0.36 0.24)
(0.09941176471 0.36 0.24)
(0.1411764706 0.36 0.24)
(0.1829411765 0.36 0.24)
(0.2247058824 0.36 0.24)
(0.2664705882 0.36 0.24)
(0.3082352941 0.36 0.24)
(0.35 0.36 0.24)
(0.3917647059 0.36 0.24)
(0.4335294118 0.36 0.24)
(0.4752941176 0.36 0.24)
(0.5170588235 0.36 0.24)
(0.5588235294 0.36 0.24)
(0.6005882353 0.36 0.24)
(0.6423529412 0.36 0.24)
(0.6841176471 0.36 0.24)
(0.7258823529 0.36 0.24)
(0.7676470588 0.36 0.24)
(0.8094117647 0.36 0.24)
(0.8511764706 0.36 0.24)
(0.8929411765 0.36 0.24)
(0.9347058824 0.36 0.24)
(0.9764705882 0.36 0.24)
(1.018235294 0.36 0.24)
(1.06 0.36 0.24)
(-0.36 -0.36 0.28)
(-0.3182352941 -0.36 0.28)
(-0.2764705882 -0.36 0.28)
(-0.2347058824 -0.36 0.28)
(-0.1929411765 -0.36 0.28)
(-0.1511764706 -0.36 0.28)
(-0.1094117647 -0.36 0.28)
(-0.06764705882 -0.36 0.28)
(-0.02588235294 -0.36 0.28)
(0.01588235294 -0.36 0.28)
(0.05764705882 -0.36 0.28)
(0.09941176471 -0.36 0.28)
(0.1411764706 -0.36 0.28)
(0.1829411765 -0.36 0.28)
(0.2247058824 -0.36 0.28)
(0.2664705882 -0.36 0.28)
(0.3082352941 -0.36 0.28)
(0.35 -0.36 0.28)
(0.3917647059 -0.36 0.28)
(0.4335294118 -0.36 0.28)
(0.4752941176 -0.36 0.28)
(0.5170588235 -0.36 0.28)
(0.5588235294 -0.36 0.28)
(0.6005882353 -0.36 0.28)
(0.6423529412 -0.36 0.28)
(0.6841176471 -0.36 0.28)
(0.7258823529 -0.36 0.28)
(0.7676470588 -0.36 0.28)
(0.8094117647 -0.36 0.28)
(0.8511764706 -0.36 0.28)
(0.8929411765 -0.36 0.28)
(0.9347058824 -0.36 0.28)
(0.9764705882 -0.36 0.28)
(1.018235294 -0.36 0.28)
(1.06 -0.36 0.28)
(-0.36 -0.32 0.28)
(-0.3182352941 -0.32 0.28)
(-0.2764705882 -0.32 0.28)
(-0.2347058824 -0.32 0.28)
(-0.1929411765 -0.32 0.28)
(-0.1511764706 -0.32 0.28)
(-0.1094117647 -0.32 0.28)
(-0.06764705882 -0.32 0.28)
(-0.02588235294 -0.32 0.28)
(0.01588235294 -0.32 0.28)
(0.05764705882 -0.32 0.28)
(0.09941176471 -0.32 0.28)
(0.1411764706 -0.32 0.28)
(0.1829411765 -0.32 0.28)
(0.2247058824 -0.32 0.28)
(0.2664705882 -0.32 0.28)
(0.3082352941 -0.32 0.28)
(0.35 -0.32 0.28)
(0.3917647059 -0.32 0.28)
(0.4335294118 -0.32 0.28)
(0.4752941176 -0.32 0.28)
(0.5170588235 -0.32 0.28)
(0.5588235294 -0.32 0.28)
(0.6005882353 -0.32 0.28)
(0.6423529412 -0.32 0.28)
(0.6841176471 -0.32 0.28)
(0.7258823529 -0.32 0.28)
(0.7676470588 -0.32 0.28)
(0.8094117647 -0.32 0.28)
(0.8511764706 -0.32 0.28)
(0.8929411765 -0.32 0.28)
(0.9347058824 -0.32 0.28)
(0.9764705882 -0.32 0.28)
(1.018235294 -0.32 0.28)
(1.06 -0.32 0.28)
(-0.36 -0.28 0.28)
(-0.3182352941 -0.28 0.28)
(-0.2764705882 -0.28 0.28)
(-0.2347058824 -0.28 0.28)
(-0.1929411765 -0.28 0.28)
(-0.1511764706 -0.28 0.28)
(-0.1094117647 -0.28 0.28)
(-0.06764705882 -0.28 0.28)
(-0.02588235294 -0.28 0.28)
(0.01588235294 -0.28 0.28)
(0.05764705882 -0.28 0.28)
(0.09941176471 -0.28 0.28)
(0.1411764706 -0.28 0.28)
(0.1829411765 -0.28 0.28)
(0.2247058824 -0.28 0.28)
(0.2664705882 -0.28 0.28)
(0.3082352941 -0.28 0.28)
(0.35 -0.28 0.28)
(0.3917647059 -0.28 0.28)
(0.4335294118 -0.28 0.28)
(0.4752941176 -0.28 0.28)
(0.5170588235 -0.28 0.28)
(0.5588235294 -0.28 0.28)
(0.6005882353 -0.28 0.28)
(0.6423529412 -0.28 0.28)
(0.6841176471 -0.28 0.28)
(0.7258823529 -0.28 0.28)
(0.7676470588 -0.28 0.28)
(0.8094117647 -0.28 0.28)
(0.8511764706 -0.28 0.28)
(0.8929411765 -0.28 0.28)
(0.9347058824 -0.28 0.28)
(0.9764705882 -0.28 0.28)
(1.018235294 -0.28 0.28)
(1.06 -0.28 0.28)
(-0.36 -0.24 0.28)
(-0.3182352941 -0.24 0.28)
(-0.2764705882 -0.24 0.28)
(-0.2347058824 -0.24 0.28)
(-0.1929411765 -0.24 0.28)
(-0.1511764706 -0.24 0.28)
(-0.1094117647 -0.24 0.28)
(-0.06764705882 -0.24 0.28)
(-0.02588235294 -0.24 0.28)
(0.01588235294 -0.24 0.28)
(0.05764705882 -0.24 0.28)
(0.09941176471 -0.24 0.28)
(0.1411764706 -0.24 0.28)
(0.1829411765 -0.24 0.28)
(0.2247058824 -0.24 0.28)
(0.2664705882 -0.24 0.28)
(0.3082352941 -0.24 0.28)
(0.35 -0.24 0.28)
(0.3917647059 -0.24 0.28)
(0.4335294118 -0.24 0.28)
(0.4752941176 -0.24 0.28)
(0.5170588235 -0.24 0.28)
(0.5588235294 -0.24 0.28)
(0.6005882353 -0.24 0.28)
(0.6423529412 -0.24 0.28)
(0.6841176471 -0.24 0.28)
(0.7258823529 -0.24 0.28)
(0.7676470588 -0.24 0.28)
(0.8094117647 -0.24 0.28)
(0.8511764706 -0.24 0.28)
(0.8929411765 -0.24 0.28)
(0.9347058824 -0.24 0.28)
(0.9764705882 -0.24 0.28)
(1.018235294 -0.24 0.28)
(1.06 -0.24 0.28)
(-0.36 -0.2 0.28)
(-0.3182352941 -0.2 0.28)
(-0.2764705882 -0.2 0.28)
(-0.2347058824 -0.2 0.28)
(-0.1929411765 -0.2 0.28)
(-0.1511764706 -0.2 0.28)
(-0.1094117647 -0.2 0.28)
(-0.06764705882 -0.2 0.28)
(-0.02588235294 -0.2 0.28)
(0.01588235294 -0.2 0.28)
(0.05764705882 -0.2 0.28)
(0.09941176471 -0.2 0.28)
(0.1411764706 -0.2 0.28)
(0.1829411765 -0.2 0.28)
(0.2247058824 -0.2 0.28)
(0.2664705882 -0.2 0.28)
(0.3082352941 -0.2 0.28)
(0.35 -0.2 0.28)
(0.3917647059 -0.2 0.28)
(0.4335294118 -0.2 0.28)
(0.4752941176 -0.2 0.28)
(0.5170588235 -0.2 0.28)
(0.5588235294 -0.2 0.28)
(0.6005882353 -0.2 0.28)
(0.6423529412 -0.2 0.28)
(0.6841176471 -0.2 0.28)
(0.7258823529 -0.2 0.28)
(0.7676470588 -0.2 0.28)
(0.8094117647 -0.2 0.28)
(0.8511764706 -0.2 0.28)
(0.8929411765 -0.2 0.28)
(0.9347058824 -0.2 0.28)
(0.9764705882 -0.2 0.28)
(1.018235294 -0.2 0.28)
(1.06 -0.2 0.28)
(-0.36 -0.16 0.28)
(-0.3182352941 -0.16 0.28)
(-0.2764705882 -0.16 0.28)
(-0.2347058824 -0.16 0.28)
(-0.1929411765 -0.16 0.28)
(-0.1511764706 -0.16 0.28)
(-0.1094117647 -0.16 0.28)
(-0.06764705882 -0.16 0.28)
(-0.02588235294 -0.16 0.28)
(0.01588235294 -0.16 0.28)
(0.05764705882 -0.16 0.28)
(0.09941176471 -0.16 0.28)
(0.1411764706 -0.16 0.28)
(0.1829411765 -0.16 0.28)
(0.2247058824 -0.16 0.28)
(0.2664705882 -0.16 0.28)
(0.3082352941 -0.16 0.28)
(0.35 -0.16 0.28)
(0.3917647059 -0.16 0.28)
(0.4335294118 -0.16 0.28)
(0.4752941176 -0.16 0.28)
(0.5170588235 -0.16 0.28)
(0.5588235294 -0.16 0.28)
(0.6005882353 -0.16 0.28)
(0.6423529412 -0.16 0.28)
(0.6841176471 -0.16 0.28)
(0.7258823529 -0.16 0.28)
(0.7676470588 -0.16 0.28)
(0.8094117647 -0.16 0.28)
(0.8511764706 -0.16 0.28)
(0.8929411765 -0.16 0.28)
(0.9347058824 -0.16 0.28)
(0.9764705882 -0.16 0.28)
(1.018235294 -0.16 0.28)
(1.06 -0.16 0.28)
(-0.36 -0.12 0.28)
(-0.3182352941 -0.12 0.28)
(-0.2764705882 -0.12 0.28)
(-0.2347058824 -0.12 0.28)
(-0.1929411765 -0.12 0.28)
(-0.1511764706 -0.12 0.28)
(-0.1094117647 -0.12 0.28)
(-0.06764705882 -0.12 0.28)
(-0.02588235294 -0.12 0.28)
(0.01588235294 -0.12 0.28)
(0.05764705882 -0.12 0.28)
(0.09941176471 -0.12 0.28)
(0.1411764706 -0.12 0.28)
(0.1829411765 -0.12 0.28)
(0.2247058824 -0.12 0.28)
(0.2664705882 -0.12 0.28)
(0.3082352941 -0.12 0.28)
(0.35 -0.12 0.28)
(0.3917647059 -0.12 0.28)
(0.4335294118 -0.12 0.28)
(0.4752941176 -0.12 0.28)
(0.5170588235 -0.12 0.28)
(0.5588235294 -0.12 0.28)
(0.6005882353 -0.12 0.28)
(0.6423529412 -0.12 0.28)
(0.6841176471 -0.12 0.28)
(0.7258823529 -0.12 0.28)
(0.7676470588 -0.12 0.28)
(0.8094117647 -0.12 0.28)
(0.8511764706 -0.12 0.28)
(0.8929411765 -0.12 0.28)
(0.9347058824 -0.12 0.28)
(0.9764705882 -0.12 0.28)
(1.018235294 -0.12 0.28)
(1.06 -0.12 0.28)
(-0.36 -0.08 0.28)
(-0.3182352941 -0.08 0.28)
(-0.2764705882 -0.08 0.28)
(-0.2347058824 -0.08 0.28)
(-0.1929411765 -0.08 0.28)
(-0.1511764706 -0.08 0.28)
(-0.1094117647 -0.08 0.28)
(-0.06764705882 -0.08 0.28)
(-0.02588235294 -0.08 0.28)
(0.01588235294 -0.08 0.28)
(0.05764705882 -0.08 0.28)
(0.09941176471 -0.08 0.28)
(0.1411764706 -0.08 0.28)
(0.1829411765 -0.08 0.28)
(0.2247058824 -0.08 0.28)
(0.2664705882 -0.08 0.28)
(0.3082352941 -0.08 0.28)
(0.35 -0.08 0.28)
(0.3917647059 -0.08 0.28)
(0.4335294118 -0.08 0.28)
(0.4752941176 -0.08 0.28)
(0.5170588235 -0.08 0.28)
(0.5588235294 -0.08 0.28)
(0.6005882353 -0.08 0.28)
(0.6423529412 -0.08 0.28)
(0.6841176471 -0.08 0.28)
(0.7258823529 -0.08 0.28)
(0.7676470588 -0.08 0.28)
(0.8094117647 -0.08 0.28)
(0.8511764706 -0.08 0.28)
(0.8929411765 -0.08 0.28)
(0.9347058824 -0.08 0.28)
(0.9764705882 -0.08 0.28)
(1.018235294 -0.08 0.28)
(1.06 -0.08 0.28)
(-0.36 -0.04 0.28)
(-0.3182352941 -0.04 0.28)
(-0.2764705882 -0.04 0.28)
(-0.2347058824 -0.04 0.28)
(-0.1929411765 -0.04 0.28)
(-0.1511764706 -0.04 0.28)
(-0.1094117647 -0.04 0.28)
(-0.06764705882 -0.04 0.28)
(-0.02588235294 -0.04 0.28)
(0.01588235294 -0.04 0.28)
(0.05764705882 -0.04 0.28)
(0.09941176471 -0.04 0.28)
(0.1411764706 -0.04 0.28)
(0.1829411765 -0.04 0.28)
(0.2247058824 -0.04 0.28)
(0.2664705882 -0.04 0.28)
(0.3082352941 -0.04 0.28)
(0.35 -0.04 0.28)
(0.3917647059 -0.04 0.28)
(0.4335294118 -0.04 0.28)
(0.4752941176 -0.04 0.28)
(0.5170588235 -0.04 0.28)
(0.5588235294 -0.04 0.28)
(0.6005882353 -0.04 0.28)
(0.6423529412 -0.04 0.28)
(0.6841176471 -0.04 0.28)
(0.7258823529 -0.04 0.28)
(0.7676470588 -0.04 0.28)
(0.8094117647 -0.04 0.28)
(0.8511764706 -0.04 0.28)
(0.8929411765 -0.04 0.28)
(0.9347058824 -0.04 0.28)
(0.9764705882 -0.04 0.28)
(1.018235294 -0.04 0.28)
(1.06 -0.04 0.28)
(-0.36 0 0.28)
(-0.3182352941 0 0.28)
(-0.2764705882 0 0.28)
(-0.2347058824 -9.251858539e-18 0.28)
(-0.1929411765 0 0.28)
(-0.1511764706 0 0.28)
(-0.1094117647 0 0.28)
(-0.06764705882 0 0.28)
(-0.02588235294 0 0.28)
(0.01588235294 0 0.28)
(0.05764705882 0 0.28)
(0.09941176471 0 0.28)
(0.1411764706 0 0.28)
(0.1829411765 0 0.28)
(0.2247058824 0 0.28)
(0.2664705882 0 0.28)
(0.3082352941 0 0.28)
(0.35 0 0.28)
(0.3917647059 0 0.28)
(0.4335294118 0 0.28)
(0.4752941176 0 0.28)
(0.5170588235 0 0.28)
(0.5588235294 0 0.28)
(0.6005882353 0 0.28)
(0.6423529412 4.625929269e-18 0.28)
(0.6841176471 0 0.28)
(0.7258823529 0 0.28)
(0.7676470588 -4.625929269e-18 0.28)
(0.8094117647 0 0.28)
(0.8511764706 -3.469446952e-18 0.28)
(0.8929411765 0 0.28)
(0.9347058824 -4.625929269e-18 0.28)
(0.9764705882 0 0.28)
(1.018235294 -4.625929269e-18 0.28)
(1.06 0 0.28)
(-0.36 0.04 0.28)
(-0.3182352941 0.04 0.28)
(-0.2764705882 0.04 0.28)
(-0.2347058824 0.04 0.28)
(-0.1929411765 0.04 0.28)
(-0.1511764706 0.04 0.28)
(-0.1094117647 0.04 0.28)
(-0.06764705882 0.04 0.28)
(-0.02588235294 0.04 0.28)
(0.01588235294 0.04 0.28)
(0.05764705882 0.04 0.28)
(0.09941176471 0.04 0.28)
(0.1411764706 0.04 0.28)
(0.1829411765 0.04 0.28)
(0.2247058824 0.04 0.28)
(0.2664705882 0.04 0.28)
(0.3082352941 0.04 0.28)
(0.35 0.04 0.28)
(0.3917647059 0.04 0.28)
(0.4335294118 0.04 0.28)
(0.4752941176 0.04 0.28)
(0.5170588235 0.04 0.28)
(0.5588235294 0.04 0.28)
(0.6005882353 0.04 0.28)
(0.6423529412 0.04 0.28)
(0.6841176471 0.04 0.28)
(0.7258823529 0.04 0.28)
(0.7676470588 0.04 0.28)
(0.8094117647 0.04 0.28)
(0.8511764706 0.04 0.28)
(0.8929411765 0.04 0.28)
(0.9347058824 0.04 0.28)
(0.9764705882 0.04 0.28)
(1.018235294 0.04 0.28)
(1.06 0.04 0.28)
(-0.36 0.08 0.28)
(-0.3182352941 0.08 0.28)
(-0.2764705882 0.08 0.28)
(-0.2347058824 0.08 0.28)
(-0.1929411765 0.08 0.28)
(-0.1511764706 0.08 0.28)
(-0.1094117647 0.08 0.28)
(-0.06764705882 0.08 0.28)
(-0.02588235294 0.08 0.28)
(0.01588235294 0.08 0.28)
(0.05764705882 0.08 0.28)
(0.09941176471 0.08 0.28)
(0.1411764706 0.08 0.28)
(0.1829411765 0.08 0.28)
(0.2247058824 0.08 0.28)
(0.2664705882 0.08 0.28)
(0.3082352941 0.08 0.28)
(0.35 0.08 0.28)
(0.3917647059 0.08 0.28)
(0.4335294118 0.08 0.28)
(0.4752941176 0.08 0.28)
(0.5170588235 0.08 0.28)
(0.5588235294 0.08 0.28)
(0.6005882353 0.08 0.28)
(0.6423529412 0.08 0.28)
(0.6841176471 0.08 0.28)
(0.7258823529 0.08 0.28)
(0.7676470588 0.08 0.28)
(0.8094117647 0.08 0.28)
(0.8511764706 0.08 0.28)
(0.8929411765 0.08 0.28)
(0.9347058824 0.08 0.28)
(0.9764705882 0.08 0.28)
(1.018235294 0.08 0.28)
(1.06 0.08 0.28)
(-0.36 0.12 0.28)
(-0.3182352941 0.12 0.28)
(-0.2764705882 0.12 0.28)
(-0.2347058824 0.12 0.28)
(-0.1929411765 0.12 0.28)
(-0.1511764706 0.12 0.28)
(-0.1094117647 0.12 0.28)
(-0.06764705882 0.12 0.28)
(-0.02588235294 0.12 0.28)
(0.01588235294 0.12 0.28)
(0.05764705882 0.12 0.28)
(0.09941176471 0.12 0.28)
(0.1411764706 0.12 0.28)
(0.1829411765 0.12 0.28)
(0.2247058824 0.12 0.28)
(0.2664705882 0.12 0.28)
(0.3082352941 0.12 0.28)
(0.35 0.12 0.28)
(0.3917647059 0.12 0.28)
(0.4335294118 0.12 0.28)
(0.4752941176 0.12 0.28)
(0.5170588235 0.12 0.28)
(0.5588235294 0.12 0.28)
(0.6005882353 0.12 0.28)
(0.6423529412 0.12 0.28)
(0.6841176471 0.12 0.28)
(0.7258823529 0.12 0.28)
(0.7676470588 0.12 0.28)
(0.8094117647 0.12 0.28)
(0.8511764706 0.12 0.28)
(0.8929411765 0.12 0.28)
(0.9347058824 0.12 0.28)
(0.9764705882 0.12 0.28)
(1.018235294 0.12 0.28)
(1.06 0.12 0.28)
(-0.36 0.16 0.28)
(-0.3182352941 0.16 0.28)
(-0.2764705882 0.16 0.28)
(-0.2347058824 0.16 0.28)
(-0.1929411765 0.16 0.28)
(-0.1511764706 0.16 0.28)
(-0.1094117647 0.16 0.28)
(-0.06764705882 0.16 0.28)
(-0.02588235294 0.16 0.28)
(0.01588235294 0.16 0.28)
(0.05764705882 0.16 0.28)
(0.09941176471 0.16 0.28)
(0.1411764706 0.16 0.28)
(0.1829411765 0.16 0.28)
(0.2247058824 0.16 0.28)
(0.2664705882 0.16 0.28)
(0.3082352941 0.16 0.28)
(0.35 0.16 0.28)
(0.3917647059 0.16 0.28)
(0.4335294118 0.16 0.28)
(0.4752941176 0.16 0.28)
(0.5170588235 0.16 0.28)
(0.5588235294 0.16 0.28)
(0.6005882353 0.16 0.28)
(0.6423529412 0.16 0.28)
(0.6841176471 0.16 0.28)
(0.7258823529 0.16 0.28)
(0.7676470588 0.16 0.28)
(0.8094117647 0.16 0.28)
(0.8511764706 0.16 0.28)
(0.8929411765 0.16 0.28)
(0.9347058824 0.16 0.28)
(0.9764705882 0.16 0.28)
(1.018235294 0.16 0.28)
(1.06 0.16 0.28)
(-0.36 0.2 0.28)
(-0.3182352941 0.2 0.28)
(-0.2764705882 0.2 0.28)
(-0.2347058824 0.2 0.28)
(-0.1929411765 0.2 0.28)
(-0.1511764706 0.2 0.28)
(-0.1094117647 0.2 0.28)
(-0.06764705882 0.2 0.28)
(-0.02588235294 0.2 0.28)
(0.01588235294 0.2 0.28)
(0.05764705882 0.2 0.28)
(0.09941176471 0.2 0.28)
(0.1411764706 0.2 0.28)
(0.1829411765 0.2 0.28)
(0.2247058824 0.2 0.28)
(0.2664705882 0.2 0.28)
(0.3082352941 0.2 0.28)
(0.35 0.2 0.28)
(0.3917647059 0.2 0.28)
(0.4335294118 0.2 0.28)
(0.4752941176 0.2 0.28)
(0.5170588235 0.2 0.28)
(0.5588235294 0.2 0.28)
(0.6005882353 0.2 0.28)
(0.6423529412 0.2 0.28)
(0.6841176471 0.2 0.28)
(0.7258823529 0.2 0.28)
(0.7676470588 0.2 0.28)
(0.8094117647 0.2 0.28)
(0.8511764706 0.2 0.28)
(0.8929411765 0.2 0.28)
(0.9347058824 0.2 0.28)
(0.9764705882 0.2 0.28)
(1.018235294 0.2 0.28)
(1.06 0.2 0.28)
(-0.36 0.24 0.28)
(-0.3182352941 0.24 0.28)
(-0.2764705882 0.24 0.28)
(-0.2347058824 0.24 0.28)
(-0.1929411765 0.24 0.28)
(-0.1511764706 0.24 0.28)
(-0.1094117647 0.24 0.28)
(-0.06764705882 0.24 0.28)
(-0.02588235294 0.24 0.28)
(0.01588235294 0.24 0.28)
(0.05764705882 0.24 0.28)
(0.09941176471 0.24 0.28)
(0.1411764706 0.24 0.28)
(0.1829411765 0.24 0.28)
(0.2247058824 0.24 0.28)
(0.2664705882 0.24 0.28)
(0.3082352941 0.24 0.28)
(0.35 0.24 0.28)
(0.3917647059 0.24 0.28)
(0.4335294118 0.24 0.28)
(0.4752941176 0.24 0.28)
(0.5170588235 0.24 0.28)
(0.5588235294 0.24 0.28)
(0.6005882353 0.24 0.28)
(0.6423529412 0.24 0.28)
(0.6841176471 0.24 0.28)
(0.7258823529 0.24 0.28)
(0.7676470588 0.24 0.28)
(0.8094117647 0.24 0.28)
(0.8511764706 0.24 0.28)
(0.8929411765 0.24 0.28)
(0.9347058824 0.24 0.28)
(0.9764705882 0.24 0.28)
(1.018235294 0.24 0.28)
(1.06 0.24 0.28)
(-0.36 0.28 0.28)
(-0.3182352941 0.28 0.28)
(-0.2764705882 0.28 0.28)
(-0.2347058824 0.28 0.28)
(-0.1929411765 0.28 0.28)
(-0.1511764706 0.28 0.28)
(-0.1094117647 0.28 0.28)
(-0.06764705882 0.28 0.28)
(-0.02588235294 0.28 0.28)
(0.01588235294 0.28 0.28)
(0.05764705882 0.28 0.28)
(0.09941176471 0.28 0.28)
(0.1411764706 0.28 0.28)
(0.1829411765 0.28 0.28)
(0.2247058824 0.28 0.28)
(0.2664705882 0.28 0.28)
(0.3082352941 0.28 0.28)
(0.35 0.28 0.28)
(0.3917647059 0.28 0.28)
(0.4335294118 0.28 0.28)
(0.4752941176 0.28 0.28)
(0.5170588235 0.28 0.28)
(0.5588235294 0.28 0.28)
(0.6005882353 0.28 0.28)
(0.6423529412 0.28 0.28)
(0.6841176471 0.28 0.28)
(0.7258823529 0.28 0.28)
(0.7676470588 0.28 0.28)
(0.8094117647 0.28 0.28)
(0.8511764706 0.28 0.28)
(0.8929411765 0.28 0.28)
(0.9347058824 0.28 0.28)
(0.9764705882 0.28 0.28)
(1.018235294 0.28 0.28)
(1.06 0.28 0.28)
(-0.36 0.32 0.28)
(-0.3182352941 0.32 0.28)
(-0.2764705882 0.32 0.28)
(-0.2347058824 0.32 0.28)
(-0.1929411765 0.32 0.28)
(-0.1511764706 0.32 0.28)
(-0.1094117647 0.32 0.28)
(-0.06764705882 0.32 0.28)
(-0.02588235294 0.32 0.28)
(0.01588235294 0.32 0.28)
(0.05764705882 0.32 0.28)
(0.09941176471 0.32 0.28)
(0.1411764706 0.32 0.28)
(0.1829411765 0.32 0.28)
(0.2247058824 0.32 0.28)
(0.2664705882 0.32 0.28)
(0.3082352941 0.32 0.28)
(0.35 0.32 0.28)
(0.3917647059 0.32 0.28)
(0.4335294118 0.32 0.28)
(0.4752941176 0.32 0.28)
(0.5170588235 0.32 0.28)
(0.5588235294 0.32 0.28)
(0.6005882353 0.32 0.28)
(0.6423529412 0.32 0.28)
(0.6841176471 0.32 0.28)
(0.7258823529 0.32 0.28)
(0.7676470588 0.32 0.28)
(0.8094117647 0.32 0.28)
(0.8511764706 0.32 0.28)
(0.8929411765 0.32 0.28)
(0.9347058824 0.32 0.28)
(0.9764705882 0.32 0.28)
(1.018235294 0.32 0.28)
(1.06 0.32 0.28)
(-0.36 0.36 0.28)
(-0.3182352941 0.36 0.28)
(-0.2764705882 0.36 0.28)
(-0.2347058824 0.36 0.28)
(-0.1929411765 0.36 0.28)
(-0.1511764706 0.36 0.28)
(-0.1094117647 0.36 0.28)
(-0.06764705882 0.36 0.28)
(-0.02588235294 0.36 0.28)
(0.01588235294 0.36 0.28)
(0.05764705882 0.36 0.28)
(0.09941176471 0.36 0.28)
(0.1411764706 0.36 0.28)
(0.1829411765 0.36 0.28)
(0.2247058824 0.36 0.28)
(0.2664705882 0.36 0.28)
(0.3082352941 0.36 0.28)
(0.35 0.36 0.28)
(0.3917647059 0.36 0.28)
(0.4335294118 0.36 0.28)
(0.4752941176 0.36 0.28)
(0.5170588235 0.36 0.28)
(0.5588235294 0.36 0.28)
(0.6005882353 0.36 0.28)
(0.6423529412 0.36 0.28)
(0.6841176471 0.36 0.28)
(0.7258823529 0.36 0.28)
(0.7676470588 0.36 0.28)
(0.8094117647 0.36 0.28)
(0.8511764706 0.36 0.28)
(0.8929411765 0.36 0.28)
(0.9347058824 0.36 0.28)
(0.9764705882 0.36 0.28)
(1.018235294 0.36 0.28)
(1.06 0.36 0.28)
(-0.36 -0.36 0.32)
(-0.3182352941 -0.36 0.32)
(-0.2764705882 -0.36 0.32)
(-0.2347058824 -0.36 0.32)
(-0.1929411765 -0.36 0.32)
(-0.1511764706 -0.36 0.32)
(-0.1094117647 -0.36 0.32)
(-0.06764705882 -0.36 0.32)
(-0.02588235294 -0.36 0.32)
(0.01588235294 -0.36 0.32)
(0.05764705882 -0.36 0.32)
(0.09941176471 -0.36 0.32)
(0.1411764706 -0.36 0.32)
(0.1829411765 -0.36 0.32)
(0.2247058824 -0.36 0.32)
(0.2664705882 -0.36 0.32)
(0.3082352941 -0.36 0.32)
(0.35 -0.36 0.32)
(0.3917647059 -0.36 0.32)
(0.4335294118 -0.36 0.32)
(0.4752941176 -0.36 0.32)
(0.5170588235 -0.36 0.32)
(0.5588235294 -0.36 0.32)
(0.6005882353 -0.36 0.32)
(0.6423529412 -0.36 0.32)
(0.6841176471 -0.36 0.32)
(0.7258823529 -0.36 0.32)
(0.7676470588 -0.36 0.32)
(0.8094117647 -0.36 0.32)
(0.8511764706 -0.36 0.32)
(0.8929411765 -0.36 0.32)
(0.9347058824 -0.36 0.32)
(0.9764705882 -0.36 0.32)
(1.018235294 -0.36 0.32)
(1.06 -0.36 0.32)
(-0.36 -0.32 0.32)
(-0.3182352941 -0.32 0.32)
(-0.2764705882 -0.32 0.32)
(-0.2347058824 -0.32 0.32)
(-0.1929411765 -0.32 0.32)
(-0.1511764706 -0.32 0.32)
(-0.1094117647 -0.32 0.32)
(-0.06764705882 -0.32 0.32)
(-0.02588235294 -0.32 0.32)
(0.01588235294 -0.32 0.32)
(0.05764705882 -0.32 0.32)
(0.09941176471 -0.32 0.32)
(0.1411764706 -0.32 0.32)
(0.1829411765 -0.32 0.32)
(0.2247058824 -0.32 0.32)
(0.2664705882 -0.32 0.32)
(0.3082352941 -0.32 0.32)
(0.35 -0.32 0.32)
(0.3917647059 -0.32 0.32)
(0.4335294118 -0.32 0.32)
(0.4752941176 -0.32 0.32)
(0.5170588235 -0.32 0.32)
(0.5588235294 -0.32 0.32)
(0.6005882353 -0.32 0.32)
(0.6423529412 -0.32 0.32)
(0.6841176471 -0.32 0.32)
(0.7258823529 -0.32 0.32)
(0.7676470588 -0.32 0.32)
(0.8094117647 -0.32 0.32)
(0.8511764706 -0.32 0.32)
(0.8929411765 -0.32 0.32)
(0.9347058824 -0.32 0.32)
(0.9764705882 -0.32 0.32)
(1.018235294 -0.32 0.32)
(1.06 -0.32 0.32)
(-0.36 -0.28 0.32)
(-0.3182352941 -0.28 0.32)
(-0.2764705882 -0.28 0.32)
(-0.2347058824 -0.28 0.32)
(-0.1929411765 -0.28 0.32)
(-0.1511764706 -0.28 0.32)
(-0.1094117647 -0.28 0.32)
(-0.06764705882 -0.28 0.32)
(-0.02588235294 -0.28 0.32)
(0.01588235294 -0.28 0.32)
(0.05764705882 -0.28 0.32)
(0.09941176471 -0.28 0.32)
(0.1411764706 -0.28 0.32)
(0.1829411765 -0.28 0.32)
(0.2247058824 -0.28 0.32)
(0.2664705882 -0.28 0.32)
(0.3082352941 -0.28 0.32)
(0.35 -0.28 0.32)
(0.3917647059 -0.28 0.32)
(0.4335294118 -0.28 0.32)
(0.4752941176 -0.28 0.32)
(0.5170588235 -0.28 0.32)
(0.5588235294 -0.28 0.32)
(0.6005882353 -0.28 0.32)
(0.6423529412 -0.28 0.32)
(0.6841176471 -0.28 0.32)
(0.7258823529 -0.28 0.32)
(0.7676470588 -0.28 0.32)
(0.8094117647 -0.28 0.32)
(0.8511764706 -0.28 0.32)
(0.8929411765 -0.28 0.32)
(0.9347058824 -0.28 0.32)
(0.9764705882 -0.28 0.32)
(1.018235294 -0.28 0.32)
(1.06 -0.28 0.32)
(-0.36 -0.24 0.32)
(-0.3182352941 -0.24 0.32)
(-0.2764705882 -0.24 0.32)
(-0.2347058824 -0.24 0.32)
(-0.1929411765 -0.24 0.32)
(-0.1511764706 -0.24 0.32)
(-0.1094117647 -0.24 0.32)
(-0.06764705882 -0.24 0.32)
(-0.02588235294 -0.24 0.32)
(0.01588235294 -0.24 0.32)
(0.05764705882 -0.24 0.32)
(0.09941176471 -0.24 0.32)
(0.1411764706 -0.24 0.32)
(0.1829411765 -0.24 0.32)
(0.2247058824 -0.24 0.32)
(0.2664705882 -0.24 0.32)
(0.3082352941 -0.24 0.32)
(0.35 -0.24 0.32)
(0.3917647059 -0.24 0.32)
(0.4335294118 -0.24 0.32)
(0.4752941176 -0.24 0.32)
(0.5170588235 -0.24 0.32)
(0.5588235294 -0.24 0.32)
(0.6005882353 -0.24 0.32)
(0.6423529412 -0.24 0.32)
(0.6841176471 -0.24 0.32)
(0.7258823529 -0.24 0.32)
(0.7676470588 -0.24 0.32)
(0.8094117647 -0.24 0.32)
(0.8511764706 -0.24 0.32)
(0.8929411765 -0.24 0.32)
(0.9347058824 -0.24 0.32)
(0.9764705882 -0.24 0.32)
(1.018235294 -0.24 0.32)
(1.06 -0.24 0.32)
(-0.36 -0.2 0.32)
(-0.3182352941 -0.2 0.32)
(-0.2764705882 -0.2 0.32)
(-0.2347058824 -0.2 0.32)
(-0.1929411765 -0.2 0.32)
(-0.1511764706 -0.2 0.32)
(-0.1094117647 -0.2 0.32)
(-0.06764705882 -0.2 0.32)
(-0.02588235294 -0.2 0.32)
(0.01588235294 -0.2 0.32)
(0.05764705882 -0.2 0.32)
(0.09941176471 -0.2 0.32)
(0.1411764706 -0.2 0.32)
(0.1829411765 -0.2 0.32)
(0.2247058824 -0.2 0.32)
(0.2664705882 -0.2 0.32)
(0.3082352941 -0.2 0.32)
(0.35 -0.2 0.32)
(0.3917647059 -0.2 0.32)
(0.4335294118 -0.2 0.32)
(0.4752941176 -0.2 0.32)
(0.5170588235 -0.2 0.32)
(0.5588235294 -0.2 0.32)
(0.6005882353 -0.2 0.32)
(0.6423529412 -0.2 0.32)
(0.6841176471 -0.2 0.32)
(0.7258823529 -0.2 0.32)
(0.7676470588 -0.2 0.32)
(0.8094117647 -0.2 0.32)
(0.8511764706 -0.2 0.32)
(0.8929411765 -0.2 0.32)
(0.9347058824 -0.2 0.32)
(0.9764705882 -0.2 0.32)
(1.018235294 -0.2 0.32)
(1.06 -0.2 0.32)
(-0.36 -0.16 0.32)
(-0.3182352941 -0.16 0.32)
(-0.2764705882 -0.16 0.32)
(-0.2347058824 -0.16 0.32)
(-0.1929411765 -0.16 0.32)
(-0.1511764706 -0.16 0.32)
(-0.1094117647 -0.16 0.32)
(-0.06764705882 -0.16 0.32)
(-0.02588235294 -0.16 0.32)
(0.01588235294 -0.16 0.32)
(0.05764705882 -0.16 0.32)
(0.09941176471 -0.16 0.32)
(0.1411764706 -0.16 0.32)
(0.1829411765 -0.16 0.32)
(0.2247058824 -0.16 0.32)
(0.2664705882 -0.16 0.32)
(0.3082352941 -0.16 0.32)
(0.35 -0.16 0.32)
(0.3917647059 -0.16 0.32)
(0.4335294118 -0.16 0.32)
(0.4752941176 -0.16 0.32)
(0.5170588235 -0.16 0.32)
(0.5588235294 -0.16 0.32)
(0.6005882353 -0.16 0.32)
(0.6423529412 -0.16 0.32)
(0.6841176471 -0.16 0.32)
(0.7258823529 -0.16 0.32)
(0.7676470588 -0.16 0.32)
(0.8094117647 -0.16 0.32)
(0.8511764706 -0.16 0.32)
(0.8929411765 -0.16 0.32)
(0.9347058824 -0.16 0.32)
(0.9764705882 -0.16 0.32)
(1.018235294 -0.16 0.32)
(1.06 -0.16 0.32)
(-0.36 -0.12 0.32)
(-0.3182352941 -0.12 0.32)
(-0.2764705882 -0.12 0.32)
(-0.2347058824 -0.12 0.32)
(-0.1929411765 -0.12 0.32)
(-0.1511764706 -0.12 0.32)
(-0.1094117647 -0.12 0.32)
(-0.06764705882 -0.12 0.32)
(-0.02588235294 -0.12 0.32)
(0.01588235294 -0.12 0.32)
(0.05764705882 -0.12 0.32)
(0.09941176471 -0.12 0.32)
(0.1411764706 -0.12 0.32)
(0.1829411765 -0.12 0.32)
(0.2247058824 -0.12 0.32)
(0.2664705882 -0.12 0.32)
(0.3082352941 -0.12 0.32)
(0.35 -0.12 0.32)
(0.3917647059 -0.12 0.32)
(0.4335294118 -0.12 0.32)
(0.4752941176 -0.12 0.32)
(0.5170588235 -0.12 0.32)
(0.5588235294 -0.12 0.32)
(0.6005882353 -0.12 0.32)
(0.6423529412 -0.12 0.32)
(0.6841176471 -0.12 0.32)
(0.7258823529 -0.12 0.32)
(0.7676470588 -0.12 0.32)
(0.8094117647 -0.12 0.32)
(0.8511764706 -0.12 0.32)
(0.8929411765 -0.12 0.32)
(0.9347058824 -0.12 0.32)
(0.9764705882 -0.12 0.32)
(1.018235294 -0.12 0.32)
(1.06 -0.12 0.32)
(-0.36 -0.08 0.32)
(-0.3182352941 -0.08 0.32)
(-0.2764705882 -0.08 0.32)
(-0.2347058824 -0.08 0.32)
(-0.1929411765 -0.08 0.32)
(-0.1511764706 -0.08 0.32)
(-0.1094117647 -0.08 0.32)
(-0.06764705882 -0.08 0.32)
(-0.02588235294 -0.08 0.32)
(0.01588235294 -0.08 0.32)
(0.05764705882 -0.08 0.32)
(0.09941176471 -0.08 0.32)
(0.1411764706 -0.08 0.32)
(0.1829411765 -0.08 0.32)
(0.2247058824 -0.08 0.32)
(0.2664705882 -0.08 0.32)
(0.3082352941 -0.08 0.32)
(0.35 -0.08 0.32)
(0.3917647059 -0.08 0.32)
(0.4335294118 -0.08 0.32)
(0.4752941176 -0.08 0.32)
(0.5170588235 -0.08 0.32)
(0.5588235294 -0.08 0.32)
(0.6005882353 -0.08 0.32)
(0.6423529412 -0.08 0.32)
(0.6841176471 -0.08 0.32)
(0.7258823529 -0.08 0.32)
(0.7676470588 -0.08 0.32)
(0.8094117647 -0.08 0.32)
(0.8511764706 -0.08 0.32)
(0.8929411765 -0.08 0.32)
(0.9347058824 -0.08 0.32)
(0.9764705882 -0.08 0.32)
(1.018235294 -0.08 0.32)
(1.06 -0.08 0.32)
(-0.36 -0.04 0.32)
(-0.3182352941 -0.04 0.32)
(-0.2764705882 -0.04 0.32)
(-0.2347058824 -0.04 0.32)
(-0.1929411765 -0.04 0.32)
(-0.1511764706 -0.04 0.32)
(-0.1094117647 -0.04 0.32)
(-0.06764705882 -0.04 0.32)
(-0.02588235294 -0.04 0.32)
(0.01588235294 -0.04 0.32)
(0.05764705882 -0.04 0.32)
(0.09941176471 -0.04 0.32)
(0.1411764706 -0.04 0.32)
(0.1829411765 -0.04 0.32)
(0.2247058824 -0.04 0.32)
(0.2664705882 -0.04 0.32)
(0.3082352941 -0.04 0.32)
(0.35 -0.04 0.32)
(0.3917647059 -0.04 0.32)
(0.4335294118 -0.04 0.32)
(0.4752941176 -0.04 0.32)
(0.5170588235 -0.04 0.32)
(0.5588235294 -0.04 0.32)
(0.6005882353 -0.04 0.32)
(0.6423529412 -0.04 0.32)
(0.6841176471 -0.04 0.32)
(0.7258823529 -0.04 0.32)
(0.7676470588 -0.04 0.32)
(0.8094117647 -0.04 0.32)
(0.8511764706 -0.04 0.32)
(0.8929411765 -0.04 0.32)
(0.9347058824 -0.04 0.32)
(0.9764705882 -0.04 0.32)
(1.018235294 -0.04 0.32)
(1.06 -0.04 0.32)
(-0.36 0 0.32)
(-0.3182352941 0 0.32)
(-0.2764705882 0 0.32)
(-0.2347058824 -9.251858539e-18 0.32)
(-0.1929411765 0 0.32)
(-0.1511764706 0 0.32)
(-0.1094117647 0 0.32)
(-0.06764705882 0 0.32)
(-0.02588235294 0 0.32)
(0.01588235294 0 0.32)
(0.05764705882 0 0.32)
(0.09941176471 0 0.32)
(0.1411764706 0 0.32)
(0.1829411765 0 0.32)
(0.2247058824 0 0.32)
(0.2664705882 0 0.32)
(0.3082352941 0 0.32)
(0.35 0 0.32)
(0.3917647059 0 0.32)
(0.4335294118 0 0.32)
(0.4752941176 0 0.32)
(0.5170588235 0 0.32)
(0.5588235294 0 0.32)
(0.6005882353 0 0.32)
(0.6423529412 4.625929269e-18 0.32)
(0.6841176471 0 0.32)
(0.7258823529 0 0.32)
(0.7676470588 -4.625929269e-18 0.32)
(0.8094117647 0 0.32)
(0.8511764706 -3.469446952e-18 0.32)
(0.8929411765 0 0.32)
(0.9347058824 -4.625929269e-18 0.32)
(0.9764705882 0 0.32)
(1.018235294 -4.625929269e-18 0.32)
(1.06 0 0.32)
(-0.36 0.04 0.32)
(-0.3182352941 0.04 0.32)
(-0.2764705882 0.04 0.32)
(-0.2347058824 0.04 0.32)
(-0.1929411765 0.04 0.32)
(-0.1511764706 0.04 0.32)
(-0.1094117647 0.04 0.32)
(-0.06764705882 0.04 0.32)
(-0.02588235294 0.04 0.32)
(0.01588235294 0.04 0.32)
(0.05764705882 0.04 0.32)
(0.09941176471 0.04 0.32)
(0.1411764706 0.04 0.32)
(0.1829411765 0.04 0.32)
(0.2247058824 0.04 0.32)
(0.2664705882 0.04 0.32)
(0.3082352941 0.04 0.32)
(0.35 0.04 0.32)
(0.3917647059 0.04 0.32)
(0.4335294118 0.04 0.32)
(0.4752941176 0.04 0.32)
(0.5170588235 0.04 0.32)
(0.5588235294 0.04 0.32)
(0.6005882353 0.04 0.32)
(0.6423529412 0.04 0.32)
(0.6841176471 0.04 0.32)
(0.7258823529 0.04 0.32)
(0.7676470588 0.04 0.32)
(0.8094117647 0.04 0.32)
(0.8511764706 0.04 0.32)
(0.8929411765 0.04 0.32)
(0.9347058824 0.04 0.32)
(0.9764705882 0.04 0.32)
(1.018235294 0.04 0.32)
(1.06 0.04 0.32)
(-0.36 0.08 0.32)
(-0.3182352941 0.08 0.32)
(-0.2764705882 0.08 0.32)
(-0.2347058824 0.08 0.32)
(-0.1929411765 0.08 0.32)
(-0.1511764706 0.08 0.32)
(-0.1094117647 0.08 0.32)
(-0.06764705882 0.08 0.32)
(-0.02588235294 0.08 0.32)
(0.01588235294 0.08 0.32)
(0.05764705882 0.08 0.32)
(0.09941176471 0.08 0.32)
(0.1411764706 0.08 0.32)
(0.1829411765 0.08 0.32)
(0.2247058824 0.08 0.32)
(0.2664705882 0.08 0.32)
(0.3082352941 0.08 0.32)
(0.35 0.08 0.32)
(0.3917647059 0.08 0.32)
(0.4335294118 0.08 0.32)
(0.4752941176 0.08 0.32)
(0.5170588235 0.08 0.32)
(0.5588235294 0.08 0.32)
(0.6005882353 0.08 0.32)
(0.6423529412 0.08 0.32)
(0.6841176471 0.08 0.32)
(0.7258823529 0.08 0.32)
(0.7676470588 0.08 0.32)
(0.8094117647 0.08 0.32)
(0.8511764706 0.08 0.32)
(0.8929411765 0.08 0.32)
(0.9347058824 0.08 0.32)
(0.9764705882 0.08 0.32)
(1.018235294 0.08 0.32)
(1.06 0.08 0.32)
(-0.36 0.12 0.32)
(-0.3182352941 0.12 0.32)
(-0.2764705882 0.12 0.32)
(-0.2347058824 0.12 0.32)
(-0.1929411765 0.12 0.32)
(-0.1511764706 0.12 0.32)
(-0.1094117647 0.12 0.32)
(-0.06764705882 0.12 0.32)
(-0.02588235294 0.12 0.32)
(0.01588235294 0.12 0.32)
(0.05764705882 0.12 0.32)
(0.09941176471 0.12 0.32)
(0.1411764706 0.12 0.32)
(0.1829411765 0.12 0.32)
(0.2247058824 0.12 0.32)
(0.2664705882 0.12 0.32)
(0.3082352941 0.12 0.32)
(0.35 0.12 0.32)
(0.3917647059 0.12 0.32)
(0.4335294118 0.12 0.32)
(0.4752941176 0.12 0.32)
(0.5170588235 0.12 0.32)
(0.5588235294 0.12 0.32)
(0.6005882353 0.12 0.32)
(0.6423529412 0.12 0.32)
(0.6841176471 0.12 0.32)
(0.7258823529 0.12 0.32)
(0.7676470588 0.12 0.32)
(0.8094117647 0.12 0.32)
(0.8511764706 0.12 0.32)
(0.8929411765 0.12 0.32)
(0.9347058824 0.12 0.32)
(0.9764705882 0.12 0.32)
(1.018235294 0.12 0.32)
(1.06 0.12 0.32)
(-0.36 0.16 0.32)
(-0.3182352941 0.16 0.32)
(-0.2764705882 0.16 0.32)
(-0.2347058824 0.16 0.32)
(-0.1929411765 0.16 0.32)
(-0.1511764706 0.16 0.32)
(-0.1094117647 0.16 0.32)
(-0.06764705882 0.16 0.32)
(-0.02588235294 0.16 0.32)
(0.01588235294 0.16 0.32)
(0.05764705882 0.16 0.32)
(0.09941176471 0.16 0.32)
(0.1411764706 0.16 0.32)
(0.1829411765 0.16 0.32)
(0.2247058824 0.16 0.32)
(0.2664705882 0.16 0.32)
(0.3082352941 0.16 0.32)
(0.35 0.16 0.32)
(0.3917647059 0.16 0.32)
(0.4335294118 0.16 0.32)
(0.4752941176 0.16 0.32)
(0.5170588235 0.16 0.32)
(0.5588235294 0.16 0.32)
(0.6005882353 0.16 0.32)
(0.6423529412 0.16 0.32)
(0.6841176471 0.16 0.32)
(0.7258823529 0.16 0.32)
(0.7676470588 0.16 0.32)
(0.8094117647 0.16 0.32)
(0.8511764706 0.16 0.32)
(0.8929411765 0.16 0.32)
(0.9347058824 0.16 0.32)
(0.9764705882 0.16 0.32)
(1.018235294 0.16 0.32)
(1.06 0.16 0.32)
(-0.36 0.2 0.32)
(-0.3182352941 0.2 0.32)
(-0.2764705882 0.2 0.32)
(-0.2347058824 0.2 0.32)
(-0.1929411765 0.2 0.32)
(-0.1511764706 0.2 0.32)
(-0.1094117647 0.2 0.32)
(-0.06764705882 0.2 0.32)
(-0.02588235294 0.2 0.32)
(0.01588235294 0.2 0.32)
(0.05764705882 0.2 0.32)
(0.09941176471 0.2 0.32)
(0.1411764706 0.2 0.32)
(0.1829411765 0.2 0.32)
(0.2247058824 0.2 0.32)
(0.2664705882 0.2 0.32)
(0.3082352941 0.2 0.32)
(0.35 0.2 0.32)
(0.3917647059 0.2 0.32)
(0.4335294118 0.2 0.32)
(0.4752941176 0.2 0.32)
(0.5170588235 0.2 0.32)
(0.5588235294 0.2 0.32)
(0.6005882353 0.2 0.32)
(0.6423529412 0.2 0.32)
(0.6841176471 0.2 0.32)
(0.7258823529 0.2 0.32)
(0.7676470588 0.2 0.32)
(0.8094117647 0.2 0.32)
(0.8511764706 0.2 0.32)
(0.8929411765 0.2 0.32)
(0.9347058824 0.2 0.32)
(0.9764705882 0.2 0.32)
(1.018235294 0.2 0.32)
(1.06 0.2 0.32)
(-0.36 0.24 0.32)
(-0.3182352941 0.24 0.32)
(-0.2764705882 0.24 0.32)
(-0.2347058824 0.24 0.32)
(-0.1929411765 0.24 0.32)
(-0.1511764706 0.24 0.32)
(-0.1094117647 0.24 0.32)
(-0.06764705882 0.24 0.32)
(-0.02588235294 0.24 0.32)
(0.01588235294 0.24 0.32)
(0.05764705882 0.24 0.32)
(0.09941176471 0.24 0.32)
(0.1411764706 0.24 0.32)
(0.1829411765 0.24 0.32)
(0.2247058824 0.24 0.32)
(0.2664705882 0.24 0.32)
(0.3082352941 0.24 0.32)
(0.35 0.24 0.32)
(0.3917647059 0.24 0.32)
(0.4335294118 0.24 0.32)
(0.4752941176 0.24 0.32)
(0.5170588235 0.24 0.32)
(0.5588235294 0.24 0.32)
(0.6005882353 0.24 0.32)
(0.6423529412 0.24 0.32)
(0.6841176471 0.24 0.32)
(0.7258823529 0.24 0.32)
(0.7676470588 0.24 0.32)
(0.8094117647 0.24 0.32)
(0.8511764706 0.24 0.32)
(0.8929411765 0.24 0.32)
(0.9347058824 0.24 0.32)
(0.9764705882 0.24 0.32)
(1.018235294 0.24 0.32)
(1.06 0.24 0.32)
(-0.36 0.28 0.32)
(-0.3182352941 0.28 0.32)
(-0.2764705882 0.28 0.32)
(-0.2347058824 0.28 0.32)
(-0.1929411765 0.28 0.32)
(-0.1511764706 0.28 0.32)
(-0.1094117647 0.28 0.32)
(-0.06764705882 0.28 0.32)
(-0.02588235294 0.28 0.32)
(0.01588235294 0.28 0.32)
(0.05764705882 0.28 0.32)
(0.09941176471 0.28 0.32)
(0.1411764706 0.28 0.32)
(0.1829411765 0.28 0.32)
(0.2247058824 0.28 0.32)
(0.2664705882 0.28 0.32)
(0.3082352941 0.28 0.32)
(0.35 0.28 0.32)
(0.3917647059 0.28 0.32)
(0.4335294118 0.28 0.32)
(0.4752941176 0.28 0.32)
(0.5170588235 0.28 0.32)
(0.5588235294 0.28 0.32)
(0.6005882353 0.28 0.32)
(0.6423529412 0.28 0.32)
(0.6841176471 0.28 0.32)
(0.7258823529 0.28 0.32)
(0.7676470588 0.28 0.32)
(0.8094117647 0.28 0.32)
(0.8511764706 0.28 0.32)
(0.8929411765 0.28 0.32)
(0.9347058824 0.28 0.32)
(0.9764705882 0.28 0.32)
(1.018235294 0.28 0.32)
(1.06 0.28 0.32)
(-0.36 0.32 0.32)
(-0.3182352941 0.32 0.32)
(-0.2764705882 0.32 0.32)
(-0.2347058824 0.32 0.32)
(-0.1929411765 0.32 0.32)
(-0.1511764706 0.32 0.32)
(-0.1094117647 0.32 0.32)
(-0.06764705882 0.32 0.32)
(-0.02588235294 0.32 0.32)
(0.01588235294 0.32 0.32)
(0.05764705882 0.32 0.32)
(0.09941176471 0.32 0.32)
(0.1411764706 0.32 0.32)
(0.1829411765 0.32 0.32)
(0.2247058824 0.32 0.32)
(0.2664705882 0.32 0.32)
(0.3082352941 0.32 0.32)
(0.35 0.32 0.32)
(0.3917647059 0.32 0.32)
(0.4335294118 0.32 0.32)
(0.4752941176 0.32 0.32)
(0.5170588235 0.32 0.32)
(0.5588235294 0.32 0.32)
(0.6005882353 0.32 0.32)
(0.6423529412 0.32 0.32)
(0.6841176471 0.32 0.32)
(0.7258823529 0.32 0.32)
(0.7676470588 0.32 0.32)
(0.8094117647 0.32 0.32)
(0.8511764706 0.32 0.32)
(0.8929411765 0.32 0.32)
(0.9347058824 0.32 0.32)
(0.9764705882 0.32 0.32)
(1.018235294 0.32 0.32)
(1.06 0.32 0.32)
(-0.36 0.36 0.32)
(-0.3182352941 0.36 0.32)
(-0.2764705882 0.36 0.32)
(-0.2347058824 0.36 0.32)
(-0.1929411765 0.36 0.32)
(-0.1511764706 0.36 0.32)
(-0.1094117647 0.36 0.32)
(-0.06764705882 0.36 0.32)
(-0.02588235294 0.36 0.32)
(0.01588235294 0.36 0.32)
(0.05764705882 0.36 0.32)
(0.09941176471 0.36 0.32)
(0.1411764706 0.36 0.32)
(0.1829411765 0.36 0.32)
(0.2247058824 0.36 0.32)
(0.2664705882 0.36 0.32)
(0.3082352941 0.36 0.32)
(0.35 0.36 0.32)
(0.3917647059 0.36 0.32)
(0.4335294118 0.36 0.32)
(0.4752941176 0.36 0.32)
(0.5170588235 0.36 0.32)
(0.5588235294 0.36 0.32)
(0.6005882353 0.36 0.32)
(0.6423529412 0.36 0.32)
(0.6841176471 0.36 0.32)
(0.7258823529 0.36 0.32)
(0.7676470588 0.36 0.32)
(0.8094117647 0.36 0.32)
(0.8511764706 0.36 0.32)
(0.8929411765 0.36 0.32)
(0.9347058824 0.36 0.32)
(0.9764705882 0.36 0.32)
(1.018235294 0.36 0.32)
(1.06 0.36 0.32)
(-0.36 -0.36 0.36)
(-0.3182352941 -0.36 0.36)
(-0.2764705882 -0.36 0.36)
(-0.2347058824 -0.36 0.36)
(-0.1929411765 -0.36 0.36)
(-0.1511764706 -0.36 0.36)
(-0.1094117647 -0.36 0.36)
(-0.06764705882 -0.36 0.36)
(-0.02588235294 -0.36 0.36)
(0.01588235294 -0.36 0.36)
(0.05764705882 -0.36 0.36)
(0.09941176471 -0.36 0.36)
(0.1411764706 -0.36 0.36)
(0.1829411765 -0.36 0.36)
(0.2247058824 -0.36 0.36)
(0.2664705882 -0.36 0.36)
(0.3082352941 -0.36 0.36)
(0.35 -0.36 0.36)
(0.3917647059 -0.36 0.36)
(0.4335294118 -0.36 0.36)
(0.4752941176 -0.36 0.36)
(0.5170588235 -0.36 0.36)
(0.5588235294 -0.36 0.36)
(0.6005882353 -0.36 0.36)
(0.6423529412 -0.36 0.36)
(0.6841176471 -0.36 0.36)
(0.7258823529 -0.36 0.36)
(0.7676470588 -0.36 0.36)
(0.8094117647 -0.36 0.36)
(0.8511764706 -0.36 0.36)
(0.8929411765 -0.36 0.36)
(0.9347058824 -0.36 0.36)
(0.9764705882 -0.36 0.36)
(1.018235294 -0.36 0.36)
(1.06 -0.36 0.36)
(-0.36 -0.32 0.36)
(-0.3182352941 -0.32 0.36)
(-0.2764705882 -0.32 0.36)
(-0.2347058824 -0.32 0.36)
(-0.1929411765 -0.32 0.36)
(-0.1511764706 -0.32 0.36)
(-0.1094117647 -0.32 0.36)
(-0.06764705882 -0.32 0.36)
(-0.02588235294 -0.32 0.36)
(0.01588235294 -0.32 0.36)
(0.05764705882 -0.32 0.36)
(0.09941176471 -0.32 0.36)
(0.1411764706 -0.32 0.36)
(0.1829411765 -0.32 0.36)
(0.2247058824 -0.32 0.36)
(0.2664705882 -0.32 0.36)
(0.3082352941 -0.32 0.36)
(0.35 -0.32 0.36)
(0.3917647059 -0.32 0.36)
(0.4335294118 -0.32 0.36)
(0.4752941176 -0.32 0.36)
(0.5170588235 -0.32 0.36)
(0.5588235294 -0.32 0.36)
(0.6005882353 -0.32 0.36)
(0.6423529412 -0.32 0.36)
(0.6841176471 -0.32 0.36)
(0.7258823529 -0.32 0.36)
(0.7676470588 -0.32 0.36)
(0.8094117647 -0.32 0.36)
(0.8511764706 -0.32 0.36)
(0.8929411765 -0.32 0.36)
(0.9347058824 -0.32 0.36)
(0.9764705882 -0.32 0.36)
(1.018235294 -0.32 0.36)
(1.06 -0.32 0.36)
(-0.36 -0.28 0.36)
(-0.3182352941 -0.28 0.36)
(-0.2764705882 -0.28 0.36)
(-0.2347058824 -0.28 0.36)
(-0.1929411765 -0.28 0.36)
(-0.1511764706 -0.28 0.36)
(-0.1094117647 -0.28 0.36)
(-0.06764705882 -0.28 0.36)
(-0.02588235294 -0.28 0.36)
(0.01588235294 -0.28 0.36)
(0.05764705882 -0.28 0.36)
(0.09941176471 -0.28 0.36)
(0.1411764706 -0.28 0.36)
(0.1829411765 -0.28 0.36)
(0.2247058824 -0.28 0.36)
(0.2664705882 -0.28 0.36)
(0.3082352941 -0.28 0.36)
(0.35 -0.28 0.36)
(0.3917647059 -0.28 0.36)
(0.4335294118 -0.28 0.36)
(0.4752941176 -0.28 0.36)
(0.5170588235 -0.28 0.36)
(0.5588235294 -0.28 0.36)
(0.6005882353 -0.28 0.36)
(0.6423529412 -0.28 0.36)
(0.6841176471 -0.28 0.36)
(0.7258823529 -0.28 0.36)
(0.7676470588 -0.28 0.36)
(0.8094117647 -0.28 0.36)
(0.8511764706 -0.28 0.36)
(0.8929411765 -0.28 0.36)
(0.9347058824 -0.28 0.36)
(0.9764705882 -0.28 0.36)
(1.018235294 -0.28 0.36)
(1.06 -0.28 0.36)
(-0.36 -0.24 0.36)
(-0.3182352941 -0.24 0.36)
(-0.2764705882 -0.24 0.36)
(-0.2347058824 -0.24 0.36)
(-0.1929411765 -0.24 0.36)
(-0.1511764706 -0.24 0.36)
(-0.1094117647 -0.24 0.36)
(-0.06764705882 -0.24 0.36)
(-0.02588235294 -0.24 0.36)
(0.01588235294 -0.24 0.36)
(0.05764705882 -0.24 0.36)
(0.09941176471 -0.24 0.36)
(0.1411764706 -0.24 0.36)
(0.1829411765 -0.24 0.36)
(0.2247058824 -0.24 0.36)
(0.2664705882 -0.24 0.36)
(0.3082352941 -0.24 0.36)
(0.35 -0.24 0.36)
(0.3917647059 -0.24 0.36)
(0.4335294118 -0.24 0.36)
(0.4752941176 -0.24 0.36)
(0.5170588235 -0.24 0.36)
(0.5588235294 -0.24 0.36)
(0.6005882353 -0.24 0.36)
(0.6423529412 -0.24 0.36)
(0.6841176471 -0.24 0.36)
(0.7258823529 -0.24 0.36)
(0.7676470588 -0.24 0.36)
(0.8094117647 -0.24 0.36)
(0.8511764706 -0.24 0.36)
(0.8929411765 -0.24 0.36)
(0.9347058824 -0.24 0.36)
(0.9764705882 -0.24 0.36)
(1.018235294 -0.24 0.36)
(1.06 -0.24 0.36)
(-0.36 -0.2 0.36)
(-0.3182352941 -0.2 0.36)
(-0.2764705882 -0.2 0.36)
(-0.2347058824 -0.2 0.36)
(-0.1929411765 -0.2 0.36)
(-0.1511764706 -0.2 0.36)
(-0.1094117647 -0.2 0.36)
(-0.06764705882 -0.2 0.36)
(-0.02588235294 -0.2 0.36)
(0.01588235294 -0.2 0.36)
(0.05764705882 -0.2 0.36)
(0.09941176471 -0.2 0.36)
(0.1411764706 -0.2 0.36)
(0.1829411765 -0.2 0.36)
(0.2247058824 -0.2 0.36)
(0.2664705882 -0.2 0.36)
(0.3082352941 -0.2 0.36)
(0.35 -0.2 0.36)
(0.3917647059 -0.2 0.36)
(0.4335294118 -0.2 0.36)
(0.4752941176 -0.2 0.36)
(0.5170588235 -0.2 0.36)
(0.5588235294 -0.2 0.36)
(0.6005882353 -0.2 0.36)
(0.6423529412 -0.2 0.36)
(0.6841176471 -0.2 0.36)
(0.7258823529 -0.2 0.36)
(0.7676470588 -0.2 0.36)
(0.8094117647 -0.2 0.36)
(0.8511764706 -0.2 0.36)
(0.8929411765 -0.2 0.36)
(0.9347058824 -0.2 0.36)
(0.9764705882 -0.2 0.36)
(1.018235294 -0.2 0.36)
(1.06 -0.2 0.36)
(-0.36 -0.16 0.36)
(-0.3182352941 -0.16 0.36)
(-0.2764705882 -0.16 0.36)
(-0.2347058824 -0.16 0.36)
(-0.1929411765 -0.16 0.36)
(-0.1511764706 -0.16 0.36)
(-0.1094117647 -0.16 0.36)
(-0.06764705882 -0.16 0.36)
(-0.02588235294 -0.16 0.36)
(0.01588235294 -0.16 0.36)
(0.05764705882 -0.16 0.36)
(0.09941176471 -0.16 0.36)
(0.1411764706 -0.16 0.36)
(0.1829411765 -0.16 0.36)
(0.2247058824 -0.16 0.36)
(0.2664705882 -0.16 0.36)
(0.3082352941 -0.16 0.36)
(0.35 -0.16 0.36)
(0.3917647059 -0.16 0.36)
(0.4335294118 -0.16 0.36)
(0.4752941176 -0.16 0.36)
(0.5170588235 -0.16 0.36)
(0.5588235294 -0.16 0.36)
(0.6005882353 -0.16 0.36)
(0.6423529412 -0.16 0.36)
(0.6841176471 -0.16 0.36)
(0.7258823529 -0.16 0.36)
(0.7676470588 -0.16 0.36)
(0.8094117647 -0.16 0.36)
(0.8511764706 -0.16 0.36)
(0.8929411765 -0.16 0.36)
(0.9347058824 -0.16 0.36)
(0.9764705882 -0.16 0.36)
(1.018235294 -0.16 0.36)
(1.06 -0.16 0.36)
(-0.36 -0.12 0.36)
(-0.3182352941 -0.12 0.36)
(-0.2764705882 -0.12 0.36)
(-0.2347058824 -0.12 0.36)
(-0.1929411765 -0.12 0.36)
(-0.1511764706 -0.12 0.36)
(-0.1094117647 -0.12 0.36)
(-0.06764705882 -0.12 0.36)
(-0.02588235294 -0.12 0.36)
(0.01588235294 -0.12 0.36)
(0.05764705882 -0.12 0.36)
(0.09941176471 -0.12 0.36)
(0.1411764706 -0.12 0.36)
(0.1829411765 -0.12 0.36)
(0.2247058824 -0.12 0.36)
(0.2664705882 -0.12 0.36)
(0.3082352941 -0.12 0.36)
(0.35 -0.12 0.36)
(0.3917647059 -0.12 0.36)
(0.4335294118 -0.12 0.36)
(0.4752941176 -0.12 0.36)
(0.5170588235 -0.12 0.36)
(0.5588235294 -0.12 0.36)
(0.6005882353 -0.12 0.36)
(0.6423529412 -0.12 0.36)
(0.6841176471 -0.12 0.36)
(0.7258823529 -0.12 0.36)
(0.7676470588 -0.12 0.36)
(0.8094117647 -0.12 0.36)
(0.8511764706 -0.12 0.36)
(0.8929411765 -0.12 0.36)
(0.9347058824 -0.12 0.36)
(0.9764705882 -0.12 0.36)
(1.018235294 -0.12 0.36)
(1.06 -0.12 0.36)
(-0.36 -0.08 0.36)
(-0.3182352941 -0.08 0.36)
(-0.2764705882 -0.08 0.36)
(-0.2347058824 -0.08 0.36)
(-0.1929411765 -0.08 0.36)
(-0.1511764706 -0.08 0.36)
(-0.1094117647 -0.08 0.36)
(-0.06764705882 -0.08 0.36)
(-0.02588235294 -0.08 0.36)
(0.01588235294 -0.08 0.36)
(0.05764705882 -0.08 0.36)
(0.09941176471 -0.08 0.36)
(0.1411764706 -0.08 0.36)
(0.1829411765 -0.08 0.36)
(0.2247058824 -0.08 0.36)
(0.2664705882 -0.08 0.36)
(0.3082352941 -0.08 0.36)
(0.35 -0.08 0.36)
(0.3917647059 -0.08 0.36)
(0.4335294118 -0.08 0.36)
(0.4752941176 -0.08 0.36)
(0.5170588235 -0.08 0.36)
(0.5588235294 -0.08 0.36)
(0.6005882353 -0.08 0.36)
(0.6423529412 -0.08 0.36)
(0.6841176471 -0.08 0.36)
(0.7258823529 -0.08 0.36)
(0.7676470588 -0.08 0.36)
(0.8094117647 -0.08 0.36)
(0.8511764706 -0.08 0.36)
(0.8929411765 -0.08 0.36)
(0.9347058824 -0.08 0.36)
(0.9764705882 -0.08 0.36)
(1.018235294 -0.08 0.36)
(1.06 -0.08 0.36)
(-0.36 -0.04 0.36)
(-0.3182352941 -0.04 0.36)
(-0.2764705882 -0.04 0.36)
(-0.2347058824 -0.04 0.36)
(-0.1929411765 -0.04 0.36)
(-0.1511764706 -0.04 0.36)
(-0.1094117647 -0.04 0.36)
(-0.06764705882 -0.04 0.36)
(-0.02588235294 -0.04 0.36)
(0.01588235294 -0.04 0.36)
(0.05764705882 -0.04 0.36)
(0.09941176471 -0.04 0.36)
(0.1411764706 -0.04 0.36)
(0.1829411765 -0.04 0.36)
(0.2247058824 -0.04 0.36)
(0.2664705882 -0.04 0.36)
(0.3082352941 -0.04 0.36)
(0.35 -0.04 0.36)
(0.3917647059 -0.04 0.36)
(0.4335294118 -0.04 0.36)
(0.4752941176 -0.04 0.36)
(0.5170588235 -0.04 0.36)
(0.5588235294 -0.04 0.36)
(0.6005882353 -0.04 0.36)
(0.6423529412 -0.04 0.36)
(0.6841176471 -0.04 0.36)
(0.7258823529 -0.04 0.36)
(0.7676470588 -0.04 0.36)
(0.8094117647 -0.04 0.36)
(0.8511764706 -0.04 0.36)
(0.8929411765 -0.04 0.36)
(0.9347058824 -0.04 0.36)
(0.9764705882 -0.04 0.36)
(1.018235294 -0.04 0.36)
(1.06 -0.04 0.36)
(-0.36 0 0.36)
(-0.3182352941 0 0.36)
(-0.2764705882 0 0.36)
(-0.2347058824 -9.251858539e-18 0.36)
(-0.1929411765 0 0.36)
(-0.1511764706 0 0.36)
(-0.1094117647 0 0.36)
(-0.06764705882 0 0.36)
(-0.02588235294 0 0.36)
(0.01588235294 0 0.36)
(0.05764705882 0 0.36)
(0.09941176471 0 0.36)
(0.1411764706 0 0.36)
(0.1829411765 0 0.36)
(0.2247058824 0 0.36)
(0.2664705882 0 0.36)
(0.3082352941 0 0.36)
(0.35 0 0.36)
(0.3917647059 0 0.36)
(0.4335294118 0 0.36)
(0.4752941176 0 0.36)
(0.5170588235 0 0.36)
(0.5588235294 0 0.36)
(0.6005882353 0 0.36)
(0.6423529412 4.625929269e-18 0.36)
(0.6841176471 0 0.36)
(0.7258823529 0 0.36)
(0.7676470588 -4.625929269e-18 0.36)
(0.8094117647 0 0.36)
(0.8511764706 -3.469446952e-18 0.36)
(0.8929411765 0 0.36)
(0.9347058824 -4.625929269e-18 0.36)
(0.9764705882 0 0.36)
(1.018235294 -4.625929269e-18 0.36)
(1.06 0 0.36)
(-0.36 0.04 0.36)
(-0.3182352941 0.04 0.36)
(-0.2764705882 0.04 0.36)
(-0.2347058824 0.04 0.36)
(-0.1929411765 0.04 0.36)
(-0.1511764706 0.04 0.36)
(-0.1094117647 0.04 0.36)
(-0.06764705882 0.04 0.36)
(-0.02588235294 0.04 0.36)
(0.01588235294 0.04 0.36)
(0.05764705882 0.04 0.36)
(0.09941176471 0.04 0.36)
(0.1411764706 0.04 0.36)
(0.1829411765 0.04 0.36)
(0.2247058824 0.04 0.36)
(0.2664705882 0.04 0.36)
(0.3082352941 0.04 0.36)
(0.35 0.04 0.36)
(0.3917647059 0.04 0.36)
(0.4335294118 0.04 0.36)
(0.4752941176 0.04 0.36)
(0.5170588235 0.04 0.36)
(0.5588235294 0.04 0.36)
(0.6005882353 0.04 0.36)
(0.6423529412 0.04 0.36)
(0.6841176471 0.04 0.36)
(0.7258823529 0.04 0.36)
(0.7676470588 0.04 0.36)
(0.8094117647 0.04 0.36)
(0.8511764706 0.04 0.36)
(0.8929411765 0.04 0.36)
(0.9347058824 0.04 0.36)
(0.9764705882 0.04 0.36)
(1.018235294 0.04 0.36)
(1.06 0.04 0.36)
(-0.36 0.08 0.36)
(-0.3182352941 0.08 0.36)
(-0.2764705882 0.08 0.36)
(-0.2347058824 0.08 0.36)
(-0.1929411765 0.08 0.36)
(-0.1511764706 0.08 0.36)
(-0.1094117647 0.08 0.36)
(-0.06764705882 0.08 0.36)
(-0.02588235294 0.08 0.36)
(0.01588235294 0.08 0.36)
(0.05764705882 0.08 0.36)
(0.09941176471 0.08 0.36)
(0.1411764706 0.08 0.36)
(0.1829411765 0.08 0.36)
(0.2247058824 0.08 0.36)
(0.2664705882 0.08 0.36)
(0.3082352941 0.08 0.36)
(0.35 0.08 0.36)
(0.3917647059 0.08 0.36)
(0.4335294118 0.08 0.36)
(0.4752941176 0.08 0.36)
(0.5170588235 0.08 0.36)
(0.5588235294 0.08 0.36)
(0.6005882353 0.08 0.36)
(0.6423529412 0.08 0.36)
(0.6841176471 0.08 0.36)
(0.7258823529 0.08 0.36)
(0.7676470588 0.08 0.36)
(0.8094117647 0.08 0.36)
(0.8511764706 0.08 0.36)
(0.8929411765 0.08 0.36)
(0.9347058824 0.08 0.36)
(0.9764705882 0.08 0.36)
(1.018235294 0.08 0.36)
(1.06 0.08 0.36)
(-0.36 0.12 0.36)
(-0.3182352941 0.12 0.36)
(-0.2764705882 0.12 0.36)
(-0.2347058824 0.12 0.36)
(-0.1929411765 0.12 0.36)
(-0.1511764706 0.12 0.36)
(-0.1094117647 0.12 0.36)
(-0.06764705882 0.12 0.36)
(-0.02588235294 0.12 0.36)
(0.01588235294 0.12 0.36)
(0.05764705882 0.12 0.36)
(0.09941176471 0.12 0.36)
(0.1411764706 0.12 0.36)
(0.1829411765 0.12 0.36)
(0.2247058824 0.12 0.36)
(0.2664705882 0.12 0.36)
(0.3082352941 0.12 0.36)
(0.35 0.12 0.36)
(0.3917647059 0.12 0.36)
(0.4335294118 0.12 0.36)
(0.4752941176 0.12 0.36)
(0.5170588235 0.12 0.36)
(0.5588235294 0.12 0.36)
(0.6005882353 0.12 0.36)
(0.6423529412 0.12 0.36)
(0.6841176471 0.12 0.36)
(0.7258823529 0.12 0.36)
(0.7676470588 0.12 0.36)
(0.8094117647 0.12 0.36)
(0.8511764706 0.12 0.36)
(0.8929411765 0.12 0.36)
(0.9347058824 0.12 0.36)
(0.9764705882 0.12 0.36)
(1.018235294 0.12 0.36)
(1.06 0.12 0.36)
(-0.36 0.16 0.36)
(-0.3182352941 0.16 0.36)
(-0.2764705882 0.16 0.36)
(-0.2347058824 0.16 0.36)
(-0.1929411765 0.16 0.36)
(-0.1511764706 0.16 0.36)
(-0.1094117647 0.16 0.36)
(-0.06764705882 0.16 0.36)
(-0.02588235294 0.16 0.36)
(0.01588235294 0.16 0.36)
(0.05764705882 0.16 0.36)
(0.09941176471 0.16 0.36)
(0.1411764706 0.16 0.36)
(0.1829411765 0.16 0.36)
(0.2247058824 0.16 0.36)
(0.2664705882 0.16 0.36)
(0.3082352941 0.16 0.36)
(0.35 0.16 0.36)
(0.3917647059 0.16 0.36)
(0.4335294118 0.16 0.36)
(0.4752941176 0.16 0.36)
(0.5170588235 0.16 0.36)
(0.5588235294 0.16 0.36)
(0.6005882353 0.16 0.36)
(0.6423529412 0.16 0.36)
(0.6841176471 0.16 0.36)
(0.7258823529 0.16 0.36)
(0.7676470588 0.16 0.36)
(0.8094117647 0.16 0.36)
(0.8511764706 0.16 0.36)
(0.8929411765 0.16 0.36)
(0.9347058824 0.16 0.36)
(0.9764705882 0.16 0.36)
(1.018235294 0.16 0.36)
(1.06 0.16 0.36)
(-0.36 0.2 0.36)
(-0.3182352941 0.2 0.36)
(-0.2764705882 0.2 0.36)
(-0.2347058824 0.2 0.36)
(-0.1929411765 0.2 0.36)
(-0.1511764706 0.2 0.36)
(-0.1094117647 0.2 0.36)
(-0.06764705882 0.2 0.36)
(-0.02588235294 0.2 0.36)
(0.01588235294 0.2 0.36)
(0.05764705882 0.2 0.36)
(0.09941176471 0.2 0.36)
(0.1411764706 0.2 0.36)
(0.1829411765 0.2 0.36)
(0.2247058824 0.2 0.36)
(0.2664705882 0.2 0.36)
(0.3082352941 0.2 0.36)
(0.35 0.2 0.36)
(0.3917647059 0.2 0.36)
(0.4335294118 0.2 0.36)
(0.4752941176 0.2 0.36)
(0.5170588235 0.2 0.36)
(0.5588235294 0.2 0.36)
(0.6005882353 0.2 0.36)
(0.6423529412 0.2 0.36)
(0.6841176471 0.2 0.36)
(0.7258823529 0.2 0.36)
(0.7676470588 0.2 0.36)
(0.8094117647 0.2 0.36)
(0.8511764706 0.2 0.36)
(0.8929411765 0.2 0.36)
(0.9347058824 0.2 0.36)
(0.9764705882 0.2 0.36)
(1.018235294 0.2 0.36)
(1.06 0.2 0.36)
(-0.36 0.24 0.36)
(-0.3182352941 0.24 0.36)
(-0.2764705882 0.24 0.36)
(-0.2347058824 0.24 0.36)
(-0.1929411765 0.24 0.36)
(-0.1511764706 0.24 0.36)
(-0.1094117647 0.24 0.36)
(-0.06764705882 0.24 0.36)
(-0.02588235294 0.24 0.36)
(0.01588235294 0.24 0.36)
(0.05764705882 0.24 0.36)
(0.09941176471 0.24 0.36)
(0.1411764706 0.24 0.36)
(0.1829411765 0.24 0.36)
(0.2247058824 0.24 0.36)
(0.2664705882 0.24 0.36)
(0.3082352941 0.24 0.36)
(0.35 0.24 0.36)
(0.3917647059 0.24 0.36)
(0.4335294118 0.24 0.36)
(0.4752941176 0.24 0.36)
(0.5170588235 0.24 0.36)
(0.5588235294 0.24 0.36)
(0.6005882353 0.24 0.36)
(0.6423529412 0.24 0.36)
(0.6841176471 0.24 0.36)
(0.7258823529 0.24 0.36)
(0.7676470588 0.24 0.36)
(0.8094117647 0.24 0.36)
(0.8511764706 0.24 0.36)
(0.8929411765 0.24 0.36)
(0.9347058824 0.24 0.36)
(0.9764705882 0.24 0.36)
(1.018235294 0.24 0.36)
(1.06 0.24 0.36)
(-0.36 0.28 0.36)
(-0.3182352941 0.28 0.36)
(-0.2764705882 0.28 0.36)
(-0.2347058824 0.28 0.36)
(-0.1929411765 0.28 0.36)
(-0.1511764706 0.28 0.36)
(-0.1094117647 0.28 0.36)
(-0.06764705882 0.28 0.36)
(-0.02588235294 0.28 0.36)
(0.01588235294 0.28 0.36)
(0.05764705882 0.28 0.36)
(0.09941176471 0.28 0.36)
(0.1411764706 0.28 0.36)
(0.1829411765 0.28 0.36)
(0.2247058824 0.28 0.36)
(0.2664705882 0.28 0.36)
(0.3082352941 0.28 0.36)
(0.35 0.28 0.36)
(0.3917647059 0.28 0.36)
(0.4335294118 0.28 0.36)
(0.4752941176 0.28 0.36)
(0.5170588235 0.28 0.36)
(0.5588235294 0.28 0.36)
(0.6005882353 0.28 0.36)
(0.6423529412 0.28 0.36)
(0.6841176471 0.28 0.36)
(0.7258823529 0.28 0.36)
(0.7676470588 0.28 0.36)
(0.8094117647 0.28 0.36)
(0.8511764706 0.28 0.36)
(0.8929411765 0.28 0.36)
(0.9347058824 0.28 0.36)
(0.9764705882 0.28 0.36)
(1.018235294 0.28 0.36)
(1.06 0.28 0.36)
(-0.36 0.32 0.36)
(-0.3182352941 0.32 0.36)
(-0.2764705882 0.32 0.36)
(-0.2347058824 0.32 0.36)
(-0.1929411765 0.32 0.36)
(-0.1511764706 0.32 0.36)
(-0.1094117647 0.32 0.36)
(-0.06764705882 0.32 0.36)
(-0.02588235294 0.32 0.36)
(0.01588235294 0.32 0.36)
(0.05764705882 0.32 0.36)
(0.09941176471 0.32 0.36)
(0.1411764706 0.32 0.36)
(0.1829411765 0.32 0.36)
(0.2247058824 0.32 0.36)
(0.2664705882 0.32 0.36)
(0.3082352941 0.32 0.36)
(0.35 0.32 0.36)
(0.3917647059 0.32 0.36)
(0.4335294118 0.32 0.36)
(0.4752941176 0.32 0.36)
(0.5170588235 0.32 0.36)
(0.5588235294 0.32 0.36)
(0.6005882353 0.32 0.36)
(0.6423529412 0.32 0.36)
(0.6841176471 0.32 0.36)
(0.7258823529 0.32 0.36)
(0.7676470588 0.32 0.36)
(0.8094117647 0.32 0.36)
(0.8511764706 0.32 0.36)
(0.8929411765 0.32 0.36)
(0.9347058824 0.32 0.36)
(0.9764705882 0.32 0.36)
(1.018235294 0.32 0.36)
(1.06 0.32 0.36)
(-0.36 0.36 0.36)
(-0.3182352941 0.36 0.36)
(-0.2764705882 0.36 0.36)
(-0.2347058824 0.36 0.36)
(-0.1929411765 0.36 0.36)
(-0.1511764706 0.36 0.36)
(-0.1094117647 0.36 0.36)
(-0.06764705882 0.36 0.36)
(-0.02588235294 0.36 0.36)
(0.01588235294 0.36 0.36)
(0.05764705882 0.36 0.36)
(0.09941176471 0.36 0.36)
(0.1411764706 0.36 0.36)
(0.1829411765 0.36 0.36)
(0.2247058824 0.36 0.36)
(0.2664705882 0.36 0.36)
(0.3082352941 0.36 0.36)
(0.35 0.36 0.36)
(0.3917647059 0.36 0.36)
(0.4335294118 0.36 0.36)
(0.4752941176 0.36 0.36)
(0.5170588235 0.36 0.36)
(0.5588235294 0.36 0.36)
(0.6005882353 0.36 0.36)
(0.6423529412 0.36 0.36)
(0.6841176471 0.36 0.36)
(0.7258823529 0.36 0.36)
(0.7676470588 0.36 0.36)
(0.8094117647 0.36 0.36)
(0.8511764706 0.36 0.36)
(0.8929411765 0.36 0.36)
(0.9347058824 0.36 0.36)
(0.9764705882 0.36 0.36)
(1.018235294 0.36 0.36)
(1.06 0.36 0.36)
)


// ************************************************************************* //
